{
  "lda": {
    "accuracy": 0.38461538461538464,
    "precision": 0.375,
    "recall": 0.5,
    "f1_score": 0.42857142857142855,
    "confusion_matrix": [
      [
        2,
        5
      ],
      [
        3,
        3
      ]
    ],
    "classification_report": "              precision    recall  f1-score   support\n\n Non-Fatigue       0.40      0.29      0.33         7\n     Fatigue       0.38      0.50      0.43         6\n\n    accuracy                           0.38        13\n   macro avg       0.39      0.39      0.38        13\nweighted avg       0.39      0.38      0.38        13\n"
  },
  "knn": {
    "accuracy": 0.38461538461538464,
    "precision": 0.3333333333333333,
    "recall": 0.3333333333333333,
    "f1_score": 0.3333333333333333,
    "confusion_matrix": [
      [
        3,
        4
      ],
      [
        4,
        2
      ]
    ],
    "classification_report": "              precision    recall  f1-score   support\n\n Non-Fatigue       0.43      0.43      0.43         7\n     Fatigue       0.33      0.33      0.33         6\n\n    accuracy                           0.38        13\n   macro avg       0.38      0.38      0.38        13\nweighted avg       0.38      0.38      0.38        13\n"
  },
  "svm": {
    "accuracy": 0.6153846153846154,
    "precision": 0.5555555555555556,
    "recall": 0.8333333333333334,
    "f1_score": 0.6666666666666666,
    "confusion_matrix": [
      [
        3,
        4
      ],
      [
        1,
        5
      ]
    ],
    "classification_report": "              precision    recall  f1-score   support\n\n Non-Fatigue       0.75      0.43      0.55         7\n     Fatigue       0.56      0.83      0.67         6\n\n    accuracy                           0.62        13\n   macro avg       0.65      0.63      0.61        13\nweighted avg       0.66      0.62      0.60        13\n"
  }
}