,Accuracy,Precision,Recall,F1-Score
lda,0.38461538461538464,0.375,0.5,0.42857142857142855
knn,0.38461538461538464,0.3333333333333333,0.3333333333333333,0.3333333333333333
svm,0.6153846153846154,0.5555555555555556,0.8333333333333334,0.6666666666666666
