emg_rms,emg_mav,emg_variance,emg_std,emg_waveform_length,emg_zero_crossing,emg_ssc,emg_kurtosis,emg_skewness,emg_peak,emg_median_freq,emg_mean_freq,emg_peak_freq,emg_total_power,emg_power_low,emg_power_mid,emg_power_high,class_name
10.144697263076274,10.386238245387933,4675.226648105539,61.44300345412069,638596.7717576101,18217.959706862428,31601.145743224668,18.544083119464197,-0.3364232658383856,493.9863744423316,91.9980725602164,100.29903233755726,54.768976537414254,931.8266683423202,20.045129359575824,210.98075602596805,82.46905435867782,Non-Fatigue
