emg_rms,emg_mav,emg_variance,emg_std,emg_waveform_length,emg_zero_crossing,emg_ssc,emg_kurtosis,emg_skewness,emg_peak,emg_median_freq,emg_mean_freq,emg_peak_freq,emg_total_power,emg_power_low,emg_power_mid,emg_power_high,class_name
29.41279688159924,28.486283029374608,3817.776494353705,26.480573348457572,811805.7043415746,14833.140699150836,23668.69238062935,12.46919260035954,1.3256635385604243,603.056011883154,81.0389803581585,86.97890218354642,48.18030031365264,412.7168449812804,-7.990311079534351,39.03130723748916,-1.4089896599860054,Non-Fatigue
