emg_rms,emg_mav,emg_variance,emg_std,emg_waveform_length,emg_zero_crossing,emg_ssc,emg_kurtosis,emg_skewness,emg_peak,emg_median_freq,emg_mean_freq,emg_peak_freq,emg_total_power,emg_power_low,emg_power_mid,emg_power_high,class_name
68.09439004009056,35.63077623140394,325.93978048146937,18.562248093836008,574071.4425618455,21894.053930610196,25868.074390927977,1.596506848491888,-0.3951196527094104,340.976627739048,83.08512497175315,78.65861866121121,41.193380271155895,731.1593798817057,232.4921437921557,177.84319869955115,5.615101473141195,Non-Fatigue
