emg_rms,emg_mav,emg_variance,emg_std,emg_waveform_length,emg_zero_crossing,emg_ssc,emg_kurtosis,emg_skewness,emg_peak,emg_median_freq,emg_mean_freq,emg_peak_freq,emg_total_power,emg_power_low,emg_power_mid,emg_power_high,class_name
21.81168814277871,18.601639360335792,2325.847155558208,25.274429492426584,266413.7249484175,8650.204437239168,31354.07866752577,12.420494004963947,-0.3884181227347268,370.5244828761594,103.9240405911528,66.99052507726462,70.15562966030853,1021.8159541864528,108.9727822926253,376.9337536550853,13.383269255029,Non-Fatigue
