emg_rms,emg_mav,emg_variance,emg_std,emg_waveform_length,emg_zero_crossing,emg_ssc,emg_kurtosis,emg_skewness,emg_peak,emg_median_freq,emg_mean_freq,emg_peak_freq,emg_total_power,emg_power_low,emg_power_mid,emg_power_high,class_name
23.762066029759087,22.565199865996163,-494.586245281261,43.59538204785929,881971.3905637262,15280.86333295987,34191.33448317423,17.52079181753624,0.7857588215851676,300.23757623609646,92.72685550770834,112.39465413482851,54.34674745897614,814.1046130188056,87.14988194705714,843.831730585109,22.70914998145152,Non-Fatigue
