emg_rms,emg_mav,emg_variance,emg_std,emg_waveform_length,emg_zero_crossing,emg_ssc,emg_kurtosis,emg_skewness,emg_peak,emg_median_freq,emg_mean_freq,emg_peak_freq,emg_total_power,emg_power_low,emg_power_mid,emg_power_high,class_name
31.82112279489705,26.960639420749214,-10.880950268707466,35.555151121582966,572684.4911065844,11214.485065574863,27654.871354983083,18.801307437107106,2.160481394796413,477.1229660016171,83.64423539480063,95.92487450869848,61.4243709766967,-74.12787934848171,96.26978635852092,100.23708095307944,22.224995863363247,Non-Fatigue
