emg_rms,emg_mav,emg_variance,emg_std,emg_waveform_length,emg_zero_crossing,emg_ssc,emg_kurtosis,emg_skewness,emg_peak,emg_median_freq,emg_mean_freq,emg_peak_freq,emg_total_power,emg_power_low,emg_power_mid,emg_power_high,class_name
69.22112626827568,18.196358275553177,1784.8610038603986,40.47218396701543,513369.6750428549,14334.329291558304,22658.304614654982,23.751241194775133,1.3223368564058968,505.1609435799437,58.70284463888943,93.20929627363586,63.4914808054099,-187.00310655729783,6.061698597312187,-195.33475361463476,60.38417316420201,Non-Fatigue
