emg_rms,emg_mav,emg_variance,emg_std,emg_waveform_length,emg_zero_crossing,emg_ssc,emg_kurtosis,emg_skewness,emg_peak,emg_median_freq,emg_mean_freq,emg_peak_freq,emg_total_power,emg_power_low,emg_power_mid,emg_power_high,class_name
45.22195273859607,3.742822760294679,847.6709890239272,16.998896482668567,622664.9275177465,12051.87661595735,22079.728383629383,12.062258449122442,2.2240653489027444,444.60360002284864,66.3183562339357,98.03647781797834,52.9028448305173,666.6149878286736,-31.460086903256325,504.2069591405168,50.39984085335831,Non-Fatigue
