emg_rms,emg_mav,emg_variance,emg_std,emg_waveform_length,emg_zero_crossing,emg_ssc,emg_kurtosis,emg_skewness,emg_peak,emg_median_freq,emg_mean_freq,emg_peak_freq,emg_total_power,emg_power_low,emg_power_mid,emg_power_high,class_name
40.41741886025566,13.253783744399158,2301.005359841192,39.18441280794603,864976.6778434063,11890.589215949392,31882.6514029912,21.08821063627857,2.351159104666987,391.4413164952477,78.04307672455678,92.9466951383919,53.99636203813072,902.0000765662858,-25.765603052534544,-29.984234752725627,19.787315917384557,Non-Fatigue
