emg_rms,emg_mav,emg_variance,emg_std,emg_waveform_length,emg_zero_crossing,emg_ssc,emg_kurtosis,emg_skewness,emg_peak,emg_median_freq,emg_mean_freq,emg_peak_freq,emg_total_power,emg_power_low,emg_power_mid,emg_power_high,class_name
44.53158161125863,20.91945783547996,71.24698009181589,51.75112481649323,682739.2449644391,16815.818044973268,25681.50797439248,11.82507499625553,1.2195208442984873,490.5011733510614,62.319689401298746,121.32833768794664,46.70111553925773,601.2586193009071,142.163043405437,-80.41455207405022,46.45789274337287,Non-Fatigue
