emg_rms,emg_mav,emg_variance,emg_std,emg_waveform_length,emg_zero_crossing,emg_ssc,emg_kurtosis,emg_skewness,emg_peak,emg_median_freq,emg_mean_freq,emg_peak_freq,emg_total_power,emg_power_low,emg_power_mid,emg_power_high,class_name
46.79839213795613,21.92058011564913,1725.7915094641455,54.59033725733239,531040.4622510764,12217.253023337247,22808.57922470751,14.277991292578417,1.857933754539422,289.7391204000219,61.43817778106589,127.9946139886779,41.06167135747688,256.1602024050809,-48.83256598664475,251.66277584619309,61.726863264849406,Non-Fatigue
