emg_rms,emg_mav,emg_variance,emg_std,emg_waveform_length,emg_zero_crossing,emg_ssc,emg_kurtosis,emg_skewness,emg_peak,emg_median_freq,emg_mean_freq,emg_peak_freq,emg_total_power,emg_power_low,emg_power_mid,emg_power_high,class_name
27.47591783313571,12.074245138784516,2216.706432283326,44.53976329088455,465313.2960385984,15207.562796266744,24939.026708575893,14.301202729168372,0.9458122981523184,647.5344136303356,71.97144345451497,90.27768413628937,63.589936700384776,476.0123088142344,56.51318845100839,289.72724344841345,123.61052980769324,Non-Fatigue
