emg_rms,emg_mav,emg_variance,emg_std,emg_waveform_length,emg_zero_crossing,emg_ssc,emg_kurtosis,emg_skewness,emg_peak,emg_median_freq,emg_mean_freq,emg_peak_freq,emg_total_power,emg_power_low,emg_power_mid,emg_power_high,class_name
60.32247712736731,8.826897013535945,3351.7058196519856,2.009271912194244,410046.1198368371,12222.023449605284,23072.902166070933,13.354528131300878,0.1361455068318127,490.530481752295,90.65228070378542,114.62667464526383,67.87793464377202,1000.5827768549584,59.45320281343346,-259.8306653831337,54.44046416925013,Non-Fatigue
