emg_rms,emg_mav,emg_variance,emg_std,emg_waveform_length,emg_zero_crossing,emg_ssc,emg_kurtosis,emg_skewness,emg_peak,emg_median_freq,emg_mean_freq,emg_peak_freq,emg_total_power,emg_power_low,emg_power_mid,emg_power_high,class_name
46.399075748664806,22.66180516206949,-107.76189308909376,62.51915783233756,645417.1366830551,14793.158454330722,28779.800083123675,12.864606036899968,0.5589409232137434,541.9552285250653,68.12950328513911,89.31652221951124,50.89408248991492,-81.88222411393537,112.05227861943308,422.0835066202456,79.61871184760881,Non-Fatigue
