emg_rms,emg_mav,emg_variance,emg_std,emg_waveform_length,emg_zero_crossing,emg_ssc,emg_kurtosis,emg_skewness,emg_peak,emg_median_freq,emg_mean_freq,emg_peak_freq,emg_total_power,emg_power_low,emg_power_mid,emg_power_high,class_name
44.07377640578643,24.937216339596937,1113.614205326334,12.80964436131573,234033.906805232,12555.097913372168,27268.07095768224,20.116238362804403,0.4723744602338304,532.9225370347344,104.34273174773062,86.63244315405427,70.53373067896534,309.2747417453993,32.2896475338421,404.3725250355868,55.29748233992549,Non-Fatigue
