emg_rms,emg_mav,emg_variance,emg_std,emg_waveform_length,emg_zero_crossing,emg_ssc,emg_kurtosis,emg_skewness,emg_peak,emg_median_freq,emg_mean_freq,emg_peak_freq,emg_total_power,emg_power_low,emg_power_mid,emg_power_high,class_name
27.95294411656292,-2.105728647798468,1762.2306462264205,8.252932145748506,678461.1944288805,20058.88574170028,33110.89374264359,19.957156129801074,0.349516157128604,490.51223349003743,71.22170216020847,113.33335481715486,59.32898141991785,367.789756498187,128.24593172363052,-3.403701686972965,59.8295389892352,Non-Fatigue
