emg_rms,emg_mav,emg_variance,emg_std,emg_waveform_length,emg_zero_crossing,emg_ssc,emg_kurtosis,emg_skewness,emg_peak,emg_median_freq,emg_mean_freq,emg_peak_freq,emg_total_power,emg_power_low,emg_power_mid,emg_power_high,class_name
21.080671378092926,16.72064334056524,2108.6325338080965,43.25629348940664,497154.9930287559,16997.444925883054,24707.909638054683,10.753248210455231,-2.280739520142877,686.6955988078053,107.91959172772592,91.83488254187414,58.75624350504748,330.1798315952082,-81.39796207175164,601.0390152106532,36.59383945310399,Non-Fatigue
