emg_rms,emg_mav,emg_variance,emg_std,emg_waveform_length,emg_zero_crossing,emg_ssc,emg_kurtosis,emg_skewness,emg_peak,emg_median_freq,emg_mean_freq,emg_peak_freq,emg_total_power,emg_power_low,emg_power_mid,emg_power_high,class_name
30.70229756522776,19.12549761872051,-2232.557827367822,32.34059266711966,806580.5001164934,10525.02084410764,28129.20984781577,13.492946394469126,-1.2603721033150812,486.6181891850645,89.56958030349693,92.833715432534,56.635142162234246,228.9412986849037,75.6918633543322,200.15296749709088,75.87491129334002,Non-Fatigue
