emg_rms,emg_mav,emg_variance,emg_std,emg_waveform_length,emg_zero_crossing,emg_ssc,emg_kurtosis,emg_skewness,emg_peak,emg_median_freq,emg_mean_freq,emg_peak_freq,emg_total_power,emg_power_low,emg_power_mid,emg_power_high,class_name
50.31501616687558,9.473435732877746,-1093.2013375425015,32.16601856872516,378810.9982671911,9417.642343846152,25654.219966199395,19.17963160771298,0.162809437144529,615.3393356043517,95.3376522491992,92.36564643431082,46.9771140463606,284.69568087424307,242.79374719524935,-65.14848317877255,78.20460573274127,Non-Fatigue
