emg_rms,emg_mav,emg_variance,emg_std,emg_waveform_length,emg_zero_crossing,emg_ssc,emg_kurtosis,emg_skewness,emg_peak,emg_median_freq,emg_mean_freq,emg_peak_freq,emg_total_power,emg_power_low,emg_power_mid,emg_power_high,class_name
57.22127340928648,23.711938376654373,-420.7508607389598,54.115437137399866,390316.14972885966,9950.47144904878,28398.93404168513,16.445948156092193,1.5166802224287204,441.4036846199517,40.861343768034025,121.48211765524736,56.98479981909983,661.7497620631212,-87.2089974781282,798.2141388757834,89.1807907996997,Non-Fatigue
