emg_rms,emg_mav,emg_variance,emg_std,emg_waveform_length,emg_zero_crossing,emg_ssc,emg_kurtosis,emg_skewness,emg_peak,emg_median_freq,emg_mean_freq,emg_peak_freq,emg_total_power,emg_power_low,emg_power_mid,emg_power_high,class_name
44.78376170071012,25.17978065258373,-1109.2405531335555,22.36854017350013,568461.1532455597,11956.481545708615,25187.5938689642,13.517885111817147,-0.4609209261945717,727.2457576115742,83.9446562685617,76.79370990007101,73.79184138901479,357.4966662472771,-83.24297729191275,406.6842643912099,50.96994490131981,Non-Fatigue
