emg_rms,emg_mav,emg_variance,emg_std,emg_waveform_length,emg_zero_crossing,emg_ssc,emg_kurtosis,emg_skewness,emg_peak,emg_median_freq,emg_mean_freq,emg_peak_freq,emg_total_power,emg_power_low,emg_power_mid,emg_power_high,class_name
9.42227187624211,25.367983347040056,1952.7531999310968,34.855195765010244,448287.9455610615,11243.82273498165,21999.256697195167,15.158645659215916,2.8777256541464045,470.33028330671874,77.79025598236666,82.4043038849103,58.81170646379778,-875.0577045547766,119.99181587311104,649.066619603972,63.50093365467956,Non-Fatigue
