emg_rms,emg_mav,emg_variance,emg_std,emg_waveform_length,emg_zero_crossing,emg_ssc,emg_kurtosis,emg_skewness,emg_peak,emg_median_freq,emg_mean_freq,emg_peak_freq,emg_total_power,emg_power_low,emg_power_mid,emg_power_high,class_name
52.75346995888409,23.764925729314637,53.58344702533168,58.709863715425314,236191.91591472903,8667.486671432336,20004.03014854709,10.05428543441606,-0.733878504670136,524.7144851327532,92.9449144341335,84.95510678047042,63.9917893411582,-26.58400901356561,9.564845203489432,719.2412185508288,77.8352189280982,Non-Fatigue
