emg_rms,emg_mav,emg_variance,emg_std,emg_waveform_length,emg_zero_crossing,emg_ssc,emg_kurtosis,emg_skewness,emg_peak,emg_median_freq,emg_mean_freq,emg_peak_freq,emg_total_power,emg_power_low,emg_power_mid,emg_power_high,class_name
38.3283752861522,24.159983613505556,1795.282184675245,51.1424116110805,690856.6391839167,15574.723181809348,32614.172555515805,17.883062128545152,0.2425843506766312,474.571043719251,91.74740078496154,116.50538376367037,55.15838079759318,780.6065254024029,10.178544225861708,12.39897134781421,91.9551255820604,Non-Fatigue
