emg_rms,emg_mav,emg_variance,emg_std,emg_waveform_length,emg_zero_crossing,emg_ssc,emg_kurtosis,emg_skewness,emg_peak,emg_median_freq,emg_mean_freq,emg_peak_freq,emg_total_power,emg_power_low,emg_power_mid,emg_power_high,class_name
22.207189626971577,6.5517404526476,3713.719357395402,31.16397171069248,517692.66247803136,6882.579285450117,22656.182936067817,11.783111591015206,-1.1088764020649826,307.5316979690893,84.40866469717788,103.57218172573384,51.15333938469075,444.9151557447107,-102.02865597765208,710.398453230012,60.13325227865012,Non-Fatigue
