emg_rms,emg_mav,emg_variance,emg_std,emg_waveform_length,emg_zero_crossing,emg_ssc,emg_kurtosis,emg_skewness,emg_peak,emg_median_freq,emg_mean_freq,emg_peak_freq,emg_total_power,emg_power_low,emg_power_mid,emg_power_high,class_name
60.49431778758192,15.894365210740007,3439.051447838654,40.0360654749604,625466.7175905631,9640.056446488325,25771.91240856806,7.769442397655014,-0.3707988747348769,417.2831611485514,89.86623076819939,83.72185426977765,44.33865141426624,949.1652979802416,30.315687119192148,149.77912950896624,83.52140239636852,Non-Fatigue
