emg_rms,emg_mav,emg_variance,emg_std,emg_waveform_length,emg_zero_crossing,emg_ssc,emg_kurtosis,emg_skewness,emg_peak,emg_median_freq,emg_mean_freq,emg_peak_freq,emg_total_power,emg_power_low,emg_power_mid,emg_power_high,class_name
36.122638403163776,22.11877584331261,1368.109485661163,55.6608239324576,424369.8971289209,13451.194675926345,21053.075350043488,15.638314958040729,-0.2950489185084366,410.826083026073,63.37383358223049,94.75187327992204,47.219728653681486,232.33982374349964,148.64788816812992,41.48421998053823,31.722729027237243,Non-Fatigue
