emg_rms,emg_mav,emg_variance,emg_std,emg_waveform_length,emg_zero_crossing,emg_ssc,emg_kurtosis,emg_skewness,emg_peak,emg_median_freq,emg_mean_freq,emg_peak_freq,emg_total_power,emg_power_low,emg_power_mid,emg_power_high,class_name
47.70120295572074,14.472013500847396,-180.3048280760513,25.36926888371829,631381.6609881553,11508.961183277555,20200.652455602118,8.108805002504006,0.8594582831731536,542.9120282366299,93.840656568247,86.43500593190723,63.92875406886296,389.1528298511814,195.28972108490655,519.1229741687752,86.45501006923678,Non-Fatigue
