emg_rms,emg_mav,emg_variance,emg_std,emg_waveform_length,emg_zero_crossing,emg_ssc,emg_kurtosis,emg_skewness,emg_peak,emg_median_freq,emg_mean_freq,emg_peak_freq,emg_total_power,emg_power_low,emg_power_mid,emg_power_high,class_name
13.363027363347566,17.082546539226,426.0033656440583,45.25932883265245,604172.9089857531,14387.605595682464,22631.50538370985,10.284809553831694,-1.1890893426520748,366.0681633295471,78.85355106463217,89.82709723534474,68.7023221908475,340.3039765201381,68.02153416821106,-39.386792186678406,89.19119189285732,Non-Fatigue
