emg_rms,emg_mav,emg_variance,emg_std,emg_waveform_length,emg_zero_crossing,emg_ssc,emg_kurtosis,emg_skewness,emg_peak,emg_median_freq,emg_mean_freq,emg_peak_freq,emg_total_power,emg_power_low,emg_power_mid,emg_power_high,class_name
37.16264447636097,27.14802744456432,2936.6844272561298,39.12454048676839,804686.9713322817,10012.14634525389,36132.791214864,10.714469913477966,-0.0628751414160694,269.06995638363605,85.44412880557486,95.25253280976922,65.29299363177739,460.3167632554644,-22.36725034212762,-68.40727381633116,68.12589704978603,Non-Fatigue
