emg_rms,emg_mav,emg_variance,emg_std,emg_waveform_length,emg_zero_crossing,emg_ssc,emg_kurtosis,emg_skewness,emg_peak,emg_median_freq,emg_mean_freq,emg_peak_freq,emg_total_power,emg_power_low,emg_power_mid,emg_power_high,class_name
44.284385175762594,20.381661519039877,1576.154698744166,50.71587788831327,347253.8408718663,14173.40125080608,27948.64780178286,12.80798821113526,0.7899527747148996,331.43783073769214,84.40934626733747,86.92285016087833,52.868787756673946,586.3760454344126,169.62352795325648,-106.93633718803318,32.852312495486075,Non-Fatigue
