emg_rms,emg_mav,emg_variance,emg_std,emg_waveform_length,emg_zero_crossing,emg_ssc,emg_kurtosis,emg_skewness,emg_peak,emg_median_freq,emg_mean_freq,emg_peak_freq,emg_total_power,emg_power_low,emg_power_mid,emg_power_high,class_name
45.42082737820239,24.35228101543976,2398.5290046597866,46.59834948478192,337406.6906210195,15664.132240719166,26075.722568566056,14.0098552360934,1.612155524102472,687.4317259099862,91.67615402423138,116.73888377432714,55.11526188714224,-242.7354676472807,-33.93192317176485,44.73543990486911,29.55686013886629,Non-Fatigue
