emg_rms,emg_mav,emg_variance,emg_std,emg_waveform_length,emg_zero_crossing,emg_ssc,emg_kurtosis,emg_skewness,emg_peak,emg_median_freq,emg_mean_freq,emg_peak_freq,emg_total_power,emg_power_low,emg_power_mid,emg_power_high,class_name
20.5930938566714,5.590763028367515,2806.397326546883,30.6401806598614,548109.7673472045,13471.119395793128,22182.1596427412,11.899314875736929,1.4180836910716992,417.6417302901987,76.03725602125084,98.80738940435512,68.39372038157967,-65.15609606484202,95.26187983415218,937.7056870128667,81.090520487753,Non-Fatigue
