emg_rms,emg_mav,emg_variance,emg_std,emg_waveform_length,emg_zero_crossing,emg_ssc,emg_kurtosis,emg_skewness,emg_peak,emg_median_freq,emg_mean_freq,emg_peak_freq,emg_total_power,emg_power_low,emg_power_mid,emg_power_high,class_name
11.095359926069005,17.56267120069852,1564.6305692258693,35.405654449279126,559069.9530287234,11700.9422055364,27789.678695821043,20.882909580994813,0.8076728455153861,250.95845608357004,53.67862068016052,97.76008899131384,72.50716473723516,-194.5429678328481,14.22200874160648,258.2670947026975,81.49874092197204,Non-Fatigue
