emg_rms,emg_mav,emg_variance,emg_std,emg_waveform_length,emg_zero_crossing,emg_ssc,emg_kurtosis,emg_skewness,emg_peak,emg_median_freq,emg_mean_freq,emg_peak_freq,emg_total_power,emg_power_low,emg_power_mid,emg_power_high,class_name
57.996316944436586,27.040754360829474,2428.268557495003,16.670922873076634,787561.5671351093,14235.678398713,19155.02684756359,10.90445499833212,0.0568358245274212,592.8831090381939,75.24139848098972,86.3581753141399,55.37098906464617,653.1145585757499,114.99037321674096,154.33535885138667,-12.272459138407982,Non-Fatigue
