emg_rms,emg_mav,emg_variance,emg_std,emg_waveform_length,emg_zero_crossing,emg_ssc,emg_kurtosis,emg_skewness,emg_peak,emg_median_freq,emg_mean_freq,emg_peak_freq,emg_total_power,emg_power_low,emg_power_mid,emg_power_high,class_name
29.2285362244249,24.86122428403124,2413.2810434967632,40.72336999483964,586100.3910171903,11919.465421528716,27629.413297435287,20.28058845452708,0.1585683130504174,392.3092529633956,82.30020869540279,97.88991713049616,55.19317360409942,658.6675575791601,-30.46920188705373,63.16614327216297,70.39810934786507,Non-Fatigue
