emg_rms,emg_mav,emg_variance,emg_std,emg_waveform_length,emg_zero_crossing,emg_ssc,emg_kurtosis,emg_skewness,emg_peak,emg_median_freq,emg_mean_freq,emg_peak_freq,emg_total_power,emg_power_low,emg_power_mid,emg_power_high,class_name
27.91636241329062,8.988168485054498,511.87611889428695,54.04106628073762,812579.3785439442,12690.946113243768,27589.769535129744,16.04519560585701,2.01664504430359,640.3081150898415,53.6830700800202,76.89381836216619,62.59347650710031,571.4941918643972,24.59200407008773,-173.4681337111732,84.02069182900306,Non-Fatigue
