emg_rms,emg_mav,emg_variance,emg_std,emg_waveform_length,emg_zero_crossing,emg_ssc,emg_kurtosis,emg_skewness,emg_peak,emg_median_freq,emg_mean_freq,emg_peak_freq,emg_total_power,emg_power_low,emg_power_mid,emg_power_high,class_name
59.032032617196094,30.141933914299983,750.2739949194696,63.99657391725977,269116.2218217704,15638.015051022154,29526.586886654542,18.71369996554776,-0.8777476482811514,168.56750445393538,86.02702617033906,107.99761459764116,52.77425730995223,1073.5596141597334,-46.102898995053536,339.0422824095901,10.104261918996862,Non-Fatigue
