emg_rms,emg_mav,emg_variance,emg_std,emg_waveform_length,emg_zero_crossing,emg_ssc,emg_kurtosis,emg_skewness,emg_peak,emg_median_freq,emg_mean_freq,emg_peak_freq,emg_total_power,emg_power_low,emg_power_mid,emg_power_high,class_name
39.60433743253908,27.97362048452389,-609.5012876757407,51.56338956259717,535633.5271287876,12465.243647927566,31699.140122397694,21.04052989355552,-2.10585525186194,390.7945569885911,79.1054913771353,81.19750879589463,75.43002761338354,-250.74055397140904,192.6946970757621,333.6449281484098,110.10393307854572,Non-Fatigue
