emg_rms,emg_mav,emg_variance,emg_std,emg_waveform_length,emg_zero_crossing,emg_ssc,emg_kurtosis,emg_skewness,emg_peak,emg_median_freq,emg_mean_freq,emg_peak_freq,emg_total_power,emg_power_low,emg_power_mid,emg_power_high,class_name
44.58520121417159,23.17273180266317,3378.118449198081,34.49279801246409,371058.073664262,7912.474086282967,21930.60240909325,18.194951974610746,2.0174904760739376,453.60306163487377,76.05163028840883,105.66524478780322,61.70396026687493,569.7617917080998,11.703945425832243,487.9005174616356,69.3720131337542,Non-Fatigue
