emg_rms,emg_mav,emg_variance,emg_std,emg_waveform_length,emg_zero_crossing,emg_ssc,emg_kurtosis,emg_skewness,emg_peak,emg_median_freq,emg_mean_freq,emg_peak_freq,emg_total_power,emg_power_low,emg_power_mid,emg_power_high,class_name
53.98358355668593,14.563285036376277,3692.64295359256,40.86251910267369,414996.5707698555,14660.074015723108,18844.42380261258,1.9345630834790573,-1.6347906402443866,352.9074770977124,62.35506116595772,111.44361635901316,46.07488009498366,365.92037729742754,87.64475797858921,525.8077102691564,30.39295784085542,Non-Fatigue
