emg_rms,emg_mav,emg_variance,emg_std,emg_waveform_length,emg_zero_crossing,emg_ssc,emg_kurtosis,emg_skewness,emg_peak,emg_median_freq,emg_mean_freq,emg_peak_freq,emg_total_power,emg_power_low,emg_power_mid,emg_power_high,class_name
50.85182580943395,7.142279186538559,2836.01404497434,75.19244696622611,563865.1640467831,13456.649429988647,28572.247434613244,16.89262009095603,1.8339262010656605,496.1963215350586,64.88067643635418,94.97154948798244,60.468451598811,535.8472083622406,9.419975439234271,107.13921121562908,116.07729171912804,Non-Fatigue
