emg_rms,emg_mav,emg_variance,emg_std,emg_waveform_length,emg_zero_crossing,emg_ssc,emg_kurtosis,emg_skewness,emg_peak,emg_median_freq,emg_mean_freq,emg_peak_freq,emg_total_power,emg_power_low,emg_power_mid,emg_power_high,class_name
54.16492611121346,11.892005919220876,2274.6512753903417,32.80697626370664,880869.9764679574,10977.723400328654,30101.04751758085,10.352376837950246,0.0705632470759372,255.60172640173263,81.38984762810765,71.41284401815301,57.68868016111485,38.12734907525822,156.36391850939395,-27.042983175800032,111.83272269309336,Non-Fatigue
