emg_rms,emg_mav,emg_variance,emg_std,emg_waveform_length,emg_zero_crossing,emg_ssc,emg_kurtosis,emg_skewness,emg_peak,emg_median_freq,emg_mean_freq,emg_peak_freq,emg_total_power,emg_power_low,emg_power_mid,emg_power_high,class_name
61.12201835165265,16.62477697386953,3199.578894746946,10.815645754700078,422628.8107074443,15797.803065269503,28783.27375779685,10.729202515960488,0.3950325762701556,335.1344985324159,63.66116775279706,100.355036133808,57.08019827144366,209.11383122499825,86.77710445871818,-34.182462525010976,36.03716898239897,Non-Fatigue
