emg_rms,emg_mav,emg_variance,emg_std,emg_waveform_length,emg_zero_crossing,emg_ssc,emg_kurtosis,emg_skewness,emg_peak,emg_median_freq,emg_mean_freq,emg_peak_freq,emg_total_power,emg_power_low,emg_power_mid,emg_power_high,class_name
63.57822236320644,16.45153427054369,4326.551547549324,29.531574135968174,627843.7917814509,10602.22104183856,29743.00463663092,15.689554841060048,1.7010564385847975,460.61821195363126,76.64173336422662,89.12237614769299,48.29011662180962,618.2587929376075,2.9297429537877946,665.2800491480457,92.87811478066492,Non-Fatigue
