emg_rms,emg_mav,emg_variance,emg_std,emg_waveform_length,emg_zero_crossing,emg_ssc,emg_kurtosis,emg_skewness,emg_peak,emg_median_freq,emg_mean_freq,emg_peak_freq,emg_total_power,emg_power_low,emg_power_mid,emg_power_high,class_name
50.68293221132655,18.81182992764424,559.125739320212,38.73187438087227,748162.9295305148,10669.299020295251,22675.49956984962,18.614274321225437,1.7024080257797731,296.57807490523294,57.88747434649102,83.34274364923125,54.927865733180056,526.6597509060852,56.37687926760644,53.11846069826697,54.62735134508466,Non-Fatigue
