emg_rms,emg_mav,emg_variance,emg_std,emg_waveform_length,emg_zero_crossing,emg_ssc,emg_kurtosis,emg_skewness,emg_peak,emg_median_freq,emg_mean_freq,emg_peak_freq,emg_total_power,emg_power_low,emg_power_mid,emg_power_high,class_name
14.3618725112002,14.860761427491026,1538.9898342223216,36.27690378567311,499178.9588108205,15644.567484851745,27293.191026067787,18.401119100108165,-1.5091549989148598,494.97706088852703,59.38281441183547,101.77236242159964,55.32207570425886,535.0817252751135,24.100628821958185,-81.71930634583566,57.70599434835713,Non-Fatigue
