emg_rms,emg_mav,emg_variance,emg_std,emg_waveform_length,emg_zero_crossing,emg_ssc,emg_kurtosis,emg_skewness,emg_peak,emg_median_freq,emg_mean_freq,emg_peak_freq,emg_total_power,emg_power_low,emg_power_mid,emg_power_high,class_name
69.7578403243452,24.08262893611458,378.6666343744346,74.40950960128656,468594.3975641576,12853.39665121265,21640.66581766977,3.932382387224472,2.135029048577192,260.79348238508635,79.39185640346679,98.56871723533963,34.42357505837725,443.7378559181778,-16.146127023719544,8.441850518117803,45.97949186712738,Non-Fatigue
