emg_rms,emg_mav,emg_variance,emg_std,emg_waveform_length,emg_zero_crossing,emg_ssc,emg_kurtosis,emg_skewness,emg_peak,emg_median_freq,emg_mean_freq,emg_peak_freq,emg_total_power,emg_power_low,emg_power_mid,emg_power_high,class_name
42.355139156729045,20.234504308135666,1627.0526786870305,41.26169219094372,537282.9829317911,12968.63005487484,29784.772984928764,15.507557914414338,1.7844829903607304,650.1534497595649,85.15981974104184,108.10798381556496,51.78964903833744,727.156704600739,-28.443496111729203,-24.11704208208073,71.77842802883683,Non-Fatigue
