emg_rms,emg_mav,emg_variance,emg_std,emg_waveform_length,emg_zero_crossing,emg_ssc,emg_kurtosis,emg_skewness,emg_peak,emg_median_freq,emg_mean_freq,emg_peak_freq,emg_total_power,emg_power_low,emg_power_mid,emg_power_high,class_name
48.1142223720919,24.450873528966817,-1310.5667002028138,22.50793609432769,375939.9747624177,18967.81375782483,29791.4934192194,23.10997890848566,1.8067676182505576,485.4229377872815,75.40145462292575,80.57514258505987,59.466152812879486,580.2346487714356,315.8081231194352,390.97481125375793,34.194116007943684,Non-Fatigue
