emg_rms,emg_mav,emg_variance,emg_std,emg_waveform_length,emg_zero_crossing,emg_ssc,emg_kurtosis,emg_skewness,emg_peak,emg_median_freq,emg_mean_freq,emg_peak_freq,emg_total_power,emg_power_low,emg_power_mid,emg_power_high,class_name
55.49642678491088,27.836502586003977,1512.0532419023057,41.37052922298059,415418.3837201239,9603.170212527448,25274.31674398544,13.053408139655303,0.475775498786229,238.37465385285253,60.286167234419366,76.10104574919214,61.08971740027439,349.8113999314163,229.2392254499168,375.00172902978136,27.625916047238007,Non-Fatigue
