emg_rms,emg_mav,emg_variance,emg_std,emg_waveform_length,emg_zero_crossing,emg_ssc,emg_kurtosis,emg_skewness,emg_peak,emg_median_freq,emg_mean_freq,emg_peak_freq,emg_total_power,emg_power_low,emg_power_mid,emg_power_high,class_name
44.46290206432704,14.357851439484037,3456.2284461526483,34.54103679858691,577194.7759337837,11922.696085657954,27865.32905772013,14.549306159721638,2.597970786963949,350.98767788099303,68.80387720982407,84.93690444374346,58.6600679616331,-65.54805426041145,77.46943872606809,73.70268333161945,109.89305162331738,Non-Fatigue
