emg_rms,emg_mav,emg_variance,emg_std,emg_waveform_length,emg_zero_crossing,emg_ssc,emg_kurtosis,emg_skewness,emg_peak,emg_median_freq,emg_mean_freq,emg_peak_freq,emg_total_power,emg_power_low,emg_power_mid,emg_power_high,class_name
29.326921525877005,24.54729861005812,4334.529018593839,0.7701203891136075,560982.4544908568,7219.108484633311,28746.471296584197,14.700701950405854,2.2622003612632016,503.8217738614571,86.3770166315825,97.58319963528312,59.10339747105277,515.2564085050027,56.26272085848149,426.0930832060248,76.52080224949756,Non-Fatigue
