emg_rms,emg_mav,emg_variance,emg_std,emg_waveform_length,emg_zero_crossing,emg_ssc,emg_kurtosis,emg_skewness,emg_peak,emg_median_freq,emg_mean_freq,emg_peak_freq,emg_total_power,emg_power_low,emg_power_mid,emg_power_high,class_name
41.47935827702062,9.352641971325191,2161.849295095677,33.48545283467077,738632.6571429269,11757.15019933375,27775.71765857029,18.77845913940043,-0.6695276494000463,394.42969010142144,67.31756150996314,82.9483909282228,63.7470532921803,99.32336034843092,-23.96751356296015,278.12006237806725,47.46103913304532,Non-Fatigue
