emg_rms,emg_mav,emg_variance,emg_std,emg_waveform_length,emg_zero_crossing,emg_ssc,emg_kurtosis,emg_skewness,emg_peak,emg_median_freq,emg_mean_freq,emg_peak_freq,emg_total_power,emg_power_low,emg_power_mid,emg_power_high,class_name
77.900506222427,4.687094173671657,2526.4560171493044,27.38816579661624,713099.6476801799,11233.509970264266,25275.669933236488,9.521947478230958,0.916294014228844,469.85882060815874,86.56465784877918,115.20774809791114,59.15422686479925,361.3418101648104,184.94914942792715,0.9792670559375553,4.843986741347571,Non-Fatigue
