emg_rms,emg_mav,emg_variance,emg_std,emg_waveform_length,emg_zero_crossing,emg_ssc,emg_kurtosis,emg_skewness,emg_peak,emg_median_freq,emg_mean_freq,emg_peak_freq,emg_total_power,emg_power_low,emg_power_mid,emg_power_high,class_name
26.11521763629482,22.591325100779738,1060.918159262139,40.00130606311503,634987.6729807882,13045.974578980306,28151.40111646208,13.003326517127409,0.4525058106893929,618.6616817158094,51.35401265080936,91.4385994915133,46.78326895868428,94.0677020484614,-47.22590140712832,-52.70052555927322,38.11279678307496,Non-Fatigue
