emg_rms,emg_mav,emg_variance,emg_std,emg_waveform_length,emg_zero_crossing,emg_ssc,emg_kurtosis,emg_skewness,emg_peak,emg_median_freq,emg_mean_freq,emg_peak_freq,emg_total_power,emg_power_low,emg_power_mid,emg_power_high,class_name
42.02189651795066,23.00927899313705,4312.693727389031,30.385832949826263,738914.7634000831,13144.04546056174,25735.196043889388,14.105994462661783,3.668734962465272,308.30254739117504,98.46404451933384,95.0886829538544,53.10804435980288,257.5978891892435,-1.3431103424268829,65.35939679973237,90.07135055745371,Non-Fatigue
