emg_rms,emg_mav,emg_variance,emg_std,emg_waveform_length,emg_zero_crossing,emg_ssc,emg_kurtosis,emg_skewness,emg_peak,emg_median_freq,emg_mean_freq,emg_peak_freq,emg_total_power,emg_power_low,emg_power_mid,emg_power_high,class_name
34.80864106162278,19.59366591096189,148.4811217047302,57.56452763808871,419421.08929068665,8336.401314531526,27850.09152144795,9.585368316735252,0.0612699923262713,525.5952257844211,69.86999310182304,84.33763862766212,55.11520233787588,-345.4744647275609,94.91666991594616,-167.18772346334885,50.93036659934087,Non-Fatigue
