emg_rms,emg_mav,emg_variance,emg_std,emg_waveform_length,emg_zero_crossing,emg_ssc,emg_kurtosis,emg_skewness,emg_peak,emg_median_freq,emg_mean_freq,emg_peak_freq,emg_total_power,emg_power_low,emg_power_mid,emg_power_high,class_name
45.73358131342128,24.578550595768583,-295.6200271574328,28.883010976644385,658020.6715526668,9545.43509371326,30402.203533886644,7.1186659820910165,1.2251873602835186,397.9905541346874,55.450825511603256,99.87063957588164,67.39100243310243,458.4317894649914,-21.498563702706942,728.9476879629943,44.04026393595527,Non-Fatigue
