emg_rms,emg_mav,emg_variance,emg_std,emg_waveform_length,emg_zero_crossing,emg_ssc,emg_kurtosis,emg_skewness,emg_peak,emg_median_freq,emg_mean_freq,emg_peak_freq,emg_total_power,emg_power_low,emg_power_mid,emg_power_high,class_name
55.88269805787297,26.64727683094608,-485.1239079634863,35.70452222200917,403493.1660380999,18056.712765808137,30444.18811625373,16.87273446096967,2.32638599235196,450.7428459265994,57.072806394287696,67.17602410990897,54.06872929852874,584.6639430045507,25.94619879075527,610.8992483473731,64.01333660593015,Non-Fatigue
