emg_rms,emg_mav,emg_variance,emg_std,emg_waveform_length,emg_zero_crossing,emg_ssc,emg_kurtosis,emg_skewness,emg_peak,emg_median_freq,emg_mean_freq,emg_peak_freq,emg_total_power,emg_power_low,emg_power_mid,emg_power_high,class_name
15.138444460938588,21.492146897424806,208.31729750865335,49.53307595949376,367933.3325627478,10631.259357488692,22480.82252058612,18.61295839841405,2.185916476948212,496.36742358099576,82.54899953634673,80.86267778865059,52.33734142526388,491.81285218252526,5.475609501358548,710.5239439458176,32.82549483434289,Non-Fatigue
