emg_rms,emg_mav,emg_variance,emg_std,emg_waveform_length,emg_zero_crossing,emg_ssc,emg_kurtosis,emg_skewness,emg_peak,emg_median_freq,emg_mean_freq,emg_peak_freq,emg_total_power,emg_power_low,emg_power_mid,emg_power_high,class_name
27.202951010660588,16.32017787487743,2402.815165695788,70.48276213634216,711693.5542540286,20589.61526276935,24445.23946257593,19.73300904091021,-0.8522531363611706,328.20594667945414,83.4988552998776,92.25735044721743,56.2635892407304,-381.6188253244735,70.8137814431134,437.82676718333903,47.9095167037837,Non-Fatigue
