emg_rms,emg_mav,emg_variance,emg_std,emg_waveform_length,emg_zero_crossing,emg_ssc,emg_kurtosis,emg_skewness,emg_peak,emg_median_freq,emg_mean_freq,emg_peak_freq,emg_total_power,emg_power_low,emg_power_mid,emg_power_high,class_name
25.261240488259176,11.785985919962153,3424.036534181708,62.45204383448997,620222.4843008048,10338.529536638682,32166.272821932303,10.242866748343328,1.7294071320985285,595.9942776342043,56.51114314941016,91.07060042802183,51.124566212929466,216.27547303042937,-30.334870355301675,325.1708223809804,75.11104809052497,Non-Fatigue
