emg_rms,emg_mav,emg_variance,emg_std,emg_waveform_length,emg_zero_crossing,emg_ssc,emg_kurtosis,emg_skewness,emg_peak,emg_median_freq,emg_mean_freq,emg_peak_freq,emg_total_power,emg_power_low,emg_power_mid,emg_power_high,class_name
27.46238171581723,20.50713284947418,2634.7192967067663,50.27857821863127,513683.1696891181,12278.46807550866,30203.478689642918,14.65460503884196,1.1829912553544712,557.3435057672066,57.75692721274996,82.11178345730951,48.080045366876135,341.32897829354147,-131.86635054267808,334.9365335156712,70.17696658247513,Non-Fatigue
