emg_rms,emg_mav,emg_variance,emg_std,emg_waveform_length,emg_zero_crossing,emg_ssc,emg_kurtosis,emg_skewness,emg_peak,emg_median_freq,emg_mean_freq,emg_peak_freq,emg_total_power,emg_power_low,emg_power_mid,emg_power_high,class_name
40.37862115270679,16.792587213020596,2138.745582194161,53.41207728221202,692322.8966341794,19092.77509480237,31756.55920471,19.489183628027973,-2.1691282353819066,553.6282117002694,51.1458489395318,124.3691515525177,50.06552925372135,299.182693782137,113.11184157290616,151.3363419892714,82.73363222776351,Non-Fatigue
