emg_rms,emg_mav,emg_variance,emg_std,emg_waveform_length,emg_zero_crossing,emg_ssc,emg_kurtosis,emg_skewness,emg_peak,emg_median_freq,emg_mean_freq,emg_peak_freq,emg_total_power,emg_power_low,emg_power_mid,emg_power_high,class_name
25.003357191832343,18.75875615314117,2325.6437016638865,44.85561379725802,315800.4108436331,13057.947706780426,30493.827227357397,14.844734171544811,1.3250322193893411,463.14442469515234,63.017888603409496,101.5830786459477,54.08304182765824,740.1516011392994,58.08266001696198,-71.55907773730905,39.91398332867618,Non-Fatigue
