emg_rms,emg_mav,emg_variance,emg_std,emg_waveform_length,emg_zero_crossing,emg_ssc,emg_kurtosis,emg_skewness,emg_peak,emg_median_freq,emg_mean_freq,emg_peak_freq,emg_total_power,emg_power_low,emg_power_mid,emg_power_high,class_name
22.033850754776942,10.930660754218415,1519.2299343189482,53.27254862874601,378555.013346961,12278.120213515813,24399.75894449954,19.819031976051967,1.0325795920924028,648.2099724777227,73.95337543227085,92.97054212489309,49.74781438217904,289.00423889025086,124.64705327930189,532.3671989239642,81.76952839386233,Non-Fatigue
