emg_rms,emg_mav,emg_variance,emg_std,emg_waveform_length,emg_zero_crossing,emg_ssc,emg_kurtosis,emg_skewness,emg_peak,emg_median_freq,emg_mean_freq,emg_peak_freq,emg_total_power,emg_power_low,emg_power_mid,emg_power_high,class_name
77.46419279817579,24.28678364444729,-2248.855358282015,46.51928779817496,628578.1670099056,14129.481398840528,24780.036739560197,12.452220121456971,1.5835519305380763,415.4220399441583,53.18023776395171,93.96464024064532,59.22193238597529,475.1541899686974,-18.13536834011167,433.3564945285826,70.80642603913635,Non-Fatigue
