emg_rms,emg_mav,emg_variance,emg_std,emg_waveform_length,emg_zero_crossing,emg_ssc,emg_kurtosis,emg_skewness,emg_peak,emg_median_freq,emg_mean_freq,emg_peak_freq,emg_total_power,emg_power_low,emg_power_mid,emg_power_high,class_name
38.247219562384274,14.645207747700928,553.4518550536245,25.10964862168381,594113.1895757725,15352.315806487324,27468.95408628095,27.67220796927504,-1.2947012436349763,344.0657340067465,97.10869136200589,104.99419351746184,51.023432438657615,686.8301855927576,53.61848559551726,96.49620525421004,33.86642324039686,Non-Fatigue
