emg_rms,emg_mav,emg_variance,emg_std,emg_waveform_length,emg_zero_crossing,emg_ssc,emg_kurtosis,emg_skewness,emg_peak,emg_median_freq,emg_mean_freq,emg_peak_freq,emg_total_power,emg_power_low,emg_power_mid,emg_power_high,class_name
19.500815703207422,14.916251973755337,4028.719896545093,9.603703101453249,115558.78696469736,12570.11833321273,24601.112074702225,10.492350687928733,-0.543369568202106,362.6742052947898,45.61782754425671,96.90882002152864,60.038083141604034,413.590057950217,23.720269476491985,427.0950216499913,34.44339174991046,Non-Fatigue
