emg_rms,emg_mav,emg_variance,emg_std,emg_waveform_length,emg_zero_crossing,emg_ssc,emg_kurtosis,emg_skewness,emg_peak,emg_median_freq,emg_mean_freq,emg_peak_freq,emg_total_power,emg_power_low,emg_power_mid,emg_power_high,class_name
48.42605030870702,19.34962057788446,4975.92212218501,24.887256598321123,592201.2029449687,15808.967541152946,32079.70068355477,12.549871618772146,-1.9563077693825228,592.9636070138629,91.37043869478124,139.55004874140872,57.49594654775473,34.9899124853373,30.25837509697332,558.9980969589878,58.46051576105364,Non-Fatigue
