emg_rms,emg_mav,emg_variance,emg_std,emg_waveform_length,emg_zero_crossing,emg_ssc,emg_kurtosis,emg_skewness,emg_peak,emg_median_freq,emg_mean_freq,emg_peak_freq,emg_total_power,emg_power_low,emg_power_mid,emg_power_high,class_name
16.80408675412318,17.798995062586727,1491.8088612647396,32.78646780697201,758718.576288682,17255.13717717431,28604.77144844329,15.94047841430353,0.9225441901250538,290.29253680273337,85.63751154274844,77.41459510763868,52.81924926469938,430.2408096304442,-36.53806245162856,94.8198594674712,48.43035397214713,Non-Fatigue
