emg_rms,emg_mav,emg_variance,emg_std,emg_waveform_length,emg_zero_crossing,emg_ssc,emg_kurtosis,emg_skewness,emg_peak,emg_median_freq,emg_mean_freq,emg_peak_freq,emg_total_power,emg_power_low,emg_power_mid,emg_power_high,class_name
41.67569833501099,22.62947349203018,2749.8381227187188,53.39186704981354,644259.1436742407,17093.804050997293,25143.044733808507,25.30425844182195,-0.602891339546328,444.7875200694877,64.85682555051542,107.14225556326691,56.544508166074905,506.4487647567119,167.3731243058176,-28.754061372858303,61.09163616280191,Non-Fatigue
