emg_rms,emg_mav,emg_variance,emg_std,emg_waveform_length,emg_zero_crossing,emg_ssc,emg_kurtosis,emg_skewness,emg_peak,emg_median_freq,emg_mean_freq,emg_peak_freq,emg_total_power,emg_power_low,emg_power_mid,emg_power_high,class_name
68.21235902892515,13.939314536793129,-152.75803961536576,34.429793938465416,776479.055733542,11049.78047176189,27392.501396292264,15.30020160752276,1.422908538027062,234.890484709066,56.88615739875185,103.77662660094713,68.92567691589461,365.3533004529062,19.3841038748117,191.0680889472032,61.63584215876628,Non-Fatigue
