emg_rms,emg_mav,emg_variance,emg_std,emg_waveform_length,emg_zero_crossing,emg_ssc,emg_kurtosis,emg_skewness,emg_peak,emg_median_freq,emg_mean_freq,emg_peak_freq,emg_total_power,emg_power_low,emg_power_mid,emg_power_high,class_name
53.20007370003631,13.338084399119236,3888.1346610275305,73.85475088170801,342341.243099233,12105.918832133637,25097.29303739321,15.909387987413222,-1.232422822297453,329.8843329673433,49.829427714035845,107.20665415140364,61.23868026636873,22.637767235145876,99.46929717372542,293.22687433463466,75.28835741652036,Non-Fatigue
