emg_rms,emg_mav,emg_variance,emg_std,emg_waveform_length,emg_zero_crossing,emg_ssc,emg_kurtosis,emg_skewness,emg_peak,emg_median_freq,emg_mean_freq,emg_peak_freq,emg_total_power,emg_power_low,emg_power_mid,emg_power_high,class_name
41.6489678170728,14.081873673541912,2889.961445236044,48.512605653310345,561548.5202387815,12648.866274627151,28401.854808917225,18.146134506744787,0.9581694971392908,480.01741057999095,86.29016347047252,85.12553979670867,55.87341973309426,355.3679827622232,5.452005331006774,269.20968118717,13.568434650988202,Non-Fatigue
