emg_rms,emg_mav,emg_variance,emg_std,emg_waveform_length,emg_zero_crossing,emg_ssc,emg_kurtosis,emg_skewness,emg_peak,emg_median_freq,emg_mean_freq,emg_peak_freq,emg_total_power,emg_power_low,emg_power_mid,emg_power_high,class_name
58.4796119528252,25.550969258469635,1409.1203566554254,86.92959833044264,386601.4044744388,14817.136591884224,26225.519569344156,20.90217256159469,2.202613657222263,345.47465330583503,114.89588651377052,94.4712870401474,69.31950200346756,716.0960914067446,33.33028651025446,-342.8303220672929,50.199117883081534,Non-Fatigue
