emg_rms,emg_mav,emg_variance,emg_std,emg_waveform_length,emg_zero_crossing,emg_ssc,emg_kurtosis,emg_skewness,emg_peak,emg_median_freq,emg_mean_freq,emg_peak_freq,emg_total_power,emg_power_low,emg_power_mid,emg_power_high,class_name
66.60064836376347,5.980266193947644,1710.9555532085055,40.464302420590336,884433.1313199031,8748.121186409717,28882.25927393729,11.773752479927513,1.0134005118176217,338.2651630309241,71.17572112944731,101.3314892747207,46.987793665741975,1268.632963040369,-62.24198027703397,495.63163790501903,1.593029099298768,Non-Fatigue
