emg_rms,emg_mav,emg_variance,emg_std,emg_waveform_length,emg_zero_crossing,emg_ssc,emg_kurtosis,emg_skewness,emg_peak,emg_median_freq,emg_mean_freq,emg_peak_freq,emg_total_power,emg_power_low,emg_power_mid,emg_power_high,class_name
36.02094698816595,23.432585921873283,3543.926285379729,50.978645587245474,398429.42699896754,11645.836547419492,24125.795481856818,18.96735571137737,1.9255913131542317,699.7559591490442,74.94417774633135,78.49759278002578,55.78048030162476,412.54496099358767,187.28658815369545,169.97022485597552,87.2366386505969,Non-Fatigue
