emg_rms,emg_mav,emg_variance,emg_std,emg_waveform_length,emg_zero_crossing,emg_ssc,emg_kurtosis,emg_skewness,emg_peak,emg_median_freq,emg_mean_freq,emg_peak_freq,emg_total_power,emg_power_low,emg_power_mid,emg_power_high,class_name
66.90216289506441,7.311157641517997,4316.21440420777,29.09335332408351,637381.0413588542,18156.93314416717,32600.327747989177,17.782243445573226,-1.506790705349312,318.75718251651114,99.59663596090256,84.77956053188441,49.42418155605564,635.2533841570357,91.56258729999156,398.45860844133335,19.78978363045228,Non-Fatigue
