emg_rms,emg_mav,emg_variance,emg_std,emg_waveform_length,emg_zero_crossing,emg_ssc,emg_kurtosis,emg_skewness,emg_peak,emg_median_freq,emg_mean_freq,emg_peak_freq,emg_total_power,emg_power_low,emg_power_mid,emg_power_high,class_name
19.266864750931717,29.525473610205403,2052.1684621550367,47.761254729629925,554391.5383039231,17174.059818035883,20594.36262585999,11.25596954638752,0.3225638088547494,335.920458182,62.50647744444517,116.87228592519952,55.24500152362494,85.80845862980857,26.234810792919,468.6144315358287,38.73334316145578,Non-Fatigue
