emg_rms,emg_mav,emg_variance,emg_std,emg_waveform_length,emg_zero_crossing,emg_ssc,emg_kurtosis,emg_skewness,emg_peak,emg_median_freq,emg_mean_freq,emg_peak_freq,emg_total_power,emg_power_low,emg_power_mid,emg_power_high,class_name
60.12281409631065,16.85215736279201,-332.65038040446984,63.14556587987717,643836.6780086898,10874.73672060256,27242.690373944795,11.008417034319251,1.9419670817680696,526.9207261120538,73.04249019587789,86.68577502428184,81.98937486303483,468.4190501349031,227.1497892523409,262.6069571008293,37.55168170763034,Non-Fatigue
