emg_rms,emg_mav,emg_variance,emg_std,emg_waveform_length,emg_zero_crossing,emg_ssc,emg_kurtosis,emg_skewness,emg_peak,emg_median_freq,emg_mean_freq,emg_peak_freq,emg_total_power,emg_power_low,emg_power_mid,emg_power_high,class_name
36.63678816800612,11.24056542572828,-770.1726171610815,45.55360386963702,754862.7389096889,9238.21259164349,27105.21377667469,7.94764370863297,-1.6152940241798772,331.5856428320002,81.65117993784264,76.03115829582866,56.520507427553554,294.1882823229897,-29.491299514992733,-18.476079215430783,37.5809034228526,Non-Fatigue
