emg_rms,emg_mav,emg_variance,emg_std,emg_waveform_length,emg_zero_crossing,emg_ssc,emg_kurtosis,emg_skewness,emg_peak,emg_median_freq,emg_mean_freq,emg_peak_freq,emg_total_power,emg_power_low,emg_power_mid,emg_power_high,class_name
26.58317007436357,23.65618123662811,-1188.700878770282,13.505471424694656,707361.1891869995,21428.36821899004,28375.30228262648,24.75165792878515,-0.9896056100947108,506.6348147074137,100.921303304158,104.27622453433624,50.63601495744849,865.2559865846054,-40.75493058817065,199.401384995616,71.00431181261811,Non-Fatigue
