emg_rms,emg_mav,emg_variance,emg_std,emg_waveform_length,emg_zero_crossing,emg_ssc,emg_kurtosis,emg_skewness,emg_peak,emg_median_freq,emg_mean_freq,emg_peak_freq,emg_total_power,emg_power_low,emg_power_mid,emg_power_high,class_name
42.627394028236544,14.824093586392369,4968.313872848338,26.37979087089129,643931.5823812657,13952.051522542217,24903.85594960425,15.862594934359274,-0.667353152773725,581.6487235187959,90.94365702270508,93.96908667198484,46.43464995799662,1223.0369223980326,115.24008128270398,31.87824568510098,67.67138985733231,Non-Fatigue
