emg_rms,emg_mav,emg_variance,emg_std,emg_waveform_length,emg_zero_crossing,emg_ssc,emg_kurtosis,emg_skewness,emg_peak,emg_median_freq,emg_mean_freq,emg_peak_freq,emg_total_power,emg_power_low,emg_power_mid,emg_power_high,class_name
44.100904833590754,23.570131313361884,-1376.9406519382426,6.416395278820744,409722.93672490295,11482.67134944229,27667.64118192438,19.80606339790427,-0.9538891130650096,657.4905338516146,74.59901460668902,97.13530850387826,51.62977505581871,8.397152555673586,109.67407388112848,681.182408866947,53.81127770262164,Non-Fatigue
