emg_rms,emg_mav,emg_variance,emg_std,emg_waveform_length,emg_zero_crossing,emg_ssc,emg_kurtosis,emg_skewness,emg_peak,emg_median_freq,emg_mean_freq,emg_peak_freq,emg_total_power,emg_power_low,emg_power_mid,emg_power_high,class_name
43.31488822392716,23.196139816184733,-3058.8887165191163,37.52891409044633,858091.2754097797,12836.33249091466,31830.3539028734,17.861164690404777,1.325640383180494,565.771202276625,69.75462845320307,84.21320199353481,60.89509330224736,647.7049897225772,-20.18067917378403,288.5244367329328,13.605392604056163,Non-Fatigue
