emg_rms,emg_mav,emg_variance,emg_std,emg_waveform_length,emg_zero_crossing,emg_ssc,emg_kurtosis,emg_skewness,emg_peak,emg_median_freq,emg_mean_freq,emg_peak_freq,emg_total_power,emg_power_low,emg_power_mid,emg_power_high,class_name
58.429572165784506,23.29770822104016,2075.5146709422584,51.097189879366326,944260.7005490576,10982.23940234544,24923.5974929812,13.849482717318743,-1.2674605724228032,321.4552472413236,59.631529305655874,108.05074869011466,58.4764229571837,237.7910796489265,-43.39592341884391,719.8632654882592,12.802737189487289,Non-Fatigue
