emg_rms,emg_mav,emg_variance,emg_std,emg_waveform_length,emg_zero_crossing,emg_ssc,emg_kurtosis,emg_skewness,emg_peak,emg_median_freq,emg_mean_freq,emg_peak_freq,emg_total_power,emg_power_low,emg_power_mid,emg_power_high,class_name
31.418232476583924,16.348609100885803,2526.8938601300283,36.15081209214381,615395.8938584786,13695.435253592314,33313.96723756884,21.363368088235585,1.3256938263064186,526.7354470817656,88.21716622671553,64.30538896021608,58.63676696159972,704.299097786771,38.38634938737594,361.045965509485,25.537670042576423,Non-Fatigue
