emg_rms,emg_mav,emg_variance,emg_std,emg_waveform_length,emg_zero_crossing,emg_ssc,emg_kurtosis,emg_skewness,emg_peak,emg_median_freq,emg_mean_freq,emg_peak_freq,emg_total_power,emg_power_low,emg_power_mid,emg_power_high,class_name
51.30225583036556,0.2331131391355896,1971.930854106965,-2.9118224511782955,717291.4492271952,5957.055668769422,35929.41508941978,16.23125932722056,1.376336630794924,453.4843808390688,64.4720313064207,96.28806277174996,65.9604952989754,399.7156184972984,90.29567696859584,70.9650504592394,39.51355871429013,Non-Fatigue
