emg_rms,emg_mav,emg_variance,emg_std,emg_waveform_length,emg_zero_crossing,emg_ssc,emg_kurtosis,emg_skewness,emg_peak,emg_median_freq,emg_mean_freq,emg_peak_freq,emg_total_power,emg_power_low,emg_power_mid,emg_power_high,class_name
18.336586561693363,3.585907342136542,1892.9520600331864,45.32120363332633,491527.341685495,14972.901666682475,31568.066976092217,17.654724129990036,1.1446959980233324,471.0458251397939,73.66434898727644,76.02810185454175,67.32978102406332,813.081060594988,24.04275898902474,65.73365996308266,33.662977796422105,Non-Fatigue
