emg_rms,emg_mav,emg_variance,emg_std,emg_waveform_length,emg_zero_crossing,emg_ssc,emg_kurtosis,emg_skewness,emg_peak,emg_median_freq,emg_mean_freq,emg_peak_freq,emg_total_power,emg_power_low,emg_power_mid,emg_power_high,class_name
57.39179157216937,20.88487702199484,-1726.8446827977807,47.60818591222981,98998.39044224132,10888.560133978805,31659.184061351767,15.362954122689324,0.5030667145876,326.8373521917946,84.74881183313526,76.85982548204862,64.66008977362786,529.073790284136,59.32165662043155,374.50776615831785,62.70067887524864,Non-Fatigue
