emg_rms,emg_mav,emg_variance,emg_std,emg_waveform_length,emg_zero_crossing,emg_ssc,emg_kurtosis,emg_skewness,emg_peak,emg_median_freq,emg_mean_freq,emg_peak_freq,emg_total_power,emg_power_low,emg_power_mid,emg_power_high,class_name
17.492477806452044,11.631550465107171,1314.665929932337,40.90646616219094,956859.0763320894,12809.404941832892,25619.825631314267,25.28309268325449,1.485234023618677,278.5860033751896,97.03945016759388,116.43623008576328,58.16014993072403,-562.8370686885748,157.82807436222333,336.90411111533894,63.80791062158669,Non-Fatigue
