emg_rms,emg_mav,emg_variance,emg_std,emg_waveform_length,emg_zero_crossing,emg_ssc,emg_kurtosis,emg_skewness,emg_peak,emg_median_freq,emg_mean_freq,emg_peak_freq,emg_total_power,emg_power_low,emg_power_mid,emg_power_high,class_name
24.27462357989443,-2.705062977698496,2163.0537573093234,10.75191751694587,906268.3724322906,12101.17667227321,26334.140243688,13.669621965481756,1.0791965933992866,556.1219035404923,71.30266164444421,104.20540642306072,53.853971960506485,1032.310449934644,239.8322937586538,84.05229003445316,21.863708833049408,Non-Fatigue
