emg_rms,emg_mav,emg_variance,emg_std,emg_waveform_length,emg_zero_crossing,emg_ssc,emg_kurtosis,emg_skewness,emg_peak,emg_median_freq,emg_mean_freq,emg_peak_freq,emg_total_power,emg_power_low,emg_power_mid,emg_power_high,class_name
53.84651921969123,14.46061986435611,1815.9180148198948,52.43757698821389,323755.6017592777,11411.347184229544,26711.29059747844,8.180852044398682,1.968572910002488,486.4870914567022,63.67627569431921,76.45739673546896,65.18150139980241,8.431893787332228,197.34724643307263,169.08393062552537,58.91697421216763,Non-Fatigue
