emg_rms,emg_mav,emg_variance,emg_std,emg_waveform_length,emg_zero_crossing,emg_ssc,emg_kurtosis,emg_skewness,emg_peak,emg_median_freq,emg_mean_freq,emg_peak_freq,emg_total_power,emg_power_low,emg_power_mid,emg_power_high,class_name
24.238459946856103,21.352434888887288,2801.433681784516,77.81767833809299,403159.3552581326,7979.348658614997,23731.465600309344,15.301012066870014,1.2232432670382951,581.1555448386838,92.8027625296323,97.99210738798467,46.15517787707696,811.1635141417553,172.13565067677445,728.6015132517721,53.16292589996527,Non-Fatigue
