emg_rms,emg_mav,emg_variance,emg_std,emg_waveform_length,emg_zero_crossing,emg_ssc,emg_kurtosis,emg_skewness,emg_peak,emg_median_freq,emg_mean_freq,emg_peak_freq,emg_total_power,emg_power_low,emg_power_mid,emg_power_high,class_name
18.482337175040133,33.89038392140565,-2080.187235880544,31.742519244912963,746499.202747774,12146.94990731612,31926.11080064562,14.829470012437362,1.6606580232872887,539.1348223109935,77.82782951170891,77.21560422565645,61.4261866187219,791.5472122225451,-108.14900857458656,550.9232781585536,-6.976285761536644,Non-Fatigue
