emg_rms,emg_mav,emg_variance,emg_std,emg_waveform_length,emg_zero_crossing,emg_ssc,emg_kurtosis,emg_skewness,emg_peak,emg_median_freq,emg_mean_freq,emg_peak_freq,emg_total_power,emg_power_low,emg_power_mid,emg_power_high,class_name
27.88166332161096,22.224923579448475,556.702404366639,20.26752257111977,669008.3222420096,14167.405714897206,22983.906973390094,11.396605288549662,-0.4673472807099158,517.9100807439323,59.15442199110203,121.052626816326,49.74366600504942,821.7682174010843,92.51917431437164,-90.85512208746984,68.44815092571753,Non-Fatigue
