emg_rms,emg_mav,emg_variance,emg_std,emg_waveform_length,emg_zero_crossing,emg_ssc,emg_kurtosis,emg_skewness,emg_peak,emg_median_freq,emg_mean_freq,emg_peak_freq,emg_total_power,emg_power_low,emg_power_mid,emg_power_high,class_name
49.69142043719601,-5.811345196717969,1880.938506718556,59.88740987240434,481085.86286422657,13803.690635402358,22751.948069331334,8.992639512625768,-0.7763263141513262,393.4715431009716,76.23802318830583,87.76621016191905,47.76147279654275,363.3358572055161,89.77208665975458,280.7734133617677,137.55813552892664,Non-Fatigue
