emg_rms,emg_mav,emg_variance,emg_std,emg_waveform_length,emg_zero_crossing,emg_ssc,emg_kurtosis,emg_skewness,emg_peak,emg_median_freq,emg_mean_freq,emg_peak_freq,emg_total_power,emg_power_low,emg_power_mid,emg_power_high,class_name
44.31904913770524,20.764438942327047,724.2855643914368,2.6011783230408625,803583.3028447919,12990.417886282716,26903.030913341743,7.618903714095197,-0.0580111140480678,532.1521340046567,100.74851071987185,88.15932371266389,47.97821452645698,-532.1152241054656,47.83201349049853,268.3660894013799,70.39044502899365,Non-Fatigue
