emg_rms,emg_mav,emg_variance,emg_std,emg_waveform_length,emg_zero_crossing,emg_ssc,emg_kurtosis,emg_skewness,emg_peak,emg_median_freq,emg_mean_freq,emg_peak_freq,emg_total_power,emg_power_low,emg_power_mid,emg_power_high,class_name
38.39445898836159,23.20128775794997,310.92338019823114,54.3858572517962,971034.6793037864,18083.111321698703,26697.63745677436,16.981914798933786,1.0208596298318158,460.4286893490959,77.3222485698857,93.46793539176784,51.94062845003775,479.56743859882687,-36.62709698011625,218.8850594627404,111.70718764703976,Non-Fatigue
