emg_rms,emg_mav,emg_variance,emg_std,emg_waveform_length,emg_zero_crossing,emg_ssc,emg_kurtosis,emg_skewness,emg_peak,emg_median_freq,emg_mean_freq,emg_peak_freq,emg_total_power,emg_power_low,emg_power_mid,emg_power_high,class_name
35.00040726138827,13.353178950265248,3587.5016216873555,60.96265200090055,432928.8921681095,9871.257783224406,20946.96619419229,19.57348520132098,-3.1363845038955294,458.3224954300554,86.56781235492139,116.89550287459998,78.59032238230972,311.11281686432187,114.07695233560426,-104.21962466268786,84.51134407797676,Non-Fatigue
