emg_rms,emg_mav,emg_variance,emg_std,emg_waveform_length,emg_zero_crossing,emg_ssc,emg_kurtosis,emg_skewness,emg_peak,emg_median_freq,emg_mean_freq,emg_peak_freq,emg_total_power,emg_power_low,emg_power_mid,emg_power_high,class_name
74.79684872314078,24.369356468648625,2237.737675910906,14.76179773552349,343620.17472368147,10047.871246157198,31048.091345965127,11.532024546111568,0.9152856467201986,502.3598588373135,98.26322159109448,90.86618228805806,66.41079343422352,1051.667813620471,-3.624363611471864,610.1051845824509,131.3222699551594,Non-Fatigue
