emg_rms,emg_mav,emg_variance,emg_std,emg_waveform_length,emg_zero_crossing,emg_ssc,emg_kurtosis,emg_skewness,emg_peak,emg_median_freq,emg_mean_freq,emg_peak_freq,emg_total_power,emg_power_low,emg_power_mid,emg_power_high,class_name
43.66275332334087,3.094215186253363,1336.379418183089,40.70728782048707,542868.2254808777,11683.21860841505,27125.7433590881,10.534068363514416,-0.0522707671978621,445.716300939065,67.86662189164345,109.46551922392815,54.92009413269364,819.2638822767456,205.10935000964813,479.0074211284015,65.37395403495123,Non-Fatigue
