emg_rms,emg_mav,emg_variance,emg_std,emg_waveform_length,emg_zero_crossing,emg_ssc,emg_kurtosis,emg_skewness,emg_peak,emg_median_freq,emg_mean_freq,emg_peak_freq,emg_total_power,emg_power_low,emg_power_mid,emg_power_high,class_name
52.59464978549817,8.253051651187821,-1801.782424405313,46.38014833225398,618459.1340308168,16461.45168867221,25256.580925103484,22.00900244256819,0.2434873108302138,417.3841673883832,80.00649226843916,96.64342971980942,59.675183487019744,1193.498934057877,-0.8257498174006486,-49.60418766360186,0.4502810201340494,Non-Fatigue
