emg_rms,emg_mav,emg_variance,emg_std,emg_waveform_length,emg_zero_crossing,emg_ssc,emg_kurtosis,emg_skewness,emg_peak,emg_median_freq,emg_mean_freq,emg_peak_freq,emg_total_power,emg_power_low,emg_power_mid,emg_power_high,class_name
40.815209823218986,17.94964753543129,3640.223324326919,34.36449884614525,582231.8950663384,9301.264049741334,27224.69768563072,22.079592901765743,2.134835926231883,513.9463156854293,57.47639081853914,126.60625221788422,49.86737548069022,729.847394293038,61.798437173862695,194.75461294075487,49.594283799063575,Non-Fatigue
