emg_rms,emg_mav,emg_variance,emg_std,emg_waveform_length,emg_zero_crossing,emg_ssc,emg_kurtosis,emg_skewness,emg_peak,emg_median_freq,emg_mean_freq,emg_peak_freq,emg_total_power,emg_power_low,emg_power_mid,emg_power_high,class_name
27.99412492281512,13.28689738556417,2473.465142283685,15.061947148538064,522835.5658521657,12302.284524755863,27252.991868948484,21.7793282737126,-0.7851036129300296,520.0616277959354,71.01355041398995,108.14401521084628,51.45771257283453,454.0701090712584,79.9289059843042,210.7389110422208,56.05404838075552,Non-Fatigue
