emg_rms,emg_mav,emg_variance,emg_std,emg_waveform_length,emg_zero_crossing,emg_ssc,emg_kurtosis,emg_skewness,emg_peak,emg_median_freq,emg_mean_freq,emg_peak_freq,emg_total_power,emg_power_low,emg_power_mid,emg_power_high,class_name
28.617246194919502,16.683753565714976,3993.5194065415935,53.79072091278502,477372.31168941455,24503.351439538623,24181.55198562115,21.675938562710144,0.5337879586896511,492.2329626963128,90.9826809899402,79.46598858069427,62.79697180405432,384.2930881511672,197.89439834455916,427.50997064150135,43.23501924267622,Non-Fatigue
