emg_rms,emg_mav,emg_variance,emg_std,emg_waveform_length,emg_zero_crossing,emg_ssc,emg_kurtosis,emg_skewness,emg_peak,emg_median_freq,emg_mean_freq,emg_peak_freq,emg_total_power,emg_power_low,emg_power_mid,emg_power_high,class_name
62.75919910262167,24.16443867229761,4727.268722784012,50.98073084313107,600561.6352874454,5938.331429522481,23785.27967421695,17.902187748193718,1.6461193579028834,493.0994084644432,85.36878923824504,85.52367106465125,44.06578898819406,-438.4405569137074,39.26135686010674,202.8268732622783,44.264079328439735,Non-Fatigue
