emg_rms,emg_mav,emg_variance,emg_std,emg_waveform_length,emg_zero_crossing,emg_ssc,emg_kurtosis,emg_skewness,emg_peak,emg_median_freq,emg_mean_freq,emg_peak_freq,emg_total_power,emg_power_low,emg_power_mid,emg_power_high,class_name
44.82623109743593,14.14181902289793,3065.039010720509,69.67324057023654,182293.4165176702,13827.744604726802,26055.459652173045,11.104465535401992,2.130053984209998,552.8938837102774,75.07535735258112,118.71307131409392,58.16727715792951,-300.39564378014217,90.3885805511782,360.61340299777606,85.22288022837127,Non-Fatigue
