emg_rms,emg_mav,emg_variance,emg_std,emg_waveform_length,emg_zero_crossing,emg_ssc,emg_kurtosis,emg_skewness,emg_peak,emg_median_freq,emg_mean_freq,emg_peak_freq,emg_total_power,emg_power_low,emg_power_mid,emg_power_high,class_name
25.33126052874969,13.80029528891714,1972.9379213339728,19.573293747536777,673067.4439203528,10115.155396091126,22066.39107249388,7.364602585388729,0.4938801228218534,340.7478100653841,83.03078842151947,108.44175582054484,59.57963029901092,940.5283207568668,36.34073548057268,209.8279544135272,54.37150904929582,Non-Fatigue
