emg_rms,emg_mav,emg_variance,emg_std,emg_waveform_length,emg_zero_crossing,emg_ssc,emg_kurtosis,emg_skewness,emg_peak,emg_median_freq,emg_mean_freq,emg_peak_freq,emg_total_power,emg_power_low,emg_power_mid,emg_power_high,class_name
50.070238662962176,22.629400429118785,1583.1641000530296,32.64716315084004,380223.26726785785,12967.173477252303,31925.45712330582,15.67492502756231,0.4736615659885696,223.4028614686381,55.50562690867944,104.39417783282887,61.87509448938573,657.394900987777,53.16410080954003,343.1094900461856,76.56057350182654,Non-Fatigue
