emg_rms,emg_mav,emg_variance,emg_std,emg_waveform_length,emg_zero_crossing,emg_ssc,emg_kurtosis,emg_skewness,emg_peak,emg_median_freq,emg_mean_freq,emg_peak_freq,emg_total_power,emg_power_low,emg_power_mid,emg_power_high,class_name
45.73781098213216,5.657640177148416,2080.2426665789367,64.92250883088352,706532.6183476564,17127.3349360243,32606.282080385477,13.575640979896376,0.9671513922407234,360.5368280049353,72.30851905532971,104.02647530370352,57.76866617748041,444.7352308124598,109.82882248896163,216.95705531597736,33.80541109270208,Non-Fatigue
