emg_rms,emg_mav,emg_variance,emg_std,emg_waveform_length,emg_zero_crossing,emg_ssc,emg_kurtosis,emg_skewness,emg_peak,emg_median_freq,emg_mean_freq,emg_peak_freq,emg_total_power,emg_power_low,emg_power_mid,emg_power_high,class_name
45.67010194022022,21.016970221213978,2016.5163813507857,21.908238488398236,469684.7492294688,16173.279618366434,33274.90548954597,13.204310077954649,0.7625138725802096,350.7833345130783,90.56886845710494,118.35677092692852,65.36498570153923,457.69461335514,258.2282284421867,537.7469053910805,22.54587619410414,Non-Fatigue
