emg_rms,emg_mav,emg_variance,emg_std,emg_waveform_length,emg_zero_crossing,emg_ssc,emg_kurtosis,emg_skewness,emg_peak,emg_median_freq,emg_mean_freq,emg_peak_freq,emg_total_power,emg_power_low,emg_power_mid,emg_power_high,class_name
40.89895941088212,24.826088313162256,877.3347758348807,52.20191582434262,559127.5681648733,9563.333064084743,28223.21794059729,22.652438644422404,0.9818004438606812,467.9872546429878,53.20586650980232,85.39975809136793,63.47712640561672,-410.2635446761474,45.76019813925747,616.2994343733039,92.25427123843512,Non-Fatigue
