emg_rms,emg_mav,emg_variance,emg_std,emg_waveform_length,emg_zero_crossing,emg_ssc,emg_kurtosis,emg_skewness,emg_peak,emg_median_freq,emg_mean_freq,emg_peak_freq,emg_total_power,emg_power_low,emg_power_mid,emg_power_high,class_name
71.90403350761113,16.790255355044014,2370.810369324749,79.41388843047187,604759.6061853517,14750.22180154807,31179.080289964942,15.48897686422521,2.0351449046095342,411.5536724898087,77.73604116220301,83.52537619888554,82.80263873562832,259.83291407627536,-2.1226167062305734,-133.38137963366313,50.78502049838553,Non-Fatigue
