emg_rms,emg_mav,emg_variance,emg_std,emg_waveform_length,emg_zero_crossing,emg_ssc,emg_kurtosis,emg_skewness,emg_peak,emg_median_freq,emg_mean_freq,emg_peak_freq,emg_total_power,emg_power_low,emg_power_mid,emg_power_high,class_name
36.33076749841809,9.454271665256265,-692.3621177577177,52.75507906291514,613515.261349606,14029.469871703805,27701.872004194312,18.2436810088269,-0.3888471367582304,445.1444463878646,95.83954875067452,97.64707705226805,66.0731340130738,926.1994889658864,83.93247400231041,301.2541012656406,22.16488880992564,Non-Fatigue
