emg_rms,emg_mav,emg_variance,emg_std,emg_waveform_length,emg_zero_crossing,emg_ssc,emg_kurtosis,emg_skewness,emg_peak,emg_median_freq,emg_mean_freq,emg_peak_freq,emg_total_power,emg_power_low,emg_power_mid,emg_power_high,class_name
45.31499525046822,7.397146574276027,-1202.900892124668,17.972453960689354,515030.23351177695,11381.25086521402,25156.85282522269,19.737236532429968,-0.1847917754862545,424.06642732793387,90.01436518991102,103.7738578243902,73.46633360260475,679.4602138356568,36.83231331549998,148.01133537780402,80.14170276167245,Non-Fatigue
