emg_rms,emg_mav,emg_variance,emg_std,emg_waveform_length,emg_zero_crossing,emg_ssc,emg_kurtosis,emg_skewness,emg_peak,emg_median_freq,emg_mean_freq,emg_peak_freq,emg_total_power,emg_power_low,emg_power_mid,emg_power_high,class_name
59.35345090960264,17.23560477854021,-150.50266739378708,49.79990312491916,582839.8503925859,8716.287738692514,23242.88976136433,25.82136660538235,0.3452857052120949,306.67038133135264,70.89678764507534,92.14871052728256,66.58586657336821,1254.436797591549,-83.4116451584652,14.944815027724758,29.56551006921997,Non-Fatigue
