emg_rms,emg_mav,emg_variance,emg_std,emg_waveform_length,emg_zero_crossing,emg_ssc,emg_kurtosis,emg_skewness,emg_peak,emg_median_freq,emg_mean_freq,emg_peak_freq,emg_total_power,emg_power_low,emg_power_mid,emg_power_high,class_name
73.9407426668705,17.761347824865233,4417.738118292872,33.76790052956742,498300.7188800966,11071.309906282724,28302.626135327777,1.809998858864482,-1.5487005638142357,352.9747264452758,56.0822398354825,70.13855259686582,65.08044480732599,395.0682750336596,63.191972897915065,525.2011563798201,84.12680332898563,Non-Fatigue
