emg_rms,emg_mav,emg_variance,emg_std,emg_waveform_length,emg_zero_crossing,emg_ssc,emg_kurtosis,emg_skewness,emg_peak,emg_median_freq,emg_mean_freq,emg_peak_freq,emg_total_power,emg_power_low,emg_power_mid,emg_power_high,class_name
39.04104729704075,26.23490671514136,778.210017731653,60.1627592675371,215248.27721715544,9830.704132276109,18448.5497924098,11.999172779921114,1.496867537638335,415.21536217525664,87.2753608180806,100.92761523257752,46.354150228389024,-138.95088233463645,122.80099257907447,548.536633002791,82.20385094784365,Non-Fatigue
