emg_rms,emg_mav,emg_variance,emg_std,emg_waveform_length,emg_zero_crossing,emg_ssc,emg_kurtosis,emg_skewness,emg_peak,emg_median_freq,emg_mean_freq,emg_peak_freq,emg_total_power,emg_power_low,emg_power_mid,emg_power_high,class_name
30.79183692261776,1.1766743693191124,2002.2323586133955,63.87288752890411,627806.2228673229,11940.006891762598,30506.503609898034,14.265151778377996,1.870231439926909,553.6371590990841,82.28546653139797,95.59773835952456,57.03850595051045,653.2943662323084,75.23058681068571,878.4058591637292,77.49813795183744,Non-Fatigue
