emg_rms,emg_mav,emg_variance,emg_std,emg_waveform_length,emg_zero_crossing,emg_ssc,emg_kurtosis,emg_skewness,emg_peak,emg_median_freq,emg_mean_freq,emg_peak_freq,emg_total_power,emg_power_low,emg_power_mid,emg_power_high,class_name
38.79937300203769,22.201863249410582,2315.643155196676,37.75781354836347,706042.2148784436,15834.43655936215,25488.007560485923,6.673002198051407,-0.7633499187514573,446.7326226164033,80.34841106129981,97.33598790676052,50.290793844633605,750.7277973418563,200.68933555712164,808.7573221836712,22.38567676149184,Non-Fatigue
