emg_rms,emg_mav,emg_variance,emg_std,emg_waveform_length,emg_zero_crossing,emg_ssc,emg_kurtosis,emg_skewness,emg_peak,emg_median_freq,emg_mean_freq,emg_peak_freq,emg_total_power,emg_power_low,emg_power_mid,emg_power_high,class_name
49.44896897583586,20.93204162256232,2295.453704717577,67.51487463706955,628371.8889679417,16750.7585405907,29322.484374443164,13.790270220173785,-1.1700157443849557,515.0013804312607,85.14638173449211,100.92361906360202,55.78613973408496,-25.268802077914643,107.45510236428876,341.45557185545863,56.64597810666485,Non-Fatigue
