emg_rms,emg_mav,emg_variance,emg_std,emg_waveform_length,emg_zero_crossing,emg_ssc,emg_kurtosis,emg_skewness,emg_peak,emg_median_freq,emg_mean_freq,emg_peak_freq,emg_total_power,emg_power_low,emg_power_mid,emg_power_high,class_name
63.22515193801456,27.23724538223857,1723.239956015373,40.74991173206406,632201.8330874814,6900.66481924513,25353.74921639447,16.954866263860083,-0.076065496722454,382.39516157080897,97.17102211538962,127.65436110113885,59.4543008200066,785.7389246334753,28.969454383426765,771.8918189208298,88.4054097777472,Non-Fatigue
