emg_rms,emg_mav,emg_variance,emg_std,emg_waveform_length,emg_zero_crossing,emg_ssc,emg_kurtosis,emg_skewness,emg_peak,emg_median_freq,emg_mean_freq,emg_peak_freq,emg_total_power,emg_power_low,emg_power_mid,emg_power_high,class_name
51.15705623431229,15.23474693877143,-91.63466658134212,57.67326500745183,411990.56399516686,10029.19722392461,20083.61173070054,21.547591705189102,2.780868860256821,475.5536650075721,83.84505538450067,99.08057934824888,67.26556913416194,308.5470737067393,133.25916741115012,665.4713997261557,83.98431439470053,Non-Fatigue
