emg_rms,emg_mav,emg_variance,emg_std,emg_waveform_length,emg_zero_crossing,emg_ssc,emg_kurtosis,emg_skewness,emg_peak,emg_median_freq,emg_mean_freq,emg_peak_freq,emg_total_power,emg_power_low,emg_power_mid,emg_power_high,class_name
39.899092663970514,6.135040640239176,107.2760898279771,44.28048460191637,767188.4714512905,16645.143976539708,22239.80032359731,13.72919958241561,2.341552092512839,724.3097218246921,97.67319995954324,117.80571841507526,68.57257794470966,830.2391908193713,74.93245393778264,705.8424839326078,96.35454898676136,Non-Fatigue
