emg_rms,emg_mav,emg_variance,emg_std,emg_waveform_length,emg_zero_crossing,emg_ssc,emg_kurtosis,emg_skewness,emg_peak,emg_median_freq,emg_mean_freq,emg_peak_freq,emg_total_power,emg_power_low,emg_power_mid,emg_power_high,class_name
44.680678845626986,43.83690449962339,2121.906240741713,33.927971001288874,389798.6346647094,9564.68946205141,30355.566984702826,17.227103219334303,1.2431760064441577,449.8790933013994,68.740966730543,68.80650318791773,60.95931330529309,980.8730737257654,-105.86925579171157,563.7841687268758,64.1582689460215,Non-Fatigue
