emg_rms,emg_mav,emg_variance,emg_std,emg_waveform_length,emg_zero_crossing,emg_ssc,emg_kurtosis,emg_skewness,emg_peak,emg_median_freq,emg_mean_freq,emg_peak_freq,emg_total_power,emg_power_low,emg_power_mid,emg_power_high,class_name
31.019947727989432,26.03111374784837,2423.6726381966773,41.81476301574293,651506.6036160128,17940.06713661641,28311.192757673907,14.980618987887045,0.6630944358117604,146.72372733007194,82.42802520283048,112.38696358726146,48.55406479886392,81.91970120124591,7.272528407608917,571.8868511235339,9.072740327614376,Non-Fatigue
