emg_rms,emg_mav,emg_variance,emg_std,emg_waveform_length,emg_zero_crossing,emg_ssc,emg_kurtosis,emg_skewness,emg_peak,emg_median_freq,emg_mean_freq,emg_peak_freq,emg_total_power,emg_power_low,emg_power_mid,emg_power_high,class_name
34.99433924667632,15.082949081771003,-319.8679809073251,15.205905062715672,664614.2175666313,14259.831824316369,26947.6043781868,17.00954004019646,2.055990059067131,393.56600537403983,74.82215095424257,101.7767902393802,68.40279778281317,714.7452911480032,170.71781643048695,485.8401674058911,77.7000560640415,Non-Fatigue
