emg_rms,emg_mav,emg_variance,emg_std,emg_waveform_length,emg_zero_crossing,emg_ssc,emg_kurtosis,emg_skewness,emg_peak,emg_median_freq,emg_mean_freq,emg_peak_freq,emg_total_power,emg_power_low,emg_power_mid,emg_power_high,class_name
60.30179168438684,19.732504751204,1633.261315447956,76.05167173514869,452954.2850606396,17456.28080931279,22199.91870879667,15.604653608245254,-0.1585555777727667,509.1641170043899,69.67748302203916,102.56518550141068,52.259472337413285,962.532661748188,119.32443862907571,377.77312763365137,103.50442007619355,Non-Fatigue
