emg_rms,emg_mav,emg_variance,emg_std,emg_waveform_length,emg_zero_crossing,emg_ssc,emg_kurtosis,emg_skewness,emg_peak,emg_median_freq,emg_mean_freq,emg_peak_freq,emg_total_power,emg_power_low,emg_power_mid,emg_power_high,class_name
35.99141623651314,16.753120912935156,2340.489449036877,40.35840369419362,527297.2884575768,18228.37958115744,26880.420579880752,16.695679127063087,-0.0538249396891818,733.1948857667144,64.5439727983254,120.57612775114524,63.88708718510698,813.3384054284068,-18.92533775875708,-366.7068336497044,108.30220155638952,Non-Fatigue
