emg_rms,emg_mav,emg_variance,emg_std,emg_waveform_length,emg_zero_crossing,emg_ssc,emg_kurtosis,emg_skewness,emg_peak,emg_median_freq,emg_mean_freq,emg_peak_freq,emg_total_power,emg_power_low,emg_power_mid,emg_power_high,class_name
30.76495441882644,20.962039633197293,-1208.8077267373026,23.38773394882758,440201.0874961352,13494.689687440828,22177.329153356925,9.092607582675402,-0.9172667707660724,634.0276754785394,67.6110526210895,115.0952730217829,52.88995398250668,-515.8931636044429,157.18804548816328,553.1549742771737,111.42486411295974,Non-Fatigue
