emg_rms,emg_mav,emg_variance,emg_std,emg_waveform_length,emg_zero_crossing,emg_ssc,emg_kurtosis,emg_skewness,emg_peak,emg_median_freq,emg_mean_freq,emg_peak_freq,emg_total_power,emg_power_low,emg_power_mid,emg_power_high,class_name
46.39754502413477,14.572582285988933,-1667.898099960532,46.40073790704422,609348.4259237808,9905.654817972543,25542.107355259923,18.562757491184307,1.4260910969637697,415.00051482830463,68.34460944431724,104.22311457233148,74.3233079497233,291.3103167489445,52.82110211907134,806.3299254646568,72.08308740899658,Non-Fatigue
