emg_rms,emg_mav,emg_variance,emg_std,emg_waveform_length,emg_zero_crossing,emg_ssc,emg_kurtosis,emg_skewness,emg_peak,emg_median_freq,emg_mean_freq,emg_peak_freq,emg_total_power,emg_power_low,emg_power_mid,emg_power_high,class_name
69.91617527170017,17.194877026178705,1596.4661605207227,60.408420270519,510264.0407489687,11735.42218295492,30014.679379018184,15.64914128060538,-0.4609947200272295,413.6925344180065,94.64924348007447,78.73084163500695,43.33977026316639,79.16235426075491,27.118771145032795,272.37769520796013,70.43539096182224,Non-Fatigue
