emg_rms,emg_mav,emg_variance,emg_std,emg_waveform_length,emg_zero_crossing,emg_ssc,emg_kurtosis,emg_skewness,emg_peak,emg_median_freq,emg_mean_freq,emg_peak_freq,emg_total_power,emg_power_low,emg_power_mid,emg_power_high,class_name
38.7600490713997,3.9232172771316094,171.67672968412967,58.5888850807677,918176.5353850956,15987.68058803932,30441.305314830548,17.16345522572983,0.3709186098374061,500.4418850297693,77.15561136227491,111.31510314722904,52.18120034631438,-293.12910539864816,40.91234385936902,455.358439475492,57.18491302761162,Non-Fatigue
