emg_rms,emg_mav,emg_variance,emg_std,emg_waveform_length,emg_zero_crossing,emg_ssc,emg_kurtosis,emg_skewness,emg_peak,emg_median_freq,emg_mean_freq,emg_peak_freq,emg_total_power,emg_power_low,emg_power_mid,emg_power_high,class_name
62.06604412647654,27.31901535633385,-744.1865430938062,31.53533087728908,458919.9856148781,16378.208389110285,25158.89760330932,11.907280674801893,1.281709570607114,356.51484995722785,77.4912066097055,106.41307890661722,67.18201231797595,154.95975173596912,-1.1956967714835542,517.8527842399258,50.224581700743805,Non-Fatigue
