emg_rms,emg_mav,emg_variance,emg_std,emg_waveform_length,emg_zero_crossing,emg_ssc,emg_kurtosis,emg_skewness,emg_peak,emg_median_freq,emg_mean_freq,emg_peak_freq,emg_total_power,emg_power_low,emg_power_mid,emg_power_high,class_name
43.61113529178854,21.948567866553603,3549.7155437125803,26.769015610110955,384404.21064252313,10039.037264982184,30373.8190615069,13.939940676283952,-1.0382924660515878,517.9432644776052,79.48958789589804,89.4579968152892,62.28556906538955,133.01099300937142,60.10522664133826,412.90387836727103,4.449241052174358,Non-Fatigue
