emg_rms,emg_mav,emg_variance,emg_std,emg_waveform_length,emg_zero_crossing,emg_ssc,emg_kurtosis,emg_skewness,emg_peak,emg_median_freq,emg_mean_freq,emg_peak_freq,emg_total_power,emg_power_low,emg_power_mid,emg_power_high,class_name
8.397923604992954,18.95165767539694,803.4703509250647,40.0955805083896,638769.5890930629,11125.988398296076,30554.25770445693,20.033575153386728,0.3974735330943851,558.4519688248786,76.02892988127812,94.98458268312964,56.959451444926,1061.518599850578,103.85832331119522,161.89643336900133,135.83087132842286,Non-Fatigue
