emg_rms,emg_mav,emg_variance,emg_std,emg_waveform_length,emg_zero_crossing,emg_ssc,emg_kurtosis,emg_skewness,emg_peak,emg_median_freq,emg_mean_freq,emg_peak_freq,emg_total_power,emg_power_low,emg_power_mid,emg_power_high,class_name
43.04164768645226,18.09095502149913,-963.0331041383454,32.144490306993674,659960.4631894194,17429.393555276965,32381.303999689448,11.998469483843705,0.053330434843295,488.3450607552039,60.27091483217845,66.63863434073451,68.33578364229494,775.4836842678742,16.785476406856546,302.70092934382615,45.19757394825204,Non-Fatigue
