emg_rms,emg_mav,emg_variance,emg_std,emg_waveform_length,emg_zero_crossing,emg_ssc,emg_kurtosis,emg_skewness,emg_peak,emg_median_freq,emg_mean_freq,emg_peak_freq,emg_total_power,emg_power_low,emg_power_mid,emg_power_high,class_name
50.09208216212681,12.208378103939806,889.6119364942568,36.48610967620749,601237.0427078382,18441.051757142,25311.951329610085,19.268595318918344,0.1283663941544394,536.9807168471864,80.19548264162916,94.80124888493576,71.09841758074494,1270.5465843651857,57.0512299104026,349.48424337901474,82.68944988589529,Non-Fatigue
