emg_rms,emg_mav,emg_variance,emg_std,emg_waveform_length,emg_zero_crossing,emg_ssc,emg_kurtosis,emg_skewness,emg_peak,emg_median_freq,emg_mean_freq,emg_peak_freq,emg_total_power,emg_power_low,emg_power_mid,emg_power_high,class_name
51.3651472653511,29.45433945965804,2059.305934331468,52.72549308017064,824203.4286974161,14448.629178534866,28279.81798260664,13.62185465610989,-0.4309047619931589,327.6518231861479,80.55970269538757,85.6489907262454,53.45396041211764,1296.6287078993478,36.19322182592148,421.6927752679301,76.12299958612934,Non-Fatigue
