emg_rms,emg_mav,emg_variance,emg_std,emg_waveform_length,emg_zero_crossing,emg_ssc,emg_kurtosis,emg_skewness,emg_peak,emg_median_freq,emg_mean_freq,emg_peak_freq,emg_total_power,emg_power_low,emg_power_mid,emg_power_high,class_name
57.859618778299215,29.88965757576043,69.2397294374291,36.66796287444956,676506.5037336801,18494.592323688237,22473.00256915941,20.12127773715168,0.950571258327714,507.5159609213094,66.20200116264041,135.95576084986303,56.00667163733128,712.1957038026242,-16.844874785962546,687.188884354089,58.90226564603766,Non-Fatigue
