emg_rms,emg_mav,emg_variance,emg_std,emg_waveform_length,emg_zero_crossing,emg_ssc,emg_kurtosis,emg_skewness,emg_peak,emg_median_freq,emg_mean_freq,emg_peak_freq,emg_total_power,emg_power_low,emg_power_mid,emg_power_high,class_name
34.93219927682271,16.226611887852734,2779.925634211992,21.880749271021863,461654.7503096885,18103.6671426274,23208.58743241907,23.18119649739174,-1.511452049151672,438.275063815381,81.59988927163263,93.09227096185252,52.65591041730888,424.9431167782888,2.5285742381648646,-176.86305279600333,73.77861628382435,Non-Fatigue
