emg_rms,emg_mav,emg_variance,emg_std,emg_waveform_length,emg_zero_crossing,emg_ssc,emg_kurtosis,emg_skewness,emg_peak,emg_median_freq,emg_mean_freq,emg_peak_freq,emg_total_power,emg_power_low,emg_power_mid,emg_power_high,class_name
65.78835848767488,9.129641564433198,1110.2351161582292,-11.635161942820249,678546.4886383242,8030.717758635365,23918.208485647592,7.30984124363153,-0.8940688025821498,529.0878467001296,79.51439729128482,97.55817312920271,44.60474584257431,471.5828652058806,5.429258726590263,-174.6901586779839,91.6734709043074,Non-Fatigue
