emg_rms,emg_mav,emg_variance,emg_std,emg_waveform_length,emg_zero_crossing,emg_ssc,emg_kurtosis,emg_skewness,emg_peak,emg_median_freq,emg_mean_freq,emg_peak_freq,emg_total_power,emg_power_low,emg_power_mid,emg_power_high,class_name
68.0276117723055,20.239115885772545,2634.199803555364,39.43097442973438,337353.12828151515,5748.848810951699,27268.719379413484,19.07848385710716,0.7358057080721665,308.35914263397893,76.24417414136282,87.64059217053716,58.264399785075085,-174.1778591371962,29.08861633287104,-89.29164924448315,44.396885173314416,Non-Fatigue
