emg_rms,emg_mav,emg_variance,emg_std,emg_waveform_length,emg_zero_crossing,emg_ssc,emg_kurtosis,emg_skewness,emg_peak,emg_median_freq,emg_mean_freq,emg_peak_freq,emg_total_power,emg_power_low,emg_power_mid,emg_power_high,class_name
21.965612005330637,8.72226356186035,395.8838528381366,34.55991486882424,624162.0213811698,16130.21740426288,27541.901826823465,11.033921771803888,0.2024928168163491,451.18974840473936,73.1575570887984,99.00237326172667,41.61790354021692,1927.7057565540683,177.7343211680987,511.6367998572467,70.16906929316097,Non-Fatigue
