emg_rms,emg_mav,emg_variance,emg_std,emg_waveform_length,emg_zero_crossing,emg_ssc,emg_kurtosis,emg_skewness,emg_peak,emg_median_freq,emg_mean_freq,emg_peak_freq,emg_total_power,emg_power_low,emg_power_mid,emg_power_high,class_name
32.81639324825009,28.41673597571893,2176.477962163064,67.93333415420493,611143.3452122511,17772.692755259348,25872.22139559822,14.495718922500188,-0.4199807061153788,394.9894034593629,81.64348177753806,113.9206696438703,54.22240558804394,933.8776906799574,139.38140699174494,125.26855940118756,54.43065538697058,Non-Fatigue
