emg_rms,emg_mav,emg_variance,emg_std,emg_waveform_length,emg_zero_crossing,emg_ssc,emg_kurtosis,emg_skewness,emg_peak,emg_median_freq,emg_mean_freq,emg_peak_freq,emg_total_power,emg_power_low,emg_power_mid,emg_power_high,class_name
19.589919396260814,36.115336820277086,1081.410070911685,62.69100141892924,545430.6536303363,15077.110878540812,23308.550736478348,17.459127309066087,-0.5379521323569727,604.3345957462693,87.92220519457075,81.47929088711663,61.9422501659629,-313.53405096686544,84.39652377976044,376.9844765484866,77.26613042864133,Non-Fatigue
