emg_rms,emg_mav,emg_variance,emg_std,emg_waveform_length,emg_zero_crossing,emg_ssc,emg_kurtosis,emg_skewness,emg_peak,emg_median_freq,emg_mean_freq,emg_peak_freq,emg_total_power,emg_power_low,emg_power_mid,emg_power_high,class_name
70.94701271744331,29.8308664381718,3616.841641123793,52.38860820526335,411861.651369061,12494.393821726651,26743.965062701787,7.905312149159913,-1.2774431565446278,527.9396421454614,60.53596012144937,99.09891189351973,67.84257598867667,470.448829166124,254.1281142902156,538.1063786551006,51.74842016551667,Non-Fatigue
