emg_rms,emg_mav,emg_variance,emg_std,emg_waveform_length,emg_zero_crossing,emg_ssc,emg_kurtosis,emg_skewness,emg_peak,emg_median_freq,emg_mean_freq,emg_peak_freq,emg_total_power,emg_power_low,emg_power_mid,emg_power_high,class_name
35.48810836201839,18.921217263288487,-402.7535118821263,35.228760572842454,696842.3415288432,11641.563161293809,21982.14819252658,15.034921887206096,-0.0040450983567479,412.4999212453642,98.45518006157556,82.61674141554816,54.106076046522354,831.3975453190454,133.0402477555701,506.8630982939973,59.169759711551016,Non-Fatigue
