emg_rms,emg_mav,emg_variance,emg_std,emg_waveform_length,emg_zero_crossing,emg_ssc,emg_kurtosis,emg_skewness,emg_peak,emg_median_freq,emg_mean_freq,emg_peak_freq,emg_total_power,emg_power_low,emg_power_mid,emg_power_high,class_name
35.4831115649523,30.871470334372127,1885.0678869236292,60.15259391410789,595604.0411667946,9818.275470318262,31113.32756590477,12.95445347333522,-0.1556380992482524,233.2751267743688,60.630854461545184,126.133533347222,38.69146219147365,795.1760958986908,176.09736599959206,545.482975023693,50.93719532958902,Non-Fatigue
