emg_rms,emg_mav,emg_variance,emg_std,emg_waveform_length,emg_zero_crossing,emg_ssc,emg_kurtosis,emg_skewness,emg_peak,emg_median_freq,emg_mean_freq,emg_peak_freq,emg_total_power,emg_power_low,emg_power_mid,emg_power_high,class_name
14.310193125086329,10.499491550525272,3556.4376655601486,75.88193784306604,515928.03956446087,14696.510950452222,30239.74063572866,15.544879018903677,1.7853685012660343,388.5049295490105,61.677148526930765,91.06482211281823,58.332834151291294,1148.095204454576,150.41959403021144,104.857671280829,76.60291347154926,Non-Fatigue
