emg_rms,emg_mav,emg_variance,emg_std,emg_waveform_length,emg_zero_crossing,emg_ssc,emg_kurtosis,emg_skewness,emg_peak,emg_median_freq,emg_mean_freq,emg_peak_freq,emg_total_power,emg_power_low,emg_power_mid,emg_power_high,class_name
48.029864905533366,18.253606172316523,445.9551909888392,17.92488879091162,561199.7881414981,16736.61367715692,32693.89885048784,18.071235664462023,3.078046885558509,549.1496684286125,86.24630475561406,103.27200691998814,67.07998189705414,-465.7622152658504,190.6674036411796,1036.4065339353945,57.80240599076779,Non-Fatigue
