emg_rms,emg_mav,emg_variance,emg_std,emg_waveform_length,emg_zero_crossing,emg_ssc,emg_kurtosis,emg_skewness,emg_peak,emg_median_freq,emg_mean_freq,emg_peak_freq,emg_total_power,emg_power_low,emg_power_mid,emg_power_high,class_name
43.31435850650834,16.668440832323174,3144.318670820415,53.74610088865063,524247.4296605072,13219.59717062971,24314.109584098584,20.416672467449672,0.6529197667658792,328.5192589296791,72.43924939418045,102.68044496722162,57.4775746259919,-99.52223081995118,20.944908170464764,397.1382361876952,102.28731463640432,Non-Fatigue
