emg_rms,emg_mav,emg_variance,emg_std,emg_waveform_length,emg_zero_crossing,emg_ssc,emg_kurtosis,emg_skewness,emg_peak,emg_median_freq,emg_mean_freq,emg_peak_freq,emg_total_power,emg_power_low,emg_power_mid,emg_power_high,class_name
49.88557620406335,9.912754342695663,3139.003718848772,33.398262235889995,473733.9564597475,14891.126774179484,30770.31258018129,14.848956524908973,1.107788145268045,353.2492979102741,84.14957717497803,84.98410099404288,57.59754805969142,63.33385779682106,88.11542567297516,196.10573854422424,90.05528782780809,Non-Fatigue
