emg_rms,emg_mav,emg_variance,emg_std,emg_waveform_length,emg_zero_crossing,emg_ssc,emg_kurtosis,emg_skewness,emg_peak,emg_median_freq,emg_mean_freq,emg_peak_freq,emg_total_power,emg_power_low,emg_power_mid,emg_power_high,class_name
43.90664637636073,20.79578709868013,2438.4503176324592,51.45052293902931,650971.9637550125,11926.098159978495,32764.04708919399,21.191258700119604,0.490744271872788,378.3921315871327,85.76851523943685,92.12989997976396,54.1326005033417,290.5477024485501,90.77280612163965,84.3910017250526,42.62537386664886,Non-Fatigue
