emg_rms,emg_mav,emg_variance,emg_std,emg_waveform_length,emg_zero_crossing,emg_ssc,emg_kurtosis,emg_skewness,emg_peak,emg_median_freq,emg_mean_freq,emg_peak_freq,emg_total_power,emg_power_low,emg_power_mid,emg_power_high,class_name
37.635844485894594,11.390705177374292,-705.4877994106548,37.50733850801373,491926.6958592343,7099.214498917618,25773.59242082445,13.235237108720534,1.684039249407714,455.3046727242406,97.3640470252594,66.29111795536966,44.77916220624285,126.70142083314244,-140.19624784287242,445.2820578948252,85.21630920145462,Non-Fatigue
