emg_rms,emg_mav,emg_variance,emg_std,emg_waveform_length,emg_zero_crossing,emg_ssc,emg_kurtosis,emg_skewness,emg_peak,emg_median_freq,emg_mean_freq,emg_peak_freq,emg_total_power,emg_power_low,emg_power_mid,emg_power_high,class_name
39.007877952910285,3.7261085444418103,3472.0607966417474,34.75312859728366,236902.8087159216,12646.147882735217,30681.98846038101,20.2282862268266,-0.6845814518055852,523.4760012252036,85.11227208322168,101.85057034581038,51.91971198164712,803.6176896545421,-23.16020960412185,965.528373065941,72.77759913751319,Non-Fatigue
