emg_rms,emg_mav,emg_variance,emg_std,emg_waveform_length,emg_zero_crossing,emg_ssc,emg_kurtosis,emg_skewness,emg_peak,emg_median_freq,emg_mean_freq,emg_peak_freq,emg_total_power,emg_power_low,emg_power_mid,emg_power_high,class_name
37.35705406496919,16.846715019375317,6281.873757841965,48.09822813502687,405113.5822670797,12713.197215144255,26571.53966796037,16.514733265340112,0.4803393663544605,313.9227294920186,90.98990703253097,86.90195211162833,50.37797712188252,604.6547868338412,7.374748011770791,351.6548579629172,73.38334037268172,Non-Fatigue
