emg_rms,emg_mav,emg_variance,emg_std,emg_waveform_length,emg_zero_crossing,emg_ssc,emg_kurtosis,emg_skewness,emg_peak,emg_median_freq,emg_mean_freq,emg_peak_freq,emg_total_power,emg_power_low,emg_power_mid,emg_power_high,class_name
29.451837190346588,5.304149216529682,494.0507593941247,38.31936447310965,344732.6739229914,14895.50163311601,19418.02729149132,15.92405026197864,1.9896511521510705,296.5273968398699,60.59076922505084,72.8610056690325,64.07138056504257,35.184509152673684,34.65640265395751,-34.165560420420604,64.26721900339749,Non-Fatigue
