emg_rms,emg_mav,emg_variance,emg_std,emg_waveform_length,emg_zero_crossing,emg_ssc,emg_kurtosis,emg_skewness,emg_peak,emg_median_freq,emg_mean_freq,emg_peak_freq,emg_total_power,emg_power_low,emg_power_mid,emg_power_high,class_name
78.26503160656043,14.305922094923574,1735.7555833131455,38.45188226305742,672339.120595456,12402.669461425015,23649.842509888127,18.34811465352728,1.127049665680668,483.55766857344975,85.81109294498071,91.99549349611188,51.5617559449505,965.1591166885726,17.34997649195713,361.7225513933336,-4.850457621443667,Non-Fatigue
