emg_rms,emg_mav,emg_variance,emg_std,emg_waveform_length,emg_zero_crossing,emg_ssc,emg_kurtosis,emg_skewness,emg_peak,emg_median_freq,emg_mean_freq,emg_peak_freq,emg_total_power,emg_power_low,emg_power_mid,emg_power_high,class_name
51.24760571817682,21.58169557796638,593.8477746299111,46.90207817222465,467549.083178997,13130.44969028036,31997.152012617848,13.406056125971013,-1.0911117959882717,576.3441675123329,65.64041758457486,120.03045974622955,55.62926325959086,565.6756122676511,-115.42035695831368,285.5933468106939,86.5346362259571,Non-Fatigue
