emg_rms,emg_mav,emg_variance,emg_std,emg_waveform_length,emg_zero_crossing,emg_ssc,emg_kurtosis,emg_skewness,emg_peak,emg_median_freq,emg_mean_freq,emg_peak_freq,emg_total_power,emg_power_low,emg_power_mid,emg_power_high,class_name
50.51068147981107,21.482787274774253,1411.5548168707942,34.54028037718347,711759.360201499,11197.845654467848,34786.03029740896,17.216942919850343,-1.379222767079598,321.16231275983944,77.28493880365588,78.27876439142635,53.75410644608869,118.62896859432452,10.118574317492076,-36.90234654224128,87.27330343318575,Non-Fatigue
