emg_rms,emg_mav,emg_variance,emg_std,emg_waveform_length,emg_zero_crossing,emg_ssc,emg_kurtosis,emg_skewness,emg_peak,emg_median_freq,emg_mean_freq,emg_peak_freq,emg_total_power,emg_power_low,emg_power_mid,emg_power_high,class_name
37.79688885725538,25.17979246920767,755.295244375736,4.764710875100874,594384.8945970528,16497.517305878744,32984.05687266002,31.34967079453857,-1.449505029202219,653.2540999995232,71.2233227456702,104.83781464139958,63.25230212315877,-297.70724204504387,170.40330019192976,290.9713588753576,-0.6444930469067458,Non-Fatigue
