emg_rms,emg_mav,emg_variance,emg_std,emg_waveform_length,emg_zero_crossing,emg_ssc,emg_kurtosis,emg_skewness,emg_peak,emg_median_freq,emg_mean_freq,emg_peak_freq,emg_total_power,emg_power_low,emg_power_mid,emg_power_high,class_name
56.64766544065981,19.581604971697384,689.1657498971142,63.62678821089814,419254.5668399391,13413.231393297589,28772.750941842245,18.30292939031068,-1.558071837678665,488.0494006196052,79.4619922196534,85.70091956017951,42.7946453520993,134.23955252209356,94.90054277159616,541.0820201426224,67.16391175141183,Non-Fatigue
