emg_rms,emg_mav,emg_variance,emg_std,emg_waveform_length,emg_zero_crossing,emg_ssc,emg_kurtosis,emg_skewness,emg_peak,emg_median_freq,emg_mean_freq,emg_peak_freq,emg_total_power,emg_power_low,emg_power_mid,emg_power_high,class_name
51.373104059812434,0.9268754041171904,1636.465386740938,62.60546348605021,949731.6165720898,11243.931531420863,25721.29861560391,16.291007599011717,2.6133066902705657,443.5940123927101,98.14312722630176,85.14735018193926,65.75067165880228,529.8267376659248,163.25436135413796,360.5895332655109,41.550357145832805,Non-Fatigue
