emg_rms,emg_mav,emg_variance,emg_std,emg_waveform_length,emg_zero_crossing,emg_ssc,emg_kurtosis,emg_skewness,emg_peak,emg_median_freq,emg_mean_freq,emg_peak_freq,emg_total_power,emg_power_low,emg_power_mid,emg_power_high,class_name
25.691572220484574,34.97724991333642,1837.9978744128384,71.06791503933587,691473.4697829408,16941.849093820227,32579.02838850309,18.24540295588471,0.7942065717776694,328.67986033875854,69.94585352905055,119.42829124123683,57.221573621861765,345.0130902320447,51.94339486535249,148.81904281201926,114.47678395952602,Non-Fatigue
