emg_rms,emg_mav,emg_variance,emg_std,emg_waveform_length,emg_zero_crossing,emg_ssc,emg_kurtosis,emg_skewness,emg_peak,emg_median_freq,emg_mean_freq,emg_peak_freq,emg_total_power,emg_power_low,emg_power_mid,emg_power_high,class_name
51.88342026630094,14.755993492702125,3749.562654029602,23.225766393608787,268923.8259030052,15471.071613320864,26754.76575309111,19.732336835203057,1.803625890755352,197.67590444536924,81.8651169829347,70.8948685175586,53.25609861582746,89.01156022310425,6.341614866965188,234.4372517531252,-41.60524677099892,Non-Fatigue
