emg_rms,emg_mav,emg_variance,emg_std,emg_waveform_length,emg_zero_crossing,emg_ssc,emg_kurtosis,emg_skewness,emg_peak,emg_median_freq,emg_mean_freq,emg_peak_freq,emg_total_power,emg_power_low,emg_power_mid,emg_power_high,class_name
58.141461654800544,6.187633653239688,450.5396039510693,41.18517405963034,354180.703825958,18459.91299535493,25417.499853842248,18.31578168604545,-1.2933421476729334,367.7500987299818,86.20400748436899,100.24955197790854,48.15737554193343,105.4148131066002,20.36091863905416,142.82724595333707,36.00449937739498,Non-Fatigue
