emg_rms,emg_mav,emg_variance,emg_std,emg_waveform_length,emg_zero_crossing,emg_ssc,emg_kurtosis,emg_skewness,emg_peak,emg_median_freq,emg_mean_freq,emg_peak_freq,emg_total_power,emg_power_low,emg_power_mid,emg_power_high,class_name
54.88616689987232,21.669600992039506,-817.4480108933578,81.45966090038783,782254.6572401078,15129.991852937728,27867.024712115646,19.635749968513725,1.5114634800602365,273.13398356513494,78.90980592701132,74.5607589656314,52.635962999528,273.11149023441965,-88.42024761689808,102.99651014035598,47.57459703482815,Non-Fatigue
