emg_rms,emg_mav,emg_variance,emg_std,emg_waveform_length,emg_zero_crossing,emg_ssc,emg_kurtosis,emg_skewness,emg_peak,emg_median_freq,emg_mean_freq,emg_peak_freq,emg_total_power,emg_power_low,emg_power_mid,emg_power_high,class_name
59.92023009214777,12.918566239401637,2273.2974830948983,45.386379533161765,628143.8358559627,11764.27965636736,28979.24573324448,17.664599588170915,1.0011525045784513,335.69572481867675,38.09454989516098,131.1425509035876,53.93990813594865,-153.3387146480058,55.62573812884082,475.611142896698,86.05198964408473,Non-Fatigue
