emg_rms,emg_mav,emg_variance,emg_std,emg_waveform_length,emg_zero_crossing,emg_ssc,emg_kurtosis,emg_skewness,emg_peak,emg_median_freq,emg_mean_freq,emg_peak_freq,emg_total_power,emg_power_low,emg_power_mid,emg_power_high,class_name
19.967000065349666,19.925804107466647,379.98590777606046,42.30755033704202,366455.1158827214,12178.390101922174,24879.4934420812,17.25929645588936,-0.9550563349194232,506.30856884152007,59.05288773407996,80.51348613964922,57.46463310667397,-6.938130998875352,109.20667874577973,-5.52222535616113,36.71663197724021,Non-Fatigue
