emg_rms,emg_mav,emg_variance,emg_std,emg_waveform_length,emg_zero_crossing,emg_ssc,emg_kurtosis,emg_skewness,emg_peak,emg_median_freq,emg_mean_freq,emg_peak_freq,emg_total_power,emg_power_low,emg_power_mid,emg_power_high,class_name
33.19146730908489,25.63787537545985,3159.214151923975,44.46316647121897,776893.0811505255,11969.360039489697,25349.60175798887,17.765859189644736,-0.2317578729993651,322.9142388286535,60.4703461696289,72.08956226663024,60.8902368580544,80.61715859270913,-89.80434474247548,186.67694883142445,58.50286452066778,Non-Fatigue
