emg_rms,emg_mav,emg_variance,emg_std,emg_waveform_length,emg_zero_crossing,emg_ssc,emg_kurtosis,emg_skewness,emg_peak,emg_median_freq,emg_mean_freq,emg_peak_freq,emg_total_power,emg_power_low,emg_power_mid,emg_power_high,class_name
31.843824279987675,26.205013411333937,-1468.9729054406205,42.77769565603012,905538.34183591,9876.574077175306,22645.855894356984,18.04852762101146,2.6483732500997283,463.6645279788211,71.58515673159188,98.85635321155868,66.63825681055906,760.2305372491735,135.54383552191308,229.9308319815224,58.604129889413294,Non-Fatigue
