emg_rms,emg_mav,emg_variance,emg_std,emg_waveform_length,emg_zero_crossing,emg_ssc,emg_kurtosis,emg_skewness,emg_peak,emg_median_freq,emg_mean_freq,emg_peak_freq,emg_total_power,emg_power_low,emg_power_mid,emg_power_high,class_name
44.69982204597408,29.46856040291917,322.07535351880824,45.14273314711694,565685.7593508112,12046.338758857974,28657.52274522081,12.352672414530298,1.6561924901320353,380.4359385801691,95.71387824264605,116.84741012819114,57.8368620659949,-360.6218215637161,88.05373170763662,389.76007014810585,56.35063212463589,Non-Fatigue
