emg_rms,emg_mav,emg_variance,emg_std,emg_waveform_length,emg_zero_crossing,emg_ssc,emg_kurtosis,emg_skewness,emg_peak,emg_median_freq,emg_mean_freq,emg_peak_freq,emg_total_power,emg_power_low,emg_power_mid,emg_power_high,class_name
71.59620534347704,17.32207924690118,1601.8736879114606,37.19370525654658,450931.4853401167,9790.436344641086,26703.889185897115,18.31302340478888,-0.6062842990819224,423.6850015516899,72.5422709558933,80.15914830281432,55.91723679070331,144.2347399905085,15.424886961418837,209.4827999746344,28.11171439082686,Non-Fatigue
