emg_rms,emg_mav,emg_variance,emg_std,emg_waveform_length,emg_zero_crossing,emg_ssc,emg_kurtosis,emg_skewness,emg_peak,emg_median_freq,emg_mean_freq,emg_peak_freq,emg_total_power,emg_power_low,emg_power_mid,emg_power_high,class_name
31.639467356449348,32.61433544250728,2390.106488050986,61.08034266663641,322603.6989144655,22227.542145045387,24104.49399739922,10.775199175647437,-0.0219055556255821,358.52870741193607,101.39920172203644,128.6149434793218,58.331537012915135,-41.762595388897694,37.170362043222525,546.998381717403,58.49856050558926,Non-Fatigue
