emg_rms,emg_mav,emg_variance,emg_std,emg_waveform_length,emg_zero_crossing,emg_ssc,emg_kurtosis,emg_skewness,emg_peak,emg_median_freq,emg_mean_freq,emg_peak_freq,emg_total_power,emg_power_low,emg_power_mid,emg_power_high,class_name
16.09865559633248,26.475738349599467,534.8177338452315,59.22456809142339,672038.2687375863,12722.622890321712,21367.22736800182,23.757536749571003,1.9697748025934685,263.60328139405806,89.86177596248858,73.98997111933485,70.1101261232311,541.0969000489374,160.05075893826876,-55.52776599539294,50.96569013287079,Non-Fatigue
