emg_rms,emg_mav,emg_variance,emg_std,emg_waveform_length,emg_zero_crossing,emg_ssc,emg_kurtosis,emg_skewness,emg_peak,emg_median_freq,emg_mean_freq,emg_peak_freq,emg_total_power,emg_power_low,emg_power_mid,emg_power_high,class_name
48.81685679721932,14.79619933960726,3426.1337504133758,-4.998500247707739,657618.6389591102,13902.028289923644,26520.46548555227,9.974177109230334,-0.856691441376969,465.568220171269,85.58446102998607,88.34722467652712,55.266804309434086,288.3679092818773,144.27063789571008,525.1257352523974,38.69321940148515,Non-Fatigue
