emg_rms,emg_mav,emg_variance,emg_std,emg_waveform_length,emg_zero_crossing,emg_ssc,emg_kurtosis,emg_skewness,emg_peak,emg_median_freq,emg_mean_freq,emg_peak_freq,emg_total_power,emg_power_low,emg_power_mid,emg_power_high,class_name
47.39596932761573,12.333794974770091,39.61827300698428,61.500720291873535,523967.1358668593,12436.796565600296,22675.491953282683,15.201153595297802,1.0551038837772675,812.2020233147193,106.26638906094072,90.79611342976624,51.75249633508575,296.32092589241654,64.1204374871439,196.75496762962717,22.116815310765467,Non-Fatigue
