emg_rms,emg_mav,emg_variance,emg_std,emg_waveform_length,emg_zero_crossing,emg_ssc,emg_kurtosis,emg_skewness,emg_peak,emg_median_freq,emg_mean_freq,emg_peak_freq,emg_total_power,emg_power_low,emg_power_mid,emg_power_high,class_name
28.83087249566504,15.5220824652911,2627.866588864086,21.47020589501308,426009.4876768669,9413.259676598882,25300.54935040332,13.320781456369192,1.206813893769771,406.1851730798453,87.73354207119021,90.98311970008749,41.11749785621123,214.63305396459205,108.4201675065412,537.8845504989606,105.29557074780614,Non-Fatigue
