emg_rms,emg_mav,emg_variance,emg_std,emg_waveform_length,emg_zero_crossing,emg_ssc,emg_kurtosis,emg_skewness,emg_peak,emg_median_freq,emg_mean_freq,emg_peak_freq,emg_total_power,emg_power_low,emg_power_mid,emg_power_high,class_name
60.71746203982831,14.258973978771545,-1491.7711263687845,44.79437379496866,801515.8208555694,17989.659162113392,23877.21172631305,21.98524371213936,0.5205136499067817,553.8170611937895,83.52621506382101,75.88196822719235,60.0931286743096,-141.86360387438316,58.84429566965826,89.5166568492858,60.499303134603615,Non-Fatigue
