emg_rms,emg_mav,emg_variance,emg_std,emg_waveform_length,emg_zero_crossing,emg_ssc,emg_kurtosis,emg_skewness,emg_peak,emg_median_freq,emg_mean_freq,emg_peak_freq,emg_total_power,emg_power_low,emg_power_mid,emg_power_high,class_name
33.9373523932522,22.05109208993981,2300.7356537818,51.65496039931757,690310.8005963608,12609.49656096042,31435.70909606346,11.86409125427746,0.3799306711320628,374.3473340283212,94.7254265416616,91.086728214271,57.98989061068139,1022.9671162401526,51.41626452909905,424.746377490645,93.74508045491513,Non-Fatigue
