emg_rms,emg_mav,emg_variance,emg_std,emg_waveform_length,emg_zero_crossing,emg_ssc,emg_kurtosis,emg_skewness,emg_peak,emg_median_freq,emg_mean_freq,emg_peak_freq,emg_total_power,emg_power_low,emg_power_mid,emg_power_high,class_name
43.74250837837537,8.401942116285259,-334.05288211932043,80.27326260075532,579110.8212890978,13972.295790150694,20723.42082246925,15.68202194644158,0.427317633009873,371.4972262325596,92.26493820494852,103.86585265325118,46.63073971765112,190.84452138157567,219.23534449139643,180.51257297838643,31.26671590542536,Non-Fatigue
