emg_rms,emg_mav,emg_variance,emg_std,emg_waveform_length,emg_zero_crossing,emg_ssc,emg_kurtosis,emg_skewness,emg_peak,emg_median_freq,emg_mean_freq,emg_peak_freq,emg_total_power,emg_power_low,emg_power_mid,emg_power_high,class_name
72.96770777667562,17.041824414740695,724.9539433187125,31.398743290901194,359908.29904051335,11496.300011273474,31951.40782826434,17.88022171191389,-0.90642637852903,408.03526897810906,92.37684567758664,97.07416800891124,48.4161471666352,559.9220343514145,176.5254833236841,415.20924785653983,61.58117644218251,Non-Fatigue
