emg_rms,emg_mav,emg_variance,emg_std,emg_waveform_length,emg_zero_crossing,emg_ssc,emg_kurtosis,emg_skewness,emg_peak,emg_median_freq,emg_mean_freq,emg_peak_freq,emg_total_power,emg_power_low,emg_power_mid,emg_power_high,class_name
45.02919128666981,20.58301027380966,1335.775480057301,26.34825375870797,549429.3505123726,8734.215716168046,28082.104666989948,22.88637906103371,0.3238997198974203,349.0270121669897,79.34899666891613,78.98689043862424,42.920445190046365,1007.6914433564266,134.55107707521103,429.3161167191415,120.6742214094964,Non-Fatigue
