emg_rms,emg_mav,emg_variance,emg_std,emg_waveform_length,emg_zero_crossing,emg_ssc,emg_kurtosis,emg_skewness,emg_peak,emg_median_freq,emg_mean_freq,emg_peak_freq,emg_total_power,emg_power_low,emg_power_mid,emg_power_high,class_name
-17.647584735633153,18.807642193542527,284.14616429300736,51.19702826332045,535497.9238755226,9745.793898118578,29193.35658773218,14.329070163668169,1.7291032317571338,390.05710210307126,94.08077637135791,90.56289287554355,74.64881850458602,1083.3297231688866,19.432606395426426,85.38025560897958,77.02174350151432,Non-Fatigue
