emg_rms,emg_mav,emg_variance,emg_std,emg_waveform_length,emg_zero_crossing,emg_ssc,emg_kurtosis,emg_skewness,emg_peak,emg_median_freq,emg_mean_freq,emg_peak_freq,emg_total_power,emg_power_low,emg_power_mid,emg_power_high,class_name
44.64101112142888,14.190120822148568,1079.3657921430947,68.79554667591572,614249.8946195958,14621.914363301714,26300.537393590945,19.42925032896355,0.6057309428471361,586.8308183051605,48.17328323721168,97.249075124748,30.6260652442244,641.4024159014265,-31.11528787549618,-40.43702997457166,25.299152306519,Non-Fatigue
