emg_rms,emg_mav,emg_variance,emg_std,emg_waveform_length,emg_zero_crossing,emg_ssc,emg_kurtosis,emg_skewness,emg_peak,emg_median_freq,emg_mean_freq,emg_peak_freq,emg_total_power,emg_power_low,emg_power_mid,emg_power_high,class_name
43.37726901729133,18.396485276554927,3068.2125608558745,53.695853003042174,481031.649191214,6252.215891419936,26818.762838901803,17.12894822230821,-1.077399447513264,398.0739836185883,85.29804473070755,95.52031140015904,69.17479384904397,458.2224071785469,-56.818812137568585,77.51230945146781,55.02920111062855,Non-Fatigue
