emg_rms,emg_mav,emg_variance,emg_std,emg_waveform_length,emg_zero_crossing,emg_ssc,emg_kurtosis,emg_skewness,emg_peak,emg_median_freq,emg_mean_freq,emg_peak_freq,emg_total_power,emg_power_low,emg_power_mid,emg_power_high,class_name
52.26483551663502,25.013406877562367,3684.9616813919192,59.16638429742776,674487.2765151847,12862.513349079796,26384.55178565642,15.89736893807831,1.8818366796797796,206.79568865641104,87.4805729332987,59.81255132515478,70.80295208604532,444.4425892568229,198.67025990717528,342.83866924196064,39.94793179648941,Non-Fatigue
