emg_rms,emg_mav,emg_variance,emg_std,emg_waveform_length,emg_zero_crossing,emg_ssc,emg_kurtosis,emg_skewness,emg_peak,emg_median_freq,emg_mean_freq,emg_peak_freq,emg_total_power,emg_power_low,emg_power_mid,emg_power_high,class_name
57.62889798744333,26.544228413798017,3723.8780992531983,37.35048748456162,254769.4242697824,13324.665529303717,27224.69901603766,13.0200787101845,2.168766198046538,421.4562924885928,79.84258672474138,96.55322032096936,56.8956927436263,690.2052715588728,188.60616573490745,-510.1446308472279,43.80381605551676,Non-Fatigue
