emg_rms,emg_mav,emg_variance,emg_std,emg_waveform_length,emg_zero_crossing,emg_ssc,emg_kurtosis,emg_skewness,emg_peak,emg_median_freq,emg_mean_freq,emg_peak_freq,emg_total_power,emg_power_low,emg_power_mid,emg_power_high,class_name
43.14211942082101,25.19698268387995,5349.152390345935,56.11180006886116,449406.5590349952,18187.96478190088,29220.47692518843,20.879445876157597,0.6759033435818668,650.5134243398008,78.92996459748584,95.24027700408938,57.02978742713418,615.2833706658989,211.49773356935395,498.7054879062051,17.068900848348015,Non-Fatigue
