emg_rms,emg_mav,emg_variance,emg_std,emg_waveform_length,emg_zero_crossing,emg_ssc,emg_kurtosis,emg_skewness,emg_peak,emg_median_freq,emg_mean_freq,emg_peak_freq,emg_total_power,emg_power_low,emg_power_mid,emg_power_high,class_name
17.77845723497428,25.759062257569006,2259.3842669279634,21.643541605603208,459854.0975865133,9378.237784463943,19720.2863443443,14.650146525483004,-0.7017989775750394,398.36462473967407,74.8965890938756,80.65063753431966,60.41361084842388,1134.0278407267049,160.92437104651978,483.59673636706617,55.06337094722912,Non-Fatigue
