emg_rms,emg_mav,emg_variance,emg_std,emg_waveform_length,emg_zero_crossing,emg_ssc,emg_kurtosis,emg_skewness,emg_peak,emg_median_freq,emg_mean_freq,emg_peak_freq,emg_total_power,emg_power_low,emg_power_mid,emg_power_high,class_name
27.412013163677194,19.76260009018262,-2898.901112703932,40.17719614277785,432847.5320644256,12971.806534491854,30682.9477864561,14.009432615500996,1.8108178168588047,595.4248269525721,59.64232903074749,97.239897203461,49.31562111248037,640.2610632727618,50.65026123702238,203.0393387126941,96.02854528976272,Non-Fatigue
