emg_rms,emg_mav,emg_variance,emg_std,emg_waveform_length,emg_zero_crossing,emg_ssc,emg_kurtosis,emg_skewness,emg_peak,emg_median_freq,emg_mean_freq,emg_peak_freq,emg_total_power,emg_power_low,emg_power_mid,emg_power_high,class_name
24.61135555367017,25.536473172071208,839.036881884787,21.684186750930294,574267.1430509354,17587.31652200374,26113.706556531783,17.13094987557963,-1.3430745070934726,219.87011861924992,71.59972553880438,116.75120233102304,53.12794094629525,-190.1594726421419,139.36344653255156,719.9386587700287,54.16588994771557,Non-Fatigue
