emg_rms,emg_mav,emg_variance,emg_std,emg_waveform_length,emg_zero_crossing,emg_ssc,emg_kurtosis,emg_skewness,emg_peak,emg_median_freq,emg_mean_freq,emg_peak_freq,emg_total_power,emg_power_low,emg_power_mid,emg_power_high,class_name
26.52635468995266,16.408020810886565,1057.83010236655,18.458322904207744,610424.3601287452,18354.64284866789,26620.586744822413,8.429250354646468,0.7361487749907598,466.2587037503544,77.77052553991848,89.02385990545868,52.00722704304224,290.41728810886855,160.49689813461433,727.8215328289217,27.85528411958417,Non-Fatigue
