emg_rms,emg_mav,emg_variance,emg_std,emg_waveform_length,emg_zero_crossing,emg_ssc,emg_kurtosis,emg_skewness,emg_peak,emg_median_freq,emg_mean_freq,emg_peak_freq,emg_total_power,emg_power_low,emg_power_mid,emg_power_high,class_name
28.15592287667554,23.769423831978337,1483.803227475828,4.209412424640185,983975.9069328648,15141.103001460226,23615.294410851537,22.370121259693327,-1.5934761102668085,560.9432959408483,92.49286470334856,107.19577557336268,39.35658504328191,310.8513899731619,96.26393680909302,130.91812611945613,99.4537896032092,Non-Fatigue
