emg_rms,emg_mav,emg_variance,emg_std,emg_waveform_length,emg_zero_crossing,emg_ssc,emg_kurtosis,emg_skewness,emg_peak,emg_median_freq,emg_mean_freq,emg_peak_freq,emg_total_power,emg_power_low,emg_power_mid,emg_power_high,class_name
42.85194023771784,22.5955899067564,-512.1803222346828,52.19232768625732,567204.9156578121,15143.582833441902,30124.83110137844,16.281857396930107,-0.8814424256154755,399.41499535099246,87.88428241217684,121.97709266447768,54.25718917040682,329.4712856115788,224.3962460553442,795.8555298792528,98.2055856195252,Non-Fatigue
