emg_rms,emg_mav,emg_variance,emg_std,emg_waveform_length,emg_zero_crossing,emg_ssc,emg_kurtosis,emg_skewness,emg_peak,emg_median_freq,emg_mean_freq,emg_peak_freq,emg_total_power,emg_power_low,emg_power_mid,emg_power_high,class_name
36.53811899707063,14.32649281857855,562.3515402888506,20.16169630613666,412436.5536768437,14208.6737846969,22985.720445205792,16.70102617493756,0.9269062792745558,543.0605100906898,85.6419534892157,125.22079577984348,65.11067670751426,389.5339419315467,259.21411163170944,436.3489519746581,62.48304486071187,Non-Fatigue
