emg_rms,emg_mav,emg_variance,emg_std,emg_waveform_length,emg_zero_crossing,emg_ssc,emg_kurtosis,emg_skewness,emg_peak,emg_median_freq,emg_mean_freq,emg_peak_freq,emg_total_power,emg_power_low,emg_power_mid,emg_power_high,class_name
65.6017418969952,16.002379921329315,2039.166241374988,53.81148462443414,794675.3607374737,16346.665563873845,26242.42507192783,8.271652117114112,3.303681436202017,490.9425679458553,82.10445727280997,75.59741823405822,50.74659795331458,990.1688044225476,73.8515116903508,564.3975610704425,96.87915417323744,Non-Fatigue
