emg_rms,emg_mav,emg_variance,emg_std,emg_waveform_length,emg_zero_crossing,emg_ssc,emg_kurtosis,emg_skewness,emg_peak,emg_median_freq,emg_mean_freq,emg_peak_freq,emg_total_power,emg_power_low,emg_power_mid,emg_power_high,class_name
6.463005517378164,29.62413189956929,2078.7731101380336,39.01387776431771,598274.7233556556,13299.320151998672,35182.34531099856,22.794632326372444,-1.7156752300162958,314.1078443923763,52.68068304934975,81.81466664871552,57.78120458905169,499.52011208558287,-18.32054542930682,298.4610778687646,-2.133104849452593,Non-Fatigue
