emg_rms,emg_mav,emg_variance,emg_std,emg_waveform_length,emg_zero_crossing,emg_ssc,emg_kurtosis,emg_skewness,emg_peak,emg_median_freq,emg_mean_freq,emg_peak_freq,emg_total_power,emg_power_low,emg_power_mid,emg_power_high,class_name
20.99440886117661,18.938652900573462,290.54289873041193,8.546261668579135,262465.44357563625,9435.589042186908,23125.95996327639,13.49377845732704,1.621116806541187,429.14982975187365,78.72259179979883,75.68689996981082,59.517921844213845,706.2771887764209,-29.690343967573185,322.7370824898244,0.3367203989519041,Non-Fatigue
