emg_rms,emg_mav,emg_variance,emg_std,emg_waveform_length,emg_zero_crossing,emg_ssc,emg_kurtosis,emg_skewness,emg_peak,emg_median_freq,emg_mean_freq,emg_peak_freq,emg_total_power,emg_power_low,emg_power_mid,emg_power_high,class_name
75.88784481134773,17.09920090639373,519.1746071681414,57.79377569168676,786443.4878975145,13688.989126445507,23711.20283657209,12.900548526985862,0.0647274574441396,346.42456864763005,75.74820593371648,102.90624200690264,46.382151799793846,224.9583317409421,218.767421676589,111.34293799093572,44.09342906570541,Non-Fatigue
