emg_rms,emg_mav,emg_variance,emg_std,emg_waveform_length,emg_zero_crossing,emg_ssc,emg_kurtosis,emg_skewness,emg_peak,emg_median_freq,emg_mean_freq,emg_peak_freq,emg_total_power,emg_power_low,emg_power_mid,emg_power_high,class_name
49.095478566143306,7.667308880362777,-766.6573041211975,26.26596024353718,544421.3895925656,8491.99853499463,30818.687645558453,10.022689975491945,1.1183714480522222,340.24048704732274,69.99801470332898,92.68249782250936,77.97574032511508,965.3150849577842,73.04035433444957,602.786776079246,53.41669509168193,Non-Fatigue
