emg_rms,emg_mav,emg_variance,emg_std,emg_waveform_length,emg_zero_crossing,emg_ssc,emg_kurtosis,emg_skewness,emg_peak,emg_median_freq,emg_mean_freq,emg_peak_freq,emg_total_power,emg_power_low,emg_power_mid,emg_power_high,class_name
62.34271046914671,16.04623335007661,1147.5599831922675,44.78268710908951,745601.45772526,13578.345132056118,26322.47826027249,13.668979864065568,-0.1261997383373399,398.8397066744928,68.83167081226263,84.43900496541814,61.884360957093385,53.35998882460456,267.03579892018297,36.910902041734175,73.1394725385305,Non-Fatigue
