emg_rms,emg_mav,emg_variance,emg_std,emg_waveform_length,emg_zero_crossing,emg_ssc,emg_kurtosis,emg_skewness,emg_peak,emg_median_freq,emg_mean_freq,emg_peak_freq,emg_total_power,emg_power_low,emg_power_mid,emg_power_high,class_name
47.41119502189158,20.12403056510553,1341.4334377591467,34.49333701310672,863196.873727553,13262.627999545311,22815.288927027355,19.749717176872693,1.329080120355436,552.5965857998914,88.84427575550258,64.38881251853367,52.89828713799905,22.590312244438053,-47.92002674458203,396.8405212470493,13.687440888566217,Non-Fatigue
