emg_rms,emg_mav,emg_variance,emg_std,emg_waveform_length,emg_zero_crossing,emg_ssc,emg_kurtosis,emg_skewness,emg_peak,emg_median_freq,emg_mean_freq,emg_peak_freq,emg_total_power,emg_power_low,emg_power_mid,emg_power_high,class_name
71.50034089700408,16.69813503407087,487.8028638022688,45.028034649104896,628085.3761876698,11010.947964890476,26256.75186854827,12.89591083247091,1.0452360140287067,376.03191471018624,68.16887193297126,79.39849451053792,81.42054047876891,715.6814285717132,138.42869339498134,-13.544936101692713,28.43011614431392,Non-Fatigue
