emg_rms,emg_mav,emg_variance,emg_std,emg_waveform_length,emg_zero_crossing,emg_ssc,emg_kurtosis,emg_skewness,emg_peak,emg_median_freq,emg_mean_freq,emg_peak_freq,emg_total_power,emg_power_low,emg_power_mid,emg_power_high,class_name
42.8335587156543,22.19802048326959,1877.4149531585172,42.69142567955299,210281.0063519107,10332.261573276064,31168.45483097642,9.663673983326344,1.252509165457694,405.6215201543561,71.83511526175907,98.2005411731482,52.92026425007553,395.394971794744,129.95146975489035,-79.42975175142362,55.87266170845538,Non-Fatigue
