emg_rms,emg_mav,emg_variance,emg_std,emg_waveform_length,emg_zero_crossing,emg_ssc,emg_kurtosis,emg_skewness,emg_peak,emg_median_freq,emg_mean_freq,emg_peak_freq,emg_total_power,emg_power_low,emg_power_mid,emg_power_high,class_name
72.19991764829257,19.554482845159256,-244.90447788476692,33.82862512034235,535381.0920694404,18278.28241928287,28037.443495374897,22.603643234756195,0.4843710324000431,681.2754374631452,72.67723937762038,85.07145061263341,57.04533298949153,181.40596249206837,12.149896101257148,603.7280504918364,84.49437727875494,Non-Fatigue
