emg_rms,emg_mav,emg_variance,emg_std,emg_waveform_length,emg_zero_crossing,emg_ssc,emg_kurtosis,emg_skewness,emg_peak,emg_median_freq,emg_mean_freq,emg_peak_freq,emg_total_power,emg_power_low,emg_power_mid,emg_power_high,class_name
45.47061377998468,20.81760002561249,1135.2491458125926,50.39952657773764,414377.997705968,11895.661468880333,27724.957100423428,16.946425793556294,0.0279001266096232,644.9219649846178,75.96744022638897,111.92419855892284,61.18134504616881,603.8218518003582,202.55116624666087,101.31762162237824,101.20726549550452,Non-Fatigue
