emg_rms,emg_mav,emg_variance,emg_std,emg_waveform_length,emg_zero_crossing,emg_ssc,emg_kurtosis,emg_skewness,emg_peak,emg_median_freq,emg_mean_freq,emg_peak_freq,emg_total_power,emg_power_low,emg_power_mid,emg_power_high,class_name
30.38184805600256,22.594420343117218,215.3493160309779,27.34851064622071,219854.4778814818,16151.137652673551,24189.957928876425,20.0821608186818,0.88399100972206,402.51652942738286,111.2449456226363,100.2924719962827,40.28099668888354,1027.0783862967191,46.27391704729794,-293.1496389286819,74.56052439351818,Non-Fatigue
