emg_rms,emg_mav,emg_variance,emg_std,emg_waveform_length,emg_zero_crossing,emg_ssc,emg_kurtosis,emg_skewness,emg_peak,emg_median_freq,emg_mean_freq,emg_peak_freq,emg_total_power,emg_power_low,emg_power_mid,emg_power_high,class_name
38.53621740236815,12.047186273693182,-63.79300907512789,40.022712343507536,449751.84322336223,8744.112159573951,27770.28861761687,13.572599810795143,1.331386119926297,475.9186467251464,72.4706579677534,86.38267393685314,50.13393281368095,854.8738746049952,194.1269545359048,643.3282370266393,34.39144677555493,Non-Fatigue
