emg_rms,emg_mav,emg_variance,emg_std,emg_waveform_length,emg_zero_crossing,emg_ssc,emg_kurtosis,emg_skewness,emg_peak,emg_median_freq,emg_mean_freq,emg_peak_freq,emg_total_power,emg_power_low,emg_power_mid,emg_power_high,class_name
43.283566546443566,23.07293181733729,1777.336776509081,37.10551700967654,409938.6788520093,8411.241000977687,27434.871277880942,14.672317493287828,0.0928393128309503,293.6205093567686,63.74756816617958,85.58224183522849,71.10858660065048,106.07290298790195,152.28480128479964,298.62985704662134,56.486244265172175,Non-Fatigue
