emg_rms,emg_mav,emg_variance,emg_std,emg_waveform_length,emg_zero_crossing,emg_ssc,emg_kurtosis,emg_skewness,emg_peak,emg_median_freq,emg_mean_freq,emg_peak_freq,emg_total_power,emg_power_low,emg_power_mid,emg_power_high,class_name
26.97241786307004,9.12525820849549,1576.375245264336,30.250762852418536,464321.9450323447,13731.660295250109,25136.377148625856,17.790125976110918,0.946440791208844,340.16011689724394,91.49707238931992,71.23381168391664,61.04867490894893,997.7383884583556,-71.09204788017234,293.2424182096686,83.6608850549611,Non-Fatigue
