emg_rms,emg_mav,emg_variance,emg_std,emg_waveform_length,emg_zero_crossing,emg_ssc,emg_kurtosis,emg_skewness,emg_peak,emg_median_freq,emg_mean_freq,emg_peak_freq,emg_total_power,emg_power_low,emg_power_mid,emg_power_high,class_name
59.48112540440975,14.779169449875642,3389.2180287583155,39.08337336748283,653934.779449862,8783.918058480478,26502.7018259652,21.883594440682327,-0.5862449794989293,211.1028518608766,68.32262961495418,96.26333802749546,71.96048186859124,332.2947325067344,-24.74778368269064,35.77768792237271,83.69443034224352,Non-Fatigue
