emg_rms,emg_mav,emg_variance,emg_std,emg_waveform_length,emg_zero_crossing,emg_ssc,emg_kurtosis,emg_skewness,emg_peak,emg_median_freq,emg_mean_freq,emg_peak_freq,emg_total_power,emg_power_low,emg_power_mid,emg_power_high,class_name
29.635318913249897,26.68026617824065,1752.0699770290375,38.469160920609205,445323.2270004607,13490.289717604886,30876.905831136777,17.487519227728864,-1.865617366665643,620.7991892666072,67.53369417185432,64.14884285936321,57.20887138787906,1163.11896928047,22.20066635755856,190.71371351960408,40.011614098460896,Non-Fatigue
