emg_rms,emg_mav,emg_variance,emg_std,emg_waveform_length,emg_zero_crossing,emg_ssc,emg_kurtosis,emg_skewness,emg_peak,emg_median_freq,emg_mean_freq,emg_peak_freq,emg_total_power,emg_power_low,emg_power_mid,emg_power_high,class_name
33.46818170982787,19.524777477496677,932.2130561612546,29.275520704688127,378449.891043382,11072.684073387922,20231.990823510005,10.339491589120602,-1.4412217045575637,415.0705633457769,80.09775779087207,109.58616146002822,63.11602153747343,515.0040463968829,182.5892689938696,674.8696867071156,31.174336687625686,Non-Fatigue
