emg_rms,emg_mav,emg_variance,emg_std,emg_waveform_length,emg_zero_crossing,emg_ssc,emg_kurtosis,emg_skewness,emg_peak,emg_median_freq,emg_mean_freq,emg_peak_freq,emg_total_power,emg_power_low,emg_power_mid,emg_power_high,class_name
47.7681121898879,6.57248749316013,601.8922219859569,29.997008942407422,405521.7705389955,14562.89443395294,22498.05420416777,14.643974602327592,0.9179664701637028,269.86086454543056,58.28212270470566,86.2771151056547,59.88527185931218,264.8910606015389,19.57710926148774,204.06624212600929,43.99458543161111,Non-Fatigue
