emg_rms,emg_mav,emg_variance,emg_std,emg_waveform_length,emg_zero_crossing,emg_ssc,emg_kurtosis,emg_skewness,emg_peak,emg_median_freq,emg_mean_freq,emg_peak_freq,emg_total_power,emg_power_low,emg_power_mid,emg_power_high,class_name
15.883062672421374,12.762432791610005,1202.8261782569307,50.9702515792198,563300.9735789923,17790.758355167593,30977.73403124749,14.250219964642184,-1.3344451603318666,605.2329965033955,76.24976249954231,102.7891475162677,52.93092364912218,226.46454216715185,-27.68970563431104,242.2026314594803,54.85020335872663,Non-Fatigue
