emg_rms,emg_mav,emg_variance,emg_std,emg_waveform_length,emg_zero_crossing,emg_ssc,emg_kurtosis,emg_skewness,emg_peak,emg_median_freq,emg_mean_freq,emg_peak_freq,emg_total_power,emg_power_low,emg_power_mid,emg_power_high,class_name
40.98993192798006,12.304610106040665,2094.168421376693,29.411092808250277,338815.97950296814,11300.978555252774,22694.814773454964,17.671671529279802,2.4274289447785247,211.59913750339325,52.671560771661134,116.40678158405184,44.57179928107397,827.3599002132122,219.33046779441827,342.97885247830664,102.55946611749071,Non-Fatigue
