emg_rms,emg_mav,emg_variance,emg_std,emg_waveform_length,emg_zero_crossing,emg_ssc,emg_kurtosis,emg_skewness,emg_peak,emg_median_freq,emg_mean_freq,emg_peak_freq,emg_total_power,emg_power_low,emg_power_mid,emg_power_high,class_name
27.377539478174054,29.791791445196672,2916.129902698558,76.01556063408279,740978.090034176,11323.289180676004,21016.83306813144,21.96159752621802,-2.4987687865993817,512.1041218308962,72.42647874074014,79.267849069325,47.336707749745386,380.3249986768653,-22.76445151351029,348.20001473567265,24.052014200068825,Non-Fatigue
