emg_rms,emg_mav,emg_variance,emg_std,emg_waveform_length,emg_zero_crossing,emg_ssc,emg_kurtosis,emg_skewness,emg_peak,emg_median_freq,emg_mean_freq,emg_peak_freq,emg_total_power,emg_power_low,emg_power_mid,emg_power_high,class_name
29.00698176309625,16.91647133565487,3752.0657726788336,37.35873604781068,646191.4501744324,10083.887866870362,20752.03235355752,16.096086536871635,1.7469046872479304,542.7686251459551,71.15209939272722,98.7811717670212,62.72481305216674,864.148629018569,97.06746462322354,-7.551774198269186,74.26977603789437,Non-Fatigue
