emg_rms,emg_mav,emg_variance,emg_std,emg_waveform_length,emg_zero_crossing,emg_ssc,emg_kurtosis,emg_skewness,emg_peak,emg_median_freq,emg_mean_freq,emg_peak_freq,emg_total_power,emg_power_low,emg_power_mid,emg_power_high,class_name
37.930322228232015,23.677686999511582,799.1345754930561,56.54695037139344,395293.4115121369,9493.357801662978,27809.96285373545,27.355864520685067,1.621256170745097,352.92668604560424,84.48732424276446,89.61261293264235,55.73259928410556,655.8505740545417,93.34074196199848,135.22422705220774,7.699493302372517,Non-Fatigue
