emg_rms,emg_mav,emg_variance,emg_std,emg_waveform_length,emg_zero_crossing,emg_ssc,emg_kurtosis,emg_skewness,emg_peak,emg_median_freq,emg_mean_freq,emg_peak_freq,emg_total_power,emg_power_low,emg_power_mid,emg_power_high,class_name
50.73151352545807,24.71608845241533,2653.5294383473683,35.76406266801846,418400.2399225012,11082.589612701478,30940.29784349678,14.353749120147809,1.1555960242131318,330.47713329015994,93.70545627090404,56.042829109289016,59.24612689874328,1132.9499692747609,119.13125980084976,248.80480199169529,82.52586974095945,Non-Fatigue
