emg_rms,emg_mav,emg_variance,emg_std,emg_waveform_length,emg_zero_crossing,emg_ssc,emg_kurtosis,emg_skewness,emg_peak,emg_median_freq,emg_mean_freq,emg_peak_freq,emg_total_power,emg_power_low,emg_power_mid,emg_power_high,class_name
35.421329320162776,13.873870337464242,830.7483126121199,29.428714190932627,798683.582085262,15426.653057246427,25990.274381481584,14.831062575569948,-0.3587291637451569,439.1158793559094,86.19737182160549,71.6932048380726,60.125923924483104,656.6080800276548,119.07893012184869,781.1426095506214,24.462884543747283,Non-Fatigue
