emg_rms,emg_mav,emg_variance,emg_std,emg_waveform_length,emg_zero_crossing,emg_ssc,emg_kurtosis,emg_skewness,emg_peak,emg_median_freq,emg_mean_freq,emg_peak_freq,emg_total_power,emg_power_low,emg_power_mid,emg_power_high,class_name
16.851373307991835,32.248029830323794,2324.8702961815275,28.78566905210952,490255.2233002528,10517.663078620106,24625.81028908335,15.745892304521409,0.4687631209179811,584.9301683637705,71.4796978239388,96.2031428857482,58.72336007960333,385.92904356308,118.1859441631058,650.0632670869368,92.651072819795,Non-Fatigue
