emg_rms,emg_mav,emg_variance,emg_std,emg_waveform_length,emg_zero_crossing,emg_ssc,emg_kurtosis,emg_skewness,emg_peak,emg_median_freq,emg_mean_freq,emg_peak_freq,emg_total_power,emg_power_low,emg_power_mid,emg_power_high,class_name
34.18658675787,21.153603452754894,1794.4694495696842,46.3173896599843,564171.3979904024,16896.715089690344,19409.57442091844,18.600523035289243,-0.335414175763656,358.7375582954694,61.79828226739642,89.353160205806,61.32665005745464,377.982450465944,124.06193200122044,-293.9019665038957,101.983195245996,Non-Fatigue
