emg_rms,emg_mav,emg_variance,emg_std,emg_waveform_length,emg_zero_crossing,emg_ssc,emg_kurtosis,emg_skewness,emg_peak,emg_median_freq,emg_mean_freq,emg_peak_freq,emg_total_power,emg_power_low,emg_power_mid,emg_power_high,class_name
61.46794600039559,22.4931571020968,2763.327855052079,26.02312717203209,499156.66299621656,11035.427792615968,18794.138423141198,13.522415074672594,-0.1274735748873324,329.24179209882715,89.5759928609298,116.31256216299256,58.48462942142659,237.87334675548863,-93.16353319812666,61.624373267617216,98.8544868040846,Non-Fatigue
