emg_rms,emg_mav,emg_variance,emg_std,emg_waveform_length,emg_zero_crossing,emg_ssc,emg_kurtosis,emg_skewness,emg_peak,emg_median_freq,emg_mean_freq,emg_peak_freq,emg_total_power,emg_power_low,emg_power_mid,emg_power_high,class_name
49.73037782723857,16.12391605302663,-116.1266897381854,41.59056313383206,418241.4084632093,8006.089367407648,24078.058430152763,16.057240506456935,1.9833691494413117,409.2882868996049,66.29798517150523,79.13896036413236,72.83416739756127,672.9931979211501,99.2324712114932,482.7906016483299,24.46802522210365,Non-Fatigue
