emg_rms,emg_mav,emg_variance,emg_std,emg_waveform_length,emg_zero_crossing,emg_ssc,emg_kurtosis,emg_skewness,emg_peak,emg_median_freq,emg_mean_freq,emg_peak_freq,emg_total_power,emg_power_low,emg_power_mid,emg_power_high,class_name
64.73172457804682,18.552095498960124,1379.3212949689355,39.64270836434458,501373.5696746447,16171.53981675932,32621.388963740414,21.6763858198118,-2.1475438239726627,469.663822262109,74.76119025604872,80.85796868406875,54.76830421736439,-40.60248054101589,153.75739062522726,760.0436675909848,52.56964919621432,Non-Fatigue
