emg_rms,emg_mav,emg_variance,emg_std,emg_waveform_length,emg_zero_crossing,emg_ssc,emg_kurtosis,emg_skewness,emg_peak,emg_median_freq,emg_mean_freq,emg_peak_freq,emg_total_power,emg_power_low,emg_power_mid,emg_power_high,class_name
59.58567779829404,10.772567129289966,210.5517722371194,28.38866820902578,443147.1549008677,16294.44302688802,30257.251642851912,10.247441587809249,0.9278273702256328,613.4316197211248,100.5466546976214,95.02409642897408,57.327724677778384,689.0450131143208,-9.427188741277106,228.4409689756556,21.50578539777559,Non-Fatigue
