emg_rms,emg_mav,emg_variance,emg_std,emg_waveform_length,emg_zero_crossing,emg_ssc,emg_kurtosis,emg_skewness,emg_peak,emg_median_freq,emg_mean_freq,emg_peak_freq,emg_total_power,emg_power_low,emg_power_mid,emg_power_high,class_name
49.19816738728368,23.256026814334582,3308.027247285482,39.89336534486421,892821.787774821,16439.8844759493,26981.26737418726,16.159835667695134,1.111150313180674,349.7046939890677,99.34488406402753,85.59527728800927,46.43576897820644,265.7003133071528,120.29517813035446,-65.11470482247648,8.294621526855522,Non-Fatigue
