emg_rms,emg_mav,emg_variance,emg_std,emg_waveform_length,emg_zero_crossing,emg_ssc,emg_kurtosis,emg_skewness,emg_peak,emg_median_freq,emg_mean_freq,emg_peak_freq,emg_total_power,emg_power_low,emg_power_mid,emg_power_high,class_name
6.133160218860894,23.99488410685783,2026.693012989568,68.17054353799219,565911.2161795484,11249.706169280493,24725.314388010665,22.555981755857644,1.3314708668103092,492.7758188322746,78.2235049328292,133.58972627038662,50.400951464213286,455.38545079975455,44.40463106737437,487.2593951892778,66.13871784538327,Non-Fatigue
