emg_rms,emg_mav,emg_variance,emg_std,emg_waveform_length,emg_zero_crossing,emg_ssc,emg_kurtosis,emg_skewness,emg_peak,emg_median_freq,emg_mean_freq,emg_peak_freq,emg_total_power,emg_power_low,emg_power_mid,emg_power_high,class_name
51.9369118304947,27.73695656350165,3837.285438635796,51.08134333393488,436890.5126545053,16208.16267626478,26568.818326894037,11.82680953660362,2.731568530693033,610.9153702135765,73.81089689133248,77.15572206357422,51.04706308012175,521.8311762942119,233.8441733836747,218.0997715413754,27.06258506352302,Non-Fatigue
