emg_rms,emg_mav,emg_variance,emg_std,emg_waveform_length,emg_zero_crossing,emg_ssc,emg_kurtosis,emg_skewness,emg_peak,emg_median_freq,emg_mean_freq,emg_peak_freq,emg_total_power,emg_power_low,emg_power_mid,emg_power_high,class_name
45.20347001541519,30.185626616381025,-188.8266799869064,29.916867179369625,1002678.1646526728,10275.285940635416,21080.409825739327,15.35374129478054,0.3379329446034303,510.8938680635925,103.66990235000888,107.36110489013495,67.36109075839825,-582.9255085741288,70.55953117296747,469.8716237648315,65.02728660692836,Non-Fatigue
