emg_rms,emg_mav,emg_variance,emg_std,emg_waveform_length,emg_zero_crossing,emg_ssc,emg_kurtosis,emg_skewness,emg_peak,emg_median_freq,emg_mean_freq,emg_peak_freq,emg_total_power,emg_power_low,emg_power_mid,emg_power_high,class_name
36.78941039217491,28.97166349742625,2389.33402859668,35.31892130708766,553357.9705011551,16223.297355484125,27161.305279985227,22.23613852249706,-1.2699410900441608,477.8218538985591,77.08002461062469,105.71223626658993,46.83971639264337,869.5220821572716,-160.77104218620377,342.89862197355814,47.84761055072087,Non-Fatigue
