emg_rms,emg_mav,emg_variance,emg_std,emg_waveform_length,emg_zero_crossing,emg_ssc,emg_kurtosis,emg_skewness,emg_peak,emg_median_freq,emg_mean_freq,emg_peak_freq,emg_total_power,emg_power_low,emg_power_mid,emg_power_high,class_name
69.76803220348536,25.60243976864945,643.3584945921821,24.309972255039543,751616.8824531422,7336.793378230226,29791.63037900916,11.970626809918809,0.518630499472775,581.0278192143483,66.15628027139078,63.22819074786572,48.95952474820175,1083.3944451022935,-59.60766497751197,435.8978622191592,51.7419821970756,Non-Fatigue
