emg_rms,emg_mav,emg_variance,emg_std,emg_waveform_length,emg_zero_crossing,emg_ssc,emg_kurtosis,emg_skewness,emg_peak,emg_median_freq,emg_mean_freq,emg_peak_freq,emg_total_power,emg_power_low,emg_power_mid,emg_power_high,class_name
50.770294481822695,11.63339520162865,1064.6719190489453,11.515738725638382,404643.2661652573,15709.287611804288,28757.805066803896,19.507385049613365,-0.0524707443164029,525.9711800021964,78.25797559042961,83.74742446379997,62.762086686572445,-249.3749969791083,43.11325764882355,501.8858392141617,102.72319172623068,Non-Fatigue
