emg_rms,emg_mav,emg_variance,emg_std,emg_waveform_length,emg_zero_crossing,emg_ssc,emg_kurtosis,emg_skewness,emg_peak,emg_median_freq,emg_mean_freq,emg_peak_freq,emg_total_power,emg_power_low,emg_power_mid,emg_power_high,class_name
36.840683848158704,17.704267361015628,3153.675098152445,39.98035709404837,629935.7168269008,14309.825940558334,28755.565253825185,15.827438981050854,1.935524856398272,621.3207393031872,74.75425552013208,105.38246487669343,50.86450527123268,307.1364522283547,-64.9963189619221,465.9769581742629,105.13787260779662,Non-Fatigue
