emg_rms,emg_mav,emg_variance,emg_std,emg_waveform_length,emg_zero_crossing,emg_ssc,emg_kurtosis,emg_skewness,emg_peak,emg_median_freq,emg_mean_freq,emg_peak_freq,emg_total_power,emg_power_low,emg_power_mid,emg_power_high,class_name
40.71274955046143,11.744851484163156,1266.2558325259038,48.464853342668704,563816.9004367588,8843.271764090641,30293.50069618356,19.69731753896897,0.2505638098399242,485.9110070024759,89.16361743059082,94.44998254553806,54.85362837128397,678.9014117839052,-38.88549506715765,293.80013721879703,95.55608931691368,Non-Fatigue
