emg_rms,emg_mav,emg_variance,emg_std,emg_waveform_length,emg_zero_crossing,emg_ssc,emg_kurtosis,emg_skewness,emg_peak,emg_median_freq,emg_mean_freq,emg_peak_freq,emg_total_power,emg_power_low,emg_power_mid,emg_power_high,class_name
45.98520174437311,30.591491170003177,2436.2491608565947,52.814089617522654,310455.6910551695,11832.350665138634,30978.52638709219,11.372151778050778,3.382857817977209,508.8515361668688,87.55479816746858,80.95447145289728,53.36311456712084,1145.002875024607,83.37029356697983,164.09895455433104,32.50852222957096,Non-Fatigue
