emg_rms,emg_mav,emg_variance,emg_std,emg_waveform_length,emg_zero_crossing,emg_ssc,emg_kurtosis,emg_skewness,emg_peak,emg_median_freq,emg_mean_freq,emg_peak_freq,emg_total_power,emg_power_low,emg_power_mid,emg_power_high,class_name
51.02437305103363,17.5348601125326,1769.8936681674522,44.50503755472532,592843.2342701053,16586.706167553788,27237.78348579568,8.142670916155613,-0.229478138881795,343.77091764091483,64.18670090830322,96.5254947289173,56.365703839433486,500.5464077342506,137.75167733028496,334.36960362640525,5.441444116940218,Non-Fatigue
