emg_rms,emg_mav,emg_variance,emg_std,emg_waveform_length,emg_zero_crossing,emg_ssc,emg_kurtosis,emg_skewness,emg_peak,emg_median_freq,emg_mean_freq,emg_peak_freq,emg_total_power,emg_power_low,emg_power_mid,emg_power_high,class_name
27.73287636980794,25.831291925770508,2015.777101574255,15.36095150830318,435697.3184258452,13888.08417599248,23575.83500043965,13.892241544906469,1.5965636420603735,422.29462835737047,69.79845461082967,118.2491796499061,53.37148196405119,-289.42399264959244,183.37905448456644,317.4485821748319,-7.524126349291393,Non-Fatigue
