emg_rms,emg_mav,emg_variance,emg_std,emg_waveform_length,emg_zero_crossing,emg_ssc,emg_kurtosis,emg_skewness,emg_peak,emg_median_freq,emg_mean_freq,emg_peak_freq,emg_total_power,emg_power_low,emg_power_mid,emg_power_high,class_name
29.24847781409836,21.708264786493068,2234.1484360329155,61.41137799539388,698615.5404935512,11446.069503479404,21323.794962451462,13.227849374314417,1.7885396881080475,349.22526099333976,87.50992908987146,84.06027805294026,59.52122634141317,505.57761453904624,92.17235948007432,883.784862517487,28.496900947403507,Non-Fatigue
