emg_rms,emg_mav,emg_variance,emg_std,emg_waveform_length,emg_zero_crossing,emg_ssc,emg_kurtosis,emg_skewness,emg_peak,emg_median_freq,emg_mean_freq,emg_peak_freq,emg_total_power,emg_power_low,emg_power_mid,emg_power_high,class_name
45.3774378335307,10.796767623074228,2955.7571006039243,20.81322905798863,341498.2483789762,12212.398616891966,22363.274708166235,11.496764763413514,-0.3185036898438043,429.68246535176286,78.47924605751702,90.52670242620692,68.67439915555289,149.72204572011304,119.5007372662252,-1.9216995726183652,64.9997449046374,Non-Fatigue
