emg_rms,emg_mav,emg_variance,emg_std,emg_waveform_length,emg_zero_crossing,emg_ssc,emg_kurtosis,emg_skewness,emg_peak,emg_median_freq,emg_mean_freq,emg_peak_freq,emg_total_power,emg_power_low,emg_power_mid,emg_power_high,class_name
44.851379119593744,25.80896450150248,-1625.059477957482,41.41328332228123,409911.58734760806,15607.472414466876,32990.44568239628,13.06334429553842,-0.1486223455583681,473.6296084760005,89.53025672457491,93.10854714582476,61.5425792034572,17.526853462857616,50.45734682393236,275.0629275038278,7.546184201500544,Non-Fatigue
