emg_rms,emg_mav,emg_variance,emg_std,emg_waveform_length,emg_zero_crossing,emg_ssc,emg_kurtosis,emg_skewness,emg_peak,emg_median_freq,emg_mean_freq,emg_peak_freq,emg_total_power,emg_power_low,emg_power_mid,emg_power_high,class_name
28.134428556358007,22.30278026160576,1859.0395323425196,37.072236761265096,415549.6912103958,15070.627096628692,25053.8990328973,17.09762641967306,-0.7681767469542041,144.24014828926914,70.63273586273112,112.9905475409379,51.792181323933576,384.81040709526,29.9866468020688,481.25988316186704,81.36147684279948,Non-Fatigue
