emg_rms,emg_mav,emg_variance,emg_std,emg_waveform_length,emg_zero_crossing,emg_ssc,emg_kurtosis,emg_skewness,emg_peak,emg_median_freq,emg_mean_freq,emg_peak_freq,emg_total_power,emg_power_low,emg_power_mid,emg_power_high,class_name
41.30016484297981,16.36680464850052,155.08444761647547,68.81486438253104,743633.5917568377,9785.34290364931,30760.37256005597,17.916286492171754,2.426804545603215,499.0277685795456,72.0520166205986,82.90665872367188,65.6075272739645,569.47676459719,120.09635592073008,273.35702344593267,54.21258287445342,Non-Fatigue
