emg_rms,emg_mav,emg_variance,emg_std,emg_waveform_length,emg_zero_crossing,emg_ssc,emg_kurtosis,emg_skewness,emg_peak,emg_median_freq,emg_mean_freq,emg_peak_freq,emg_total_power,emg_power_low,emg_power_mid,emg_power_high,class_name
67.65341205050136,16.35918798833326,1288.9073858624608,11.568243736271643,552162.7238431748,20694.585661354315,25471.424645250878,13.139802906328963,1.385133364549263,433.2075841026028,57.45931357708236,102.83701547446177,58.85434155039336,1018.2731899014988,66.91165159064032,-17.92937515677056,30.239610185067612,Non-Fatigue
