emg_rms,emg_mav,emg_variance,emg_std,emg_waveform_length,emg_zero_crossing,emg_ssc,emg_kurtosis,emg_skewness,emg_peak,emg_median_freq,emg_mean_freq,emg_peak_freq,emg_total_power,emg_power_low,emg_power_mid,emg_power_high,class_name
38.67970837534703,21.561025222010763,1460.9212206206678,40.7755234210573,818654.38643368,19800.26093180468,26625.41549593762,12.046073943676811,-0.8380250951360356,391.61673106260463,73.04881633812992,120.9968318739512,49.1265469282019,902.0323798831926,28.994217868567794,325.9858757192392,56.03918613918163,Non-Fatigue
