emg_rms,emg_mav,emg_variance,emg_std,emg_waveform_length,emg_zero_crossing,emg_ssc,emg_kurtosis,emg_skewness,emg_peak,emg_median_freq,emg_mean_freq,emg_peak_freq,emg_total_power,emg_power_low,emg_power_mid,emg_power_high,class_name
42.65858616998579,20.936360158409972,2593.7836146462814,4.612739553507794,989077.6577321542,13495.72214803928,24736.896429876517,13.425918004659916,0.0318022466086867,570.9495878058872,77.1349547657402,97.68530115581488,56.42471743331424,691.7235845918283,41.350164940218654,673.3923471215869,-19.66829851580502,Non-Fatigue
