emg_rms,emg_mav,emg_variance,emg_std,emg_waveform_length,emg_zero_crossing,emg_ssc,emg_kurtosis,emg_skewness,emg_peak,emg_median_freq,emg_mean_freq,emg_peak_freq,emg_total_power,emg_power_low,emg_power_mid,emg_power_high,class_name
33.8291073521575,13.904333422560564,2891.526366085847,40.80551727141238,412730.11882161576,17538.27705273818,24432.65305209768,14.68131477649201,1.8635629322963991,395.35652401953104,82.38535342653861,80.96135071592147,26.84107281074717,797.6139786434883,258.3778997723515,251.43881625946744,53.49829285159626,Non-Fatigue
