emg_rms,emg_mav,emg_variance,emg_std,emg_waveform_length,emg_zero_crossing,emg_ssc,emg_kurtosis,emg_skewness,emg_peak,emg_median_freq,emg_mean_freq,emg_peak_freq,emg_total_power,emg_power_low,emg_power_mid,emg_power_high,class_name
4.621478520020553,31.88292092952148,3369.499800584285,9.91688023746164,679902.6481713078,8605.521529891987,21731.64581398185,19.715856341183358,2.226762318075477,488.0091152012756,87.98821804833409,104.75601538422028,47.9014298364915,408.1946787963133,268.8879949324831,398.8456674320013,31.67132381117976,Non-Fatigue
