emg_rms,emg_mav,emg_variance,emg_std,emg_waveform_length,emg_zero_crossing,emg_ssc,emg_kurtosis,emg_skewness,emg_peak,emg_median_freq,emg_mean_freq,emg_peak_freq,emg_total_power,emg_power_low,emg_power_mid,emg_power_high,class_name
56.9027854377791,39.24225814203509,1013.265955331122,22.135897672913924,683958.365726952,12698.741548963391,30382.013750808102,13.049009942958936,0.3617659068742404,374.6071714688656,79.29153612036758,108.70693011005616,45.3659134612093,-6.910429239195366,118.52529476907765,321.004027349432,33.49776645230736,Non-Fatigue
