emg_rms,emg_mav,emg_variance,emg_std,emg_waveform_length,emg_zero_crossing,emg_ssc,emg_kurtosis,emg_skewness,emg_peak,emg_median_freq,emg_mean_freq,emg_peak_freq,emg_total_power,emg_power_low,emg_power_mid,emg_power_high,class_name
49.2414038580952,22.129331664116755,2398.457361226884,13.95029449183053,378766.18488875264,9453.112551409158,24979.987220918385,18.72934211962676,2.430349549178711,253.89597293505392,87.79409094812857,67.64528468150563,56.70606582085205,820.7686729921245,-31.236252671349604,363.8969878711256,35.00095071306188,Non-Fatigue
