emg_rms,emg_mav,emg_variance,emg_std,emg_waveform_length,emg_zero_crossing,emg_ssc,emg_kurtosis,emg_skewness,emg_peak,emg_median_freq,emg_mean_freq,emg_peak_freq,emg_total_power,emg_power_low,emg_power_mid,emg_power_high,class_name
56.251919888088736,24.46130580263977,4594.940925739347,43.472413924615886,774484.4708750513,10161.27923173364,28108.04526169176,18.714774852323977,-0.8258898907156241,408.4547150198723,79.21213769895658,114.85722476692328,40.943031666554845,391.5235158816527,225.77482268822368,341.0708594423068,55.87406488572377,Non-Fatigue
