emg_rms,emg_mav,emg_variance,emg_std,emg_waveform_length,emg_zero_crossing,emg_ssc,emg_kurtosis,emg_skewness,emg_peak,emg_median_freq,emg_mean_freq,emg_peak_freq,emg_total_power,emg_power_low,emg_power_mid,emg_power_high,class_name
79.67984233409828,11.016260941684951,2484.905265243655,23.147708954695016,552278.4554256717,8494.441964804344,26170.894317066777,13.04868539544436,-0.1004888336958638,579.3335779113161,76.4040193923084,71.91576147467549,59.407948234933045,608.6151570586189,193.7742494149712,242.4684394049418,-20.320951536297656,Non-Fatigue
