emg_rms,emg_mav,emg_variance,emg_std,emg_waveform_length,emg_zero_crossing,emg_ssc,emg_kurtosis,emg_skewness,emg_peak,emg_median_freq,emg_mean_freq,emg_peak_freq,emg_total_power,emg_power_low,emg_power_mid,emg_power_high,class_name
45.078612057849455,16.50705443914413,3505.501125445814,50.41699031724824,721569.5245779889,11680.477003852578,25027.301884152446,15.81821193782644,1.7992306544429844,486.7571423607458,71.34483762099123,65.1434975555692,49.53607950117334,1155.928825011997,63.558483433685616,951.586399580347,87.84727470292822,Non-Fatigue
