emg_rms,emg_mav,emg_variance,emg_std,emg_waveform_length,emg_zero_crossing,emg_ssc,emg_kurtosis,emg_skewness,emg_peak,emg_median_freq,emg_mean_freq,emg_peak_freq,emg_total_power,emg_power_low,emg_power_mid,emg_power_high,class_name
45.49055522071934,13.381735686979052,3422.7026619489657,46.691358585388585,524546.1302790005,20509.59975932968,21495.67298548708,22.923891776879334,-0.0250475765143087,405.2560209260698,44.34243503322571,98.00765536620968,42.81292524109088,317.0538039942836,146.21474685441632,547.0800386498868,47.38882954683725,Non-Fatigue
