emg_rms,emg_mav,emg_variance,emg_std,emg_waveform_length,emg_zero_crossing,emg_ssc,emg_kurtosis,emg_skewness,emg_peak,emg_median_freq,emg_mean_freq,emg_peak_freq,emg_total_power,emg_power_low,emg_power_mid,emg_power_high,class_name
54.04667752023872,24.491250747232503,2225.0493717465943,17.966896265200457,724760.9634891294,13692.524156415922,27573.012032147104,13.367203407399131,0.5981869475377242,505.0195499994378,57.617089031218114,84.66419479525746,61.12902896729127,697.7567935594691,14.647234516339296,-229.63413124071548,20.059016630883747,Non-Fatigue
