emg_rms,emg_mav,emg_variance,emg_std,emg_waveform_length,emg_zero_crossing,emg_ssc,emg_kurtosis,emg_skewness,emg_peak,emg_median_freq,emg_mean_freq,emg_peak_freq,emg_total_power,emg_power_low,emg_power_mid,emg_power_high,class_name
19.91199406511206,-1.2602016952215855,1573.7033283770002,23.606536636816607,500884.12188590906,16443.341956756645,28377.802420043125,16.015260173866906,-0.3942671487590514,206.02412188779363,85.14175992412306,81.95095577254625,51.09352908531867,-321.75132639396264,22.78287684107197,400.4157624883559,88.1689770753762,Non-Fatigue
