emg_rms,emg_mav,emg_variance,emg_std,emg_waveform_length,emg_zero_crossing,emg_ssc,emg_kurtosis,emg_skewness,emg_peak,emg_median_freq,emg_mean_freq,emg_peak_freq,emg_total_power,emg_power_low,emg_power_mid,emg_power_high,class_name
25.02315595718851,15.25711285319366,2689.0450900773603,10.675737072907964,583942.8910463972,6431.432434370225,26997.78513232815,15.5542280384304,0.811993072033173,442.4358134316968,101.72350932137375,82.6440029985578,61.40281885696929,57.07655478498992,211.7614040639027,-170.09206257282204,89.8589221601942,Non-Fatigue
