emg_rms,emg_mav,emg_variance,emg_std,emg_waveform_length,emg_zero_crossing,emg_ssc,emg_kurtosis,emg_skewness,emg_peak,emg_median_freq,emg_mean_freq,emg_peak_freq,emg_total_power,emg_power_low,emg_power_mid,emg_power_high,class_name
48.40544200897109,18.89362601230345,1950.4071988195,20.378073526072413,555104.4639868943,13753.153375153965,24586.716483450997,14.09227314361721,-2.1463734162044883,458.16835711480456,47.71041881332701,121.87513764086724,58.840172493207824,354.8425533108766,-150.18818383246,677.2185439683062,110.98478634261411,Non-Fatigue
