emg_rms,emg_mav,emg_variance,emg_std,emg_waveform_length,emg_zero_crossing,emg_ssc,emg_kurtosis,emg_skewness,emg_peak,emg_median_freq,emg_mean_freq,emg_peak_freq,emg_total_power,emg_power_low,emg_power_mid,emg_power_high,class_name
60.42777415693244,2.8501107632037552,2235.9020784197987,56.541191492999126,720040.7832133285,11873.757976507412,28855.89453972577,17.077179604016738,1.2855839880525544,486.28856725576327,101.91594992683537,96.06432981498148,47.43245969301558,-665.3318132489096,-163.06445529478967,495.8105064993713,58.96237107309911,Non-Fatigue
