emg_rms,emg_mav,emg_variance,emg_std,emg_waveform_length,emg_zero_crossing,emg_ssc,emg_kurtosis,emg_skewness,emg_peak,emg_median_freq,emg_mean_freq,emg_peak_freq,emg_total_power,emg_power_low,emg_power_mid,emg_power_high,class_name
40.70921631857881,25.854003997140616,4249.421168213655,49.717666695170486,487872.01749565394,15335.70139653706,24598.527811590106,13.19100255586628,0.9796957691180216,436.28253748469047,98.22094235198271,104.6731879663538,48.9595856255525,1170.6692021610595,148.23703373406877,-54.50229607614227,60.94566566536509,Non-Fatigue
