emg_rms,emg_mav,emg_variance,emg_std,emg_waveform_length,emg_zero_crossing,emg_ssc,emg_kurtosis,emg_skewness,emg_peak,emg_median_freq,emg_mean_freq,emg_peak_freq,emg_total_power,emg_power_low,emg_power_mid,emg_power_high,class_name
51.445208221925085,15.905952269888353,3923.057703067515,43.57246220159122,812263.7986681046,13660.091066849198,24451.499716815182,13.46531233951349,0.458353835364057,180.4176646093983,77.15445883483679,88.36994486802222,50.77650316021855,-211.35301954771984,-2.4574012848366635,423.266334780267,72.77684074757624,Non-Fatigue
