emg_rms,emg_mav,emg_variance,emg_std,emg_waveform_length,emg_zero_crossing,emg_ssc,emg_kurtosis,emg_skewness,emg_peak,emg_median_freq,emg_mean_freq,emg_peak_freq,emg_total_power,emg_power_low,emg_power_mid,emg_power_high,class_name
16.913930422531404,11.713140459606668,1339.584288690399,23.22161338827692,460507.4739349653,20525.305897603,23119.38265599224,24.491470570638725,-0.0703503992331481,399.839158382546,85.93933441714756,90.9172310288282,65.4088472275137,585.1831822997107,-41.373112408600576,513.5877953712754,50.690750890313005,Non-Fatigue
