emg_rms,emg_mav,emg_variance,emg_std,emg_waveform_length,emg_zero_crossing,emg_ssc,emg_kurtosis,emg_skewness,emg_peak,emg_median_freq,emg_mean_freq,emg_peak_freq,emg_total_power,emg_power_low,emg_power_mid,emg_power_high,class_name
38.80040257387998,15.057819945603494,745.9226539247273,35.75801363998189,540432.6185970139,14149.563758776589,25851.798491603626,10.89464168962133,-0.4472332429247024,325.05671060820725,72.05064960357765,92.05253520849296,60.98196978237473,645.0662867885892,60.535649343489,259.7211613678294,15.52693067869852,Non-Fatigue
