emg_rms,emg_mav,emg_variance,emg_std,emg_waveform_length,emg_zero_crossing,emg_ssc,emg_kurtosis,emg_skewness,emg_peak,emg_median_freq,emg_mean_freq,emg_peak_freq,emg_total_power,emg_power_low,emg_power_mid,emg_power_high,class_name
50.29499786639635,21.915815368620198,1585.334965358645,40.76480075799689,534444.7256976016,16990.218566235453,28253.222718891346,11.212571642921793,0.2452909986893385,466.6576652224974,87.79437514511866,90.79547419760532,47.15473350501873,530.982937773312,139.76490033147388,275.44186170393607,66.51845522948092,Non-Fatigue
