emg_rms,emg_mav,emg_variance,emg_std,emg_waveform_length,emg_zero_crossing,emg_ssc,emg_kurtosis,emg_skewness,emg_peak,emg_median_freq,emg_mean_freq,emg_peak_freq,emg_total_power,emg_power_low,emg_power_mid,emg_power_high,class_name
49.83903026293031,22.63601294336251,3290.134976683954,8.935316720230077,742913.7084772383,14474.445849198117,22828.82239977073,15.377589255160965,-0.3697668364081298,380.66024366031616,100.59833227852076,96.2033663209461,59.04779025605245,-124.22097185287708,76.0030040864035,511.3816599892386,56.9783898151537,Non-Fatigue
