emg_rms,emg_mav,emg_variance,emg_std,emg_waveform_length,emg_zero_crossing,emg_ssc,emg_kurtosis,emg_skewness,emg_peak,emg_median_freq,emg_mean_freq,emg_peak_freq,emg_total_power,emg_power_low,emg_power_mid,emg_power_high,class_name
33.05461932379447,10.782132565242096,1464.4362739864923,12.765877650901311,863110.9938475053,14425.427183346545,25524.699796765104,19.41099256759759,0.367540314587946,363.1102131976457,76.34490174298013,110.06009085417874,45.25405128569608,230.54566687980287,167.9955210172596,-11.039717318358385,58.40918618871095,Non-Fatigue
