emg_rms,emg_mav,emg_variance,emg_std,emg_waveform_length,emg_zero_crossing,emg_ssc,emg_kurtosis,emg_skewness,emg_peak,emg_median_freq,emg_mean_freq,emg_peak_freq,emg_total_power,emg_power_low,emg_power_mid,emg_power_high,class_name
57.74537917045816,17.81145693657842,306.8724505874841,69.01121639626345,530295.7943806256,17349.633662777873,28560.17057922731,9.134268677147162,0.5639850036287566,498.5537505223252,92.39164801316711,88.32470256712375,44.6761781728336,760.6521101755499,92.97028565189474,-130.1884557859064,17.017086242163444,Non-Fatigue
