emg_rms,emg_mav,emg_variance,emg_std,emg_waveform_length,emg_zero_crossing,emg_ssc,emg_kurtosis,emg_skewness,emg_peak,emg_median_freq,emg_mean_freq,emg_peak_freq,emg_total_power,emg_power_low,emg_power_mid,emg_power_high,class_name
53.72675227424306,14.544891525799043,-1823.4796637217703,25.37054727751404,324414.63980857265,13776.661501855837,30808.145683267525,26.1104917774768,1.6407517122224138,272.45727128813064,97.68429978299643,92.8875487173551,56.5961939008262,758.8626638114054,171.96349657854367,358.5519539844876,62.80875395464696,Non-Fatigue
