emg_rms,emg_mav,emg_variance,emg_std,emg_waveform_length,emg_zero_crossing,emg_ssc,emg_kurtosis,emg_skewness,emg_peak,emg_median_freq,emg_mean_freq,emg_peak_freq,emg_total_power,emg_power_low,emg_power_mid,emg_power_high,class_name
30.83666108747459,23.897657266192333,553.2890350374953,52.09219351770558,517523.3649713892,12180.44704606289,23336.32506469047,22.88738754913723,0.4174904222724502,434.1204802130853,80.29443033416828,81.23069224378614,55.07395640762942,1214.409097553251,-21.04684611084707,100.21356718402964,56.544534370074544,Non-Fatigue
