emg_rms,emg_mav,emg_variance,emg_std,emg_waveform_length,emg_zero_crossing,emg_ssc,emg_kurtosis,emg_skewness,emg_peak,emg_median_freq,emg_mean_freq,emg_peak_freq,emg_total_power,emg_power_low,emg_power_mid,emg_power_high,class_name
66.65334412514373,22.22148391526192,3689.574558738833,30.358653019666622,716694.8687084869,9932.4473163212,30796.73324713177,16.921158657497312,-0.9026736805564334,415.6689265923228,78.34832728153938,114.3861061069741,39.8643264236911,438.605479366104,35.838679811967246,48.85633326544098,60.78245300040271,Non-Fatigue
