emg_rms,emg_mav,emg_variance,emg_std,emg_waveform_length,emg_zero_crossing,emg_ssc,emg_kurtosis,emg_skewness,emg_peak,emg_median_freq,emg_mean_freq,emg_peak_freq,emg_total_power,emg_power_low,emg_power_mid,emg_power_high,class_name
31.072962868278005,10.69217227713596,2173.215609033343,37.95202902272264,648727.4187347511,18671.271111122765,21033.77736892092,18.852630318379635,-0.3978969603858733,348.6026332417832,81.6111518510443,104.26794210647924,60.30536334744781,339.8170667855606,-16.806892783956812,162.99592068640422,62.1012551250063,Non-Fatigue
