emg_rms,emg_mav,emg_variance,emg_std,emg_waveform_length,emg_zero_crossing,emg_ssc,emg_kurtosis,emg_skewness,emg_peak,emg_median_freq,emg_mean_freq,emg_peak_freq,emg_total_power,emg_power_low,emg_power_mid,emg_power_high,class_name
37.0860075903838,10.276787373826073,5410.1767778423855,34.45825957533302,544132.3586820053,13969.359811355118,22568.84124821496,23.883924196133314,0.0495944252794778,453.9657462498555,76.65206084734838,104.2673133688315,46.053682811899066,103.4815303815617,30.83379741600117,1.1071899835005183,87.22047450304683,Non-Fatigue
