emg_rms,emg_mav,emg_variance,emg_std,emg_waveform_length,emg_zero_crossing,emg_ssc,emg_kurtosis,emg_skewness,emg_peak,emg_median_freq,emg_mean_freq,emg_peak_freq,emg_total_power,emg_power_low,emg_power_mid,emg_power_high,class_name
40.146366243392194,26.322259124412938,4692.896251900068,0.5256093483730666,552257.2554874874,23767.33612812225,24256.67529520565,18.335269925483264,0.4956057554961077,478.5933618667696,102.40275669072614,103.21265804210192,54.96046346656738,921.9346752923686,108.01943651189428,105.21178777312444,99.3703175197459,Non-Fatigue
