emg_rms,emg_mav,emg_variance,emg_std,emg_waveform_length,emg_zero_crossing,emg_ssc,emg_kurtosis,emg_skewness,emg_peak,emg_median_freq,emg_mean_freq,emg_peak_freq,emg_total_power,emg_power_low,emg_power_mid,emg_power_high,class_name
36.43551091757424,10.80118610614182,3937.24120607689,43.591331684387086,441660.6419039532,16285.2809715881,25106.462465390585,16.396411964990186,0.300823305341502,608.4308726072195,108.18649881870468,94.87208561815795,68.34302073058102,1410.000924626684,-17.562635244581998,408.1583254196905,62.40410647196767,Non-Fatigue
