emg_rms,emg_mav,emg_variance,emg_std,emg_waveform_length,emg_zero_crossing,emg_ssc,emg_kurtosis,emg_skewness,emg_peak,emg_median_freq,emg_mean_freq,emg_peak_freq,emg_total_power,emg_power_low,emg_power_mid,emg_power_high,class_name
23.213876398166,17.627234981524612,882.3540616959743,34.890349032995225,436568.5062086107,17016.28446660613,23667.59621649172,17.452059502577765,-0.4773931220664011,406.2085386995843,97.06761703983553,85.07575464563719,49.38814304414607,-94.45226656031394,125.36125088569966,204.2928565837404,51.452462544588506,Non-Fatigue
