emg_rms,emg_mav,emg_variance,emg_std,emg_waveform_length,emg_zero_crossing,emg_ssc,emg_kurtosis,emg_skewness,emg_peak,emg_median_freq,emg_mean_freq,emg_peak_freq,emg_total_power,emg_power_low,emg_power_mid,emg_power_high,class_name
1.5000814143759982,19.658573429403784,2684.8485138481387,41.04025224166893,559237.6999372209,10804.27332573044,23913.772635075395,19.043353103595457,0.8468277399485529,436.558376074868,100.80330400999358,68.86579261465177,61.87000517188039,352.63613325612863,302.0232948783039,340.9322042821788,14.973585972878697,Non-Fatigue
