emg_rms,emg_mav,emg_variance,emg_std,emg_waveform_length,emg_zero_crossing,emg_ssc,emg_kurtosis,emg_skewness,emg_peak,emg_median_freq,emg_mean_freq,emg_peak_freq,emg_total_power,emg_power_low,emg_power_mid,emg_power_high,class_name
38.373760171255256,16.21887903901316,1553.1173026759018,18.28260573866609,705305.5616266108,8717.861466026154,24448.44180793785,14.03059739098592,-0.8118743916447212,606.2828161195905,87.80163073516924,77.19080511802542,50.70574675281715,928.0067288220606,141.66195018722198,-146.86011672952412,136.2631377654247,Non-Fatigue
