emg_rms,emg_mav,emg_variance,emg_std,emg_waveform_length,emg_zero_crossing,emg_ssc,emg_kurtosis,emg_skewness,emg_peak,emg_median_freq,emg_mean_freq,emg_peak_freq,emg_total_power,emg_power_low,emg_power_mid,emg_power_high,class_name
36.561819784093856,25.581186527411138,1844.805332458271,41.99476653789458,684388.6411399397,14998.459905418607,27477.053955670115,14.014556360293756,0.1089277624047778,351.89466009308086,74.35488782962705,80.54268655119368,65.88886306178316,176.8524626227254,103.37156083063464,386.3804982285611,60.03872606952723,Non-Fatigue
