emg_rms,emg_mav,emg_variance,emg_std,emg_waveform_length,emg_zero_crossing,emg_ssc,emg_kurtosis,emg_skewness,emg_peak,emg_median_freq,emg_mean_freq,emg_peak_freq,emg_total_power,emg_power_low,emg_power_mid,emg_power_high,class_name
68.0237602991298,25.057923919461143,1597.796182352068,41.11612573961895,395487.4688263163,8216.089351296185,30080.39501856601,16.474028715922177,0.6698134064785723,332.8614093469944,78.89861699715165,81.88183051197336,59.771174464476026,56.71485946992078,-32.5742361892497,436.5845509074297,109.06095610109487,Non-Fatigue
