emg_rms,emg_mav,emg_variance,emg_std,emg_waveform_length,emg_zero_crossing,emg_ssc,emg_kurtosis,emg_skewness,emg_peak,emg_median_freq,emg_mean_freq,emg_peak_freq,emg_total_power,emg_power_low,emg_power_mid,emg_power_high,class_name
55.544786200431744,22.803222976416965,44.94556812869428,93.88356332363912,424240.5579769383,11461.31585312128,17695.121291091535,7.033101298772234,1.0543984813539518,554.2893477576906,75.00803792087298,82.84576843414058,60.72650353453851,-374.1403070605223,4.359513395102837,476.83525162070384,72.92384611945971,Non-Fatigue
