emg_rms,emg_mav,emg_variance,emg_std,emg_waveform_length,emg_zero_crossing,emg_ssc,emg_kurtosis,emg_skewness,emg_peak,emg_median_freq,emg_mean_freq,emg_peak_freq,emg_total_power,emg_power_low,emg_power_mid,emg_power_high,class_name
48.57377151604621,19.60867664583949,5171.565713206937,26.25233709949384,903680.0752007044,12401.334037174269,32812.342108920755,22.048542266825965,0.156136544545648,494.2567368230538,77.61934261195026,96.13612891318488,48.7669635107808,125.0143759680355,3.3499904795326785,571.757038985897,54.43831391479262,Non-Fatigue
