emg_rms,emg_mav,emg_variance,emg_std,emg_waveform_length,emg_zero_crossing,emg_ssc,emg_kurtosis,emg_skewness,emg_peak,emg_median_freq,emg_mean_freq,emg_peak_freq,emg_total_power,emg_power_low,emg_power_mid,emg_power_high,class_name
29.226415598758283,3.9995787944123258,1467.2402256033342,46.11662346822266,391095.4719130548,20738.52824895581,25656.224590963444,12.334175803869936,-0.5543312893346096,498.0874161436547,82.36709577653752,103.79191698839423,42.24156196375165,-184.0353929964777,8.026973115054275,187.8716954618941,3.533244112044009,Non-Fatigue
