emg_rms,emg_mav,emg_variance,emg_std,emg_waveform_length,emg_zero_crossing,emg_ssc,emg_kurtosis,emg_skewness,emg_peak,emg_median_freq,emg_mean_freq,emg_peak_freq,emg_total_power,emg_power_low,emg_power_mid,emg_power_high,class_name
33.63990861394187,17.373363700497322,3621.1223521372,15.782425241249427,807381.8450327537,16521.2621300422,32214.72223133977,20.589611380591727,0.2499157519356029,343.6435335090247,43.23407160332418,78.4863041582671,59.83853259217,674.095746722418,39.35494319534696,1.8435915036574213,77.06477511893117,Non-Fatigue
