emg_rms,emg_mav,emg_variance,emg_std,emg_waveform_length,emg_zero_crossing,emg_ssc,emg_kurtosis,emg_skewness,emg_peak,emg_median_freq,emg_mean_freq,emg_peak_freq,emg_total_power,emg_power_low,emg_power_mid,emg_power_high,class_name
50.1175500236445,10.325068844919697,-141.27146500594972,49.92388416630404,517518.0053342794,3320.490272738736,28077.847152984992,14.2020729886219,-0.4892163653837745,385.6939286906689,66.14208989663466,72.91728429818698,53.30426607188385,308.6550153031669,42.08038343946082,288.3185528824952,58.15584357354171,Non-Fatigue
