emg_rms,emg_mav,emg_variance,emg_std,emg_waveform_length,emg_zero_crossing,emg_ssc,emg_kurtosis,emg_skewness,emg_peak,emg_median_freq,emg_mean_freq,emg_peak_freq,emg_total_power,emg_power_low,emg_power_mid,emg_power_high,class_name
25.432885825982,17.363509379840693,1742.023904699296,48.50402798417333,525705.6852255276,15561.802473438203,29855.598453625003,20.423597096594754,-0.991415232900133,424.74365147322055,83.06195163133104,98.12870076762113,58.3334122522114,373.7318950143804,23.77422303360652,200.2297718206696,16.182319577714395,Non-Fatigue
