emg_rms,emg_mav,emg_variance,emg_std,emg_waveform_length,emg_zero_crossing,emg_ssc,emg_kurtosis,emg_skewness,emg_peak,emg_median_freq,emg_mean_freq,emg_peak_freq,emg_total_power,emg_power_low,emg_power_mid,emg_power_high,class_name
43.312668313433015,7.5562911864862095,2108.443785956661,-0.1983666033530795,439446.41456482967,10073.226203719303,21550.902255279027,20.44202816355527,1.3646913421466973,668.3130257923451,75.7437257195069,73.80069621042438,46.48973267823979,-239.56292246783784,136.83598504730205,710.0834490974994,6.861070791098918,Non-Fatigue
