emg_rms,emg_mav,emg_variance,emg_std,emg_waveform_length,emg_zero_crossing,emg_ssc,emg_kurtosis,emg_skewness,emg_peak,emg_median_freq,emg_mean_freq,emg_peak_freq,emg_total_power,emg_power_low,emg_power_mid,emg_power_high,class_name
70.52905499338803,20.76827091934564,3794.258782001653,29.73637235498328,608894.506847482,9605.845255326292,27071.31546112697,19.65483913609025,0.5884788192852239,537.189819946981,65.16483160558352,97.23426648847722,65.19348896466919,73.3340328856608,22.15321186936032,527.471702813158,55.7119546726226,Non-Fatigue
