emg_rms,emg_mav,emg_variance,emg_std,emg_waveform_length,emg_zero_crossing,emg_ssc,emg_kurtosis,emg_skewness,emg_peak,emg_median_freq,emg_mean_freq,emg_peak_freq,emg_total_power,emg_power_low,emg_power_mid,emg_power_high,class_name
42.86047552348912,28.491320179576544,1977.2747442706573,36.13594425286067,543259.9839022589,14645.306348810109,31882.155606219665,18.93093741505293,0.9386535954619948,583.6782974405248,78.06787156660404,92.247244589876,61.093261198427946,363.4308626324653,71.74667369973021,511.0303903624548,84.48586009903971,Non-Fatigue
