emg_rms,emg_mav,emg_variance,emg_std,emg_waveform_length,emg_zero_crossing,emg_ssc,emg_kurtosis,emg_skewness,emg_peak,emg_median_freq,emg_mean_freq,emg_peak_freq,emg_total_power,emg_power_low,emg_power_mid,emg_power_high,class_name
84.3816538455204,23.03596412395632,199.96761181178567,44.76586596069081,432651.6213827181,16173.204403444062,27154.375146688704,8.991738102920724,1.2928113710106044,543.6186072003462,89.20298941427318,109.86097652654232,73.05912586268089,272.7585250232437,5.737760178848703,468.70377579077535,121.76373406173244,Non-Fatigue
