emg_rms,emg_mav,emg_variance,emg_std,emg_waveform_length,emg_zero_crossing,emg_ssc,emg_kurtosis,emg_skewness,emg_peak,emg_median_freq,emg_mean_freq,emg_peak_freq,emg_total_power,emg_power_low,emg_power_mid,emg_power_high,class_name
52.36734039864933,17.981152262479462,2692.1766395737955,21.075608279887128,721032.2850543116,15228.230481258495,27664.86327596356,9.262014647074658,0.7576230798020154,61.70058092880299,71.81166827902999,92.67916370441505,63.02301841191756,168.62819562015056,65.144621613974,599.8480353871062,86.1906390559596,Non-Fatigue
