emg_rms,emg_mav,emg_variance,emg_std,emg_waveform_length,emg_zero_crossing,emg_ssc,emg_kurtosis,emg_skewness,emg_peak,emg_median_freq,emg_mean_freq,emg_peak_freq,emg_total_power,emg_power_low,emg_power_mid,emg_power_high,class_name
46.75637491464698,11.40766597588622,2924.817618521576,50.33748904169133,594439.340017463,13012.53999653652,31293.358143821813,9.181881247673726,-0.8795016119632929,477.5295929809505,76.28571623606925,76.27839507766623,52.51940740716004,550.3341497477779,-82.4132234602836,639.5306956068114,10.582894705699507,Non-Fatigue
