emg_rms,emg_mav,emg_variance,emg_std,emg_waveform_length,emg_zero_crossing,emg_ssc,emg_kurtosis,emg_skewness,emg_peak,emg_median_freq,emg_mean_freq,emg_peak_freq,emg_total_power,emg_power_low,emg_power_mid,emg_power_high,class_name
63.69173466063792,17.532191566706846,1097.3433699937905,14.55106330004888,443773.0334973995,10377.822029469007,26296.320989995424,11.901634825954304,-0.0780479671259037,469.1764161271623,66.64671319626143,91.09164285548091,51.76749190849716,162.15720942896945,-81.71811793672794,91.48714178227868,89.95235032787028,Non-Fatigue
