emg_rms,emg_mav,emg_variance,emg_std,emg_waveform_length,emg_zero_crossing,emg_ssc,emg_kurtosis,emg_skewness,emg_peak,emg_median_freq,emg_mean_freq,emg_peak_freq,emg_total_power,emg_power_low,emg_power_mid,emg_power_high,class_name
57.48139400000207,8.478534985908421,2983.0158348738305,44.79125053870423,664443.6263680558,16723.714257529224,32086.732284932277,15.393258525746957,-0.1473995048154979,499.9663390198377,99.00742624347713,111.22329609815112,47.33589872165347,239.42750459773717,148.66460698998452,861.8520155788756,81.7529033471715,Non-Fatigue
