emg_rms,emg_mav,emg_variance,emg_std,emg_waveform_length,emg_zero_crossing,emg_ssc,emg_kurtosis,emg_skewness,emg_peak,emg_median_freq,emg_mean_freq,emg_peak_freq,emg_total_power,emg_power_low,emg_power_mid,emg_power_high,class_name
67.40431555290274,18.382407341902187,4738.914929552345,51.49997476199784,452619.6862961276,12066.594448096548,22069.54776129408,20.84288385243582,-2.5372173013969697,691.9649529229036,74.71027742478257,61.26036723342233,54.82542625216617,887.0309906545015,12.924469675690863,541.0185263963214,96.7001185156704,Non-Fatigue
