emg_rms,emg_mav,emg_variance,emg_std,emg_waveform_length,emg_zero_crossing,emg_ssc,emg_kurtosis,emg_skewness,emg_peak,emg_median_freq,emg_mean_freq,emg_peak_freq,emg_total_power,emg_power_low,emg_power_mid,emg_power_high,class_name
25.76242728531592,10.97169735217568,482.47153058376944,21.2554327916614,426724.6178275312,13055.813794550451,15965.766509014124,18.300926244585543,0.7135401218993622,652.8457248348369,80.73748921036768,89.06895314380414,77.26512463923277,484.6409771002975,159.3536719019532,435.11355275926974,113.41112848869597,Non-Fatigue
