emg_rms,emg_mav,emg_variance,emg_std,emg_waveform_length,emg_zero_crossing,emg_ssc,emg_kurtosis,emg_skewness,emg_peak,emg_median_freq,emg_mean_freq,emg_peak_freq,emg_total_power,emg_power_low,emg_power_mid,emg_power_high,class_name
31.73156303340794,34.223634320416814,302.9465761339475,34.84895248800127,417671.67733834,15970.972749246055,30013.06837660941,11.153688948877296,-0.8351600563046367,393.0880850569152,63.29549205626935,111.19394300158451,52.18147876870426,606.1310628075793,-2.599716412881264,83.61443798613442,3.380740565156195,Non-Fatigue
