emg_rms,emg_mav,emg_variance,emg_std,emg_waveform_length,emg_zero_crossing,emg_ssc,emg_kurtosis,emg_skewness,emg_peak,emg_median_freq,emg_mean_freq,emg_peak_freq,emg_total_power,emg_power_low,emg_power_mid,emg_power_high,class_name
22.177598570432508,2.11466971953201,2396.786770003005,75.3033589963317,585916.721628418,10703.409562543362,31439.146807539157,12.311670564571632,2.960124558670689,487.82585210448633,86.81925727492809,101.72580781807754,57.243904506326814,-181.8322394734193,73.32843841861225,305.25046608882536,5.608601870639795,Non-Fatigue
