emg_rms,emg_mav,emg_variance,emg_std,emg_waveform_length,emg_zero_crossing,emg_ssc,emg_kurtosis,emg_skewness,emg_peak,emg_median_freq,emg_mean_freq,emg_peak_freq,emg_total_power,emg_power_low,emg_power_mid,emg_power_high,class_name
49.324532247609696,10.583969857879488,3737.2600937975417,48.71554936427111,385633.0755389736,12238.341321179792,22992.506259888996,11.916026077998604,-0.6978950225897794,494.1355831189351,74.78270617563624,88.84366353036559,51.37507044734194,338.51257451190145,-72.69583420022431,888.3410687017044,35.44216856554812,Non-Fatigue
