emg_rms,emg_mav,emg_variance,emg_std,emg_waveform_length,emg_zero_crossing,emg_ssc,emg_kurtosis,emg_skewness,emg_peak,emg_median_freq,emg_mean_freq,emg_peak_freq,emg_total_power,emg_power_low,emg_power_mid,emg_power_high,class_name
20.158684913399423,16.782871362401558,-437.4848143082602,51.64815090832482,712835.6573566495,10543.159197036552,34455.29957908941,18.570044988499948,2.012804540728399,539.0677418062717,60.85038904266308,70.10554284899086,64.33390364022017,1099.2359020584145,23.84316800675446,393.47478917418925,113.4640438079404,Non-Fatigue
