emg_rms,emg_mav,emg_variance,emg_std,emg_waveform_length,emg_zero_crossing,emg_ssc,emg_kurtosis,emg_skewness,emg_peak,emg_median_freq,emg_mean_freq,emg_peak_freq,emg_total_power,emg_power_low,emg_power_mid,emg_power_high,class_name
38.42039458723955,11.55071982017838,2060.333511817355,35.656742485926614,405555.6810913498,18763.20171564328,26713.36446995674,17.453717394084904,-0.2117170875218869,722.0631691828402,70.74724240604712,86.55415390118004,58.57904496353448,-34.49517149900572,132.13985034426423,619.5937447488328,16.089877360906264,Non-Fatigue
