emg_rms,emg_mav,emg_variance,emg_std,emg_waveform_length,emg_zero_crossing,emg_ssc,emg_kurtosis,emg_skewness,emg_peak,emg_median_freq,emg_mean_freq,emg_peak_freq,emg_total_power,emg_power_low,emg_power_mid,emg_power_high,class_name
29.28256966192709,42.16825781689151,-540.9838793625461,27.737187013446764,290606.4310176687,13861.241493485924,29166.329692903284,2.114995529683224,1.6064779409270011,451.99257401204096,111.41409568287976,105.2471463574704,58.11898890584498,274.18603206180654,169.5424406118527,184.20318699784957,25.20832198723377,Non-Fatigue
