emg_rms,emg_mav,emg_variance,emg_std,emg_waveform_length,emg_zero_crossing,emg_ssc,emg_kurtosis,emg_skewness,emg_peak,emg_median_freq,emg_mean_freq,emg_peak_freq,emg_total_power,emg_power_low,emg_power_mid,emg_power_high,class_name
27.18540867298257,30.50417820939548,866.8539707323714,21.14686198768397,498801.04849611386,11667.08978945428,28385.06763812652,16.04593318402462,0.4002386471578859,365.4968872679128,80.13858786743091,104.7283914122801,59.69120074093127,199.5080095417178,54.668453040251606,396.257409443802,42.50708474147709,Non-Fatigue
