emg_rms,emg_mav,emg_variance,emg_std,emg_waveform_length,emg_zero_crossing,emg_ssc,emg_kurtosis,emg_skewness,emg_peak,emg_median_freq,emg_mean_freq,emg_peak_freq,emg_total_power,emg_power_low,emg_power_mid,emg_power_high,class_name
21.9492241650396,14.610864180615035,-1313.028299986376,27.63782880053195,757361.6806259716,16876.662636825535,29037.84455672847,21.970819965793808,0.1853383522145126,357.14469939204474,83.58343944813144,72.38994046594212,53.28471671226219,-215.04125953504573,88.65769318067692,223.85221032453265,36.71887601183427,Non-Fatigue
