emg_rms,emg_mav,emg_variance,emg_std,emg_waveform_length,emg_zero_crossing,emg_ssc,emg_kurtosis,emg_skewness,emg_peak,emg_median_freq,emg_mean_freq,emg_peak_freq,emg_total_power,emg_power_low,emg_power_mid,emg_power_high,class_name
18.815200907776923,12.16652955672987,520.7204922296039,-10.54427339360474,422176.78761803417,18194.758839636976,29651.329051856123,14.599206424056003,0.9494812623881352,286.0434468989866,70.66782844191872,125.99857595162004,60.55023249043181,2.53935206252072,309.94834416948765,-1.0767333988522978,48.34202685447328,Non-Fatigue
