emg_rms,emg_mav,emg_variance,emg_std,emg_waveform_length,emg_zero_crossing,emg_ssc,emg_kurtosis,emg_skewness,emg_peak,emg_median_freq,emg_mean_freq,emg_peak_freq,emg_total_power,emg_power_low,emg_power_mid,emg_power_high,class_name
40.58181611320649,11.407339409199055,1662.4308395932972,29.88767609906024,470494.6379427476,10324.136363409048,34628.917862099406,16.3370604736859,0.7407096682999388,218.1959608562861,61.60654110206982,98.53083171846072,54.00548995537847,1245.3566288026884,63.44478947200189,-107.17872902696844,87.5674929649411,Non-Fatigue
