emg_rms,emg_mav,emg_variance,emg_std,emg_waveform_length,emg_zero_crossing,emg_ssc,emg_kurtosis,emg_skewness,emg_peak,emg_median_freq,emg_mean_freq,emg_peak_freq,emg_total_power,emg_power_low,emg_power_mid,emg_power_high,class_name
37.462194186415246,24.572321052995736,-1129.4831215297738,27.28904997173859,476304.4577777827,8437.7131602365,26711.98435341126,15.779694135208382,0.9975228175230167,330.21712155327833,69.55300723600077,96.09808825042224,63.85903396359792,739.3836257232115,60.29868853887761,647.584318135343,-4.292238375167926,Non-Fatigue
