emg_rms,emg_mav,emg_variance,emg_std,emg_waveform_length,emg_zero_crossing,emg_ssc,emg_kurtosis,emg_skewness,emg_peak,emg_median_freq,emg_mean_freq,emg_peak_freq,emg_total_power,emg_power_low,emg_power_mid,emg_power_high,class_name
59.83898079238965,13.203302890407684,3123.272421372747,50.73333493303919,546488.7705413176,12210.856526745229,22945.466503372587,19.983523972844424,0.1540290740306971,416.9143163567372,78.80583126706745,64.44387453354159,40.25819125123343,-148.49645955872148,86.90725918235165,486.6843003318473,136.75216188174096,Non-Fatigue
