emg_rms,emg_mav,emg_variance,emg_std,emg_waveform_length,emg_zero_crossing,emg_ssc,emg_kurtosis,emg_skewness,emg_peak,emg_median_freq,emg_mean_freq,emg_peak_freq,emg_total_power,emg_power_low,emg_power_mid,emg_power_high,class_name
46.6375963820292,18.018457974616005,-1062.6171275261856,36.60037537184097,459756.9042726029,15335.52374812591,26577.47874596443,15.801830366502935,1.1726210737142757,371.3000292478888,66.82130296351983,103.94914858826088,63.87941432084114,394.0195444502211,-41.007244091471335,791.5025449701845,49.585188882069794,Non-Fatigue
