emg_rms,emg_mav,emg_variance,emg_std,emg_waveform_length,emg_zero_crossing,emg_ssc,emg_kurtosis,emg_skewness,emg_peak,emg_median_freq,emg_mean_freq,emg_peak_freq,emg_total_power,emg_power_low,emg_power_mid,emg_power_high,class_name
10.005973665291098,18.683197232336347,2521.336200636023,38.35683361482611,503741.32654678175,5190.687415090609,30815.453693559677,18.454818084589377,0.3570801922967092,394.9827837250797,77.46902623146133,107.54556279419752,52.41812992572073,1355.1482181574213,20.89226470845833,154.71203390592405,12.7593930573317,Non-Fatigue
