emg_rms,emg_mav,emg_variance,emg_std,emg_waveform_length,emg_zero_crossing,emg_ssc,emg_kurtosis,emg_skewness,emg_peak,emg_median_freq,emg_mean_freq,emg_peak_freq,emg_total_power,emg_power_low,emg_power_mid,emg_power_high,class_name
47.98509791815941,29.223528198471374,3676.159655828179,45.84115825829715,553304.925272681,13653.395500372422,23819.05461287821,13.996158184296908,-1.5984461296068977,360.1076918753012,110.10868092950058,100.44334231621534,60.12496566885087,750.4150391347453,-54.15197408938218,67.67977998086542,27.930951446773143,Non-Fatigue
