emg_rms,emg_mav,emg_variance,emg_std,emg_waveform_length,emg_zero_crossing,emg_ssc,emg_kurtosis,emg_skewness,emg_peak,emg_median_freq,emg_mean_freq,emg_peak_freq,emg_total_power,emg_power_low,emg_power_mid,emg_power_high,class_name
11.990860302214529,29.956732389879832,1144.930891588176,27.621045847728084,695438.9161459829,13239.131142237393,24279.371269697527,13.302763613376037,0.8494676073414487,407.8394113448824,86.574862109784,86.85042422771284,67.54969271617996,1082.3211509932826,38.784769847286825,177.91347331636305,45.53746367135082,Non-Fatigue
