emg_rms,emg_mav,emg_variance,emg_std,emg_waveform_length,emg_zero_crossing,emg_ssc,emg_kurtosis,emg_skewness,emg_peak,emg_median_freq,emg_mean_freq,emg_peak_freq,emg_total_power,emg_power_low,emg_power_mid,emg_power_high,class_name
66.84705396243766,29.34787918894532,-555.272573293177,24.699894721041915,614284.7993123902,12753.934709247234,25228.570002713765,14.187279919202252,2.428988825979083,298.9409112445725,79.4154575633368,104.4015850671274,56.84499968728839,141.37697905438762,3.8123898412833057,635.5799775621197,55.27718813145819,Non-Fatigue
