emg_rms,emg_mav,emg_variance,emg_std,emg_waveform_length,emg_zero_crossing,emg_ssc,emg_kurtosis,emg_skewness,emg_peak,emg_median_freq,emg_mean_freq,emg_peak_freq,emg_total_power,emg_power_low,emg_power_mid,emg_power_high,class_name
48.300000891252594,10.73976208672121,2648.231365693567,42.22033738736838,1150689.371525262,12791.558853820032,30374.47783739665,17.78218528307354,-0.179887752306477,578.3549726572077,77.14274785782044,111.46746209039402,59.65074841645401,-204.86220068895503,48.75713868985312,-59.6186232565679,109.86181593813578,Non-Fatigue
