emg_rms,emg_mav,emg_variance,emg_std,emg_waveform_length,emg_zero_crossing,emg_ssc,emg_kurtosis,emg_skewness,emg_peak,emg_median_freq,emg_mean_freq,emg_peak_freq,emg_total_power,emg_power_low,emg_power_mid,emg_power_high,class_name
69.32243612963512,24.44321686128978,931.1949363665284,39.82219668336352,641148.4808710747,9126.522081758914,23750.785341472303,3.795169990067032,0.5269285985377199,432.9904013556858,103.79448600129751,101.16622287429212,60.26075113554552,447.03168404223294,211.59333094058115,341.9366338427095,84.89264541248647,Non-Fatigue
