emg_rms,emg_mav,emg_variance,emg_std,emg_waveform_length,emg_zero_crossing,emg_ssc,emg_kurtosis,emg_skewness,emg_peak,emg_median_freq,emg_mean_freq,emg_peak_freq,emg_total_power,emg_power_low,emg_power_mid,emg_power_high,class_name
65.3313409574447,32.45457084641067,1180.2347930201931,84.21998285064227,388636.2811344844,12153.44657002331,28685.13561198796,19.106547773372856,-0.0552075087044119,408.7036663477109,65.14938231263913,97.8645487721749,54.01802835477729,677.7575968379385,-101.9152986532004,623.5124033074198,106.34811864355044,Non-Fatigue
