emg_rms,emg_mav,emg_variance,emg_std,emg_waveform_length,emg_zero_crossing,emg_ssc,emg_kurtosis,emg_skewness,emg_peak,emg_median_freq,emg_mean_freq,emg_peak_freq,emg_total_power,emg_power_low,emg_power_mid,emg_power_high,class_name
30.457013594167755,18.947423023611776,3677.408774070682,36.88359231520312,534289.3545037775,11859.48459012,28549.597944266377,18.62906446595193,1.303640514135775,435.6473718023225,98.15737624147292,95.93627716665796,68.24122176218968,-344.22702220754576,62.73682131478418,554.230460618059,65.67115085472686,Non-Fatigue
