emg_rms,emg_mav,emg_variance,emg_std,emg_waveform_length,emg_zero_crossing,emg_ssc,emg_kurtosis,emg_skewness,emg_peak,emg_median_freq,emg_mean_freq,emg_peak_freq,emg_total_power,emg_power_low,emg_power_mid,emg_power_high,class_name
84.41482084169085,28.1231347560935,429.7569053142881,44.16826998935412,611429.5969335709,12550.194227547012,27593.272812064268,15.611639901269571,-0.3728795724830475,488.7701664086837,96.47245491167088,95.62516264273091,46.06499206964951,770.6227051115723,-64.32154714063736,450.6670596720837,58.53327047228873,Non-Fatigue
