emg_rms,emg_mav,emg_variance,emg_std,emg_waveform_length,emg_zero_crossing,emg_ssc,emg_kurtosis,emg_skewness,emg_peak,emg_median_freq,emg_mean_freq,emg_peak_freq,emg_total_power,emg_power_low,emg_power_mid,emg_power_high,class_name
24.314628952448217,29.86272472048496,1092.2932191963291,26.82159749344937,606749.817473622,11438.258791476796,29919.774889543845,23.409165091067443,0.97846123107211,365.7251406326653,57.11522559246805,52.438315701331454,57.77567947447129,853.3777354915755,-44.68850519971616,20.42602654570652,46.58282141587283,Non-Fatigue
