emg_rms,emg_mav,emg_variance,emg_std,emg_waveform_length,emg_zero_crossing,emg_ssc,emg_kurtosis,emg_skewness,emg_peak,emg_median_freq,emg_mean_freq,emg_peak_freq,emg_total_power,emg_power_low,emg_power_mid,emg_power_high,class_name
31.537930779673022,18.15712113068091,656.9146965481007,42.8659074335965,686859.1249838001,13404.740581722692,26142.410242271977,18.006602191843,-0.3219870303753149,93.9540679885822,101.43643311680904,115.78803405329828,63.25196200029358,238.43594315833045,198.78975076108705,-28.396367482463404,88.62312511957487,Non-Fatigue
