emg_rms,emg_mav,emg_variance,emg_std,emg_waveform_length,emg_zero_crossing,emg_ssc,emg_kurtosis,emg_skewness,emg_peak,emg_median_freq,emg_mean_freq,emg_peak_freq,emg_total_power,emg_power_low,emg_power_mid,emg_power_high,class_name
19.908634975914133,20.05415649788815,409.66499135035247,30.065434497852333,618193.8758978274,8090.423699395438,32709.94913851576,4.149180033950197,0.8259320509829466,374.2956651391999,82.67958121276574,123.75795794294716,62.786529301660416,126.18191616225216,52.87347452074052,720.7137006819798,70.040264185931,Non-Fatigue
