emg_rms,emg_mav,emg_variance,emg_std,emg_waveform_length,emg_zero_crossing,emg_ssc,emg_kurtosis,emg_skewness,emg_peak,emg_median_freq,emg_mean_freq,emg_peak_freq,emg_total_power,emg_power_low,emg_power_mid,emg_power_high,class_name
27.621971138962863,19.67790446503573,1048.7866010844143,44.5695839915134,451536.5234435615,10449.781659556733,34217.85037910347,15.835777956711445,0.547507635192993,409.3504038638118,75.01986686004636,112.05356386386669,69.22472803087298,-74.78099591992083,-77.1971211618401,255.55583709560852,29.170100685409636,Non-Fatigue
