emg_rms,emg_mav,emg_variance,emg_std,emg_waveform_length,emg_zero_crossing,emg_ssc,emg_kurtosis,emg_skewness,emg_peak,emg_median_freq,emg_mean_freq,emg_peak_freq,emg_total_power,emg_power_low,emg_power_mid,emg_power_high,class_name
19.20809612921256,11.289074170925565,-19.323483109420067,37.65984589528768,239114.48027645852,13892.10956158192,26332.065378621013,7.227804320121296,-2.703927319330409,704.1743414022358,77.61060026361025,94.2579612675748,44.658250604245744,613.4473208141096,133.88663071440425,406.51322103294666,27.61442304471336,Non-Fatigue
