emg_rms,emg_mav,emg_variance,emg_std,emg_waveform_length,emg_zero_crossing,emg_ssc,emg_kurtosis,emg_skewness,emg_peak,emg_median_freq,emg_mean_freq,emg_peak_freq,emg_total_power,emg_power_low,emg_power_mid,emg_power_high,class_name
12.931004504441155,20.160548348009623,1666.505134468625,32.20720586923423,450132.9285618991,11625.579526567128,27071.93733237634,22.188943068715066,1.6508385040429574,428.04489146206976,88.0821746856202,119.75738669537556,58.55913172006015,204.14209612465044,211.0042957480312,686.9266491450308,36.3099802322148,Non-Fatigue
