emg_rms,emg_mav,emg_variance,emg_std,emg_waveform_length,emg_zero_crossing,emg_ssc,emg_kurtosis,emg_skewness,emg_peak,emg_median_freq,emg_mean_freq,emg_peak_freq,emg_total_power,emg_power_low,emg_power_mid,emg_power_high,class_name
19.837384982262314,5.295447255295667,1838.511157006561,16.47693406668758,566919.8080687955,18546.88642914958,22847.241248489783,17.07422890744279,1.1544319779651335,613.3928523256432,72.4939220400589,90.4696311318314,47.55304811720202,394.0813683015091,132.0041853495989,388.3146506920913,35.95531248479948,Non-Fatigue
