emg_rms,emg_mav,emg_variance,emg_std,emg_waveform_length,emg_zero_crossing,emg_ssc,emg_kurtosis,emg_skewness,emg_peak,emg_median_freq,emg_mean_freq,emg_peak_freq,emg_total_power,emg_power_low,emg_power_mid,emg_power_high,class_name
41.8688035484491,15.915013910907922,1561.1549578428935,16.454823692002382,444379.7263428028,8568.33008757868,29037.826338520143,12.700420745703829,-1.4375772584392683,384.8218830907328,71.7856144092048,107.42047468633363,37.92087734734744,-47.444493130021215,91.99836617592644,626.5625588615515,39.25920018452936,Non-Fatigue
