emg_rms,emg_mav,emg_variance,emg_std,emg_waveform_length,emg_zero_crossing,emg_ssc,emg_kurtosis,emg_skewness,emg_peak,emg_median_freq,emg_mean_freq,emg_peak_freq,emg_total_power,emg_power_low,emg_power_mid,emg_power_high,class_name
63.42283256829781,19.76542515333596,36.17761091164357,2.6786752688452395,164586.65445027716,11472.97988817135,24857.393726016624,18.164930348364475,0.5452153408565404,355.8973407060125,95.56721061467422,79.17932236002102,49.18060495045204,28.782192766156925,57.724609006504,642.2203385776163,105.15919285213376,Non-Fatigue
