emg_rms,emg_mav,emg_variance,emg_std,emg_waveform_length,emg_zero_crossing,emg_ssc,emg_kurtosis,emg_skewness,emg_peak,emg_median_freq,emg_mean_freq,emg_peak_freq,emg_total_power,emg_power_low,emg_power_mid,emg_power_high,class_name
63.19409200352,31.03628184592233,4089.3036124110663,19.67075279826169,347322.0371306348,12780.113069835294,24983.61980529347,12.593075060565791,0.1484373936247605,278.565047101042,75.71982894915172,113.50015454200114,61.12557288248329,390.38568574903735,-124.25420107676209,54.51671259118149,73.52819372964697,Non-Fatigue
