emg_rms,emg_mav,emg_variance,emg_std,emg_waveform_length,emg_zero_crossing,emg_ssc,emg_kurtosis,emg_skewness,emg_peak,emg_median_freq,emg_mean_freq,emg_peak_freq,emg_total_power,emg_power_low,emg_power_mid,emg_power_high,class_name
53.96721805073784,13.243423473169669,-296.78140339546417,42.909037680297246,588324.4276433875,6238.878947371269,28394.831130703657,12.746205881711404,1.2922803006725312,706.3314868188927,81.51314056290211,90.71349297070782,64.16209447336132,267.9591878836512,154.92986195758027,-413.0329132161039,73.11644855313438,Non-Fatigue
