emg_rms,emg_mav,emg_variance,emg_std,emg_waveform_length,emg_zero_crossing,emg_ssc,emg_kurtosis,emg_skewness,emg_peak,emg_median_freq,emg_mean_freq,emg_peak_freq,emg_total_power,emg_power_low,emg_power_mid,emg_power_high,class_name
28.81606186753701,17.9047087543082,1935.637184463128,60.53016043765452,531211.204125607,9769.571900009996,28366.15938135219,14.387438172884076,0.6849368846543717,368.24537489148463,47.29312818560835,102.45406719800565,55.87318350386596,582.2754817631167,114.18085421774003,392.0005468827279,54.55480034590912,Non-Fatigue
