emg_rms,emg_mav,emg_variance,emg_std,emg_waveform_length,emg_zero_crossing,emg_ssc,emg_kurtosis,emg_skewness,emg_peak,emg_median_freq,emg_mean_freq,emg_peak_freq,emg_total_power,emg_power_low,emg_power_mid,emg_power_high,class_name
60.23553107082416,13.627322976588877,324.41419766641025,36.70205511564516,543502.7180635761,9911.169054825408,31469.527888017583,5.132545867681657,0.28929963770858,372.9629053841434,89.66473167912369,78.64341471937473,49.577465955760864,835.8944915737694,157.25981094520893,565.035527938782,50.77343424443644,Non-Fatigue
