emg_rms,emg_mav,emg_variance,emg_std,emg_waveform_length,emg_zero_crossing,emg_ssc,emg_kurtosis,emg_skewness,emg_peak,emg_median_freq,emg_mean_freq,emg_peak_freq,emg_total_power,emg_power_low,emg_power_mid,emg_power_high,class_name
17.193034580720077,-3.5000012790029515,2681.0989864151074,58.79695173120648,466775.1092048604,13257.612925922098,23699.244234245307,17.373673024931346,1.498858122998659,408.9893188915136,82.2896966215623,127.88210798820316,68.29435030999997,771.789607180906,138.63574328947078,217.824908637712,37.974006694375305,Non-Fatigue
