emg_rms,emg_mav,emg_variance,emg_std,emg_waveform_length,emg_zero_crossing,emg_ssc,emg_kurtosis,emg_skewness,emg_peak,emg_median_freq,emg_mean_freq,emg_peak_freq,emg_total_power,emg_power_low,emg_power_mid,emg_power_high,class_name
50.81449901787425,7.827523335976583,773.1821892317889,24.410872008821727,778749.2124932309,12391.512901174015,34662.32537407749,13.271526611847232,-0.717047366384972,569.0683082864538,72.2537088361544,92.65784468194995,53.136930236355184,711.4991013612795,32.56722337871779,590.1906037398762,65.14629133062154,Non-Fatigue
