emg_rms,emg_mav,emg_variance,emg_std,emg_waveform_length,emg_zero_crossing,emg_ssc,emg_kurtosis,emg_skewness,emg_peak,emg_median_freq,emg_mean_freq,emg_peak_freq,emg_total_power,emg_power_low,emg_power_mid,emg_power_high,class_name
10.15453394024259,29.621095042786667,3793.8933330411055,55.39246746131678,676537.9240840139,6795.615407508496,24496.20832901669,25.033230851343028,1.5599451101640311,587.6495115651517,61.51426564910858,74.59102316014733,48.68253112234996,-4.676077959303257,124.31503578297486,633.0513813131624,59.316316317985766,Non-Fatigue
