emg_rms,emg_mav,emg_variance,emg_std,emg_waveform_length,emg_zero_crossing,emg_ssc,emg_kurtosis,emg_skewness,emg_peak,emg_median_freq,emg_mean_freq,emg_peak_freq,emg_total_power,emg_power_low,emg_power_mid,emg_power_high,class_name
34.078319956873464,14.532393805230992,2078.577183440748,28.860909494017044,502417.3580103667,17705.799755312466,19749.40213665888,2.5775118375613517,1.3551978200840489,567.4680546228642,65.72978837583629,73.78930898829495,68.12315800085184,606.4615730344974,37.91703832362853,298.6702575511871,49.64639076914576,Non-Fatigue
