emg_rms,emg_mav,emg_variance,emg_std,emg_waveform_length,emg_zero_crossing,emg_ssc,emg_kurtosis,emg_skewness,emg_peak,emg_median_freq,emg_mean_freq,emg_peak_freq,emg_total_power,emg_power_low,emg_power_mid,emg_power_high,class_name
39.63400433245205,34.156265883889795,2587.2672556531656,1.485303744125531,774486.4400057296,17637.13311974808,23130.92516618723,12.006226667341156,1.5964384918198649,398.3474634644596,93.38756747195498,116.93277774474312,60.29778046414853,718.9417682627084,120.49079581175336,477.1741561426214,80.35983470261637,Non-Fatigue
