emg_rms,emg_mav,emg_variance,emg_std,emg_waveform_length,emg_zero_crossing,emg_ssc,emg_kurtosis,emg_skewness,emg_peak,emg_median_freq,emg_mean_freq,emg_peak_freq,emg_total_power,emg_power_low,emg_power_mid,emg_power_high,class_name
64.71138592995005,25.325381776350262,2299.376509322769,39.00184033973914,651517.733413294,11906.89356793698,28767.25923375207,15.172093379930873,-0.4199329178689419,319.2767281311272,94.13277483437204,76.3862294996593,63.43236168238764,39.71476953676557,153.84404036305352,35.40798345937725,44.06296007235533,Non-Fatigue
