emg_rms,emg_mav,emg_variance,emg_std,emg_waveform_length,emg_zero_crossing,emg_ssc,emg_kurtosis,emg_skewness,emg_peak,emg_median_freq,emg_mean_freq,emg_peak_freq,emg_total_power,emg_power_low,emg_power_mid,emg_power_high,class_name
43.46160503906377,15.36676275595775,1126.3235634558548,50.34311507115,416545.7253257022,14802.29617723942,29055.73554058997,7.980763489016033,-1.0378523505829618,405.6381626112315,87.47885902227394,71.26291476109166,57.952505312430944,457.02561906072094,-42.33803067333737,176.3017720369377,65.99999636825456,Non-Fatigue
