emg_rms,emg_mav,emg_variance,emg_std,emg_waveform_length,emg_zero_crossing,emg_ssc,emg_kurtosis,emg_skewness,emg_peak,emg_median_freq,emg_mean_freq,emg_peak_freq,emg_total_power,emg_power_low,emg_power_mid,emg_power_high,class_name
50.45257266896198,18.373140856693546,3530.07164350887,52.37990020433178,464089.71946156776,7038.698237378588,22705.0714404267,21.607235755317262,1.1500504832625014,119.2257461660721,79.7092395365036,76.529815511104,64.64382214003297,430.2437268439587,44.20476865814585,22.88573383993969,41.56557535603663,Non-Fatigue
