emg_rms,emg_mav,emg_variance,emg_std,emg_waveform_length,emg_zero_crossing,emg_ssc,emg_kurtosis,emg_skewness,emg_peak,emg_median_freq,emg_mean_freq,emg_peak_freq,emg_total_power,emg_power_low,emg_power_mid,emg_power_high,class_name
-5.5551951280060266,13.474515322831536,1646.8523068258494,90.87466705362152,424648.7624930826,12032.174355636947,30265.882191224016,20.711601748916664,0.334655430224713,514.3890109226767,77.39656925774966,84.88768630569469,66.51639865033515,947.926528137916,115.36885429156068,53.82509226158192,38.3679258748073,Non-Fatigue
