emg_rms,emg_mav,emg_variance,emg_std,emg_waveform_length,emg_zero_crossing,emg_ssc,emg_kurtosis,emg_skewness,emg_peak,emg_median_freq,emg_mean_freq,emg_peak_freq,emg_total_power,emg_power_low,emg_power_mid,emg_power_high,class_name
32.992226758812706,31.64518162878386,2012.264887655411,43.07543007533452,654798.0012785683,18685.404078420383,25045.26185604537,23.404290664391198,1.1478397695974318,402.4294955576712,58.369167446445374,117.7824558613364,72.7066370393772,-28.57239207738911,77.95307946743831,597.4398776839489,21.59014029248702,Non-Fatigue
