emg_rms,emg_mav,emg_variance,emg_std,emg_waveform_length,emg_zero_crossing,emg_ssc,emg_kurtosis,emg_skewness,emg_peak,emg_median_freq,emg_mean_freq,emg_peak_freq,emg_total_power,emg_power_low,emg_power_mid,emg_power_high,class_name
28.370156178858554,5.469479955410129,548.9117744418236,22.26188120633103,723319.8171115278,8730.163946222721,19957.76318781624,21.74995640270097,0.7019898104999358,334.8177777661663,95.04472605849038,94.908065555979,48.99318660499421,418.0997833521736,194.2357509380943,178.1582109917715,66.06905464233186,Non-Fatigue
