emg_rms,emg_mav,emg_variance,emg_std,emg_waveform_length,emg_zero_crossing,emg_ssc,emg_kurtosis,emg_skewness,emg_peak,emg_median_freq,emg_mean_freq,emg_peak_freq,emg_total_power,emg_power_low,emg_power_mid,emg_power_high,class_name
29.66041093291212,3.942102386435845,571.2728018384341,7.584559973378823,458688.87127350026,11293.070031077828,28978.920760218996,12.626142192529567,0.3661003910807398,355.1826653482452,103.56678823664264,105.09483182184528,44.04397304959679,736.7135495530375,-40.30845592334842,-74.22636321408305,87.58480350688174,Non-Fatigue
