emg_rms,emg_mav,emg_variance,emg_std,emg_waveform_length,emg_zero_crossing,emg_ssc,emg_kurtosis,emg_skewness,emg_peak,emg_median_freq,emg_mean_freq,emg_peak_freq,emg_total_power,emg_power_low,emg_power_mid,emg_power_high,class_name
28.41276918028736,26.7114121229539,888.1318187827671,50.17358524562345,374882.662203546,8132.876325470131,24347.745568532948,9.509982548442036,1.8244810360412549,577.6946643538905,102.58262256356996,73.66146230685945,66.96230818068375,127.60226742783992,81.68979856263825,837.616174693849,38.58236987586239,Non-Fatigue
