emg_rms,emg_mav,emg_variance,emg_std,emg_waveform_length,emg_zero_crossing,emg_ssc,emg_kurtosis,emg_skewness,emg_peak,emg_median_freq,emg_mean_freq,emg_peak_freq,emg_total_power,emg_power_low,emg_power_mid,emg_power_high,class_name
51.69605468242082,19.79923948279331,1686.7390352430982,74.95875556960335,588214.1045929771,14085.162440007742,24689.10399773777,10.82158951092405,0.0202278855688954,448.6048042119537,89.65903103330531,101.33702864658036,67.69085790803382,683.3310700318748,92.5920979236986,109.74867109146793,21.20272943102116,Non-Fatigue
