emg_rms,emg_mav,emg_variance,emg_std,emg_waveform_length,emg_zero_crossing,emg_ssc,emg_kurtosis,emg_skewness,emg_peak,emg_median_freq,emg_mean_freq,emg_peak_freq,emg_total_power,emg_power_low,emg_power_mid,emg_power_high,class_name
72.55901249635181,19.186866964439,-333.470945558676,33.30316051941179,951922.2809747794,10175.801908371815,29766.60983984363,18.01847633274401,0.1795043087749634,517.8169979994815,74.44493433045814,78.5040612323447,50.053458385424335,73.19315971497423,190.6813654428675,419.55234059064566,44.45268294119313,Non-Fatigue
