emg_rms,emg_mav,emg_variance,emg_std,emg_waveform_length,emg_zero_crossing,emg_ssc,emg_kurtosis,emg_skewness,emg_peak,emg_median_freq,emg_mean_freq,emg_peak_freq,emg_total_power,emg_power_low,emg_power_mid,emg_power_high,class_name
43.9683072857969,34.72000076627887,2649.778057250169,62.09280436971272,576430.3305702589,9656.704654409585,22059.811406893023,20.01082976871487,-0.3916282433710573,521.9051381657196,87.74532456163132,75.65321387383541,46.506829705797614,461.395126738386,202.22976570110325,163.87691130270255,103.86323508418424,Non-Fatigue
