emg_rms,emg_mav,emg_variance,emg_std,emg_waveform_length,emg_zero_crossing,emg_ssc,emg_kurtosis,emg_skewness,emg_peak,emg_median_freq,emg_mean_freq,emg_peak_freq,emg_total_power,emg_power_low,emg_power_mid,emg_power_high,class_name
29.754780878326123,20.18103290786849,564.7763277740926,2.8767329414676297,456671.7377470116,16126.235479763856,27915.461121119763,11.250566808998157,0.2849439626949597,395.76494418788207,68.3163476477851,124.1976783395853,40.022059070119816,123.21019882138104,75.53621890805512,121.52499905245936,51.96949967829265,Non-Fatigue
