emg_rms,emg_mav,emg_variance,emg_std,emg_waveform_length,emg_zero_crossing,emg_ssc,emg_kurtosis,emg_skewness,emg_peak,emg_median_freq,emg_mean_freq,emg_peak_freq,emg_total_power,emg_power_low,emg_power_mid,emg_power_high,class_name
33.34674000752952,15.634251993747204,-94.83111207554292,32.08112143619197,623408.2780314481,14064.016642166504,22843.7598703067,10.243370102390989,-0.0312307934725928,580.0010113647662,65.12315918944205,76.41890735565853,67.46489423159225,388.6071778690936,55.27707435718719,476.401604018732,34.04681638043235,Non-Fatigue
