emg_rms,emg_mav,emg_variance,emg_std,emg_waveform_length,emg_zero_crossing,emg_ssc,emg_kurtosis,emg_skewness,emg_peak,emg_median_freq,emg_mean_freq,emg_peak_freq,emg_total_power,emg_power_low,emg_power_mid,emg_power_high,class_name
30.07571450307867,18.886124208227265,326.03487948352154,28.80005806828509,691355.3004961738,12517.107559463804,29823.06252181396,18.56155634958496,1.2206608714610367,443.3760535326631,84.71818486395223,98.10051115207544,51.20695842268568,1004.2290710197476,8.148447264675426,602.0910601037053,57.98309808977015,Non-Fatigue
