emg_rms,emg_mav,emg_variance,emg_std,emg_waveform_length,emg_zero_crossing,emg_ssc,emg_kurtosis,emg_skewness,emg_peak,emg_median_freq,emg_mean_freq,emg_peak_freq,emg_total_power,emg_power_low,emg_power_mid,emg_power_high,class_name
57.97340644780712,20.624888132915693,1187.6315937720096,38.365929951163366,817608.3486297152,9897.201281598936,26589.215483853528,20.100840801678032,0.7600738451009386,558.6931873651992,80.1501330102615,79.9925641124677,48.35930833347727,676.8010758910548,43.51776479032608,411.1509970622307,72.05118242138828,Non-Fatigue
