emg_rms,emg_mav,emg_variance,emg_std,emg_waveform_length,emg_zero_crossing,emg_ssc,emg_kurtosis,emg_skewness,emg_peak,emg_median_freq,emg_mean_freq,emg_peak_freq,emg_total_power,emg_power_low,emg_power_mid,emg_power_high,class_name
35.692993512641,10.89894046402658,2749.0697707692398,22.133492252112468,890938.0869274428,12068.064590927052,29054.94024825089,8.642222339884155,0.8637008533327932,390.0649504159859,74.34878879853325,81.6439343314999,56.711184396061405,432.2917570258339,135.7448645665234,908.708720948546,63.678839046327376,Non-Fatigue
