emg_rms,emg_mav,emg_variance,emg_std,emg_waveform_length,emg_zero_crossing,emg_ssc,emg_kurtosis,emg_skewness,emg_peak,emg_median_freq,emg_mean_freq,emg_peak_freq,emg_total_power,emg_power_low,emg_power_mid,emg_power_high,class_name
52.70232844604973,16.987597134128833,1931.8720811069545,59.066322625379726,481244.2986911708,11910.583002398953,19617.6098412992,10.996232207977766,0.87506696543618,522.2524027554399,69.0253259533474,109.98562233560249,52.78884295730695,508.4446975852938,70.97660162779206,-88.75119181362618,102.49411438220002,Non-Fatigue
