emg_rms,emg_mav,emg_variance,emg_std,emg_waveform_length,emg_zero_crossing,emg_ssc,emg_kurtosis,emg_skewness,emg_peak,emg_median_freq,emg_mean_freq,emg_peak_freq,emg_total_power,emg_power_low,emg_power_mid,emg_power_high,class_name
49.00060774820395,5.507955915599158,4521.804088277162,64.48598875068276,550413.6249211973,18678.1243779062,27678.428957046763,12.817829818788416,1.0357392099402098,624.6975698769924,34.82140456699725,109.25284338310873,65.9883786212018,871.4758698086362,70.63781064285999,196.6015030562033,52.2501051741372,Non-Fatigue
