emg_rms,emg_mav,emg_variance,emg_std,emg_waveform_length,emg_zero_crossing,emg_ssc,emg_kurtosis,emg_skewness,emg_peak,emg_median_freq,emg_mean_freq,emg_peak_freq,emg_total_power,emg_power_low,emg_power_mid,emg_power_high,class_name
65.37598862144108,10.046841763242728,-1404.7719916196963,39.27083649181792,765618.6682116019,13089.683306413102,26276.01061838798,13.539585188575806,-0.6456770569302166,75.47251981190271,77.86615228261049,87.3330337437011,52.66185331786427,574.988167401382,220.54252459396895,594.6034454456067,-14.376450558807749,Non-Fatigue
