emg_rms,emg_mav,emg_variance,emg_std,emg_waveform_length,emg_zero_crossing,emg_ssc,emg_kurtosis,emg_skewness,emg_peak,emg_median_freq,emg_mean_freq,emg_peak_freq,emg_total_power,emg_power_low,emg_power_mid,emg_power_high,class_name
34.7195247183382,26.216671336568936,3272.5471590354723,54.53073416077036,827374.1108234446,10833.923639838787,22846.187607223317,13.338596220004971,-1.528526389033142,603.4421857545929,71.8611332590396,89.65051937077033,64.84865592584191,456.0420214381874,-47.25141298119436,13.878378780324738,2.750966734962624,Non-Fatigue
