emg_rms,emg_mav,emg_variance,emg_std,emg_waveform_length,emg_zero_crossing,emg_ssc,emg_kurtosis,emg_skewness,emg_peak,emg_median_freq,emg_mean_freq,emg_peak_freq,emg_total_power,emg_power_low,emg_power_mid,emg_power_high,class_name
24.679448212659096,13.446503951282567,2237.9258799144354,49.156200294008045,375864.7285391092,14938.142318845335,31427.122575602465,11.844735268080646,0.2040224110326714,403.3392999617601,66.3253818719017,93.05721663096888,63.59169349781665,672.2755089346875,68.3853552661077,456.6119028910727,36.6742185103758,Non-Fatigue
