emg_rms,emg_mav,emg_variance,emg_std,emg_waveform_length,emg_zero_crossing,emg_ssc,emg_kurtosis,emg_skewness,emg_peak,emg_median_freq,emg_mean_freq,emg_peak_freq,emg_total_power,emg_power_low,emg_power_mid,emg_power_high,class_name
43.23107921679248,30.548848584705794,2069.5442915260865,30.16439474505864,785313.3172762811,16557.18047427057,30576.43184102059,6.276656792618512,-0.5213584187835849,365.4064645242509,73.20338254411885,75.77207293181226,35.34944869909099,320.1169405464563,56.630068138087886,157.17275062646996,44.36971786291793,Non-Fatigue
