emg_rms,emg_mav,emg_variance,emg_std,emg_waveform_length,emg_zero_crossing,emg_ssc,emg_kurtosis,emg_skewness,emg_peak,emg_median_freq,emg_mean_freq,emg_peak_freq,emg_total_power,emg_power_low,emg_power_mid,emg_power_high,class_name
50.38287863350491,21.44326675993447,3277.490378950649,35.30635042317881,722712.686268955,14969.845023383332,26456.285454145687,11.910417675918966,0.3537905655402638,229.0405385096958,71.88224673608859,100.281334458863,50.79366833602645,853.9706274619658,190.08347791303717,38.85336206090852,51.02997887126111,Non-Fatigue
