emg_rms,emg_mav,emg_variance,emg_std,emg_waveform_length,emg_zero_crossing,emg_ssc,emg_kurtosis,emg_skewness,emg_peak,emg_median_freq,emg_mean_freq,emg_peak_freq,emg_total_power,emg_power_low,emg_power_mid,emg_power_high,class_name
40.04418698718589,21.574643187457355,480.3995471717012,59.05554552760309,613639.734043919,12098.692626489656,27776.519686229494,17.206432868122064,1.3494786774968546,438.4463345352037,81.98648256493294,93.6229164908142,58.10046916922472,1403.8551923576276,-29.49181655115136,715.453555846693,66.02553828027656,Non-Fatigue
