emg_rms,emg_mav,emg_variance,emg_std,emg_waveform_length,emg_zero_crossing,emg_ssc,emg_kurtosis,emg_skewness,emg_peak,emg_median_freq,emg_mean_freq,emg_peak_freq,emg_total_power,emg_power_low,emg_power_mid,emg_power_high,class_name
21.35368249886367,5.341169495306046,3586.412034722308,46.1348124199403,613275.8660712199,15219.546791614015,23854.47795706901,23.391109235602837,-0.3292892836774227,403.5883919761402,64.65724165619137,88.06998905261919,55.70574391394166,601.8617063934498,-36.30956584080751,897.3044722569427,7.125304527540692,Non-Fatigue
