emg_rms,emg_mav,emg_variance,emg_std,emg_waveform_length,emg_zero_crossing,emg_ssc,emg_kurtosis,emg_skewness,emg_peak,emg_median_freq,emg_mean_freq,emg_peak_freq,emg_total_power,emg_power_low,emg_power_mid,emg_power_high,class_name
47.45389044571917,16.182646353605175,314.9305772027062,63.36129705290945,372925.2015716238,9753.1967935349,33322.43245750036,9.394220924891616,-2.16406670184648,465.04263237891047,84.95192842144418,82.92725263937535,71.42601244351644,-356.88323063584534,16.055584956468543,346.1107416042936,51.16191437729763,Non-Fatigue
