emg_rms,emg_mav,emg_variance,emg_std,emg_waveform_length,emg_zero_crossing,emg_ssc,emg_kurtosis,emg_skewness,emg_peak,emg_median_freq,emg_mean_freq,emg_peak_freq,emg_total_power,emg_power_low,emg_power_mid,emg_power_high,class_name
46.94126191863574,13.178994142969133,1365.5688165903553,26.638982480074617,210665.83604714647,15050.586293730204,27505.901223325836,20.948858016853983,-0.1690415862435688,471.538497230261,94.99370551106182,124.6151651625109,66.44499626412556,1005.9733222760073,-140.86714406975898,519.6781164497258,68.52281572239039,Non-Fatigue
