emg_rms,emg_mav,emg_variance,emg_std,emg_waveform_length,emg_zero_crossing,emg_ssc,emg_kurtosis,emg_skewness,emg_peak,emg_median_freq,emg_mean_freq,emg_peak_freq,emg_total_power,emg_power_low,emg_power_mid,emg_power_high,class_name
42.832967475551136,22.073630693551596,1800.536863280641,58.55504849376276,645077.7229440914,14720.517297396857,29493.43052251983,13.11414095972493,-0.8074440816357323,450.524832278996,55.737269253082815,82.7674530700239,53.50161649933101,624.1377931139402,73.18068054652828,651.1354769643847,8.96153549414744,Non-Fatigue
