emg_rms,emg_mav,emg_variance,emg_std,emg_waveform_length,emg_zero_crossing,emg_ssc,emg_kurtosis,emg_skewness,emg_peak,emg_median_freq,emg_mean_freq,emg_peak_freq,emg_total_power,emg_power_low,emg_power_mid,emg_power_high,class_name
53.83799104085291,10.179464057206989,1102.3174240187418,28.086838579682382,751377.7314250644,9733.288259132496,21964.87146622932,19.857431932914928,-0.5010767884198726,645.2841058820359,61.90763200108682,93.88129866052876,50.93344819838013,1092.1225384084855,132.41767427027813,-217.18873940783263,48.07427090404932,Non-Fatigue
