emg_rms,emg_mav,emg_variance,emg_std,emg_waveform_length,emg_zero_crossing,emg_ssc,emg_kurtosis,emg_skewness,emg_peak,emg_median_freq,emg_mean_freq,emg_peak_freq,emg_total_power,emg_power_low,emg_power_mid,emg_power_high,class_name
28.42052775033121,28.96343083875796,1264.277309787487,36.38026638983547,509260.2681785076,16963.968213571483,30280.98429901889,13.69030903369733,-0.404810543796464,397.9940361401869,85.12168527203043,82.18626656855935,72.16809124175865,474.57486910689744,127.18105283188476,371.78805568365,31.570887239574944,Non-Fatigue
