emg_rms,emg_mav,emg_variance,emg_std,emg_waveform_length,emg_zero_crossing,emg_ssc,emg_kurtosis,emg_skewness,emg_peak,emg_median_freq,emg_mean_freq,emg_peak_freq,emg_total_power,emg_power_low,emg_power_mid,emg_power_high,class_name
27.024470964044436,21.70682976792978,1571.999467295247,48.97754934822761,534685.9557007223,10652.244359883003,22342.622975525694,15.454967671261423,0.3441454246345767,244.0893331700171,93.7481944567045,108.75317097172942,52.253358880816265,1088.0717712375642,-30.84066289011382,675.929680295668,24.42271695028364,Non-Fatigue
