emg_rms,emg_mav,emg_variance,emg_std,emg_waveform_length,emg_zero_crossing,emg_ssc,emg_kurtosis,emg_skewness,emg_peak,emg_median_freq,emg_mean_freq,emg_peak_freq,emg_total_power,emg_power_low,emg_power_mid,emg_power_high,class_name
51.21878612507293,9.320518293301356,2774.576523759104,75.50815366984477,336909.233634355,12179.232360225664,33326.96885138596,20.86724590717561,0.2874798388210229,467.5144155553865,99.50807333287275,70.9425102284837,68.59388959498521,641.1796208074729,104.297760843373,635.755536015135,48.21948835803873,Non-Fatigue
