emg_rms,emg_mav,emg_variance,emg_std,emg_waveform_length,emg_zero_crossing,emg_ssc,emg_kurtosis,emg_skewness,emg_peak,emg_median_freq,emg_mean_freq,emg_peak_freq,emg_total_power,emg_power_low,emg_power_mid,emg_power_high,class_name
72.48580146092547,18.04742111677957,-1422.5052584336856,34.843314240255296,622803.881830557,14587.517289487549,27531.081115678116,18.93927286704493,-0.532209376456898,542.1377038163366,75.82995662776521,92.50448107515928,32.14291500173574,1160.8861382305329,163.43522292951383,278.58237793157826,95.16168357599749,Non-Fatigue
