emg_rms,emg_mav,emg_variance,emg_std,emg_waveform_length,emg_zero_crossing,emg_ssc,emg_kurtosis,emg_skewness,emg_peak,emg_median_freq,emg_mean_freq,emg_peak_freq,emg_total_power,emg_power_low,emg_power_mid,emg_power_high,class_name
29.798344626911813,15.213902238527131,-1250.0558088046375,60.13743358626657,508813.2584134463,12939.23907997122,27008.36234530912,16.916013859022772,1.5485755362783613,346.03650917609025,84.25303186346008,80.65322887257737,64.68237766931576,618.7213041381365,-31.8913547443034,225.9671151782437,25.520204405171363,Non-Fatigue
