emg_rms,emg_mav,emg_variance,emg_std,emg_waveform_length,emg_zero_crossing,emg_ssc,emg_kurtosis,emg_skewness,emg_peak,emg_median_freq,emg_mean_freq,emg_peak_freq,emg_total_power,emg_power_low,emg_power_mid,emg_power_high,class_name
43.57658254319405,16.57248094511668,1849.0099026332591,-8.813729408555616,247116.88083296505,6007.375859689005,21469.768187322472,11.39002956651143,-0.2350134877194631,376.0537933690992,80.68909494970332,97.51128666106496,60.47923055642645,1007.7378100250304,-36.728454567973486,301.95034746430497,124.25036140833664,Non-Fatigue
