emg_rms,emg_mav,emg_variance,emg_std,emg_waveform_length,emg_zero_crossing,emg_ssc,emg_kurtosis,emg_skewness,emg_peak,emg_median_freq,emg_mean_freq,emg_peak_freq,emg_total_power,emg_power_low,emg_power_mid,emg_power_high,class_name
42.622383219415326,16.498394186785916,993.0856389621562,48.502652873200816,562132.0588693036,7107.108829744327,24173.15192867559,11.370178491212435,0.2540332934180638,462.4766602876676,71.75069385421159,99.09703061864968,58.02395426075285,728.0108275299112,128.9685058836942,432.509306144205,28.92460421800256,Non-Fatigue
