emg_rms,emg_mav,emg_variance,emg_std,emg_waveform_length,emg_zero_crossing,emg_ssc,emg_kurtosis,emg_skewness,emg_peak,emg_median_freq,emg_mean_freq,emg_peak_freq,emg_total_power,emg_power_low,emg_power_mid,emg_power_high,class_name
21.409184897984275,17.146560715514784,3708.4135728321953,38.372079293749465,803206.7324684948,13712.55667524727,28034.49757990005,14.954990801591723,1.5474834253119043,463.17219278104034,60.05607644355163,141.3239663897701,64.42868273273798,207.833032668619,-22.853794967485783,387.73317899281193,100.49350131209228,Non-Fatigue
