emg_rms,emg_mav,emg_variance,emg_std,emg_waveform_length,emg_zero_crossing,emg_ssc,emg_kurtosis,emg_skewness,emg_peak,emg_median_freq,emg_mean_freq,emg_peak_freq,emg_total_power,emg_power_low,emg_power_mid,emg_power_high,class_name
47.71167592436436,28.779963451765084,1896.0742618096544,22.820310719976774,408654.74515863176,6026.247926489834,29048.779428290774,11.6548791563442,1.2289020674388569,572.035171466221,89.65532038180565,100.48119141599663,67.85440503858618,46.17618701130107,22.60493763795317,462.6593507173808,54.94372081951221,Non-Fatigue
