emg_rms,emg_mav,emg_variance,emg_std,emg_waveform_length,emg_zero_crossing,emg_ssc,emg_kurtosis,emg_skewness,emg_peak,emg_median_freq,emg_mean_freq,emg_peak_freq,emg_total_power,emg_power_low,emg_power_mid,emg_power_high,class_name
10.988427614000582,13.508627851213737,1937.2933486536467,23.35474000006247,243267.65006744204,12176.561644460886,24633.938840832725,11.774485311995177,0.4349622380958272,552.2028730597857,93.0761565339106,118.44043303894654,49.34081180096355,532.7671163218573,121.04893200590028,611.5259910140226,57.93924453973513,Non-Fatigue
