emg_rms,emg_mav,emg_variance,emg_std,emg_waveform_length,emg_zero_crossing,emg_ssc,emg_kurtosis,emg_skewness,emg_peak,emg_median_freq,emg_mean_freq,emg_peak_freq,emg_total_power,emg_power_low,emg_power_mid,emg_power_high,class_name
36.91981528461884,8.651183268194185,3130.8767031115804,56.44623970153955,512144.5557831031,14588.677412239262,24214.63140163763,16.31764771611304,-1.4118976675840784,494.5834177032,72.06229961510333,93.63264326074152,66.4265530396133,589.3967593656605,-0.3002630740203784,375.3864097117527,91.11895310363208,Non-Fatigue
