emg_rms,emg_mav,emg_variance,emg_std,emg_waveform_length,emg_zero_crossing,emg_ssc,emg_kurtosis,emg_skewness,emg_peak,emg_median_freq,emg_mean_freq,emg_peak_freq,emg_total_power,emg_power_low,emg_power_mid,emg_power_high,class_name
32.06949231734434,23.0286458598314,3838.500172281466,41.76689957466521,602721.4633553864,16998.69685744996,21363.394216272984,24.00260811859865,-0.1310478157332048,654.4186601581466,81.13624657685877,92.71825531079456,62.59586436098465,203.75491590619836,81.68036200714172,757.9251795108752,49.426227470815455,Non-Fatigue
