emg_rms,emg_mav,emg_variance,emg_std,emg_waveform_length,emg_zero_crossing,emg_ssc,emg_kurtosis,emg_skewness,emg_peak,emg_median_freq,emg_mean_freq,emg_peak_freq,emg_total_power,emg_power_low,emg_power_mid,emg_power_high,class_name
43.664750153718586,14.695623012990785,1166.6728858082845,45.38928203940323,490146.0538993036,13103.386570329643,21930.22188375305,17.589387454727564,-2.1441186076940326,399.44333490435525,67.36975368911378,87.16506097194457,68.0857099602594,562.5675360929276,110.305065886505,871.5278540631377,90.01036221913269,Non-Fatigue
