emg_rms,emg_mav,emg_variance,emg_std,emg_waveform_length,emg_zero_crossing,emg_ssc,emg_kurtosis,emg_skewness,emg_peak,emg_median_freq,emg_mean_freq,emg_peak_freq,emg_total_power,emg_power_low,emg_power_mid,emg_power_high,class_name
53.13010182546368,21.64057551180965,2469.3540894372363,67.81094678230636,525106.5721464392,11332.350610517497,20217.862337880943,16.90568187674453,1.220464285345216,376.31126287227073,63.89260969315176,107.87498329240898,57.88607675764678,586.6626674398253,-18.46899707766279,132.19579206261952,75.63549790539113,Non-Fatigue
