emg_rms,emg_mav,emg_variance,emg_std,emg_waveform_length,emg_zero_crossing,emg_ssc,emg_kurtosis,emg_skewness,emg_peak,emg_median_freq,emg_mean_freq,emg_peak_freq,emg_total_power,emg_power_low,emg_power_mid,emg_power_high,class_name
31.14739238105773,25.093851171022216,-168.29324365781622,44.18053287907565,829746.757345727,14678.456268725302,27660.90882801776,18.52670929474577,-0.8751335169914339,355.2965010815387,53.05679387066007,73.33381496430803,58.19807906660245,-128.86236734863536,129.52095562097625,61.4351243704084,31.902670362344285,Non-Fatigue
