emg_rms,emg_mav,emg_variance,emg_std,emg_waveform_length,emg_zero_crossing,emg_ssc,emg_kurtosis,emg_skewness,emg_peak,emg_median_freq,emg_mean_freq,emg_peak_freq,emg_total_power,emg_power_low,emg_power_mid,emg_power_high,class_name
21.316250895658897,27.59173155004369,2078.6063377694845,18.432913244062004,456572.10487731535,16347.060127220891,27704.561156963,18.715782917556822,0.8545428843675186,324.65095984837745,69.80403235388184,89.32053506413364,57.39929032447801,608.6018962609601,137.22488238681868,759.9572090736084,-3.572310847997336,Non-Fatigue
