emg_rms,emg_mav,emg_variance,emg_std,emg_waveform_length,emg_zero_crossing,emg_ssc,emg_kurtosis,emg_skewness,emg_peak,emg_median_freq,emg_mean_freq,emg_peak_freq,emg_total_power,emg_power_low,emg_power_mid,emg_power_high,class_name
40.563611541291536,16.383790814190515,1068.1356206267485,48.10869759157373,977678.020200444,13775.73007092033,22811.38963033587,6.911435405063289,1.0294405225370251,587.5761030606827,95.40916691178728,99.65329108593431,52.052463619314224,323.9003789715516,101.95937938085636,743.689250987931,99.69150167081064,Non-Fatigue
