emg_rms,emg_mav,emg_variance,emg_std,emg_waveform_length,emg_zero_crossing,emg_ssc,emg_kurtosis,emg_skewness,emg_peak,emg_median_freq,emg_mean_freq,emg_peak_freq,emg_total_power,emg_power_low,emg_power_mid,emg_power_high,class_name
44.60040842004193,38.99154235558827,296.81898412229793,35.340104290503184,604817.5790773447,9634.954040276863,28440.71004642955,8.631484567832558,-0.996872556003941,507.0065709769775,71.75377193482456,97.3054492972012,61.15101318809601,209.47085228902617,-57.95097139304039,720.4106395159114,37.37052769115317,Non-Fatigue
