emg_rms,emg_mav,emg_variance,emg_std,emg_waveform_length,emg_zero_crossing,emg_ssc,emg_kurtosis,emg_skewness,emg_peak,emg_median_freq,emg_mean_freq,emg_peak_freq,emg_total_power,emg_power_low,emg_power_mid,emg_power_high,class_name
35.61091985395914,12.900866898685717,1228.8779543921669,52.93621697651149,518783.4806370156,12610.298545781096,22087.56753779916,18.2711980955201,0.7964618840973963,577.7197873492838,68.50644231559944,115.18156330365366,48.10066226733716,550.0580052392903,178.7345288861505,-9.898578630875193,106.90247533590082,Non-Fatigue
