emg_rms,emg_mav,emg_variance,emg_std,emg_waveform_length,emg_zero_crossing,emg_ssc,emg_kurtosis,emg_skewness,emg_peak,emg_median_freq,emg_mean_freq,emg_peak_freq,emg_total_power,emg_power_low,emg_power_mid,emg_power_high,class_name
16.864170920471917,22.893822383936,2550.8002749229404,24.55479260909101,496243.88115384587,13149.55876342615,22309.110907847346,21.206441560842777,2.2143459832348675,411.6751839622842,78.75827873784819,96.74204584146942,47.52226141547803,292.931649333828,122.20486190490745,731.8900316745526,6.474349005197752,Non-Fatigue
