emg_rms,emg_mav,emg_variance,emg_std,emg_waveform_length,emg_zero_crossing,emg_ssc,emg_kurtosis,emg_skewness,emg_peak,emg_median_freq,emg_mean_freq,emg_peak_freq,emg_total_power,emg_power_low,emg_power_mid,emg_power_high,class_name
40.50646664777696,13.899233444656042,375.96900837851945,43.08066921453459,323890.500577868,8875.645024893849,24919.98467278519,13.78546142510018,-1.3275025105358391,501.25143548919687,84.83921219673374,87.9823808747895,49.89679039805642,800.8569853003982,-34.456371034317286,534.5171108412603,20.859478513175283,Non-Fatigue
