emg_rms,emg_mav,emg_variance,emg_std,emg_waveform_length,emg_zero_crossing,emg_ssc,emg_kurtosis,emg_skewness,emg_peak,emg_median_freq,emg_mean_freq,emg_peak_freq,emg_total_power,emg_power_low,emg_power_mid,emg_power_high,class_name
28.647768034599004,17.651040201302365,3762.957127944018,39.388888433740206,510783.2736388324,18142.648807979695,27184.48949389661,8.996869535052866,-2.15116835179741,401.76614829438216,82.91194318357275,79.64476350359732,55.35598951305079,331.0127113436524,63.8380824794994,105.69269364810292,44.363493474168806,Non-Fatigue
