emg_rms,emg_mav,emg_variance,emg_std,emg_waveform_length,emg_zero_crossing,emg_ssc,emg_kurtosis,emg_skewness,emg_peak,emg_median_freq,emg_mean_freq,emg_peak_freq,emg_total_power,emg_power_low,emg_power_mid,emg_power_high,class_name
64.94742697864321,30.41545333866589,925.1071858160664,58.83036972465847,359908.2255502317,1115.4317090024942,24757.563016061944,16.677036294409294,-0.7253305641140163,443.7543623452567,84.34101802964472,86.82254290565861,61.25835614435397,685.9682406763546,104.99531194956133,341.3705969233432,155.43683291909667,Non-Fatigue
