emg_rms,emg_mav,emg_variance,emg_std,emg_waveform_length,emg_zero_crossing,emg_ssc,emg_kurtosis,emg_skewness,emg_peak,emg_median_freq,emg_mean_freq,emg_peak_freq,emg_total_power,emg_power_low,emg_power_mid,emg_power_high,class_name
30.3352051303094,27.242186459865987,1105.8524428187702,32.5905100181075,185935.5554090928,16454.667611280547,25345.97230405026,12.273777776695642,0.7489827316095001,763.4232019536486,90.24521861380212,85.9354711157726,63.67070737123883,634.7649121288617,102.19038926130006,-151.38643449317692,94.25612636724144,Non-Fatigue
