emg_rms,emg_mav,emg_variance,emg_std,emg_waveform_length,emg_zero_crossing,emg_ssc,emg_kurtosis,emg_skewness,emg_peak,emg_median_freq,emg_mean_freq,emg_peak_freq,emg_total_power,emg_power_low,emg_power_mid,emg_power_high,class_name
22.672949564909125,8.14760104656247,621.7278798157879,24.990220148179908,237866.36530798976,13569.474344767475,25051.214249088716,14.400615839929204,-1.8007153001638576,658.4718056015942,75.70311809165658,83.41891662233029,62.82520444616596,94.34175329631836,232.9776677274552,462.5951810506287,87.0438913116265,Non-Fatigue
