emg_rms,emg_mav,emg_variance,emg_std,emg_waveform_length,emg_zero_crossing,emg_ssc,emg_kurtosis,emg_skewness,emg_peak,emg_median_freq,emg_mean_freq,emg_peak_freq,emg_total_power,emg_power_low,emg_power_mid,emg_power_high,class_name
57.91499506865576,27.11092235707873,3755.0867618519874,49.54389554620565,873437.4958131536,16517.456507024093,25729.166540861203,21.840260411632396,0.948911843392644,342.9025325613586,86.49122913564806,103.44231973864994,65.92356258601882,524.2918994299744,9.146974926221503,15.92105916522138,43.22225690773856,Non-Fatigue
