emg_rms,emg_mav,emg_variance,emg_std,emg_waveform_length,emg_zero_crossing,emg_ssc,emg_kurtosis,emg_skewness,emg_peak,emg_median_freq,emg_mean_freq,emg_peak_freq,emg_total_power,emg_power_low,emg_power_mid,emg_power_high,class_name
40.60361561249661,14.755529429755626,1848.6862181002828,20.10664954094653,360068.7827058152,12420.89298260643,25031.634035201187,17.677797151289944,0.6913021325305968,356.67158447815046,79.78540543732733,95.16194008079988,45.36091853999382,277.0884587731292,57.670550729015545,519.4562406523345,10.611388030405813,Non-Fatigue
