emg_rms,emg_mav,emg_variance,emg_std,emg_waveform_length,emg_zero_crossing,emg_ssc,emg_kurtosis,emg_skewness,emg_peak,emg_median_freq,emg_mean_freq,emg_peak_freq,emg_total_power,emg_power_low,emg_power_mid,emg_power_high,class_name
5.03277802956255,6.500554276717088,4112.04610207568,33.99903034299001,459025.4244336502,13384.307626848107,17052.142736062422,20.162396125894627,1.103934947745454,565.9111599888175,57.21296971643457,86.76128887238193,53.642742373747325,1373.7655539591094,67.42059279001188,99.16424920796403,20.825317467333825,Non-Fatigue
