emg_rms,emg_mav,emg_variance,emg_std,emg_waveform_length,emg_zero_crossing,emg_ssc,emg_kurtosis,emg_skewness,emg_peak,emg_median_freq,emg_mean_freq,emg_peak_freq,emg_total_power,emg_power_low,emg_power_mid,emg_power_high,class_name
40.679136427499685,6.135923526728787,3135.4007042237363,48.93539885311343,507399.4932355119,16031.585774793646,21322.074290537574,10.788271694911888,0.0459521570100654,385.3914513017455,68.2629205708865,77.60813079034156,49.23688245390744,-67.59236706321059,200.05275288405045,270.8216990931375,78.94942411165711,Non-Fatigue
