emg_rms,emg_mav,emg_variance,emg_std,emg_waveform_length,emg_zero_crossing,emg_ssc,emg_kurtosis,emg_skewness,emg_peak,emg_median_freq,emg_mean_freq,emg_peak_freq,emg_total_power,emg_power_low,emg_power_mid,emg_power_high,class_name
41.32704313736927,26.942722074005204,1104.5475754513664,59.50699138664649,581286.7231699579,10534.032233269962,29517.35560635562,15.43152434168146,0.960996188081064,518.7221026547219,60.20724777452845,72.4025386890454,59.09560318226449,1255.186528318036,72.45015103411707,1006.9441462239718,111.6327044461999,Non-Fatigue
