emg_rms,emg_mav,emg_variance,emg_std,emg_waveform_length,emg_zero_crossing,emg_ssc,emg_kurtosis,emg_skewness,emg_peak,emg_median_freq,emg_mean_freq,emg_peak_freq,emg_total_power,emg_power_low,emg_power_mid,emg_power_high,class_name
60.02036509278037,14.456935912130692,2076.8868438084983,52.946765217596194,1027739.887694152,19356.989106308785,24725.905321723552,19.56842300564739,0.2750500643229666,447.0599488998339,95.73883108482768,81.0539725883937,55.139195918522624,699.7453168927279,149.2980303557012,621.7555469114711,62.674346935895066,Non-Fatigue
