emg_rms,emg_mav,emg_variance,emg_std,emg_waveform_length,emg_zero_crossing,emg_ssc,emg_kurtosis,emg_skewness,emg_peak,emg_median_freq,emg_mean_freq,emg_peak_freq,emg_total_power,emg_power_low,emg_power_mid,emg_power_high,class_name
30.036093765142496,10.517862620941893,2001.1933832076804,28.472028957572483,554447.1378012857,14210.959350725763,25884.87654426096,15.70964045929776,-2.2862705452687493,401.1371192392822,69.73598064935703,61.25343850860272,47.11682765733119,-408.73043293685856,231.61182970400932,172.28416708482231,135.8614277762593,Non-Fatigue
