emg_rms,emg_mav,emg_variance,emg_std,emg_waveform_length,emg_zero_crossing,emg_ssc,emg_kurtosis,emg_skewness,emg_peak,emg_median_freq,emg_mean_freq,emg_peak_freq,emg_total_power,emg_power_low,emg_power_mid,emg_power_high,class_name
27.452641280652017,1.0974656719321274,3025.5379285468807,51.9631709892254,574850.7867823768,14963.423505184812,31540.66549297867,25.421029123982493,0.5606020119503304,216.83808154556027,82.8947349926677,77.9247554628596,61.56187867673428,319.0182371267131,-93.05435183739684,297.23474458740054,62.76410105563238,Non-Fatigue
