emg_rms,emg_mav,emg_variance,emg_std,emg_waveform_length,emg_zero_crossing,emg_ssc,emg_kurtosis,emg_skewness,emg_peak,emg_median_freq,emg_mean_freq,emg_peak_freq,emg_total_power,emg_power_low,emg_power_mid,emg_power_high,class_name
44.28390377255808,25.30884889973335,956.321574708992,34.77051839691075,821333.5069173119,13675.158130055706,16204.062583632258,12.37042916642069,1.8641204214127605,398.7648511201288,62.97301095754006,92.10402966101132,36.17685466866804,97.43481127791114,110.61949006752872,-107.4050173624521,4.006164307419645,Non-Fatigue
