emg_rms,emg_mav,emg_variance,emg_std,emg_waveform_length,emg_zero_crossing,emg_ssc,emg_kurtosis,emg_skewness,emg_peak,emg_median_freq,emg_mean_freq,emg_peak_freq,emg_total_power,emg_power_low,emg_power_mid,emg_power_high,class_name
33.23115293922729,21.32628892549484,612.2705811427913,57.37409366703149,769318.6314736564,11112.477029912026,21757.058375564928,18.01459161740388,-0.1060091754580513,31.9190466279444,64.07219602178343,100.8108339288739,52.41697965124952,12.826522114130398,133.3740406664124,55.13545026936151,72.02160575923845,Non-Fatigue
