emg_rms,emg_mav,emg_variance,emg_std,emg_waveform_length,emg_zero_crossing,emg_ssc,emg_kurtosis,emg_skewness,emg_peak,emg_median_freq,emg_mean_freq,emg_peak_freq,emg_total_power,emg_power_low,emg_power_mid,emg_power_high,class_name
47.1167121019407,20.010860628544823,1817.6694338362945,51.47830941114407,708497.6441129193,12218.535412661622,27057.23852593073,7.91415413417789,1.7558813184168152,456.6083408913239,86.52027797969411,79.59070215401304,53.20197447447354,533.6658006056297,136.13083008952967,169.4370449411499,81.68985477934544,Non-Fatigue
