emg_rms,emg_mav,emg_variance,emg_std,emg_waveform_length,emg_zero_crossing,emg_ssc,emg_kurtosis,emg_skewness,emg_peak,emg_median_freq,emg_mean_freq,emg_peak_freq,emg_total_power,emg_power_low,emg_power_mid,emg_power_high,class_name
33.80906547041304,5.769453186135497,5.765862914923446,24.666348266344563,524156.6405475653,15385.912465270963,30467.15167033217,18.04176834671052,0.4674795731630731,329.0205329605224,58.99131358400833,94.76848644992684,69.3519384586941,-102.06007601576124,53.35575812352363,404.626787768646,73.71957569620793,Non-Fatigue
