emg_rms,emg_mav,emg_variance,emg_std,emg_waveform_length,emg_zero_crossing,emg_ssc,emg_kurtosis,emg_skewness,emg_peak,emg_median_freq,emg_mean_freq,emg_peak_freq,emg_total_power,emg_power_low,emg_power_mid,emg_power_high,class_name
17.721166044385626,9.631695536506523,1296.7023776103383,-10.453133263104782,721318.8893423341,7056.46049212392,29911.39833594545,15.706077043598116,1.5781655551920757,446.4010941308104,95.19624401833114,102.6542018788246,70.87025159317064,276.6510262432104,16.93615703812619,704.9972520484619,51.94767227435868,Non-Fatigue
