emg_rms,emg_mav,emg_variance,emg_std,emg_waveform_length,emg_zero_crossing,emg_ssc,emg_kurtosis,emg_skewness,emg_peak,emg_median_freq,emg_mean_freq,emg_peak_freq,emg_total_power,emg_power_low,emg_power_mid,emg_power_high,class_name
65.69530383020373,23.044547142097606,1062.1154102289847,40.80207119570118,595766.9105259945,14574.379253600917,28759.43515246596,9.518200365962723,0.7367837495542933,165.01106746333278,63.27953359354399,61.52622131730409,57.08305661831239,255.19173171238697,252.3487590040574,639.6047175115376,104.34844373141593,Non-Fatigue
