emg_rms,emg_mav,emg_variance,emg_std,emg_waveform_length,emg_zero_crossing,emg_ssc,emg_kurtosis,emg_skewness,emg_peak,emg_median_freq,emg_mean_freq,emg_peak_freq,emg_total_power,emg_power_low,emg_power_mid,emg_power_high,class_name
47.46782511635763,19.33608542225573,2540.632466447101,35.36935624804433,775880.5042289802,12171.215990972029,17170.1312491341,14.13997852715346,0.8143963152234089,350.2064309014225,66.65357103812202,60.83978123492176,76.63036371475441,53.13526079200665,41.13968765640005,399.98867304996566,127.45972033632609,Non-Fatigue
