emg_rms,emg_mav,emg_variance,emg_std,emg_waveform_length,emg_zero_crossing,emg_ssc,emg_kurtosis,emg_skewness,emg_peak,emg_median_freq,emg_mean_freq,emg_peak_freq,emg_total_power,emg_power_low,emg_power_mid,emg_power_high,class_name
30.518017230577087,25.048271621450382,1068.029850249516,46.85821763009869,319045.4995064956,14507.931947951369,30679.069550912416,24.38006891458423,-0.2949451313116985,217.70069608825847,55.89498137668899,95.35461469620944,64.38376183682992,559.1115210567795,12.409469076941242,335.7512017002291,74.73418309884192,Non-Fatigue
