emg_rms,emg_mav,emg_variance,emg_std,emg_waveform_length,emg_zero_crossing,emg_ssc,emg_kurtosis,emg_skewness,emg_peak,emg_median_freq,emg_mean_freq,emg_peak_freq,emg_total_power,emg_power_low,emg_power_mid,emg_power_high,class_name
30.147782191072537,16.753829254353324,2006.21423094365,35.845776615877526,681167.868361332,13178.12486986449,30653.15678095276,19.44212511626042,1.2038571989323812,411.1189054985643,86.74793538067176,102.21898669617528,53.315545689325575,813.246811130255,119.42586448646372,-135.38632904423008,69.01216696710433,Non-Fatigue
