emg_rms,emg_mav,emg_variance,emg_std,emg_waveform_length,emg_zero_crossing,emg_ssc,emg_kurtosis,emg_skewness,emg_peak,emg_median_freq,emg_mean_freq,emg_peak_freq,emg_total_power,emg_power_low,emg_power_mid,emg_power_high,class_name
0.6922985790732241,16.802298808539653,2931.6244108209485,33.30347410013833,560221.946057568,15667.728000990855,24025.468696194603,15.569880674669266,0.3421468312126242,462.8873603448525,86.8398859677155,92.34920378466364,57.22613298154392,-335.4584810560553,141.5696712752365,-146.99902627458005,60.63190904726183,Non-Fatigue
