emg_rms,emg_mav,emg_variance,emg_std,emg_waveform_length,emg_zero_crossing,emg_ssc,emg_kurtosis,emg_skewness,emg_peak,emg_median_freq,emg_mean_freq,emg_peak_freq,emg_total_power,emg_power_low,emg_power_mid,emg_power_high,class_name
52.6042538948649,27.42198133776199,4353.6506925188405,37.51394168309032,504418.6689656799,14504.638338459576,32163.14263417784,6.92242874800054,-0.6630873050401317,334.683264539332,106.23687801524464,75.55369939441843,29.74328194819099,29.356827757158385,89.7596739508564,444.03549337748416,79.2733700428305,Non-Fatigue
