emg_rms,emg_mav,emg_variance,emg_std,emg_waveform_length,emg_zero_crossing,emg_ssc,emg_kurtosis,emg_skewness,emg_peak,emg_median_freq,emg_mean_freq,emg_peak_freq,emg_total_power,emg_power_low,emg_power_mid,emg_power_high,class_name
31.182075796785803,16.64731308516175,3829.6897459662296,57.98557991232009,636343.2038497643,21243.92356355796,21793.16659311113,15.839093130280178,1.3275820486151169,376.4047840936212,98.75750869896132,75.44307848097,71.07953909318687,-50.38826490259294,56.637685313044415,1180.8338304684482,66.92103951186623,Non-Fatigue
