emg_rms,emg_mav,emg_variance,emg_std,emg_waveform_length,emg_zero_crossing,emg_ssc,emg_kurtosis,emg_skewness,emg_peak,emg_median_freq,emg_mean_freq,emg_peak_freq,emg_total_power,emg_power_low,emg_power_mid,emg_power_high,class_name
28.58408609605941,33.488807342770606,-918.3649085271164,5.8669104458607535,555730.8312605207,11354.494981569778,23640.48524169085,15.732785014900973,0.11555233856884,465.4526553868511,80.83748457006641,101.06571934263212,44.59326250254231,428.3835677837648,260.676349039608,592.8951651768086,63.50867422043103,Non-Fatigue
