emg_rms,emg_mav,emg_variance,emg_std,emg_waveform_length,emg_zero_crossing,emg_ssc,emg_kurtosis,emg_skewness,emg_peak,emg_median_freq,emg_mean_freq,emg_peak_freq,emg_total_power,emg_power_low,emg_power_mid,emg_power_high,class_name
30.05559667358617,11.557999811282484,-1379.3889252465312,31.28891694230205,605927.8436088414,14512.654081050949,26316.903937407264,17.71916075082615,1.88240515416842,348.51533220209456,69.73976577566016,116.74729744568867,56.71732964998551,1382.029723474173,206.484754199179,346.595097194633,77.54334215661541,Non-Fatigue
