emg_rms,emg_mav,emg_variance,emg_std,emg_waveform_length,emg_zero_crossing,emg_ssc,emg_kurtosis,emg_skewness,emg_peak,emg_median_freq,emg_mean_freq,emg_peak_freq,emg_total_power,emg_power_low,emg_power_mid,emg_power_high,class_name
75.55017317187813,17.26893877169994,2279.1159335902216,51.20485233499441,507349.0770888749,8655.484585574333,26669.22783710967,27.349347187638188,-0.880579436278427,497.0877711073717,71.43639390448114,93.3875919443864,62.01941794615292,143.1225423179074,-52.69538739758225,59.703672717157616,85.75449474673877,Non-Fatigue
