emg_rms,emg_mav,emg_variance,emg_std,emg_waveform_length,emg_zero_crossing,emg_ssc,emg_kurtosis,emg_skewness,emg_peak,emg_median_freq,emg_mean_freq,emg_peak_freq,emg_total_power,emg_power_low,emg_power_mid,emg_power_high,class_name
40.759015249892,13.331344946699163,2668.7688044604133,46.57879405227271,1014155.1293100152,11722.144290932618,29433.891402460285,8.115616816179042,2.281374066037801,453.0100363514711,77.79802623209729,85.1226659089593,68.7286658263784,916.2911777954334,139.29905631568909,748.116910401009,64.86333019320752,Non-Fatigue
