emg_rms,emg_mav,emg_variance,emg_std,emg_waveform_length,emg_zero_crossing,emg_ssc,emg_kurtosis,emg_skewness,emg_peak,emg_median_freq,emg_mean_freq,emg_peak_freq,emg_total_power,emg_power_low,emg_power_mid,emg_power_high,class_name
43.32434763514439,8.20119775363352,1686.7051687699568,17.693599382935673,180431.90126168905,14297.205075193548,29222.367720837097,18.79117978897013,1.2215901773350184,253.77368919925823,67.70850307048532,101.30478243855872,57.11826907542913,1299.472290987413,127.7311886446418,97.31532920256782,85.16087263731396,Non-Fatigue
