emg_rms,emg_mav,emg_variance,emg_std,emg_waveform_length,emg_zero_crossing,emg_ssc,emg_kurtosis,emg_skewness,emg_peak,emg_median_freq,emg_mean_freq,emg_peak_freq,emg_total_power,emg_power_low,emg_power_mid,emg_power_high,class_name
33.49076151016423,20.11571723688573,2949.2272554612737,34.359971862212696,644895.0314043518,10469.955440807778,23866.109334442368,15.493767276784316,3.9973942391171136,361.5085332596866,62.21802810637581,94.2084877867674,60.9383184283918,139.2489831128732,30.006267336172144,320.6465419803605,9.529044075447295,Non-Fatigue
