emg_rms,emg_mav,emg_variance,emg_std,emg_waveform_length,emg_zero_crossing,emg_ssc,emg_kurtosis,emg_skewness,emg_peak,emg_median_freq,emg_mean_freq,emg_peak_freq,emg_total_power,emg_power_low,emg_power_mid,emg_power_high,class_name
52.87697316186384,25.871413715143238,-737.4969376759175,44.04856103144889,297258.52829370106,10584.854529610602,30623.22002988966,6.956316827984091,0.3093121499060886,414.1073742616702,71.01154829125358,94.6247911257594,47.832918850560425,867.4859534228751,-16.134179701992736,227.91282965743187,73.57366958255498,Non-Fatigue
