emg_rms,emg_mav,emg_variance,emg_std,emg_waveform_length,emg_zero_crossing,emg_ssc,emg_kurtosis,emg_skewness,emg_peak,emg_median_freq,emg_mean_freq,emg_peak_freq,emg_total_power,emg_power_low,emg_power_mid,emg_power_high,class_name
34.962725273090285,28.29467318077363,3114.945328459864,23.51781543931445,758726.3184908587,15478.268333889042,27575.616957371494,15.58698064365448,0.9216500606955718,333.94033116274545,87.12431316482511,107.64226550578162,42.67187752400744,640.0597608096002,55.93521088215296,203.4682803808944,24.50142206886298,Non-Fatigue
