emg_rms,emg_mav,emg_variance,emg_std,emg_waveform_length,emg_zero_crossing,emg_ssc,emg_kurtosis,emg_skewness,emg_peak,emg_median_freq,emg_mean_freq,emg_peak_freq,emg_total_power,emg_power_low,emg_power_mid,emg_power_high,class_name
68.73846875464727,18.610582875966465,1431.936150065984,48.81265469482766,861624.407940776,10723.754100918446,28274.788883567235,22.776609514220876,0.1043698763199255,365.1209226858236,83.96583566936638,129.84012936201617,64.19887877782296,349.1029882609522,-70.62947467382887,528.6403204124076,67.42238491819154,Non-Fatigue
