emg_rms,emg_mav,emg_variance,emg_std,emg_waveform_length,emg_zero_crossing,emg_ssc,emg_kurtosis,emg_skewness,emg_peak,emg_median_freq,emg_mean_freq,emg_peak_freq,emg_total_power,emg_power_low,emg_power_mid,emg_power_high,class_name
14.628396862632544,25.60122438133563,-621.1802565994979,46.83302770930602,531880.9091933935,15451.52834002688,31291.16987432561,14.622093869158078,-0.1766381538688318,529.0679238684154,69.68337410557649,109.92968643005013,66.65030516894025,234.5201356955981,201.5195629975684,16.062934540333913,28.17045819012563,Non-Fatigue
