emg_rms,emg_mav,emg_variance,emg_std,emg_waveform_length,emg_zero_crossing,emg_ssc,emg_kurtosis,emg_skewness,emg_peak,emg_median_freq,emg_mean_freq,emg_peak_freq,emg_total_power,emg_power_low,emg_power_mid,emg_power_high,class_name
5.715514137822972,3.2171461906871013,-498.75604757483984,22.915776680939228,744408.3124369947,11626.61419092273,27401.781568603503,9.175873727056118,1.4008669557961193,474.2826259223382,93.15440063501497,95.5213499368343,51.82585811882782,-221.5003797915272,122.1588894323786,339.9023566341002,28.07853283814178,Non-Fatigue
