emg_rms,emg_mav,emg_variance,emg_std,emg_waveform_length,emg_zero_crossing,emg_ssc,emg_kurtosis,emg_skewness,emg_peak,emg_median_freq,emg_mean_freq,emg_peak_freq,emg_total_power,emg_power_low,emg_power_mid,emg_power_high,class_name
9.408218077154835,26.918940224335564,-325.7867581256253,56.66380963570162,646154.6234510053,18196.1930399882,30029.600854345543,4.0789596297411865,0.6382804196043852,579.1878773866451,78.76004403450037,88.4224953960565,58.734414000732016,370.11543719285,245.5119356506014,230.76983765644167,56.46514296989995,Non-Fatigue
