emg_rms,emg_mav,emg_variance,emg_std,emg_waveform_length,emg_zero_crossing,emg_ssc,emg_kurtosis,emg_skewness,emg_peak,emg_median_freq,emg_mean_freq,emg_peak_freq,emg_total_power,emg_power_low,emg_power_mid,emg_power_high,class_name
107.15618531836236,10.378345697086356,2439.438923060376,38.69399833666424,451749.5045784917,10242.971572280734,30261.13665624568,13.221469522107064,-0.9924570474781604,509.3309106467356,76.32609944675674,107.53810988121342,69.74051377471025,536.5427939794597,-96.66592462643932,134.4273541998618,47.55970204993584,Non-Fatigue
