emg_rms,emg_mav,emg_variance,emg_std,emg_waveform_length,emg_zero_crossing,emg_ssc,emg_kurtosis,emg_skewness,emg_peak,emg_median_freq,emg_mean_freq,emg_peak_freq,emg_total_power,emg_power_low,emg_power_mid,emg_power_high,class_name
42.95510535175232,25.125501131159552,1620.1250130066603,36.785834166170645,506340.6598055015,19516.05914622645,27890.86593552119,18.37244714694159,1.661064589183721,424.9646319544632,70.702607772689,78.07745205788348,68.5744757257077,474.5377830909584,118.08151041033376,571.725503201506,42.70208387900308,Non-Fatigue
