emg_rms,emg_mav,emg_variance,emg_std,emg_waveform_length,emg_zero_crossing,emg_ssc,emg_kurtosis,emg_skewness,emg_peak,emg_median_freq,emg_mean_freq,emg_peak_freq,emg_total_power,emg_power_low,emg_power_mid,emg_power_high,class_name
50.92625647881914,27.35320269025461,2220.0041064900984,25.261191968578995,300763.165802347,10370.627263320606,31441.640417655715,10.27753840327832,0.5640707056377126,457.6301709944031,82.74900665926918,110.33164790792068,55.864938466045295,368.5551193105424,53.30593560613399,-80.92131292574783,95.87181271349816,Non-Fatigue
