emg_rms,emg_mav,emg_variance,emg_std,emg_waveform_length,emg_zero_crossing,emg_ssc,emg_kurtosis,emg_skewness,emg_peak,emg_median_freq,emg_mean_freq,emg_peak_freq,emg_total_power,emg_power_low,emg_power_mid,emg_power_high,class_name
2.0101842499098908,8.29246620867632,2060.070037097076,24.379670830309173,475873.6106478121,17492.80609613502,21945.32933969354,13.565298873612008,-0.4918997348247657,525.6244417938144,52.69676777457276,82.68715530652888,61.76511152974268,1000.9683117243452,267.0032726474032,942.252835457848,34.033106668282635,Non-Fatigue
