emg_rms,emg_mav,emg_variance,emg_std,emg_waveform_length,emg_zero_crossing,emg_ssc,emg_kurtosis,emg_skewness,emg_peak,emg_median_freq,emg_mean_freq,emg_peak_freq,emg_total_power,emg_power_low,emg_power_mid,emg_power_high,class_name
60.42671884920347,21.482421962030184,773.7309765606396,29.40562992712172,735036.3362754242,14764.09357287192,23162.894714429287,15.022704361634467,0.4063591069334488,544.6777738283876,79.32260614919925,75.93885897364305,55.15552971976794,135.33543062814778,7.635117925946815,221.0951842039832,18.94884124233508,Non-Fatigue
