emg_rms,emg_mav,emg_variance,emg_std,emg_waveform_length,emg_zero_crossing,emg_ssc,emg_kurtosis,emg_skewness,emg_peak,emg_median_freq,emg_mean_freq,emg_peak_freq,emg_total_power,emg_power_low,emg_power_mid,emg_power_high,class_name
66.34086703352236,24.711365621195892,-960.1102533726088,24.8419194119116,749513.7278551173,13679.666244323724,32304.35115348819,9.530183905041431,1.5514855003870167,619.3643322071221,78.32925501833078,107.95219543325884,53.59198289641572,1023.9354996543498,20.503370238615744,143.8797158865505,44.02441828329372,Non-Fatigue
