emg_rms,emg_mav,emg_variance,emg_std,emg_waveform_length,emg_zero_crossing,emg_ssc,emg_kurtosis,emg_skewness,emg_peak,emg_median_freq,emg_mean_freq,emg_peak_freq,emg_total_power,emg_power_low,emg_power_mid,emg_power_high,class_name
29.334533889162422,20.299414535707054,1481.643703963564,55.11963828829606,844418.224062115,16387.238754469046,29118.157544159967,22.549018083305658,-1.888491260398504,657.5218027666735,81.82188653205554,70.56485993668042,74.85952646693333,-279.85751812178154,198.6296895357458,1240.8601911361498,53.96080618802093,Non-Fatigue
