emg_rms,emg_mav,emg_variance,emg_std,emg_waveform_length,emg_zero_crossing,emg_ssc,emg_kurtosis,emg_skewness,emg_peak,emg_median_freq,emg_mean_freq,emg_peak_freq,emg_total_power,emg_power_low,emg_power_mid,emg_power_high,class_name
59.7500861758548,9.448121753800375,1718.333287691563,40.86228458761687,475593.9575203286,12987.079041410963,23734.4419562488,14.0826396648286,-1.1273727407785148,572.5362710596532,71.97261151923655,76.11502676950064,52.96504394881536,-51.77235115729263,40.919451293563846,236.21125948793036,-23.25999289605977,Non-Fatigue
