emg_rms,emg_mav,emg_variance,emg_std,emg_waveform_length,emg_zero_crossing,emg_ssc,emg_kurtosis,emg_skewness,emg_peak,emg_median_freq,emg_mean_freq,emg_peak_freq,emg_total_power,emg_power_low,emg_power_mid,emg_power_high,class_name
47.93455506759746,6.920923298337378,10.625690885258336,60.43269069645535,602707.852471123,11009.173978931296,25757.369831797303,21.677676257021677,0.3753580852560549,491.5803238461273,79.35479169078717,80.99200778140103,52.60127954894028,348.13973524759155,223.45552245596068,162.90117438389692,49.017422753509706,Non-Fatigue
