emg_rms,emg_mav,emg_variance,emg_std,emg_waveform_length,emg_zero_crossing,emg_ssc,emg_kurtosis,emg_skewness,emg_peak,emg_median_freq,emg_mean_freq,emg_peak_freq,emg_total_power,emg_power_low,emg_power_mid,emg_power_high,class_name
50.03704869454894,21.99461188177574,2211.14695879288,53.92905079394146,367770.3396230154,11687.356290435044,23689.77186506225,15.618666001186668,1.51487264614134,399.5704319709975,96.50329180637416,92.42515732775117,68.34592169937046,837.9329614839455,15.618913484035858,93.1825056818873,43.28291567013619,Non-Fatigue
