emg_rms,emg_mav,emg_variance,emg_std,emg_waveform_length,emg_zero_crossing,emg_ssc,emg_kurtosis,emg_skewness,emg_peak,emg_median_freq,emg_mean_freq,emg_peak_freq,emg_total_power,emg_power_low,emg_power_mid,emg_power_high,class_name
7.62254814784081,19.6780251160579,-143.88834265229366,17.656992864352972,609064.5267262863,12725.141439789377,23649.376009924497,23.377912555623087,1.1615620275097045,628.5181685750135,92.46545832027094,98.85123739753222,46.490836484533936,1009.8145749650984,97.95947765536916,-77.11568913617032,62.763683981733486,Non-Fatigue
