emg_rms,emg_mav,emg_variance,emg_std,emg_waveform_length,emg_zero_crossing,emg_ssc,emg_kurtosis,emg_skewness,emg_peak,emg_median_freq,emg_mean_freq,emg_peak_freq,emg_total_power,emg_power_low,emg_power_mid,emg_power_high,class_name
54.37234223179872,31.93516720246633,3213.0996348929134,51.71690051347287,621977.5013874548,15245.939281537045,22125.190525424223,8.973865501774327,-0.1329052201961708,208.06114688271987,114.10069085910628,81.58646740834352,53.21079833055944,350.8138349054208,65.41839447297934,-61.43521857655952,117.63958609455058,Non-Fatigue
