emg_rms,emg_mav,emg_variance,emg_std,emg_waveform_length,emg_zero_crossing,emg_ssc,emg_kurtosis,emg_skewness,emg_peak,emg_median_freq,emg_mean_freq,emg_peak_freq,emg_total_power,emg_power_low,emg_power_mid,emg_power_high,class_name
64.90537177173812,15.729090859543934,4028.6024385123337,17.48052759379646,748532.2425016386,22786.841202123072,24538.731314151923,19.08737844916276,1.0187823778464318,609.439285555104,79.72591813117174,62.69217747728662,63.358695845714806,1077.0667254004286,105.83389887714456,457.67029494412645,73.61016146038855,Non-Fatigue
