emg_rms,emg_mav,emg_variance,emg_std,emg_waveform_length,emg_zero_crossing,emg_ssc,emg_kurtosis,emg_skewness,emg_peak,emg_median_freq,emg_mean_freq,emg_peak_freq,emg_total_power,emg_power_low,emg_power_mid,emg_power_high,class_name
7.071482016583921,12.020376324000797,994.6838388232136,37.49366216911713,741244.9973308141,15293.51850517896,26462.250495050022,12.742869151747954,1.818504250398288,458.9242243046229,67.9875674138598,98.64018020077552,55.43538967303077,346.6111124783637,1.841881071561332,26.016110501145818,35.6449067626539,Non-Fatigue
