emg_rms,emg_mav,emg_variance,emg_std,emg_waveform_length,emg_zero_crossing,emg_ssc,emg_kurtosis,emg_skewness,emg_peak,emg_median_freq,emg_mean_freq,emg_peak_freq,emg_total_power,emg_power_low,emg_power_mid,emg_power_high,class_name
12.709313953441283,7.342560036953792,467.3929355369244,41.38296914302271,869922.4289244476,14045.565470429705,28656.843313571597,13.05714101907922,-0.2697002363821669,459.6947135199196,97.83849454079316,108.74764996095634,66.13663776302528,50.51510432564368,172.80039000571517,-188.195798529225,65.08020337828366,Non-Fatigue
