emg_rms,emg_mav,emg_variance,emg_std,emg_waveform_length,emg_zero_crossing,emg_ssc,emg_kurtosis,emg_skewness,emg_peak,emg_median_freq,emg_mean_freq,emg_peak_freq,emg_total_power,emg_power_low,emg_power_mid,emg_power_high,class_name
48.13681404383093,16.476621264928827,-177.9285072278724,63.30393351938197,530488.4993533285,19560.56429659508,26631.612538265807,17.168123792101223,0.1109448446892136,456.71408279042913,98.65228257991863,84.04089247223898,50.659342270862176,471.3615185773584,82.6705506425136,476.7542505099499,66.27435026043281,Non-Fatigue
