emg_rms,emg_mav,emg_variance,emg_std,emg_waveform_length,emg_zero_crossing,emg_ssc,emg_kurtosis,emg_skewness,emg_peak,emg_median_freq,emg_mean_freq,emg_peak_freq,emg_total_power,emg_power_low,emg_power_mid,emg_power_high,class_name
55.124611158156,41.87792190879865,-2576.846108492733,20.881623887381128,830129.7370233937,16697.246980824006,30703.896967999397,21.02529891623732,-0.6560411327637096,454.2128229863716,70.71760280402736,98.3150366499976,61.54848379905572,961.21641237214,-4.91760802559719,231.5502728970241,69.85589932096408,Non-Fatigue
