emg_rms,emg_mav,emg_variance,emg_std,emg_waveform_length,emg_zero_crossing,emg_ssc,emg_kurtosis,emg_skewness,emg_peak,emg_median_freq,emg_mean_freq,emg_peak_freq,emg_total_power,emg_power_low,emg_power_mid,emg_power_high,class_name
50.78070762425319,19.051057978554876,2539.327305192167,28.141042111268,850554.4128180207,10122.85184996558,22276.445248729407,9.350091347316525,0.8499630066701316,393.15638490869736,75.10359582839727,96.28493307768244,56.23411462412786,739.5154639157312,-1.162773649653289,657.1196413613446,70.05756923908257,Non-Fatigue
