emg_rms,emg_mav,emg_variance,emg_std,emg_waveform_length,emg_zero_crossing,emg_ssc,emg_kurtosis,emg_skewness,emg_peak,emg_median_freq,emg_mean_freq,emg_peak_freq,emg_total_power,emg_power_low,emg_power_mid,emg_power_high,class_name
28.65253046139781,21.36352446966344,1967.743347801975,17.387675271201427,621125.9393976761,14808.332975293431,31215.89565733561,16.407066827909585,0.1783590355045965,462.7036581511713,64.31497906882902,101.93049209768694,57.84924177094819,1144.5399013011065,78.26209490572853,262.8210802454995,76.23791171363554,Non-Fatigue
