emg_rms,emg_mav,emg_variance,emg_std,emg_waveform_length,emg_zero_crossing,emg_ssc,emg_kurtosis,emg_skewness,emg_peak,emg_median_freq,emg_mean_freq,emg_peak_freq,emg_total_power,emg_power_low,emg_power_mid,emg_power_high,class_name
57.83067552011917,16.66943609339476,4031.287648661867,30.400406115440667,537330.7018794212,17329.424152920215,28556.323374831467,8.98829038848553,0.9786466652430942,455.34876379344325,83.06224758028927,94.48495944277342,68.3043583102062,304.6056847418201,102.311254260046,276.2028348124674,13.492294092633763,Non-Fatigue
