emg_rms,emg_mav,emg_variance,emg_std,emg_waveform_length,emg_zero_crossing,emg_ssc,emg_kurtosis,emg_skewness,emg_peak,emg_median_freq,emg_mean_freq,emg_peak_freq,emg_total_power,emg_power_low,emg_power_mid,emg_power_high,class_name
82.71108503240218,17.577155605333488,-200.4745999903785,30.36146559060618,416168.42441386846,11871.930400893949,25571.2112546562,12.629082448468784,0.9749790626122616,346.5955668164986,69.94383903302112,96.73560952780628,69.05555076417365,617.111490547127,85.0375172518162,319.4825196984566,55.55288570672185,Non-Fatigue
