emg_rms,emg_mav,emg_variance,emg_std,emg_waveform_length,emg_zero_crossing,emg_ssc,emg_kurtosis,emg_skewness,emg_peak,emg_median_freq,emg_mean_freq,emg_peak_freq,emg_total_power,emg_power_low,emg_power_mid,emg_power_high,class_name
3.455629168925931,12.66478500318106,973.0163072850394,57.34887304153179,722410.5520829718,9929.797321666489,27567.047665203678,16.689483974075497,-0.3766095090926901,420.1477080525299,86.13311336619901,77.79158157308449,71.71729990187032,772.1721567426453,111.18216105897898,-380.3002200230519,29.54760261038432,Non-Fatigue
