emg_rms,emg_mav,emg_variance,emg_std,emg_waveform_length,emg_zero_crossing,emg_ssc,emg_kurtosis,emg_skewness,emg_peak,emg_median_freq,emg_mean_freq,emg_peak_freq,emg_total_power,emg_power_low,emg_power_mid,emg_power_high,class_name
55.782542327964265,10.494617972280988,-812.928337190813,29.362648961530823,457143.7087045623,18769.976442165906,27102.81166326377,19.23800739023248,1.34206280345337,434.6458078930455,62.01401921857731,111.5081130529928,60.5849343749975,477.71049879728776,-24.144773978320103,36.58296669634797,93.19728954663124,Non-Fatigue
