emg_rms,emg_mav,emg_variance,emg_std,emg_waveform_length,emg_zero_crossing,emg_ssc,emg_kurtosis,emg_skewness,emg_peak,emg_median_freq,emg_mean_freq,emg_peak_freq,emg_total_power,emg_power_low,emg_power_mid,emg_power_high,class_name
54.513791575178175,11.063057343401566,2082.500159559929,41.18620874165475,638801.9684308304,13259.160399242985,28047.9105305065,13.95434648666749,0.7829625378127962,423.16061508094975,69.60463438825839,108.09237033581616,65.07120657885457,-778.6171005059834,-98.24461686259914,444.0470001557245,73.6290723426031,Non-Fatigue
