emg_rms,emg_mav,emg_variance,emg_std,emg_waveform_length,emg_zero_crossing,emg_ssc,emg_kurtosis,emg_skewness,emg_peak,emg_median_freq,emg_mean_freq,emg_peak_freq,emg_total_power,emg_power_low,emg_power_mid,emg_power_high,class_name
42.39045608121775,32.43001025338729,1971.6845271221289,73.59715296439927,765149.0048755645,13050.442683395744,27970.94986355974,16.706710576648895,0.2276472264135366,481.8752818549731,59.31873433402647,117.86245395428936,36.21380598487096,1126.8728292435558,10.261887214718952,166.5972902646722,83.52021599543191,Non-Fatigue
