emg_rms,emg_mav,emg_variance,emg_std,emg_waveform_length,emg_zero_crossing,emg_ssc,emg_kurtosis,emg_skewness,emg_peak,emg_median_freq,emg_mean_freq,emg_peak_freq,emg_total_power,emg_power_low,emg_power_mid,emg_power_high,class_name
32.12950066416697,11.624893544248032,1670.8400725364063,19.64466741697363,327753.61483247107,14747.515116799465,34609.224488951135,12.323231939239744,-1.4969445941934296,547.274104743395,62.805838149055845,123.75449799562014,59.27662950723446,804.1200377661461,175.77930315418973,283.32561607778905,60.34526229476607,Non-Fatigue
