emg_rms,emg_mav,emg_variance,emg_std,emg_waveform_length,emg_zero_crossing,emg_ssc,emg_kurtosis,emg_skewness,emg_peak,emg_median_freq,emg_mean_freq,emg_peak_freq,emg_total_power,emg_power_low,emg_power_mid,emg_power_high,class_name
49.39943624214848,22.213611388353137,3497.5146615602152,21.143947282615567,1006831.8392498865,10287.17925483664,29346.8203787764,12.33802570862942,1.6245552667690717,487.2956670401173,89.91297839198815,97.74493942367562,66.64349756267751,-24.53895959404798,-17.44308210751828,333.5797796263399,17.542367241082694,Non-Fatigue
