emg_rms,emg_mav,emg_variance,emg_std,emg_waveform_length,emg_zero_crossing,emg_ssc,emg_kurtosis,emg_skewness,emg_peak,emg_median_freq,emg_mean_freq,emg_peak_freq,emg_total_power,emg_power_low,emg_power_mid,emg_power_high,class_name
72.470540933439,10.015993305057895,4151.169498949424,28.51706461136009,704192.9028603242,12920.199218324502,23546.078418232464,17.47835788185226,-0.4203472262164427,341.4887751888209,76.80284661640695,119.43013540050588,56.71896022887403,547.1794133088692,286.6908033961523,590.6485670431563,76.16988059167267,Non-Fatigue
