emg_rms,emg_mav,emg_variance,emg_std,emg_waveform_length,emg_zero_crossing,emg_ssc,emg_kurtosis,emg_skewness,emg_peak,emg_median_freq,emg_mean_freq,emg_peak_freq,emg_total_power,emg_power_low,emg_power_mid,emg_power_high,class_name
36.26258804947104,16.950467628353277,-487.7934985244604,17.520920225143733,630090.7331572964,11890.521442379895,27052.19683602789,12.229483244281267,0.5973402104767384,345.78557698207294,60.69930294144832,87.73067786309574,66.37016535325327,493.4875567846584,108.28729726559772,708.5262723777616,17.822715201118022,Non-Fatigue
