emg_rms,emg_mav,emg_variance,emg_std,emg_waveform_length,emg_zero_crossing,emg_ssc,emg_kurtosis,emg_skewness,emg_peak,emg_median_freq,emg_mean_freq,emg_peak_freq,emg_total_power,emg_power_low,emg_power_mid,emg_power_high,class_name
28.38324744932132,34.06927717266274,2233.5065893255387,52.5856010010045,300201.49514435604,12601.52609859657,21165.399324646995,14.169506268824987,1.8295695889869088,222.89574172615227,85.84532942408434,88.70295805027493,65.44051487307107,242.65372480642992,230.15300733789329,104.14462872774834,48.95281200126458,Non-Fatigue
