emg_rms,emg_mav,emg_variance,emg_std,emg_waveform_length,emg_zero_crossing,emg_ssc,emg_kurtosis,emg_skewness,emg_peak,emg_median_freq,emg_mean_freq,emg_peak_freq,emg_total_power,emg_power_low,emg_power_mid,emg_power_high,class_name
15.0956570232003,21.956774195117045,-306.7060274576538,61.01465249056351,514919.77464106114,21290.64343735721,26404.430091258106,13.958732488952371,0.0899163282696464,338.8422863109656,102.3286937684183,132.01827299084994,51.79376003529181,1407.3617816796382,105.99631882667012,231.71243140578665,61.101793884331165,Non-Fatigue
