emg_rms,emg_mav,emg_variance,emg_std,emg_waveform_length,emg_zero_crossing,emg_ssc,emg_kurtosis,emg_skewness,emg_peak,emg_median_freq,emg_mean_freq,emg_peak_freq,emg_total_power,emg_power_low,emg_power_mid,emg_power_high,class_name
52.50433579959565,24.86329215132551,-514.1704770731983,59.61209692629423,502100.5951423284,7466.833598574846,35826.7124492077,23.01240586520477,-1.1474492835314627,279.01848832106964,74.57805850420871,95.59636416958992,42.409754912393815,29.705538875740277,203.1041264581556,320.6383791411327,43.10971112360193,Non-Fatigue
