emg_rms,emg_mav,emg_variance,emg_std,emg_waveform_length,emg_zero_crossing,emg_ssc,emg_kurtosis,emg_skewness,emg_peak,emg_median_freq,emg_mean_freq,emg_peak_freq,emg_total_power,emg_power_low,emg_power_mid,emg_power_high,class_name
48.31262018015787,7.796582959647901,2017.3319343520477,73.54526316674693,736582.0987862363,12181.941628680215,26860.80884683961,21.08270605254795,0.670772092212623,383.0208021898721,70.26725595457494,99.19795637277896,64.52779895380068,209.95929856701048,97.93714462278643,629.6707258937483,86.4531155153677,Non-Fatigue
