emg_rms,emg_mav,emg_variance,emg_std,emg_waveform_length,emg_zero_crossing,emg_ssc,emg_kurtosis,emg_skewness,emg_peak,emg_median_freq,emg_mean_freq,emg_peak_freq,emg_total_power,emg_power_low,emg_power_mid,emg_power_high,class_name
36.08623583367789,2.726335390414293,1187.1581185293276,34.70930841387984,259941.83322365425,14080.681673054814,34810.56427771138,18.962795843727488,-0.7066609422431217,472.50760820057246,97.98808015230824,68.39480058217387,59.65477981827637,921.2381717611634,48.127186450551946,158.59182462470403,57.71076194990509,Non-Fatigue
