emg_rms,emg_mav,emg_variance,emg_std,emg_waveform_length,emg_zero_crossing,emg_ssc,emg_kurtosis,emg_skewness,emg_peak,emg_median_freq,emg_mean_freq,emg_peak_freq,emg_total_power,emg_power_low,emg_power_mid,emg_power_high,class_name
29.23312672813515,27.98004810196616,2364.7061930836016,15.069439074503638,780613.8498578717,12679.96883640448,29516.02724808428,13.177804065590568,1.289731090169863,486.13710933182097,70.07730370789595,118.61763729954032,63.89048946573921,338.43219126337254,1.8169461428971372,408.0479491802172,53.44844640446122,Non-Fatigue
