emg_rms,emg_mav,emg_variance,emg_std,emg_waveform_length,emg_zero_crossing,emg_ssc,emg_kurtosis,emg_skewness,emg_peak,emg_median_freq,emg_mean_freq,emg_peak_freq,emg_total_power,emg_power_low,emg_power_mid,emg_power_high,class_name
13.357303999538082,27.673098936080827,2662.332768747774,34.08049062089497,362959.4502271827,7811.168121212547,25425.039447669944,13.98835785311462,-1.5121655210050635,329.09496869175416,81.10857259893018,107.34544262115315,50.23795058230168,371.7818008242274,-244.96525436370496,122.66753626450569,4.227332677261245,Non-Fatigue
