emg_rms,emg_mav,emg_variance,emg_std,emg_waveform_length,emg_zero_crossing,emg_ssc,emg_kurtosis,emg_skewness,emg_peak,emg_median_freq,emg_mean_freq,emg_peak_freq,emg_total_power,emg_power_low,emg_power_mid,emg_power_high,class_name
67.27817803842302,6.121873837035253,-1699.3537045829946,9.631837683605047,715323.4382414384,13546.15552164914,23556.70302716864,12.34123626688102,1.1649620127173574,395.0937717483458,86.64456712239827,115.55048627868476,51.24068823055453,505.2687746279273,-73.39586010288042,650.2786779114517,72.68673572635798,Non-Fatigue
