emg_rms,emg_mav,emg_variance,emg_std,emg_waveform_length,emg_zero_crossing,emg_ssc,emg_kurtosis,emg_skewness,emg_peak,emg_median_freq,emg_mean_freq,emg_peak_freq,emg_total_power,emg_power_low,emg_power_mid,emg_power_high,class_name
37.80771998913672,15.446836009694085,4247.494448635604,26.564966293655328,712296.1445589924,14675.153968235163,27133.47205165336,14.200131103231993,-1.4282817631590148,370.37508288261824,83.38362596573492,96.4832448907824,60.70227635806051,566.7094624228106,255.58663553613616,377.4272964199401,43.32658767721776,Non-Fatigue
