emg_rms,emg_mav,emg_variance,emg_std,emg_waveform_length,emg_zero_crossing,emg_ssc,emg_kurtosis,emg_skewness,emg_peak,emg_median_freq,emg_mean_freq,emg_peak_freq,emg_total_power,emg_power_low,emg_power_mid,emg_power_high,class_name
56.828464905184525,39.82221880845829,-448.6812449980087,35.18438379663501,475912.3540964531,9317.675852437853,23037.10834973665,15.999127194785329,0.4381045799599322,523.0575216319955,79.72132485665271,95.14746401133274,65.52452260066177,329.7352279919272,138.668004645627,-139.16103290714915,112.55847131108423,Non-Fatigue
