emg_rms,emg_mav,emg_variance,emg_std,emg_waveform_length,emg_zero_crossing,emg_ssc,emg_kurtosis,emg_skewness,emg_peak,emg_median_freq,emg_mean_freq,emg_peak_freq,emg_total_power,emg_power_low,emg_power_mid,emg_power_high,class_name
42.82107620057347,12.705712274036213,3086.085515893288,71.17661095153993,842406.7921639411,13205.641200413213,21874.1267425837,17.26745572228753,-1.8218575030297413,499.89111949275633,38.264135016508064,109.96256066806338,67.4731426168044,403.9531831165775,97.9077988213979,852.2351678107202,35.86741764430504,Non-Fatigue
