emg_rms,emg_mav,emg_variance,emg_std,emg_waveform_length,emg_zero_crossing,emg_ssc,emg_kurtosis,emg_skewness,emg_peak,emg_median_freq,emg_mean_freq,emg_peak_freq,emg_total_power,emg_power_low,emg_power_mid,emg_power_high,class_name
25.155313558899348,11.73237322171687,564.4661823871668,56.40243033811103,573890.4511173948,14521.626504292724,27434.093105688007,11.659460257706884,1.309250922806448,371.6547754508384,61.84121178889632,97.36160153740812,68.41620432984531,30.088792016571176,3.940241625484603,152.9431119566872,106.46919653913857,Non-Fatigue
