emg_rms,emg_mav,emg_variance,emg_std,emg_waveform_length,emg_zero_crossing,emg_ssc,emg_kurtosis,emg_skewness,emg_peak,emg_median_freq,emg_mean_freq,emg_peak_freq,emg_total_power,emg_power_low,emg_power_mid,emg_power_high,class_name
51.51720758349744,28.67353145638469,595.06867074718,38.040800635617686,793811.2386014331,11646.355444751012,31130.57186609968,15.60175663064518,1.2810519627659624,514.7776248338663,57.46933436458387,85.01867669029484,57.53352438592009,962.1092468421502,63.583519941570096,358.2601202154089,93.99200083817271,Non-Fatigue
