emg_rms,emg_mav,emg_variance,emg_std,emg_waveform_length,emg_zero_crossing,emg_ssc,emg_kurtosis,emg_skewness,emg_peak,emg_median_freq,emg_mean_freq,emg_peak_freq,emg_total_power,emg_power_low,emg_power_mid,emg_power_high,class_name
20.549739107315176,20.317371048877032,3174.2460398759013,35.4719462929644,742567.133700874,10331.573181497575,19918.16005360567,18.63606139973597,1.3827039297700203,319.52362864306536,71.95430048308276,112.8669771050146,62.81588089231748,505.736388534608,-99.27699341644788,352.1715038305898,65.75631880854125,Non-Fatigue
