emg_rms,emg_mav,emg_variance,emg_std,emg_waveform_length,emg_zero_crossing,emg_ssc,emg_kurtosis,emg_skewness,emg_peak,emg_median_freq,emg_mean_freq,emg_peak_freq,emg_total_power,emg_power_low,emg_power_mid,emg_power_high,class_name
22.15633810248311,9.596979106355777,3323.1307997183194,19.64078017771079,460413.6192965858,17080.55021674477,26679.464351395007,16.715906106078464,1.2856374070811607,544.3443072864038,44.19661149135666,98.10035051080696,51.24635074240329,1200.6972092773483,88.33717066003038,244.9174792080045,123.21510134362366,Non-Fatigue
