emg_rms,emg_mav,emg_variance,emg_std,emg_waveform_length,emg_zero_crossing,emg_ssc,emg_kurtosis,emg_skewness,emg_peak,emg_median_freq,emg_mean_freq,emg_peak_freq,emg_total_power,emg_power_low,emg_power_mid,emg_power_high,class_name
48.24321964232888,12.953490050735269,830.9919564648606,56.433094733752846,458528.2695011805,8526.488513930602,27716.158714889032,17.329336675527482,-0.3026582642754923,654.1102807213355,88.85649921770182,121.29771390785388,69.48985403589462,203.79211770867403,75.0444074988833,-330.57787452443705,21.395549116688024,Non-Fatigue
