emg_rms,emg_mav,emg_variance,emg_std,emg_waveform_length,emg_zero_crossing,emg_ssc,emg_kurtosis,emg_skewness,emg_peak,emg_median_freq,emg_mean_freq,emg_peak_freq,emg_total_power,emg_power_low,emg_power_mid,emg_power_high,class_name
43.31802587190005,26.49151869982141,886.1968033806281,42.7343656978915,520731.26898957713,16067.10470002581,25572.913464362005,16.676414680360423,0.0408761328225696,520.1132758153326,102.30473867115144,131.48759485948165,58.13344690735994,394.8931922626737,110.53073344618434,554.7113440735694,3.669755922239645,Non-Fatigue
