emg_rms,emg_mav,emg_variance,emg_std,emg_waveform_length,emg_zero_crossing,emg_ssc,emg_kurtosis,emg_skewness,emg_peak,emg_median_freq,emg_mean_freq,emg_peak_freq,emg_total_power,emg_power_low,emg_power_mid,emg_power_high,class_name
33.92978789877966,12.88753177614294,1221.2810387953225,31.83433528715268,381704.705988919,16529.72083585864,23736.19162022144,19.846654677736545,1.7249303989324225,406.28492910326014,74.5305297117514,94.8805122659144,65.65187431803844,330.2612183660116,-116.8237547897237,-2.52258768325396,60.00709857134912,Non-Fatigue
