emg_rms,emg_mav,emg_variance,emg_std,emg_waveform_length,emg_zero_crossing,emg_ssc,emg_kurtosis,emg_skewness,emg_peak,emg_median_freq,emg_mean_freq,emg_peak_freq,emg_total_power,emg_power_low,emg_power_mid,emg_power_high,class_name
56.33665315054997,26.804593402372817,1104.989052042169,51.81432237506035,647957.8512751391,9270.584454007978,24982.034004468664,16.685838094388608,0.9504029984100896,427.26394972004,78.3202549623938,99.0182893377422,40.5419347553878,614.7538337990939,10.69286929716064,276.51315552258734,97.86284382253132,Non-Fatigue
