emg_rms,emg_mav,emg_variance,emg_std,emg_waveform_length,emg_zero_crossing,emg_ssc,emg_kurtosis,emg_skewness,emg_peak,emg_median_freq,emg_mean_freq,emg_peak_freq,emg_total_power,emg_power_low,emg_power_mid,emg_power_high,class_name
25.236657998775133,34.15454072708653,-762.5024304561468,29.275839103828996,457022.1242930929,7924.538137958784,21049.342077628786,12.191812417041064,1.974279695618213,439.2116793301168,60.758841689483695,99.53368647943486,57.961954794442136,898.4353192404828,74.63866301186036,628.2038924964841,61.137304288810725,Non-Fatigue
