emg_rms,emg_mav,emg_variance,emg_std,emg_waveform_length,emg_zero_crossing,emg_ssc,emg_kurtosis,emg_skewness,emg_peak,emg_median_freq,emg_mean_freq,emg_peak_freq,emg_total_power,emg_power_low,emg_power_mid,emg_power_high,class_name
34.14060208398893,32.727492657015176,2705.9589953416826,53.210735915256905,24378.782791297883,18603.683550180413,26132.540115405354,17.570482623369333,0.3946577842932282,680.0849774022001,61.946507115051375,110.0949436969802,66.29026617632687,-184.5567129239634,-13.305836116800007,395.3237484683031,27.275722884088463,Non-Fatigue
