emg_rms,emg_mav,emg_variance,emg_std,emg_waveform_length,emg_zero_crossing,emg_ssc,emg_kurtosis,emg_skewness,emg_peak,emg_median_freq,emg_mean_freq,emg_peak_freq,emg_total_power,emg_power_low,emg_power_mid,emg_power_high,class_name
35.24853691538247,12.357504889668482,2643.9170379720745,62.42562742167469,442018.9279149408,14037.970073528995,24887.71344779194,17.53107923815511,0.5538484660101681,471.2277795824602,59.6823827882731,83.89485917619916,59.92043966033229,668.5553369665555,280.15798378731074,43.84198105687005,-1.3273578349245625,Non-Fatigue
