emg_rms,emg_mav,emg_variance,emg_std,emg_waveform_length,emg_zero_crossing,emg_ssc,emg_kurtosis,emg_skewness,emg_peak,emg_median_freq,emg_mean_freq,emg_peak_freq,emg_total_power,emg_power_low,emg_power_mid,emg_power_high,class_name
26.086246267791893,7.52204343476833,2005.8676059757888,11.952066337606167,648304.0689494448,11844.258372065657,22340.91288081181,15.383294506304246,-0.6321585129837187,401.7470823138688,90.27294853337617,93.19344615831127,60.40031337982213,803.3452156646044,-34.75206076596524,220.56619317657552,23.862005538122347,Non-Fatigue
