emg_rms,emg_mav,emg_variance,emg_std,emg_waveform_length,emg_zero_crossing,emg_ssc,emg_kurtosis,emg_skewness,emg_peak,emg_median_freq,emg_mean_freq,emg_peak_freq,emg_total_power,emg_power_low,emg_power_mid,emg_power_high,class_name
39.620653056982064,15.189901143241917,1733.565677448266,41.79202064230375,350041.8223644651,13794.54526568106,29177.356676454016,13.93747125175395,2.0169559447216883,667.4480891903285,58.06176226991133,88.19549926470495,46.90534093312764,176.8690430492088,42.54960422366706,445.3156419402826,52.43634456247143,Non-Fatigue
