emg_rms,emg_mav,emg_variance,emg_std,emg_waveform_length,emg_zero_crossing,emg_ssc,emg_kurtosis,emg_skewness,emg_peak,emg_median_freq,emg_mean_freq,emg_peak_freq,emg_total_power,emg_power_low,emg_power_mid,emg_power_high,class_name
65.77826262241189,20.45504790783727,1104.823912966953,15.657298935991696,655062.6762123449,5624.103623712345,28216.09379869285,21.575146876924016,1.6151216526595022,515.5059201851597,76.40465168940776,78.15424976808733,52.7741975070737,1076.350116654435,230.93080454915656,100.9584487447802,89.51785790613671,Non-Fatigue
