emg_rms,emg_mav,emg_variance,emg_std,emg_waveform_length,emg_zero_crossing,emg_ssc,emg_kurtosis,emg_skewness,emg_peak,emg_median_freq,emg_mean_freq,emg_peak_freq,emg_total_power,emg_power_low,emg_power_mid,emg_power_high,class_name
60.50839233045616,20.3324249716191,3245.6399502884897,52.458562848482686,558187.5459876534,10230.181308156574,28646.66541268152,21.83474764998229,-1.0113861293503643,427.1369837645772,103.84400587998302,74.24954159696624,62.43461373283317,-269.7777100785432,173.17799074885806,797.8070937421539,58.67637409496037,Non-Fatigue
