emg_rms,emg_mav,emg_variance,emg_std,emg_waveform_length,emg_zero_crossing,emg_ssc,emg_kurtosis,emg_skewness,emg_peak,emg_median_freq,emg_mean_freq,emg_peak_freq,emg_total_power,emg_power_low,emg_power_mid,emg_power_high,class_name
40.08972107201785,26.592210358560717,726.5406707782001,2.680530240011727,588001.8832682794,15408.262558509628,31462.778610022757,19.375106558291293,-1.2816618422197703,632.6856311148981,69.43590627015035,105.24563728502274,53.45317947264738,-270.1944224890487,32.35744504323928,106.87914210203274,27.201452711659893,Non-Fatigue
