emg_rms,emg_mav,emg_variance,emg_std,emg_waveform_length,emg_zero_crossing,emg_ssc,emg_kurtosis,emg_skewness,emg_peak,emg_median_freq,emg_mean_freq,emg_peak_freq,emg_total_power,emg_power_low,emg_power_mid,emg_power_high,class_name
50.61269202857484,18.875022660100576,3244.695379529355,22.838868933094638,482102.6342688044,12233.427652263892,29534.963989333955,15.052558724897366,-0.7879756110833201,412.3276404712288,86.68160994632854,117.82510897049266,45.55989185316314,-47.83144655632634,140.11264772375043,-175.2109618873763,87.53066906195016,Non-Fatigue
