emg_rms,emg_mav,emg_variance,emg_std,emg_waveform_length,emg_zero_crossing,emg_ssc,emg_kurtosis,emg_skewness,emg_peak,emg_median_freq,emg_mean_freq,emg_peak_freq,emg_total_power,emg_power_low,emg_power_mid,emg_power_high,class_name
26.925662889208105,25.85189991660856,589.9821411447538,61.9109950781302,337374.1219221576,20951.675434270364,22577.81564242801,15.263910178635648,1.8086607467028184,254.1091988728917,92.05886915028056,99.38438745521653,59.58552349825871,923.3457074554784,116.65740469071292,556.3858624813245,113.7617555001147,Non-Fatigue
