emg_rms,emg_mav,emg_variance,emg_std,emg_waveform_length,emg_zero_crossing,emg_ssc,emg_kurtosis,emg_skewness,emg_peak,emg_median_freq,emg_mean_freq,emg_peak_freq,emg_total_power,emg_power_low,emg_power_mid,emg_power_high,class_name
30.25773844745148,18.697224233944592,-53.76626084918371,53.16845264635243,584186.7116919125,17756.71195261597,27996.751543606304,5.375372440747892,0.2815230770605865,596.2195888040849,79.27359111751028,107.71378650143636,58.876257724649285,831.6404129612406,72.79423553193826,408.91099994640746,63.95734985220391,Non-Fatigue
