emg_rms,emg_mav,emg_variance,emg_std,emg_waveform_length,emg_zero_crossing,emg_ssc,emg_kurtosis,emg_skewness,emg_peak,emg_median_freq,emg_mean_freq,emg_peak_freq,emg_total_power,emg_power_low,emg_power_mid,emg_power_high,class_name
77.25624710449483,28.721447703115388,-952.66176665434,28.67902635931241,533189.2378876646,22649.460308523536,23688.288290514964,22.53317250601656,-0.6920297755676054,449.0737173916631,54.04620645789875,60.45038197103347,64.65133082675787,436.9527709293312,58.81661295212284,616.931585295149,-8.0014872739942,Non-Fatigue
