emg_rms,emg_mav,emg_variance,emg_std,emg_waveform_length,emg_zero_crossing,emg_ssc,emg_kurtosis,emg_skewness,emg_peak,emg_median_freq,emg_mean_freq,emg_peak_freq,emg_total_power,emg_power_low,emg_power_mid,emg_power_high,class_name
30.27501056325916,21.7304440830132,1086.4602310777263,43.30374805515044,894223.9017017873,6447.132518181643,27969.127588670566,17.63332867991112,2.124485408576437,298.4620175486054,75.48751829070616,89.93596228321536,50.06398051460426,3.35742486118977,129.93062215400127,697.4307418111621,-22.96337831092936,Non-Fatigue
