emg_rms,emg_mav,emg_variance,emg_std,emg_waveform_length,emg_zero_crossing,emg_ssc,emg_kurtosis,emg_skewness,emg_peak,emg_median_freq,emg_mean_freq,emg_peak_freq,emg_total_power,emg_power_low,emg_power_mid,emg_power_high,class_name
35.714130053115106,3.147815970720311,3977.1042397849424,34.70285148347962,521549.66536392586,13566.219748815522,24219.073164591508,14.61718786279312,-0.218212419524693,334.4678321520336,67.33494807635091,99.16391094881106,61.24060374058084,811.3304197672517,-33.70615657619015,783.0097841849521,44.693382754402734,Non-Fatigue
