emg_rms,emg_mav,emg_variance,emg_std,emg_waveform_length,emg_zero_crossing,emg_ssc,emg_kurtosis,emg_skewness,emg_peak,emg_median_freq,emg_mean_freq,emg_peak_freq,emg_total_power,emg_power_low,emg_power_mid,emg_power_high,class_name
26.51644272461264,22.23045151634021,-625.6197872616592,38.181544776392485,485880.4812038545,5004.379783396092,32215.458423279764,14.63679785087521,0.4426388218838081,673.8673303135774,80.1239356944968,107.32461346280928,51.33283284326056,478.120595644854,88.6701507504891,198.18104668230268,48.53320355214705,Non-Fatigue
