emg_rms,emg_mav,emg_variance,emg_std,emg_waveform_length,emg_zero_crossing,emg_ssc,emg_kurtosis,emg_skewness,emg_peak,emg_median_freq,emg_mean_freq,emg_peak_freq,emg_total_power,emg_power_low,emg_power_mid,emg_power_high,class_name
20.767430368716884,17.017066170671647,160.66371440538592,23.920725117367702,413205.0247614081,11708.699636932024,22252.624004641697,19.686004477475983,0.2556790942075241,579.3773030626367,101.35727337339704,125.87536437361732,44.07530461012108,322.1659798963458,-48.7881733872624,1038.3961745760273,-14.444524327547128,Non-Fatigue
