emg_rms,emg_mav,emg_variance,emg_std,emg_waveform_length,emg_zero_crossing,emg_ssc,emg_kurtosis,emg_skewness,emg_peak,emg_median_freq,emg_mean_freq,emg_peak_freq,emg_total_power,emg_power_low,emg_power_mid,emg_power_high,class_name
41.58484659730136,12.966956929699476,2217.5693902790745,63.28763538257756,281366.07848269783,13803.796609418418,23626.9782508966,1.8409163507955315,0.3717252680353228,370.7242596628759,73.64996599496402,115.90212448526492,80.73777986932723,955.3304630786712,182.18359432748088,407.7567951091768,22.780276989383395,Non-Fatigue
