emg_rms,emg_mav,emg_variance,emg_std,emg_waveform_length,emg_zero_crossing,emg_ssc,emg_kurtosis,emg_skewness,emg_peak,emg_median_freq,emg_mean_freq,emg_peak_freq,emg_total_power,emg_power_low,emg_power_mid,emg_power_high,class_name
22.108046824477427,12.241355966908523,265.61143471135574,-1.4454042501409674,494542.3206763456,15918.206396954418,24300.272437562253,25.246298383940577,0.5929180913495739,413.8147982315935,82.99399497059103,114.98024924730368,55.3816443480725,824.760871256353,52.13901719842492,399.2774014361454,84.66635012056192,Non-Fatigue
