emg_rms,emg_mav,emg_variance,emg_std,emg_waveform_length,emg_zero_crossing,emg_ssc,emg_kurtosis,emg_skewness,emg_peak,emg_median_freq,emg_mean_freq,emg_peak_freq,emg_total_power,emg_power_low,emg_power_mid,emg_power_high,class_name
49.725782606979145,12.163596415311709,1385.6808846141123,27.92862580939484,678438.2677543499,11046.67601936964,28343.646418788925,15.45674923718151,-1.400979188618363,369.41571427662245,102.01423025801076,112.79414394551192,53.775962607876,-164.10712672066614,47.85189149268692,444.1018764053532,-8.512474103460477,Non-Fatigue
