emg_rms,emg_mav,emg_variance,emg_std,emg_waveform_length,emg_zero_crossing,emg_ssc,emg_kurtosis,emg_skewness,emg_peak,emg_median_freq,emg_mean_freq,emg_peak_freq,emg_total_power,emg_power_low,emg_power_mid,emg_power_high,class_name
19.96029803680351,16.08703605175887,1177.101643860689,30.6031976355098,440978.1027187349,7806.180630982704,31159.356428341496,11.318539709333308,0.6429334774771609,306.7050021359052,73.74041523549745,91.46075201120624,66.01271558639786,729.3033483564694,36.7552907564113,242.44597225230848,53.18129497594818,Non-Fatigue
