emg_rms,emg_mav,emg_variance,emg_std,emg_waveform_length,emg_zero_crossing,emg_ssc,emg_kurtosis,emg_skewness,emg_peak,emg_median_freq,emg_mean_freq,emg_peak_freq,emg_total_power,emg_power_low,emg_power_mid,emg_power_high,class_name
58.24407464393455,24.18308729864996,-4.277877431670959,42.21331811462414,560088.3407173093,14500.593609658428,28365.73404528005,17.296153219066692,0.6741139229388993,164.91143770592004,92.75588112594204,94.74116235924636,58.80959331852515,720.3733797034025,124.52107995161106,459.7888073898038,47.88678955130957,Non-Fatigue
