emg_rms,emg_mav,emg_variance,emg_std,emg_waveform_length,emg_zero_crossing,emg_ssc,emg_kurtosis,emg_skewness,emg_peak,emg_median_freq,emg_mean_freq,emg_peak_freq,emg_total_power,emg_power_low,emg_power_mid,emg_power_high,class_name
58.53335870588744,26.92051207254897,151.79464288929034,-16.401277893655596,507137.0647429125,8387.153371395114,27526.04462102435,12.49539464558068,2.0051115008437708,522.9739034134449,76.31242171032801,94.28507405064472,46.866605785413405,-157.14220150889463,-27.454096942940023,-247.47282280399173,74.45396241838216,Non-Fatigue
