emg_rms,emg_mav,emg_variance,emg_std,emg_waveform_length,emg_zero_crossing,emg_ssc,emg_kurtosis,emg_skewness,emg_peak,emg_median_freq,emg_mean_freq,emg_peak_freq,emg_total_power,emg_power_low,emg_power_mid,emg_power_high,class_name
54.12705263749079,10.762341768551398,1390.7657695340613,41.829762912009954,398603.8434759695,12259.792658000686,26149.646748812385,15.926690045916848,1.2509249393366288,250.4791384493152,91.5621817618858,88.92040743383211,58.09425251507941,642.3296423680722,46.65889434104721,54.85760630108416,112.562427963442,Non-Fatigue
