emg_rms,emg_mav,emg_variance,emg_std,emg_waveform_length,emg_zero_crossing,emg_ssc,emg_kurtosis,emg_skewness,emg_peak,emg_median_freq,emg_mean_freq,emg_peak_freq,emg_total_power,emg_power_low,emg_power_mid,emg_power_high,class_name
61.86722905830956,16.021149588508344,223.82957004991655,40.978194490725336,484046.7490088984,12616.940653229663,26664.242292730654,10.741344125087307,0.9826364113407624,523.1307707605101,86.60490194565557,90.35499669448797,50.8581165888388,227.4530346598329,17.71262157534018,441.2133866631855,66.0524050350555,Non-Fatigue
