emg_rms,emg_mav,emg_variance,emg_std,emg_waveform_length,emg_zero_crossing,emg_ssc,emg_kurtosis,emg_skewness,emg_peak,emg_median_freq,emg_mean_freq,emg_peak_freq,emg_total_power,emg_power_low,emg_power_mid,emg_power_high,class_name
52.72804060332264,17.475229086954606,4554.567750151412,38.70894898760275,287955.4000777343,15421.501457993192,31484.567165394183,8.67416191555655,-0.1830787858538073,165.72820393116092,100.32913516381714,92.25864709666683,68.04716278747891,395.8705584327615,161.55052633785314,555.2044467119398,45.56272188239024,Non-Fatigue
