emg_rms,emg_mav,emg_variance,emg_std,emg_waveform_length,emg_zero_crossing,emg_ssc,emg_kurtosis,emg_skewness,emg_peak,emg_median_freq,emg_mean_freq,emg_peak_freq,emg_total_power,emg_power_low,emg_power_mid,emg_power_high,class_name
31.6339532522407,19.191157955248247,2090.069492130456,57.48592352311067,723216.9741035062,15509.561806479414,33751.79844849493,19.587701686460772,-0.7423266183022316,322.1498416884721,91.10819799815656,84.9257757386872,35.65202283807213,838.2100925556754,199.41070662888612,49.54781631504534,73.75416473701921,Non-Fatigue
