emg_rms,emg_mav,emg_variance,emg_std,emg_waveform_length,emg_zero_crossing,emg_ssc,emg_kurtosis,emg_skewness,emg_peak,emg_median_freq,emg_mean_freq,emg_peak_freq,emg_total_power,emg_power_low,emg_power_mid,emg_power_high,class_name
34.05428826218298,31.255545579606945,2522.1425554736,64.78694693015268,271866.09866250295,8660.983402703274,33117.30976954369,17.458924632870627,-0.389533505509096,380.84499696768273,71.64348653614788,98.543638031329,65.08289488994465,18.954278197059068,79.43269186580353,440.3628555941449,71.34201522870669,Non-Fatigue
