emg_rms,emg_mav,emg_variance,emg_std,emg_waveform_length,emg_zero_crossing,emg_ssc,emg_kurtosis,emg_skewness,emg_peak,emg_median_freq,emg_mean_freq,emg_peak_freq,emg_total_power,emg_power_low,emg_power_mid,emg_power_high,class_name
38.92602754851192,-2.9582228115524245,4046.5150873430057,40.70520188126248,516721.4095892946,12003.026167462369,25962.421350579505,17.831995400349,-0.1084772217879466,230.60238957622929,77.64924542048632,100.27418380598844,52.47909945122312,215.05349960137517,24.99133501661634,107.50574028517636,17.072030551574827,Non-Fatigue
