emg_rms,emg_mav,emg_variance,emg_std,emg_waveform_length,emg_zero_crossing,emg_ssc,emg_kurtosis,emg_skewness,emg_peak,emg_median_freq,emg_mean_freq,emg_peak_freq,emg_total_power,emg_power_low,emg_power_mid,emg_power_high,class_name
51.0375781531886,26.202699183624347,-434.8802808509584,16.13756112902189,856326.3998484078,17927.227484656418,25591.418731461017,20.483338925651346,1.9281459205844451,399.6979155497312,37.02884225696011,106.83259287042908,74.20021283099706,606.4613082381115,173.22062102020834,-94.8547155474106,86.45718120329143,Non-Fatigue
