emg_rms,emg_mav,emg_variance,emg_std,emg_waveform_length,emg_zero_crossing,emg_ssc,emg_kurtosis,emg_skewness,emg_peak,emg_median_freq,emg_mean_freq,emg_peak_freq,emg_total_power,emg_power_low,emg_power_mid,emg_power_high,class_name
45.19672844347201,32.29533024197535,3431.5600342575235,38.579444027000335,617945.5546092144,16137.081264228078,24661.908352944258,18.88737054701399,-0.3027778585089157,573.7100704409012,77.52793161355072,96.10947646338072,57.61388081465874,880.1134744474152,92.80105245784095,569.1918289947523,90.68860613533656,Non-Fatigue
