emg_rms,emg_mav,emg_variance,emg_std,emg_waveform_length,emg_zero_crossing,emg_ssc,emg_kurtosis,emg_skewness,emg_peak,emg_median_freq,emg_mean_freq,emg_peak_freq,emg_total_power,emg_power_low,emg_power_mid,emg_power_high,class_name
30.5430242537802,15.235416547265384,2339.4296001021357,28.591464408025303,642028.4401398429,13688.560161944675,27304.680097841094,10.137269023225118,-1.2861457444231053,690.6023537587407,92.5119001498795,90.2052727162804,58.09090373171309,451.929193973924,168.3203608624504,555.9244970055605,103.70116568666964,Non-Fatigue
