emg_rms,emg_mav,emg_variance,emg_std,emg_waveform_length,emg_zero_crossing,emg_ssc,emg_kurtosis,emg_skewness,emg_peak,emg_median_freq,emg_mean_freq,emg_peak_freq,emg_total_power,emg_power_low,emg_power_mid,emg_power_high,class_name
46.08126524057162,16.30293745326513,-397.0354543994556,49.97671073502229,688564.0041924142,11986.398610749467,37027.305458406685,17.70932438383187,0.3871347388856366,372.949508681401,57.19927625018287,62.77283079103755,60.42206740297343,1087.6228956639422,115.26780173798824,-30.78596038271263,37.00264130702031,Non-Fatigue
