emg_rms,emg_mav,emg_variance,emg_std,emg_waveform_length,emg_zero_crossing,emg_ssc,emg_kurtosis,emg_skewness,emg_peak,emg_median_freq,emg_mean_freq,emg_peak_freq,emg_total_power,emg_power_low,emg_power_mid,emg_power_high,class_name
20.414977550463696,24.689284300707374,3708.5947987318486,30.781902724471603,627555.8570189663,7768.840687799922,24394.815253759934,8.864832258984386,0.2390827460927473,480.5176143175048,76.99696418385139,88.39144345388488,64.5825851717387,647.8431763596036,75.67720754217041,250.9656033142531,4.211474672587741,Non-Fatigue
