emg_rms,emg_mav,emg_variance,emg_std,emg_waveform_length,emg_zero_crossing,emg_ssc,emg_kurtosis,emg_skewness,emg_peak,emg_median_freq,emg_mean_freq,emg_peak_freq,emg_total_power,emg_power_low,emg_power_mid,emg_power_high,class_name
77.4334471258172,8.98357717472771,550.9575539687364,59.05409605316128,413235.0682291668,13047.12116524376,32305.35684023677,23.0574415983963,0.4054169714475277,570.7407250921992,75.31539885050893,94.5625946325181,64.96733176023442,532.3286570228088,192.36549640768493,508.20782457356506,-11.73344642751796,Non-Fatigue
