emg_rms,emg_mav,emg_variance,emg_std,emg_waveform_length,emg_zero_crossing,emg_ssc,emg_kurtosis,emg_skewness,emg_peak,emg_median_freq,emg_mean_freq,emg_peak_freq,emg_total_power,emg_power_low,emg_power_mid,emg_power_high,class_name
37.34101216992685,31.538942903362404,789.7827942685668,7.337473900844984,929260.5145925904,15848.391292445762,28388.10381557161,16.163980000494266,0.231862674206684,355.81031453237165,54.077518927472966,97.73774119842425,44.81653140985303,792.9383812827002,19.833584699102687,-73.14675670174745,46.66714552192387,Non-Fatigue
