emg_rms,emg_mav,emg_variance,emg_std,emg_waveform_length,emg_zero_crossing,emg_ssc,emg_kurtosis,emg_skewness,emg_peak,emg_median_freq,emg_mean_freq,emg_peak_freq,emg_total_power,emg_power_low,emg_power_mid,emg_power_high,class_name
4.221520227779408,19.898271520979133,784.4360715048521,34.50814751695991,551198.0639264333,16696.954707047684,28007.458095871538,27.74329424498338,-0.4873052821689523,537.4678677306359,111.43630959724968,85.7825657556717,48.69316764509438,1137.2203528426223,70.45217892476043,261.3942324881684,114.6371495391478,Non-Fatigue
