emg_rms,emg_mav,emg_variance,emg_std,emg_waveform_length,emg_zero_crossing,emg_ssc,emg_kurtosis,emg_skewness,emg_peak,emg_median_freq,emg_mean_freq,emg_peak_freq,emg_total_power,emg_power_low,emg_power_mid,emg_power_high,class_name
27.718145965633283,29.12566559902499,187.0981525840025,36.10465243338,500327.0616509615,7111.479558656591,30521.507051190187,19.43853657367721,-0.8223444945455985,326.37257859912137,45.99658200353144,101.5999330597467,46.99946269256522,504.5512276937729,212.64891879019123,720.137292708728,64.31890550639046,Non-Fatigue
