emg_rms,emg_mav,emg_variance,emg_std,emg_waveform_length,emg_zero_crossing,emg_ssc,emg_kurtosis,emg_skewness,emg_peak,emg_median_freq,emg_mean_freq,emg_peak_freq,emg_total_power,emg_power_low,emg_power_mid,emg_power_high,class_name
66.91765118658162,27.22856350619906,-152.61410932329954,25.807973447977545,550608.6877924717,7220.570325244007,29492.51484229685,15.451754750796962,-1.476498799155074,341.493778576542,75.3062205717928,115.81714598792936,52.23887170671681,312.74946423349024,171.93904885152625,383.8422248135151,54.395846193031126,Non-Fatigue
