emg_rms,emg_mav,emg_variance,emg_std,emg_waveform_length,emg_zero_crossing,emg_ssc,emg_kurtosis,emg_skewness,emg_peak,emg_median_freq,emg_mean_freq,emg_peak_freq,emg_total_power,emg_power_low,emg_power_mid,emg_power_high,class_name
58.70623069265388,19.380528424631237,2436.654822747335,5.701794764824612,764089.281214147,12587.61939800091,23131.37877986497,16.90573821194789,0.8988344710991534,440.15001226266105,74.67438551610395,112.66567684564076,56.75290850158695,1428.9125346749438,45.06324349283058,195.2712514629049,73.5317615800843,Non-Fatigue
