emg_rms,emg_mav,emg_variance,emg_std,emg_waveform_length,emg_zero_crossing,emg_ssc,emg_kurtosis,emg_skewness,emg_peak,emg_median_freq,emg_mean_freq,emg_peak_freq,emg_total_power,emg_power_low,emg_power_mid,emg_power_high,class_name
22.39982785614129,-2.1115687110749413,2123.64726994013,31.484442923378264,425944.8267620565,10147.127162618037,23034.880932782948,12.199192840531868,-0.5327716943576349,192.26084249046107,83.1629787440205,82.58434289209903,56.94784313561512,169.3417440728948,80.4105606722743,538.2930843841106,-2.5770612897554983,Non-Fatigue
