emg_rms,emg_mav,emg_variance,emg_std,emg_waveform_length,emg_zero_crossing,emg_ssc,emg_kurtosis,emg_skewness,emg_peak,emg_median_freq,emg_mean_freq,emg_peak_freq,emg_total_power,emg_power_low,emg_power_mid,emg_power_high,class_name
44.90410807110695,23.26631975268154,-2779.944419451478,45.42849139346799,594260.8412129452,12355.307278175187,23977.426645148676,21.841603985629845,-0.5469846496562828,373.3795544517353,74.64263871003372,102.85626899672214,40.1703926025904,49.92373168192643,108.18642417078176,323.9656929105912,61.1230504269705,Non-Fatigue
