emg_rms,emg_mav,emg_variance,emg_std,emg_waveform_length,emg_zero_crossing,emg_ssc,emg_kurtosis,emg_skewness,emg_peak,emg_median_freq,emg_mean_freq,emg_peak_freq,emg_total_power,emg_power_low,emg_power_mid,emg_power_high,class_name
47.72689924177345,13.790236149197296,983.639314077992,35.31759712521539,399597.7717215029,15755.838747690355,29591.80069494766,19.940673596327493,-1.328670909096246,384.2062023587967,58.62438282337298,99.6896523887464,45.42470653904638,1320.2027012338551,-14.09800504740383,294.7250419618144,10.80625036852662,Non-Fatigue
