emg_rms,emg_mav,emg_variance,emg_std,emg_waveform_length,emg_zero_crossing,emg_ssc,emg_kurtosis,emg_skewness,emg_peak,emg_median_freq,emg_mean_freq,emg_peak_freq,emg_total_power,emg_power_low,emg_power_mid,emg_power_high,class_name
56.89893024901527,6.021896262067555,1523.1726361326332,23.652043038793195,432987.2467921206,11763.800999305256,25191.134618042302,14.693137880217908,-0.7419581385051691,256.8164079523701,90.96792209494878,100.90378806790989,56.421833099986095,620.3911688986425,219.36229686008235,697.8217480235494,18.995996299351404,Non-Fatigue
