emg_rms,emg_mav,emg_variance,emg_std,emg_waveform_length,emg_zero_crossing,emg_ssc,emg_kurtosis,emg_skewness,emg_peak,emg_median_freq,emg_mean_freq,emg_peak_freq,emg_total_power,emg_power_low,emg_power_mid,emg_power_high,class_name
41.22945404014786,10.03992701065829,2351.33096217958,40.57844868318288,588213.9415232829,14895.282743977135,23584.23368851901,13.140590938830702,-0.717434581326767,467.0141522663935,84.07216958274421,110.2075109804258,63.60733300531257,485.0257746385168,-33.59998925014379,-21.306803556412262,21.15591663329869,Non-Fatigue
