emg_rms,emg_mav,emg_variance,emg_std,emg_waveform_length,emg_zero_crossing,emg_ssc,emg_kurtosis,emg_skewness,emg_peak,emg_median_freq,emg_mean_freq,emg_peak_freq,emg_total_power,emg_power_low,emg_power_mid,emg_power_high,class_name
64.77555394885769,12.455793571216285,2629.053810992834,19.88072302302993,450296.7846221638,11090.157856675029,23101.38461042069,10.966551781572434,-1.162070095557012,530.2724189941488,93.59470455423416,81.94944624585702,61.0849797306732,170.32938903428038,76.1173677978,284.2748859532574,32.07582548184287,Non-Fatigue
