emg_rms,emg_mav,emg_variance,emg_std,emg_waveform_length,emg_zero_crossing,emg_ssc,emg_kurtosis,emg_skewness,emg_peak,emg_median_freq,emg_mean_freq,emg_peak_freq,emg_total_power,emg_power_low,emg_power_mid,emg_power_high,class_name
52.95198881647124,10.06230297680949,2914.223586194675,20.981736866723217,818140.266289867,11839.625098674667,27366.949369558915,16.645696290126935,1.0017741621838256,592.8023221724005,73.26219645045163,119.4557595073214,57.89020259891409,855.555168319797,14.91250510761013,-70.1542499173026,65.95090846550238,Non-Fatigue
