emg_rms,emg_mav,emg_variance,emg_std,emg_waveform_length,emg_zero_crossing,emg_ssc,emg_kurtosis,emg_skewness,emg_peak,emg_median_freq,emg_mean_freq,emg_peak_freq,emg_total_power,emg_power_low,emg_power_mid,emg_power_high,class_name
25.776139433248613,14.90395400021166,1930.5005733300493,30.189806204023235,490618.3957869108,15614.319758681157,28256.192220798734,18.64586131109024,1.1819980666504897,514.7197995313658,60.65361859820992,85.8667687190304,60.53461525966961,199.18162673899317,264.4503805354758,296.9725051665358,58.03355937977687,Non-Fatigue
