emg_rms,emg_mav,emg_variance,emg_std,emg_waveform_length,emg_zero_crossing,emg_ssc,emg_kurtosis,emg_skewness,emg_peak,emg_median_freq,emg_mean_freq,emg_peak_freq,emg_total_power,emg_power_low,emg_power_mid,emg_power_high,class_name
35.794034919257705,21.921412918194605,3140.21806289448,21.91330513449318,487814.7238697295,18278.75073306589,24320.42679071653,15.2840955707084,-0.6080102393022997,585.2707711376326,75.93231762687698,102.30315570656796,62.78136419081371,766.4437191875553,87.14753091069818,21.57838728821281,67.6139265618802,Non-Fatigue
