emg_rms,emg_mav,emg_variance,emg_std,emg_waveform_length,emg_zero_crossing,emg_ssc,emg_kurtosis,emg_skewness,emg_peak,emg_median_freq,emg_mean_freq,emg_peak_freq,emg_total_power,emg_power_low,emg_power_mid,emg_power_high,class_name
33.721498881209726,19.073584378606903,1485.3474155272113,26.02674146742993,487614.4916697168,12923.439940360377,26002.45940323429,12.606229507723205,1.061095893347341,424.9436908052002,82.68514492932023,83.91533837979851,72.92236497949358,1058.776198793363,307.1959717837742,797.3419353122251,66.43738901957745,Non-Fatigue
