emg_rms,emg_mav,emg_variance,emg_std,emg_waveform_length,emg_zero_crossing,emg_ssc,emg_kurtosis,emg_skewness,emg_peak,emg_median_freq,emg_mean_freq,emg_peak_freq,emg_total_power,emg_power_low,emg_power_mid,emg_power_high,class_name
48.51239046798827,17.123791613050464,-111.22518191328844,31.00499145487707,711733.9748975001,20068.76209469528,32343.82173017741,15.13205520851577,2.2587602073829567,587.8746520916455,55.1917327740078,108.16435999295396,67.59253555211504,902.663013557891,-105.52221119562316,441.36806545142383,27.78691114646472,Non-Fatigue
