emg_rms,emg_mav,emg_variance,emg_std,emg_waveform_length,emg_zero_crossing,emg_ssc,emg_kurtosis,emg_skewness,emg_peak,emg_median_freq,emg_mean_freq,emg_peak_freq,emg_total_power,emg_power_low,emg_power_mid,emg_power_high,class_name
40.17733616020888,18.046142819802814,19.88804196395313,20.97132893802149,531127.069275673,11829.745210084247,27092.105435001376,13.393483695694858,-0.711637413434541,615.7252934999844,74.58034404796659,73.79649016306328,46.23786564180219,388.9139305838257,24.595753099741916,542.6654261121469,62.31697105726482,Non-Fatigue
