emg_rms,emg_mav,emg_variance,emg_std,emg_waveform_length,emg_zero_crossing,emg_ssc,emg_kurtosis,emg_skewness,emg_peak,emg_median_freq,emg_mean_freq,emg_peak_freq,emg_total_power,emg_power_low,emg_power_mid,emg_power_high,class_name
26.984172804101444,23.980396741869484,265.5370102824613,42.00495783432933,191444.4818882757,11373.214747332382,29100.288714117665,12.70198233133651,-0.8941318923921874,273.2610145677037,64.32843315370812,78.73273552404291,46.45526234580144,371.6961193884839,93.18935687359102,428.459168060308,89.837079449801,Non-Fatigue
