emg_rms,emg_mav,emg_variance,emg_std,emg_waveform_length,emg_zero_crossing,emg_ssc,emg_kurtosis,emg_skewness,emg_peak,emg_median_freq,emg_mean_freq,emg_peak_freq,emg_total_power,emg_power_low,emg_power_mid,emg_power_high,class_name
34.62772334867602,23.584789273305077,174.83563897216118,55.0183608876422,477687.8497249284,17050.14990939063,23054.68925556861,9.671155713348597,0.3778870720931441,516.2884218224058,82.9351834308368,105.04246693600794,50.191076997347885,44.2446521851067,50.4548297066382,323.304980125494,89.9725875306508,Non-Fatigue
