emg_rms,emg_mav,emg_variance,emg_std,emg_waveform_length,emg_zero_crossing,emg_ssc,emg_kurtosis,emg_skewness,emg_peak,emg_median_freq,emg_mean_freq,emg_peak_freq,emg_total_power,emg_power_low,emg_power_mid,emg_power_high,class_name
13.613046011937229,25.575568968361488,1370.0288733370712,33.153250757084784,406259.9536458263,18873.738781607964,25612.23900668808,16.720337665019862,-0.4256266967955586,322.711936541584,78.08501787860061,109.41561509884784,59.13658465689729,206.29247734406704,86.02017356176943,377.07858029192863,33.15370578182309,Non-Fatigue
