emg_rms,emg_mav,emg_variance,emg_std,emg_waveform_length,emg_zero_crossing,emg_ssc,emg_kurtosis,emg_skewness,emg_peak,emg_median_freq,emg_mean_freq,emg_peak_freq,emg_total_power,emg_power_low,emg_power_mid,emg_power_high,class_name
50.1137591155351,6.049668194174274,91.5802433139902,26.921414650944484,749999.2167245904,13827.360221500883,19971.255385832806,16.045158952931157,0.8541733258839952,377.005726928778,73.54162465794015,84.18771570824828,55.1936036739269,422.7821411676168,20.71194072868788,73.47047173834437,66.24385868814659,Non-Fatigue
