emg_rms,emg_mav,emg_variance,emg_std,emg_waveform_length,emg_zero_crossing,emg_ssc,emg_kurtosis,emg_skewness,emg_peak,emg_median_freq,emg_mean_freq,emg_peak_freq,emg_total_power,emg_power_low,emg_power_mid,emg_power_high,class_name
53.85752658079305,19.01976816051044,1183.073245544857,47.81150887773234,625647.0056526676,10139.461816935313,26529.570887506863,11.311806561731991,1.6349037546206548,486.8020924958389,105.02755969547349,104.31135887977526,60.54467868499379,574.4166149873862,-51.6311015431109,478.6132943506909,58.941062069809725,Non-Fatigue
