emg_rms,emg_mav,emg_variance,emg_std,emg_waveform_length,emg_zero_crossing,emg_ssc,emg_kurtosis,emg_skewness,emg_peak,emg_median_freq,emg_mean_freq,emg_peak_freq,emg_total_power,emg_power_low,emg_power_mid,emg_power_high,class_name
46.15443387913627,33.76812723417527,-1266.3787313929836,35.88876693785116,536896.5059221376,18062.612112431278,20896.24760673547,10.756972566064256,0.9798784551345308,469.1844787569775,70.01852848782836,110.33183737236376,53.35556201710585,444.8289311448187,-64.91588614581929,1020.584572609845,8.181740468368126,Non-Fatigue
