emg_rms,emg_mav,emg_variance,emg_std,emg_waveform_length,emg_zero_crossing,emg_ssc,emg_kurtosis,emg_skewness,emg_peak,emg_median_freq,emg_mean_freq,emg_peak_freq,emg_total_power,emg_power_low,emg_power_mid,emg_power_high,class_name
76.90176699201166,18.86388857141036,-760.0526663146572,87.84777315591252,462685.0750486057,13832.443760608983,27591.173126702764,23.294068512706595,0.1803965558024465,350.5662683197447,60.11309853598213,84.92935573668504,72.25200062448079,264.7749446807261,180.2359629611369,772.5433011110762,8.69000843169325,Non-Fatigue
