emg_rms,emg_mav,emg_variance,emg_std,emg_waveform_length,emg_zero_crossing,emg_ssc,emg_kurtosis,emg_skewness,emg_peak,emg_median_freq,emg_mean_freq,emg_peak_freq,emg_total_power,emg_power_low,emg_power_mid,emg_power_high,class_name
60.29380526539099,7.235902187644671,-37.822767583373206,59.82307412090066,273873.9956578889,15766.416674792368,24337.56081371295,22.30065418811385,-0.216753581326508,507.3770047946795,63.56979635451785,91.01870063541206,60.36920269485254,1096.7633703984288,70.38123481466427,531.7950370014444,82.51380029261608,Non-Fatigue
