emg_rms,emg_mav,emg_variance,emg_std,emg_waveform_length,emg_zero_crossing,emg_ssc,emg_kurtosis,emg_skewness,emg_peak,emg_median_freq,emg_mean_freq,emg_peak_freq,emg_total_power,emg_power_low,emg_power_mid,emg_power_high,class_name
37.4188117116122,17.932199124214037,2184.575207992292,50.396378073851615,707667.6500980433,16588.070177592745,25171.689128109312,14.952461683655129,0.0556685403377024,453.5778249033342,81.81113620148973,99.90992604005754,53.74363903369526,409.4512389063818,5.711312224702866,183.9756939469656,45.449030708370834,Non-Fatigue
