emg_rms,emg_mav,emg_variance,emg_std,emg_waveform_length,emg_zero_crossing,emg_ssc,emg_kurtosis,emg_skewness,emg_peak,emg_median_freq,emg_mean_freq,emg_peak_freq,emg_total_power,emg_power_low,emg_power_mid,emg_power_high,class_name
46.21180816971781,22.97905348987506,2530.657140890727,10.7776187113779,68891.34269769245,6096.984264497041,22954.919872209462,8.520305884489236,2.4659417357005253,463.5634871924,67.92788152161805,85.37121822434358,34.06531225514268,321.2450554834633,103.5507920248658,2.287236308453828,23.37557616253899,Non-Fatigue
