emg_rms,emg_mav,emg_variance,emg_std,emg_waveform_length,emg_zero_crossing,emg_ssc,emg_kurtosis,emg_skewness,emg_peak,emg_median_freq,emg_mean_freq,emg_peak_freq,emg_total_power,emg_power_low,emg_power_mid,emg_power_high,class_name
46.44285734581117,4.164509273291429,-432.5147953488038,15.615446934547824,675834.7214191841,11030.027102227648,27365.00483876546,14.28902063767874,-0.2567430275981659,446.88140813338254,90.66197828317316,78.51980631249066,83.32897877441174,-107.09028360652808,194.39570770609444,453.7215937928187,85.02749287879264,Non-Fatigue
