emg_rms,emg_mav,emg_variance,emg_std,emg_waveform_length,emg_zero_crossing,emg_ssc,emg_kurtosis,emg_skewness,emg_peak,emg_median_freq,emg_mean_freq,emg_peak_freq,emg_total_power,emg_power_low,emg_power_mid,emg_power_high,class_name
38.10873248071432,18.7398608584534,4511.860825096706,54.37296341190941,422392.260967555,11983.085620268956,23350.179368849167,21.920151513646367,0.7821386853290104,505.7723480682303,86.51266441062995,82.57796146186683,63.668351628428695,186.98538774981768,246.10533773796217,-190.90477974574983,110.54299862523928,Non-Fatigue
