emg_rms,emg_mav,emg_variance,emg_std,emg_waveform_length,emg_zero_crossing,emg_ssc,emg_kurtosis,emg_skewness,emg_peak,emg_median_freq,emg_mean_freq,emg_peak_freq,emg_total_power,emg_power_low,emg_power_mid,emg_power_high,class_name
52.14391177422863,10.219226513776515,1270.4511032750977,29.005439871647678,956524.258273812,14320.311354041653,22283.417933953977,15.484059682942595,1.046975538727403,626.6536804741352,89.618610623851,103.71676520570918,59.63594032365439,74.6298308761896,173.9410801307904,306.684603307653,47.04523942354393,Non-Fatigue
