emg_rms,emg_mav,emg_variance,emg_std,emg_waveform_length,emg_zero_crossing,emg_ssc,emg_kurtosis,emg_skewness,emg_peak,emg_median_freq,emg_mean_freq,emg_peak_freq,emg_total_power,emg_power_low,emg_power_mid,emg_power_high,class_name
14.04097483990016,6.917895288826017,1571.4184282540332,66.96442006641853,119353.00598076732,12445.040240981556,26243.12479196142,15.531973540779076,1.4676882934215811,322.3016864628351,97.0615302102535,95.26836338305507,59.03522081501453,652.6505207821259,5.569200247732155,179.5573703036251,19.079996780196065,Non-Fatigue
