emg_rms,emg_mav,emg_variance,emg_std,emg_waveform_length,emg_zero_crossing,emg_ssc,emg_kurtosis,emg_skewness,emg_peak,emg_median_freq,emg_mean_freq,emg_peak_freq,emg_total_power,emg_power_low,emg_power_mid,emg_power_high,class_name
-3.267387034943077,29.86909210542926,4022.8450140077102,39.0273576438757,729066.7263942823,7984.368636662446,23333.376104333613,16.345338743959434,-1.0688027000397398,306.0744422337857,77.93873850555333,91.25565441686592,68.65429805669667,695.8137093674252,33.90671511725077,537.2705073068779,77.4003591830328,Non-Fatigue
