emg_rms,emg_mav,emg_variance,emg_std,emg_waveform_length,emg_zero_crossing,emg_ssc,emg_kurtosis,emg_skewness,emg_peak,emg_median_freq,emg_mean_freq,emg_peak_freq,emg_total_power,emg_power_low,emg_power_mid,emg_power_high,class_name
54.077816145453205,12.624761635917766,2248.0879519084506,48.15612265207229,608562.6447834097,12506.127057254413,28098.76351130341,13.450310814824856,-0.7098808930778383,329.4667311755402,66.89266195006121,90.15495487372552,56.25891599453104,299.4694669224409,89.73608818366483,226.327831559851,85.86049567911053,Non-Fatigue
