emg_rms,emg_mav,emg_variance,emg_std,emg_waveform_length,emg_zero_crossing,emg_ssc,emg_kurtosis,emg_skewness,emg_peak,emg_median_freq,emg_mean_freq,emg_peak_freq,emg_total_power,emg_power_low,emg_power_mid,emg_power_high,class_name
29.54255979027348,22.79462983604172,3248.690425976356,56.33348231422072,565354.0583744947,15967.618852412676,23591.29220560482,0.1690413383624474,2.0194155640330105,380.3583103072429,64.13759878225186,90.5996377677748,41.7122596323342,787.1693285700953,116.74831264227264,850.1005325157894,56.784638454441314,Non-Fatigue
