emg_rms,emg_mav,emg_variance,emg_std,emg_waveform_length,emg_zero_crossing,emg_ssc,emg_kurtosis,emg_skewness,emg_peak,emg_median_freq,emg_mean_freq,emg_peak_freq,emg_total_power,emg_power_low,emg_power_mid,emg_power_high,class_name
-8.070368137868016,5.349694090185631,2133.3318175570084,37.18905388273732,654091.7886968,15287.887362873204,28770.24721029582,12.564850551292244,1.83482366240022,297.30757334830633,64.96387023403325,105.42963231452282,55.61084404415372,-32.57346743053438,300.0556114707605,330.19995597745105,29.46282556908647,Non-Fatigue
