emg_rms,emg_mav,emg_variance,emg_std,emg_waveform_length,emg_zero_crossing,emg_ssc,emg_kurtosis,emg_skewness,emg_peak,emg_median_freq,emg_mean_freq,emg_peak_freq,emg_total_power,emg_power_low,emg_power_mid,emg_power_high,class_name
26.12081734014937,21.276753332198176,2652.568082168809,33.20440296406743,700858.078532399,12301.4052305957,29069.356094702376,12.466256248605871,-0.4269518626789029,369.57019497271153,68.1189370501203,117.75550612436008,64.44659815372795,767.0865419195748,16.161461589253726,-92.20584421295727,41.94978575061879,Non-Fatigue
