emg_rms,emg_mav,emg_variance,emg_std,emg_waveform_length,emg_zero_crossing,emg_ssc,emg_kurtosis,emg_skewness,emg_peak,emg_median_freq,emg_mean_freq,emg_peak_freq,emg_total_power,emg_power_low,emg_power_mid,emg_power_high,class_name
19.12632124436695,33.33185405371719,2024.8593569022985,14.959011611049329,740626.683465693,16589.106910724837,25133.26099113572,13.181423968397205,-1.0420901985711009,266.9895977205964,78.66890459510941,79.25654165752945,59.2043573750943,966.0497156838596,47.83261608119066,453.9407031606853,61.63068997245084,Non-Fatigue
