emg_rms,emg_mav,emg_variance,emg_std,emg_waveform_length,emg_zero_crossing,emg_ssc,emg_kurtosis,emg_skewness,emg_peak,emg_median_freq,emg_mean_freq,emg_peak_freq,emg_total_power,emg_power_low,emg_power_mid,emg_power_high,class_name
26.80810819661688,15.830509906372225,-870.9816485925624,77.2869681165104,636668.4033557023,12066.680204042985,25031.170359016505,22.700538813746945,-0.8225385422871431,395.27940036836105,77.6712055980788,102.75011802347016,40.71102916954345,393.9597612052274,139.98619985337123,33.2653566018177,52.10423241457078,Non-Fatigue
