emg_rms,emg_mav,emg_variance,emg_std,emg_waveform_length,emg_zero_crossing,emg_ssc,emg_kurtosis,emg_skewness,emg_peak,emg_median_freq,emg_mean_freq,emg_peak_freq,emg_total_power,emg_power_low,emg_power_mid,emg_power_high,class_name
26.607683316977948,19.039835750403903,1433.6304044981737,39.14153022647844,407958.9689454854,8661.132255280867,29347.975521847024,15.46354047266724,0.3346322833323868,474.4406038790087,90.26492679801196,88.10696648494462,50.50584727728511,-301.84605717038784,7.412704071090403,277.6803730002596,39.409590133697,Non-Fatigue
