emg_rms,emg_mav,emg_variance,emg_std,emg_waveform_length,emg_zero_crossing,emg_ssc,emg_kurtosis,emg_skewness,emg_peak,emg_median_freq,emg_mean_freq,emg_peak_freq,emg_total_power,emg_power_low,emg_power_mid,emg_power_high,class_name
34.5776077047514,30.162945947915738,-48.77478274613486,41.547960615189815,861927.2380220927,13099.835474310925,25690.415311990328,20.07622168148218,2.3481007387892974,200.52617957458455,77.96831646928361,99.67689285048756,63.530886155589926,1035.5128114991264,107.96021961485565,-143.61221632946996,28.26167128035725,Non-Fatigue
