emg_rms,emg_mav,emg_variance,emg_std,emg_waveform_length,emg_zero_crossing,emg_ssc,emg_kurtosis,emg_skewness,emg_peak,emg_median_freq,emg_mean_freq,emg_peak_freq,emg_total_power,emg_power_low,emg_power_mid,emg_power_high,class_name
12.537237148244335,20.564132670705064,2576.790834356545,15.629220300616025,255061.05411367293,15414.08289094594,17744.204267813082,14.005062924266454,1.3684936459798762,427.22557623298,93.32668200717994,88.47978200822571,50.122981104530666,-123.51245908021036,148.52327981032033,124.39769417354998,50.94550674423937,Non-Fatigue
