emg_rms,emg_mav,emg_variance,emg_std,emg_waveform_length,emg_zero_crossing,emg_ssc,emg_kurtosis,emg_skewness,emg_peak,emg_median_freq,emg_mean_freq,emg_peak_freq,emg_total_power,emg_power_low,emg_power_mid,emg_power_high,class_name
31.302507596646524,8.098537066288047,2939.62286767198,68.7543244326155,492772.4215435609,8619.446653573115,25985.067419147766,21.07820607759956,-0.2477168793368025,597.605426517696,91.57318216091466,84.14640390905879,44.22816942667531,503.141911791284,151.5559275814536,263.0446627283437,36.42681341193497,Non-Fatigue
