emg_rms,emg_mav,emg_variance,emg_std,emg_waveform_length,emg_zero_crossing,emg_ssc,emg_kurtosis,emg_skewness,emg_peak,emg_median_freq,emg_mean_freq,emg_peak_freq,emg_total_power,emg_power_low,emg_power_mid,emg_power_high,class_name
70.97023195034495,27.134914852418447,1379.4135876631674,23.05727553745485,604675.7390761522,11723.356048081674,22665.71789357775,16.29798867654944,-1.4466638206280673,259.98581134137305,49.74324544185119,100.03359790769042,62.51257933625417,308.30691359692844,-32.2271770524052,-317.3183902986099,60.48414614671072,Non-Fatigue
