emg_rms,emg_mav,emg_variance,emg_std,emg_waveform_length,emg_zero_crossing,emg_ssc,emg_kurtosis,emg_skewness,emg_peak,emg_median_freq,emg_mean_freq,emg_peak_freq,emg_total_power,emg_power_low,emg_power_mid,emg_power_high,class_name
17.423514712086664,11.432307542865155,4807.985318460393,43.765864725147885,585137.02559224,13082.82901200814,29435.205657001832,20.239430295510065,0.5340406069398497,295.6399643287293,102.60073637224764,97.2394619226408,50.8349209930715,915.0599497785462,136.9852775007136,-57.61175483467747,39.36128061183561,Non-Fatigue
