emg_rms,emg_mav,emg_variance,emg_std,emg_waveform_length,emg_zero_crossing,emg_ssc,emg_kurtosis,emg_skewness,emg_peak,emg_median_freq,emg_mean_freq,emg_peak_freq,emg_total_power,emg_power_low,emg_power_mid,emg_power_high,class_name
39.74511466143612,11.047391166255066,2384.1524955596115,35.01692182435425,681362.3743671048,13691.686711647506,20869.96384575238,14.238220347147076,1.285104317432772,307.80911117310313,51.02693579024623,87.44749773260524,49.8860180868803,815.9770028795504,114.33273772283452,34.09419830488446,65.18698559938579,Non-Fatigue
