emg_rms,emg_mav,emg_variance,emg_std,emg_waveform_length,emg_zero_crossing,emg_ssc,emg_kurtosis,emg_skewness,emg_peak,emg_median_freq,emg_mean_freq,emg_peak_freq,emg_total_power,emg_power_low,emg_power_mid,emg_power_high,class_name
61.8535938710604,22.222918981893205,399.4791991373857,42.1548177819452,617143.4642925303,15001.41491366383,25256.80314364357,18.433538865606348,1.1003739035431543,198.1806998392884,80.06422940931384,90.7775411844662,44.40935448890564,-92.42527099881664,-27.27075140391986,-403.2022314667788,-15.335551371111537,Non-Fatigue
