emg_rms,emg_mav,emg_variance,emg_std,emg_waveform_length,emg_zero_crossing,emg_ssc,emg_kurtosis,emg_skewness,emg_peak,emg_median_freq,emg_mean_freq,emg_peak_freq,emg_total_power,emg_power_low,emg_power_mid,emg_power_high,class_name
54.81091400760869,17.837477356240264,850.7151194065538,46.91136114480997,910752.5658015166,9884.312718922194,19941.928891654963,10.641985226132212,-1.4531292521009296,617.6367383067967,60.56585751567755,108.66669328498982,61.421441924048096,152.51047170176406,146.86583964026107,465.5304203653127,61.8253035413008,Non-Fatigue
