emg_rms,emg_mav,emg_variance,emg_std,emg_waveform_length,emg_zero_crossing,emg_ssc,emg_kurtosis,emg_skewness,emg_peak,emg_median_freq,emg_mean_freq,emg_peak_freq,emg_total_power,emg_power_low,emg_power_mid,emg_power_high,class_name
14.354078117653977,22.321191551150804,903.144370395812,68.15396831920548,978720.3028323444,10366.456959171896,31844.841864861024,16.75880971639122,0.1850020327306289,354.5207308929803,73.5414303239648,96.59945866293492,63.15531859721694,64.44638555376287,-28.212599759781853,103.54630363398456,63.62211512115343,Non-Fatigue
