emg_rms,emg_mav,emg_variance,emg_std,emg_waveform_length,emg_zero_crossing,emg_ssc,emg_kurtosis,emg_skewness,emg_peak,emg_median_freq,emg_mean_freq,emg_peak_freq,emg_total_power,emg_power_low,emg_power_mid,emg_power_high,class_name
36.11585595867211,33.95805956627571,-461.0573386021099,31.494673141077914,559824.9663887972,12720.63139194392,31765.18156510344,22.603093420922285,1.645383829482907,392.3130505037808,86.56348748316455,94.4617783021274,50.12101899064157,139.8346123253624,181.12962957616736,706.3479739919525,21.953989734414257,Non-Fatigue
