emg_rms,emg_mav,emg_variance,emg_std,emg_waveform_length,emg_zero_crossing,emg_ssc,emg_kurtosis,emg_skewness,emg_peak,emg_median_freq,emg_mean_freq,emg_peak_freq,emg_total_power,emg_power_low,emg_power_mid,emg_power_high,class_name
57.07917133117151,17.996731700482048,1644.2156742515056,67.94438779200998,475632.7830227423,12903.459779552062,21827.37274289022,16.611429128850993,-1.0329435959672764,535.4195692558375,76.60932209288482,76.15893146900677,61.15053882409176,944.6913697291956,122.04754538030107,48.499130454400586,-7.314769859917931,Non-Fatigue
