emg_rms,emg_mav,emg_variance,emg_std,emg_waveform_length,emg_zero_crossing,emg_ssc,emg_kurtosis,emg_skewness,emg_peak,emg_median_freq,emg_mean_freq,emg_peak_freq,emg_total_power,emg_power_low,emg_power_mid,emg_power_high,class_name
11.325044919654424,23.797325728658144,2503.3488955716434,32.48136151348501,616917.0188852138,8197.774009320761,29597.068270823704,11.46675349994286,1.2898588649408491,427.31853977114,79.11713623022371,100.04238334294854,42.9475930888748,493.1379931919628,84.98528642034226,426.9853674659516,28.23231362432266,Non-Fatigue
