emg_rms,emg_mav,emg_variance,emg_std,emg_waveform_length,emg_zero_crossing,emg_ssc,emg_kurtosis,emg_skewness,emg_peak,emg_median_freq,emg_mean_freq,emg_peak_freq,emg_total_power,emg_power_low,emg_power_mid,emg_power_high,class_name
64.1700574002615,24.45549316600913,2150.2353876178904,18.292444954287014,867836.795039623,8747.110682292745,28355.47799219594,19.096758502372055,-0.5412017317044929,376.3956554094259,88.20031666165788,115.30696060769016,51.66069755936429,793.1628552127268,-15.878593841190735,259.6192697444065,39.20142298051892,Non-Fatigue
