emg_rms,emg_mav,emg_variance,emg_std,emg_waveform_length,emg_zero_crossing,emg_ssc,emg_kurtosis,emg_skewness,emg_peak,emg_median_freq,emg_mean_freq,emg_peak_freq,emg_total_power,emg_power_low,emg_power_mid,emg_power_high,class_name
29.87967722380512,3.217119422410576,-184.9288940371889,49.9350631042969,387494.1377283944,12357.885651094117,25032.423437968057,14.6065992130848,0.41448514269286,388.7555249388105,66.66464077708511,91.76390192680178,63.76070774071879,203.9329273004473,168.50625248803658,2.148661913976184,64.09300395946183,Non-Fatigue
