emg_rms,emg_mav,emg_variance,emg_std,emg_waveform_length,emg_zero_crossing,emg_ssc,emg_kurtosis,emg_skewness,emg_peak,emg_median_freq,emg_mean_freq,emg_peak_freq,emg_total_power,emg_power_low,emg_power_mid,emg_power_high,class_name
66.26573693565788,18.989351329575896,1164.4313343217868,50.73866043607625,558510.9774360869,7435.9303827651875,30138.37263381312,18.54798732592889,0.5558878310394728,426.192306125697,57.33488733406456,95.58943045125837,60.21109800047249,426.7621665855743,184.77934110403908,-98.0161478736506,97.47422377316772,Non-Fatigue
