emg_rms,emg_mav,emg_variance,emg_std,emg_waveform_length,emg_zero_crossing,emg_ssc,emg_kurtosis,emg_skewness,emg_peak,emg_median_freq,emg_mean_freq,emg_peak_freq,emg_total_power,emg_power_low,emg_power_mid,emg_power_high,class_name
25.68298623671862,26.2905530485058,-1959.673143388864,56.22836707172355,859498.188610169,15648.005316167964,28327.566932434285,15.882510048307436,0.8578082559957539,507.3200303649109,70.36628436243727,111.20687281866762,41.91194945916194,814.5871425434875,-63.15156678537392,-294.7830626842869,92.25507054860304,Non-Fatigue
