emg_rms,emg_mav,emg_variance,emg_std,emg_waveform_length,emg_zero_crossing,emg_ssc,emg_kurtosis,emg_skewness,emg_peak,emg_median_freq,emg_mean_freq,emg_peak_freq,emg_total_power,emg_power_low,emg_power_mid,emg_power_high,class_name
61.745895150615866,18.25663741216064,1589.0733667353145,39.65176611146868,470097.2068827485,12337.596652402848,26797.674597317244,16.6809992929981,0.6024838332868001,374.5715960064836,77.22244011025386,89.65735718842055,53.57249740653439,47.89782869994252,196.65960958680276,449.4014433278752,63.37320457878115,Non-Fatigue
