emg_rms,emg_mav,emg_variance,emg_std,emg_waveform_length,emg_zero_crossing,emg_ssc,emg_kurtosis,emg_skewness,emg_peak,emg_median_freq,emg_mean_freq,emg_peak_freq,emg_total_power,emg_power_low,emg_power_mid,emg_power_high,class_name
41.99108352920284,16.248115451004065,2474.1136128907538,42.61812153908257,602181.4085318042,15552.064806222012,27600.312808035487,9.025590004486784,1.5945628864745336,266.6139991243058,86.9737804672803,99.8815603626942,71.61072425917865,563.743682367818,96.2267159752602,383.7849853449076,70.74136347134261,Non-Fatigue
