emg_rms,emg_mav,emg_variance,emg_std,emg_waveform_length,emg_zero_crossing,emg_ssc,emg_kurtosis,emg_skewness,emg_peak,emg_median_freq,emg_mean_freq,emg_peak_freq,emg_total_power,emg_power_low,emg_power_mid,emg_power_high,class_name
31.969273379495835,19.756222578811187,-343.1277028711477,31.91815622565391,795772.499719999,9861.21005347908,25523.681326368223,19.68473025236828,-1.4425283965049256,312.29332543883766,75.29226874424957,81.66802676570643,57.798853115566345,-433.89268064393735,78.89781267996105,91.52059524396908,63.85299884758024,Non-Fatigue
