emg_rms,emg_mav,emg_variance,emg_std,emg_waveform_length,emg_zero_crossing,emg_ssc,emg_kurtosis,emg_skewness,emg_peak,emg_median_freq,emg_mean_freq,emg_peak_freq,emg_total_power,emg_power_low,emg_power_mid,emg_power_high,class_name
50.35565313321278,17.410563263143967,-13.989049465035803,55.62276012295671,794108.8190651406,13824.795326668773,27698.118935662947,13.229972868863316,-0.0994719573224204,461.1575568133517,77.92200715099116,113.00299563627549,66.9841579850134,395.6067358859804,-153.76085022818373,449.5764654259101,64.56278933329799,Non-Fatigue
