emg_rms,emg_mav,emg_variance,emg_std,emg_waveform_length,emg_zero_crossing,emg_ssc,emg_kurtosis,emg_skewness,emg_peak,emg_median_freq,emg_mean_freq,emg_peak_freq,emg_total_power,emg_power_low,emg_power_mid,emg_power_high,class_name
29.603162429964293,23.155484761604804,2506.8864653765067,45.98094144333009,435878.27876439306,11318.4469865808,26219.37273685816,18.378690665685863,2.5260179340468585,539.8022095720098,57.033492321110735,100.4299970566526,91.75906348771116,631.0322000559054,182.0246650954216,-93.22989231777176,22.565795126863165,Non-Fatigue
