emg_rms,emg_mav,emg_variance,emg_std,emg_waveform_length,emg_zero_crossing,emg_ssc,emg_kurtosis,emg_skewness,emg_peak,emg_median_freq,emg_mean_freq,emg_peak_freq,emg_total_power,emg_power_low,emg_power_mid,emg_power_high,class_name
70.25707292506593,24.20640871968427,1599.4011017226048,44.74569828137687,424707.2930249541,17109.132317657924,27911.14982125708,9.413663290839168,-1.5533180781247853,472.4928230915268,73.01914835663467,104.58783238244482,55.32161469756867,688.8959367970122,-236.9875431393658,110.50262374135409,72.76380820340661,Non-Fatigue
