emg_rms,emg_mav,emg_variance,emg_std,emg_waveform_length,emg_zero_crossing,emg_ssc,emg_kurtosis,emg_skewness,emg_peak,emg_median_freq,emg_mean_freq,emg_peak_freq,emg_total_power,emg_power_low,emg_power_mid,emg_power_high,class_name
36.59578512312364,23.60390132026445,1347.0479315330365,46.28315623296817,496195.1421159607,14126.652137808536,25669.50759968388,17.548512309146712,0.1726640396852478,597.3948639153618,42.853444049178016,94.50480936090408,57.48793380697939,270.4047989699212,-32.082482276858016,-272.30296305646976,94.10586910959134,Non-Fatigue
