emg_rms,emg_mav,emg_variance,emg_std,emg_waveform_length,emg_zero_crossing,emg_ssc,emg_kurtosis,emg_skewness,emg_peak,emg_median_freq,emg_mean_freq,emg_peak_freq,emg_total_power,emg_power_low,emg_power_mid,emg_power_high,class_name
32.45563991773575,19.621597633730897,1515.405884748696,32.38554219522747,571012.2804792211,17088.65136668321,28258.75727550789,12.458093286302494,0.229354719461057,277.0526271610161,79.33511492070616,91.46077966102692,59.90023515267183,525.6515369546337,99.69445176917964,122.49753401079552,-11.498888497142886,Non-Fatigue
