emg_rms,emg_mav,emg_variance,emg_std,emg_waveform_length,emg_zero_crossing,emg_ssc,emg_kurtosis,emg_skewness,emg_peak,emg_median_freq,emg_mean_freq,emg_peak_freq,emg_total_power,emg_power_low,emg_power_mid,emg_power_high,class_name
23.590321065487267,20.07434919326138,-734.9945277528343,18.50453922963717,335210.752390465,15679.69079036432,25624.711511466117,17.180620669100342,0.5301679067678547,466.5625697257064,66.27077857829154,106.78218888042586,63.99286270674017,561.1807837708698,43.39189916751569,155.74227557684236,68.51862794534293,Non-Fatigue
