emg_rms,emg_mav,emg_variance,emg_std,emg_waveform_length,emg_zero_crossing,emg_ssc,emg_kurtosis,emg_skewness,emg_peak,emg_median_freq,emg_mean_freq,emg_peak_freq,emg_total_power,emg_power_low,emg_power_mid,emg_power_high,class_name
-1.121793448540501,-5.403936205609227,1593.587080176546,37.94976610412283,509325.52660994703,15344.89330447631,32933.77094481671,14.979171066646735,-0.9419004980969202,522.3259309605752,63.61997562684273,91.43189413486324,47.95415344022081,284.7153305752198,36.04906116281654,631.5396422793754,52.253203809919455,Non-Fatigue
