emg_rms,emg_mav,emg_variance,emg_std,emg_waveform_length,emg_zero_crossing,emg_ssc,emg_kurtosis,emg_skewness,emg_peak,emg_median_freq,emg_mean_freq,emg_peak_freq,emg_total_power,emg_power_low,emg_power_mid,emg_power_high,class_name
52.02404606824169,20.84740401115737,2276.294174717645,58.02656491859615,531117.9808269739,13721.385371288274,26880.61130267879,11.22821700469436,-0.6019676473344995,404.0095515602286,99.65407776669213,80.80802500131871,54.60198794472087,-58.60836226725701,-95.10449551869092,174.4691952698085,41.97435038373968,Non-Fatigue
