emg_rms,emg_mav,emg_variance,emg_std,emg_waveform_length,emg_zero_crossing,emg_ssc,emg_kurtosis,emg_skewness,emg_peak,emg_median_freq,emg_mean_freq,emg_peak_freq,emg_total_power,emg_power_low,emg_power_mid,emg_power_high,class_name
66.17005690293426,18.17495623618901,4722.892408282731,46.6414313664417,470396.4754298248,13518.815792511166,19296.570161746677,16.190403827546024,0.3015755771950036,498.3439029674634,90.39495359015858,80.02334505295374,51.329838373948114,751.2285840318721,22.852802976293347,483.6038267399716,117.07128830152529,Non-Fatigue
