emg_rms,emg_mav,emg_variance,emg_std,emg_waveform_length,emg_zero_crossing,emg_ssc,emg_kurtosis,emg_skewness,emg_peak,emg_median_freq,emg_mean_freq,emg_peak_freq,emg_total_power,emg_power_low,emg_power_mid,emg_power_high,class_name
60.12532876175614,17.4926528417691,4857.780280415145,20.6529170348317,411192.6939242546,6697.775669402799,27483.813116695692,14.252476225442432,-0.5078298740070297,489.4531676972497,77.61792952998312,112.69876062057872,49.81441378700366,932.3289487860696,-25.125999544156382,85.76101541320787,70.05904032895631,Non-Fatigue
