emg_rms,emg_mav,emg_variance,emg_std,emg_waveform_length,emg_zero_crossing,emg_ssc,emg_kurtosis,emg_skewness,emg_peak,emg_median_freq,emg_mean_freq,emg_peak_freq,emg_total_power,emg_power_low,emg_power_mid,emg_power_high,class_name
27.713269951463424,18.393945051418825,-2815.6652524047304,44.63230616989577,810387.6986715494,14555.465267927386,20982.271994130177,18.774416866016917,0.388468751539704,597.4463352757826,70.92318020900701,75.65070035589801,53.24811817065204,278.2707521384722,-37.38325149658742,157.63074276912917,29.71604222780638,Non-Fatigue
