emg_rms,emg_mav,emg_variance,emg_std,emg_waveform_length,emg_zero_crossing,emg_ssc,emg_kurtosis,emg_skewness,emg_peak,emg_median_freq,emg_mean_freq,emg_peak_freq,emg_total_power,emg_power_low,emg_power_mid,emg_power_high,class_name
48.01325337202032,5.039965244775372,1180.72626174264,61.27106485012901,309238.2087579828,14780.981159196715,33090.15080113048,12.813276252289178,1.5091844773885963,343.24366138574567,74.57001054970753,110.21548039193095,51.82490283522535,6.1120884235798485,243.27276769384792,205.7105467517449,-42.58490296272885,Non-Fatigue
