emg_rms,emg_mav,emg_variance,emg_std,emg_waveform_length,emg_zero_crossing,emg_ssc,emg_kurtosis,emg_skewness,emg_peak,emg_median_freq,emg_mean_freq,emg_peak_freq,emg_total_power,emg_power_low,emg_power_mid,emg_power_high,class_name
21.965201804584847,20.89195476472192,961.102247930895,29.449769164376804,569014.6500417436,16105.221730716908,24386.346340912238,21.418952767198014,-0.1815574615295456,343.34616931067023,82.40901288748384,111.35521232039818,50.60188047894943,754.0533864441268,89.42851605907612,127.30084484912427,64.8832903361956,Non-Fatigue
