emg_rms,emg_mav,emg_variance,emg_std,emg_waveform_length,emg_zero_crossing,emg_ssc,emg_kurtosis,emg_skewness,emg_peak,emg_median_freq,emg_mean_freq,emg_peak_freq,emg_total_power,emg_power_low,emg_power_mid,emg_power_high,class_name
75.88538311164027,22.608587842458554,156.37313896054843,50.59291043779345,707471.9798471669,13981.325379625298,21725.45296558372,12.684727409751302,-1.1959303009516296,319.6499491539482,60.30355969091305,110.80499460903562,53.60719182712632,831.7545147179715,-15.988648594360242,339.3944467495527,79.86576454212076,Non-Fatigue
