emg_rms,emg_mav,emg_variance,emg_std,emg_waveform_length,emg_zero_crossing,emg_ssc,emg_kurtosis,emg_skewness,emg_peak,emg_median_freq,emg_mean_freq,emg_peak_freq,emg_total_power,emg_power_low,emg_power_mid,emg_power_high,class_name
47.12480988536059,29.693323979833952,933.8882999099342,48.593563913126886,611537.8833637106,16219.71241206042,29017.25393115136,11.055851281901866,-1.4812043030218915,193.9125946509052,65.66278212161514,83.4156428723601,64.12349128817414,-58.98241397370953,35.5361636698462,181.53114641061623,37.70982980813783,Non-Fatigue
