emg_rms,emg_mav,emg_variance,emg_std,emg_waveform_length,emg_zero_crossing,emg_ssc,emg_kurtosis,emg_skewness,emg_peak,emg_median_freq,emg_mean_freq,emg_peak_freq,emg_total_power,emg_power_low,emg_power_mid,emg_power_high,class_name
30.17940089471282,32.687686990668226,3415.3911442539984,33.5563185068417,760578.8133740627,325.9314036964115,25871.651591221056,20.11647369486776,0.1254666616335788,264.69936135789555,81.74909715498248,98.40488424279984,42.37054851406122,283.6708690305956,19.88943383688068,92.58043274753148,75.76059094320613,Non-Fatigue
