emg_rms,emg_mav,emg_variance,emg_std,emg_waveform_length,emg_zero_crossing,emg_ssc,emg_kurtosis,emg_skewness,emg_peak,emg_median_freq,emg_mean_freq,emg_peak_freq,emg_total_power,emg_power_low,emg_power_mid,emg_power_high,class_name
59.49750838589959,14.587844410976778,27.22816917340424,65.3791175762366,262643.50109486136,17655.843483045195,25512.478952861384,23.209214175184417,-1.0599018557335889,514.1403873167766,69.00449711221698,103.63919182775729,55.080195249283285,376.55720185731,58.184767966655,314.55496803062204,79.76581072849308,Non-Fatigue
