emg_rms,emg_mav,emg_variance,emg_std,emg_waveform_length,emg_zero_crossing,emg_ssc,emg_kurtosis,emg_skewness,emg_peak,emg_median_freq,emg_mean_freq,emg_peak_freq,emg_total_power,emg_power_low,emg_power_mid,emg_power_high,class_name
44.301047388714125,18.530553703812323,1437.461234003306,38.67374034929736,357235.4079903925,7296.213092785556,24890.12961734613,15.993085713415669,-1.5382598655408557,405.0026979755741,94.3499418381742,89.98052579343323,57.84144224649407,254.6985838450629,45.30983882049699,364.200760134266,81.28250675987476,Non-Fatigue
