emg_rms,emg_mav,emg_variance,emg_std,emg_waveform_length,emg_zero_crossing,emg_ssc,emg_kurtosis,emg_skewness,emg_peak,emg_median_freq,emg_mean_freq,emg_peak_freq,emg_total_power,emg_power_low,emg_power_mid,emg_power_high,class_name
37.63080922139934,23.739148690912003,-2077.561415141868,29.85773565702899,722070.1594048903,8788.675066349057,33922.084376131264,17.854393733707074,1.93103733134768,579.7499579552847,98.90179282792695,64.70196494323355,48.76624288060923,-120.9627224318561,68.04303574108341,301.5364869023494,70.32014358694573,Non-Fatigue
