emg_rms,emg_mav,emg_variance,emg_std,emg_waveform_length,emg_zero_crossing,emg_ssc,emg_kurtosis,emg_skewness,emg_peak,emg_median_freq,emg_mean_freq,emg_peak_freq,emg_total_power,emg_power_low,emg_power_mid,emg_power_high,class_name
11.510206935755594,7.4554723300056125,2625.2323188455644,30.890318921917768,822177.3124104777,20605.448695614414,22900.214119945304,9.804969740489964,1.0024700366935777,348.3412160658516,53.89617640575168,100.5683145620516,49.13585515245647,-389.0868646532163,42.47612047854302,163.89504225756946,46.11619361817931,Non-Fatigue
