emg_rms,emg_mav,emg_variance,emg_std,emg_waveform_length,emg_zero_crossing,emg_ssc,emg_kurtosis,emg_skewness,emg_peak,emg_median_freq,emg_mean_freq,emg_peak_freq,emg_total_power,emg_power_low,emg_power_mid,emg_power_high,class_name
36.73568907367746,11.397085220529627,2328.298337805992,-10.465525064877731,567553.1049895474,17016.161881158874,24441.728335334195,22.95996016762461,0.2122191086083,194.2175238183673,65.01783595434203,101.3887832041229,45.918454427048445,413.7941237253242,-109.70867043624573,402.1433461819696,109.5364352138174,Non-Fatigue
