emg_rms,emg_mav,emg_variance,emg_std,emg_waveform_length,emg_zero_crossing,emg_ssc,emg_kurtosis,emg_skewness,emg_peak,emg_median_freq,emg_mean_freq,emg_peak_freq,emg_total_power,emg_power_low,emg_power_mid,emg_power_high,class_name
60.81711070138705,10.780263251705016,-111.797257461561,37.27114488305934,682722.4391967282,11152.999999305372,24760.84062702652,12.928308207000098,-0.5812224336546072,353.3505436147807,78.36889179248871,91.15234608197302,50.793061842422034,-134.9745873912155,36.88486248155668,408.81469063579794,77.0781512990163,Non-Fatigue
