emg_rms,emg_mav,emg_variance,emg_std,emg_waveform_length,emg_zero_crossing,emg_ssc,emg_kurtosis,emg_skewness,emg_peak,emg_median_freq,emg_mean_freq,emg_peak_freq,emg_total_power,emg_power_low,emg_power_mid,emg_power_high,class_name
29.245303807633004,27.304162810592707,1374.5752117434608,64.93373036902827,451134.2091329111,16980.781284342316,26459.692369866167,18.077866469982407,1.3027928789601362,311.5834959696879,65.27660119082448,102.5854421445289,57.98275408439508,307.8084303084132,-22.268365402079496,461.08740628438034,56.73740754231217,Non-Fatigue
