emg_rms,emg_mav,emg_variance,emg_std,emg_waveform_length,emg_zero_crossing,emg_ssc,emg_kurtosis,emg_skewness,emg_peak,emg_median_freq,emg_mean_freq,emg_peak_freq,emg_total_power,emg_power_low,emg_power_mid,emg_power_high,class_name
12.719043737158644,23.467739618381252,1805.2265447434097,21.63409358358807,583420.7662245356,10989.83196120537,19622.92552400708,24.47547308528505,0.7458086716630673,451.3182046507167,92.2725115158357,99.22556977781966,38.76904672916182,80.11120799995518,63.51997322149873,322.6997986727293,69.78575784805783,Non-Fatigue
