emg_rms,emg_mav,emg_variance,emg_std,emg_waveform_length,emg_zero_crossing,emg_ssc,emg_kurtosis,emg_skewness,emg_peak,emg_median_freq,emg_mean_freq,emg_peak_freq,emg_total_power,emg_power_low,emg_power_mid,emg_power_high,class_name
55.81296178936701,11.48034951919828,-792.931985399093,21.88204157555046,346985.9357810423,13591.32336489366,32245.109014723857,9.657576338846066,-0.3663195986892613,473.2788406910184,82.21481255037745,82.9216165560961,47.14520665926195,34.962630515201624,48.75879121804678,70.60064588115219,57.11846966481634,Non-Fatigue
