emg_rms,emg_mav,emg_variance,emg_std,emg_waveform_length,emg_zero_crossing,emg_ssc,emg_kurtosis,emg_skewness,emg_peak,emg_median_freq,emg_mean_freq,emg_peak_freq,emg_total_power,emg_power_low,emg_power_mid,emg_power_high,class_name
66.17171451791701,21.02353814553892,2535.2531023732354,27.81052971010021,390623.6577626439,10813.312368388615,23235.545907925,9.645724098979631,0.4849065841261779,397.53562538910296,62.65573942968921,85.26901294930471,43.4546718071846,835.6894802794516,90.58768293427993,781.2543942434252,-11.830583850292356,Non-Fatigue
