emg_rms,emg_mav,emg_variance,emg_std,emg_waveform_length,emg_zero_crossing,emg_ssc,emg_kurtosis,emg_skewness,emg_peak,emg_median_freq,emg_mean_freq,emg_peak_freq,emg_total_power,emg_power_low,emg_power_mid,emg_power_high,class_name
43.78248401499563,22.855449208170217,3060.602842395009,35.001731518923485,877563.8797509295,16883.305700922923,29377.687461713187,14.802850751975448,-2.3783637174299512,479.01486722174246,85.49114346132075,111.43463690705715,55.33665577382404,708.2215584033781,23.580993441309445,685.4820389856043,55.46005606725835,Non-Fatigue
