emg_rms,emg_mav,emg_variance,emg_std,emg_waveform_length,emg_zero_crossing,emg_ssc,emg_kurtosis,emg_skewness,emg_peak,emg_median_freq,emg_mean_freq,emg_peak_freq,emg_total_power,emg_power_low,emg_power_mid,emg_power_high,class_name
13.36415780020089,13.367377321712436,2858.1245878812706,45.88868502310646,580117.5530979726,16730.647858725402,25656.43198584266,14.576836702617523,2.421043085568176,480.52007672615446,80.03904250767428,76.13316895068087,54.6005410823883,751.4386387203011,-39.69249320485652,379.643632685208,79.87312294285556,Non-Fatigue
