emg_rms,emg_mav,emg_variance,emg_std,emg_waveform_length,emg_zero_crossing,emg_ssc,emg_kurtosis,emg_skewness,emg_peak,emg_median_freq,emg_mean_freq,emg_peak_freq,emg_total_power,emg_power_low,emg_power_mid,emg_power_high,class_name
23.178309840739875,13.131624307115846,1258.3642448133824,14.66084079764767,788645.6612012044,15124.435603889802,26218.85749734135,16.2406887294644,0.5595313739033758,374.6636427391774,76.22990495761705,116.9702226887854,51.31304581072446,565.3379303440095,85.21180455633434,385.6466451616505,-9.794460014524772,Non-Fatigue
