emg_rms,emg_mav,emg_variance,emg_std,emg_waveform_length,emg_zero_crossing,emg_ssc,emg_kurtosis,emg_skewness,emg_peak,emg_median_freq,emg_mean_freq,emg_peak_freq,emg_total_power,emg_power_low,emg_power_mid,emg_power_high,class_name
35.510938829845145,19.812253575177547,3630.563901665763,43.06077598203188,820239.0384467266,17169.87546445885,26408.884103589386,10.701864982201482,1.9107934501696064,440.12042555492513,74.28915031413747,95.2570278486318,57.77745512862626,57.44502068645835,234.93334017020035,119.5622940479934,42.59344689351954,Non-Fatigue
