emg_rms,emg_mav,emg_variance,emg_std,emg_waveform_length,emg_zero_crossing,emg_ssc,emg_kurtosis,emg_skewness,emg_peak,emg_median_freq,emg_mean_freq,emg_peak_freq,emg_total_power,emg_power_low,emg_power_mid,emg_power_high,class_name
67.42751063093746,18.327433874236657,903.8370052109452,64.84648511862017,789828.994362764,14011.74480444003,20110.472632606263,16.819001966515945,-0.3634560854127459,725.1196287642388,69.40724244212487,113.22861609080591,43.37624197588289,468.6325553033633,97.4976768434048,640.4238555757792,63.55618616920837,Non-Fatigue
