emg_rms,emg_mav,emg_variance,emg_std,emg_waveform_length,emg_zero_crossing,emg_ssc,emg_kurtosis,emg_skewness,emg_peak,emg_median_freq,emg_mean_freq,emg_peak_freq,emg_total_power,emg_power_low,emg_power_mid,emg_power_high,class_name
37.69907537119582,26.372021277162855,-660.7365075493974,26.894669683219604,740172.2237642863,11246.41045491562,29361.23982538828,16.000306230516667,0.0084191680991322,379.85735027399846,80.13691071564448,85.97606166825494,57.87761491974654,69.0476468963941,2.266134988107368,323.60883642649696,64.93872678643385,Non-Fatigue
