emg_rms,emg_mav,emg_variance,emg_std,emg_waveform_length,emg_zero_crossing,emg_ssc,emg_kurtosis,emg_skewness,emg_peak,emg_median_freq,emg_mean_freq,emg_peak_freq,emg_total_power,emg_power_low,emg_power_mid,emg_power_high,class_name
48.9348598870134,20.42888030831746,-2241.2406842895853,26.442785603648893,549332.3676286491,11289.82286573838,34508.44717234076,8.176403540491844,-0.2963064147921262,323.15362777946257,64.67488088553466,95.0573871234583,63.92324526612367,527.6447928043214,33.86443943002396,-321.09629330539514,1.324119512269263,Non-Fatigue
