emg_rms,emg_mav,emg_variance,emg_std,emg_waveform_length,emg_zero_crossing,emg_ssc,emg_kurtosis,emg_skewness,emg_peak,emg_median_freq,emg_mean_freq,emg_peak_freq,emg_total_power,emg_power_low,emg_power_mid,emg_power_high,class_name
23.569908065613447,22.5877178752188,-784.6972195127807,24.912923864792266,237817.8328890099,13742.73082225677,26361.28978839851,16.22899228862426,1.8732845723317173,518.6150012635628,68.64791666388825,99.6959006840849,58.009732057981005,742.938240937776,177.34898806480555,625.5273835820439,57.28244209815576,Non-Fatigue
