emg_rms,emg_mav,emg_variance,emg_std,emg_waveform_length,emg_zero_crossing,emg_ssc,emg_kurtosis,emg_skewness,emg_peak,emg_median_freq,emg_mean_freq,emg_peak_freq,emg_total_power,emg_power_low,emg_power_mid,emg_power_high,class_name
40.63465210607783,20.8252143415484,3420.489694628499,7.343205506880352,525828.5053749485,9663.774729476723,30222.48223471509,18.1545897224524,-1.0859067671020477,431.5702633208329,65.7727316832009,64.18526639203026,76.29285313555339,465.69409216171874,102.83701752827388,126.6196211065256,50.71778268416941,Non-Fatigue
