emg_rms,emg_mav,emg_variance,emg_std,emg_waveform_length,emg_zero_crossing,emg_ssc,emg_kurtosis,emg_skewness,emg_peak,emg_median_freq,emg_mean_freq,emg_peak_freq,emg_total_power,emg_power_low,emg_power_mid,emg_power_high,class_name
70.43499657692198,19.724043247856454,2086.1756288394786,24.100398237336968,279132.59709558834,15630.199948496587,31978.89075933864,6.899415949969688,0.9134827107379602,701.2364405147366,74.97597569147163,92.33502372041976,44.35097993171728,-255.8864940272508,-63.11927094079732,463.0928946073059,103.55890920260585,Non-Fatigue
