emg_rms,emg_mav,emg_variance,emg_std,emg_waveform_length,emg_zero_crossing,emg_ssc,emg_kurtosis,emg_skewness,emg_peak,emg_median_freq,emg_mean_freq,emg_peak_freq,emg_total_power,emg_power_low,emg_power_mid,emg_power_high,class_name
38.21306385676034,22.02633518539993,1557.7364348843407,52.23599288508471,818871.1186591289,17914.33226483998,20912.085704934925,7.970003502325768,0.6873094365013913,564.5396416910162,85.70951541738167,94.042983491062,68.06141758809288,-97.40570421225772,95.14647567226058,29.5373403454347,60.80775335295252,Non-Fatigue
