emg_rms,emg_mav,emg_variance,emg_std,emg_waveform_length,emg_zero_crossing,emg_ssc,emg_kurtosis,emg_skewness,emg_peak,emg_median_freq,emg_mean_freq,emg_peak_freq,emg_total_power,emg_power_low,emg_power_mid,emg_power_high,class_name
13.240332477811844,21.58662220379885,-1128.233594891735,34.79601483932355,591623.7516451863,15761.96657732944,27621.445436339323,11.75014203656305,-0.407127614020617,415.5614449567704,85.96979919344818,98.89294588086474,80.42977981659169,-63.10930688380586,68.48785084151481,-118.91526273239998,86.14718154863623,Non-Fatigue
