emg_rms,emg_mav,emg_variance,emg_std,emg_waveform_length,emg_zero_crossing,emg_ssc,emg_kurtosis,emg_skewness,emg_peak,emg_median_freq,emg_mean_freq,emg_peak_freq,emg_total_power,emg_power_low,emg_power_mid,emg_power_high,class_name
38.11592553797309,28.13642897133253,-24.25300477751284,29.643623801520462,482263.3846280573,18060.017074994164,25124.210811188943,18.50133511724784,-0.2053814384770734,272.3860656199831,79.35567361813854,111.05767977817106,43.77340370696106,-16.045845422579077,45.96656866450661,285.09490851212934,22.417614906728677,Non-Fatigue
