emg_rms,emg_mav,emg_variance,emg_std,emg_waveform_length,emg_zero_crossing,emg_ssc,emg_kurtosis,emg_skewness,emg_peak,emg_median_freq,emg_mean_freq,emg_peak_freq,emg_total_power,emg_power_low,emg_power_mid,emg_power_high,class_name
11.75084397793907,9.484842257879205,2471.7356723378216,53.15712163056367,699003.7148642302,14451.25336001402,32977.28724478847,19.497667174714596,0.7476206451356353,495.1397115538366,60.50136164372849,82.74827422905105,60.90067001314237,-112.73809330729188,24.7393884373692,331.6171753950271,23.28668305898192,Non-Fatigue
