emg_rms,emg_mav,emg_variance,emg_std,emg_waveform_length,emg_zero_crossing,emg_ssc,emg_kurtosis,emg_skewness,emg_peak,emg_median_freq,emg_mean_freq,emg_peak_freq,emg_total_power,emg_power_low,emg_power_mid,emg_power_high,class_name
28.59488764170354,13.150204219873489,1131.035524260879,36.02871522981676,559913.1455421556,16125.30217805299,27273.062763513117,14.768645855941685,0.1173787521917254,280.3076049366557,74.3763160243659,106.17284326921852,56.76304026039486,170.14197238695567,100.1312701395729,654.2969127756065,75.8871135306247,Non-Fatigue
