emg_rms,emg_mav,emg_variance,emg_std,emg_waveform_length,emg_zero_crossing,emg_ssc,emg_kurtosis,emg_skewness,emg_peak,emg_median_freq,emg_mean_freq,emg_peak_freq,emg_total_power,emg_power_low,emg_power_mid,emg_power_high,class_name
31.559205151983956,5.728184566111864,2256.502946459596,25.884260715798856,267263.63003498915,14643.961379835911,29033.245010142546,18.487536245195752,1.322777642866724,424.0087010019445,91.89638933566656,93.61597323675916,55.27170125652641,-275.2986994075082,168.36242450046768,413.1352304210354,78.3080399351706,Non-Fatigue
