emg_rms,emg_mav,emg_variance,emg_std,emg_waveform_length,emg_zero_crossing,emg_ssc,emg_kurtosis,emg_skewness,emg_peak,emg_median_freq,emg_mean_freq,emg_peak_freq,emg_total_power,emg_power_low,emg_power_mid,emg_power_high,class_name
31.222751571627622,9.036355863178796,1573.306984473458,18.492981399422824,552036.5070726345,19032.052873297165,28149.57312345888,11.298660970987097,-0.4035297727703701,404.7924564284842,72.83494190074168,77.21438859245809,64.63327815937426,155.03005955030932,94.98851522277356,290.9828216389924,48.26877425802161,Non-Fatigue
