emg_rms,emg_mav,emg_variance,emg_std,emg_waveform_length,emg_zero_crossing,emg_ssc,emg_kurtosis,emg_skewness,emg_peak,emg_median_freq,emg_mean_freq,emg_peak_freq,emg_total_power,emg_power_low,emg_power_mid,emg_power_high,class_name
43.65663519013609,12.65825585511644,-311.0398857243538,14.623430332114824,679058.5902775886,14298.179914722095,31865.84151175036,7.944437895173786,0.6396026406224384,569.9948572843641,102.93588837915811,97.05558187420498,58.46288294624048,575.4199015736185,-21.99730398749209,650.1185165785946,71.74367948713152,Non-Fatigue
