emg_rms,emg_mav,emg_variance,emg_std,emg_waveform_length,emg_zero_crossing,emg_ssc,emg_kurtosis,emg_skewness,emg_peak,emg_median_freq,emg_mean_freq,emg_peak_freq,emg_total_power,emg_power_low,emg_power_mid,emg_power_high,class_name
36.93975933449346,11.58269498222224,3611.59184737771,25.080588129025863,460771.3472126258,14727.30946020549,21916.00182879366,15.92216899715055,-0.1305384984688504,509.3132667270861,74.07046681709474,112.95780464959316,53.57002551885577,241.8134998765324,214.23172006639447,388.67002694395774,104.75095897023108,Non-Fatigue
