emg_rms,emg_mav,emg_variance,emg_std,emg_waveform_length,emg_zero_crossing,emg_ssc,emg_kurtosis,emg_skewness,emg_peak,emg_median_freq,emg_mean_freq,emg_peak_freq,emg_total_power,emg_power_low,emg_power_mid,emg_power_high,class_name
28.789853158228013,19.333107823312517,-2233.3823670458123,42.33146824589365,289199.6942043693,17409.915877784235,26778.44692185063,23.10729546370373,0.8867679091772801,510.3937606309596,64.17564344803603,97.14692445253614,64.14182755288365,265.2738378219268,87.58887594109645,-148.83638277624237,-1.7763595348995338,Non-Fatigue
