emg_rms,emg_mav,emg_variance,emg_std,emg_waveform_length,emg_zero_crossing,emg_ssc,emg_kurtosis,emg_skewness,emg_peak,emg_median_freq,emg_mean_freq,emg_peak_freq,emg_total_power,emg_power_low,emg_power_mid,emg_power_high,class_name
53.76244972374941,13.099671230716629,-1052.88636593348,64.74349619132414,435688.4227080752,14292.856062195902,24800.341554257586,9.934752006065498,1.4766028653845948,515.9076614729167,53.0050272880316,111.43345814117632,49.636039282550094,-65.98507086769393,122.8473662924165,44.09497122482617,72.42142051888419,Non-Fatigue
