emg_rms,emg_mav,emg_variance,emg_std,emg_waveform_length,emg_zero_crossing,emg_ssc,emg_kurtosis,emg_skewness,emg_peak,emg_median_freq,emg_mean_freq,emg_peak_freq,emg_total_power,emg_power_low,emg_power_mid,emg_power_high,class_name
63.72892294388522,25.01134628708548,1249.4345440092302,51.58369527202424,878514.230834217,9893.07402027966,32713.492741815982,19.81423851506757,1.1569052752971856,445.6111472016783,77.04552662096106,112.36502216311106,54.04668253486793,189.9670820101575,-58.52924897438916,420.9358671629161,42.91799195978362,Non-Fatigue
