emg_rms,emg_mav,emg_variance,emg_std,emg_waveform_length,emg_zero_crossing,emg_ssc,emg_kurtosis,emg_skewness,emg_peak,emg_median_freq,emg_mean_freq,emg_peak_freq,emg_total_power,emg_power_low,emg_power_mid,emg_power_high,class_name
38.94712981695506,21.152257708077524,-1221.602949265329,52.63040447285977,468930.959969452,11525.409649026373,32099.859453503454,10.0691092962275,0.1309837455598896,471.9487135910573,88.70746886810639,81.27360513112036,54.90283067767652,781.055995229053,-81.80990520700038,-94.28201560995753,81.49354717031872,Non-Fatigue
