emg_rms,emg_mav,emg_variance,emg_std,emg_waveform_length,emg_zero_crossing,emg_ssc,emg_kurtosis,emg_skewness,emg_peak,emg_median_freq,emg_mean_freq,emg_peak_freq,emg_total_power,emg_power_low,emg_power_mid,emg_power_high,class_name
28.830562465557435,31.172244397495064,3614.694454915859,63.54668841602236,321822.6079659774,12384.088727724042,22688.02756585923,12.399609504314956,3.2911453048842345,327.2597808643748,86.55436771754421,85.35869876307113,54.39642491426876,728.1932075353695,-78.72812200659791,396.9839907085585,79.20944429488992,Non-Fatigue
