emg_rms,emg_mav,emg_variance,emg_std,emg_waveform_length,emg_zero_crossing,emg_ssc,emg_kurtosis,emg_skewness,emg_peak,emg_median_freq,emg_mean_freq,emg_peak_freq,emg_total_power,emg_power_low,emg_power_mid,emg_power_high,class_name
46.64024458931925,17.935270499444023,2521.399181101726,63.14096078383299,585032.738244233,12259.418999877906,26952.06784517646,13.247261654861044,0.9584720055987356,415.5252419789098,72.4134215224563,96.2537762560036,75.96858524606506,666.0252782786399,117.74592329048458,1100.3513930239903,35.73849624179522,Non-Fatigue
