emg_rms,emg_mav,emg_variance,emg_std,emg_waveform_length,emg_zero_crossing,emg_ssc,emg_kurtosis,emg_skewness,emg_peak,emg_median_freq,emg_mean_freq,emg_peak_freq,emg_total_power,emg_power_low,emg_power_mid,emg_power_high,class_name
45.90511646832649,15.569647639515612,-44.8544192831439,59.112355893609816,627111.3626844478,8850.431681716876,24392.910796384363,14.957785244348823,-0.0382431661664789,339.04736705681273,65.21724676266757,96.79810192377823,49.885533891261765,780.0203821648347,136.9111369227661,348.07648244248134,33.19777849792041,Non-Fatigue
