emg_rms,emg_mav,emg_variance,emg_std,emg_waveform_length,emg_zero_crossing,emg_ssc,emg_kurtosis,emg_skewness,emg_peak,emg_median_freq,emg_mean_freq,emg_peak_freq,emg_total_power,emg_power_low,emg_power_mid,emg_power_high,class_name
84.6483707981593,8.085211447718445,1959.588219274698,24.082347510245302,470881.7998121285,16288.550631380587,28453.86975026028,10.938208057320496,0.5519457850611991,503.0397327068546,75.85581828847678,109.51139361546466,51.28695973192331,1124.220716872693,-97.49971644004552,168.5862455752863,11.643346614067198,Non-Fatigue
