emg_rms,emg_mav,emg_variance,emg_std,emg_waveform_length,emg_zero_crossing,emg_ssc,emg_kurtosis,emg_skewness,emg_peak,emg_median_freq,emg_mean_freq,emg_peak_freq,emg_total_power,emg_power_low,emg_power_mid,emg_power_high,class_name
22.564902068288628,7.126217486036207,-2415.8881531333627,54.98187243332011,223498.21996185815,11494.696637687615,25138.170170184683,17.251886834900844,0.1870750215349837,364.7640044755455,73.71555988441473,97.99676234194791,72.69028475397994,654.3938109573253,30.180455095402337,212.347156371192,44.42463813293696,Non-Fatigue
