emg_rms,emg_mav,emg_variance,emg_std,emg_waveform_length,emg_zero_crossing,emg_ssc,emg_kurtosis,emg_skewness,emg_peak,emg_median_freq,emg_mean_freq,emg_peak_freq,emg_total_power,emg_power_low,emg_power_mid,emg_power_high,class_name
67.15847616768271,23.79277409268056,2494.7757243762394,51.52299026017847,508246.2471870033,13872.82633804988,26039.81518115281,13.990137353455715,1.1084447980863728,540.028717095655,94.37968396986685,101.71811566274656,41.24472143879955,838.5677663258195,165.10455272702006,220.2356654194408,93.47771851050234,Non-Fatigue
