emg_rms,emg_mav,emg_variance,emg_std,emg_waveform_length,emg_zero_crossing,emg_ssc,emg_kurtosis,emg_skewness,emg_peak,emg_median_freq,emg_mean_freq,emg_peak_freq,emg_total_power,emg_power_low,emg_power_mid,emg_power_high,class_name
39.21516760739803,11.51411906721004,2885.697970894663,33.024410042613084,801505.5614737219,13084.753634680106,28321.701568604934,16.852555745582645,-1.671538462493269,357.8407016102885,56.27587648676517,78.95965627331702,65.89736158259873,-430.0652689828314,-62.49726537147114,587.3567752540009,40.22995555586601,Non-Fatigue
