emg_rms,emg_mav,emg_variance,emg_std,emg_waveform_length,emg_zero_crossing,emg_ssc,emg_kurtosis,emg_skewness,emg_peak,emg_median_freq,emg_mean_freq,emg_peak_freq,emg_total_power,emg_power_low,emg_power_mid,emg_power_high,class_name
39.83461323970555,5.644026344118798,1989.308584628955,50.8889141866524,312803.6917238368,17670.46563028315,27553.44817736926,16.910558581040537,0.0051677621007771,411.4836154311861,81.35731184754675,118.46151214185016,61.95662763900933,119.2801601171612,43.23898139668461,413.071486151313,71.12089344847372,Non-Fatigue
