emg_rms,emg_mav,emg_variance,emg_std,emg_waveform_length,emg_zero_crossing,emg_ssc,emg_kurtosis,emg_skewness,emg_peak,emg_median_freq,emg_mean_freq,emg_peak_freq,emg_total_power,emg_power_low,emg_power_mid,emg_power_high,class_name
15.239924070240695,1.4470085106016128,-13.921597406246748,45.71551538234196,496185.8649975579,7258.381321758898,28106.39561528293,17.76526750889179,0.6221692630355806,444.2392965594403,81.35228997568817,110.7298447028414,62.12645672513071,706.444661245539,-52.891753612793295,403.2783366096696,42.00830444931592,Non-Fatigue
