emg_rms,emg_mav,emg_variance,emg_std,emg_waveform_length,emg_zero_crossing,emg_ssc,emg_kurtosis,emg_skewness,emg_peak,emg_median_freq,emg_mean_freq,emg_peak_freq,emg_total_power,emg_power_low,emg_power_mid,emg_power_high,class_name
57.912175716419256,18.104994696934025,1009.640148732576,13.285650663325612,622864.909558378,9748.293173617874,28129.532522980026,19.04331440455145,0.6254978397401769,535.72374998908,82.39918462780885,99.50310496009246,56.12628275951823,665.8381775446235,140.5104780079499,306.977231041438,57.91144260120964,Non-Fatigue
