emg_rms,emg_mav,emg_variance,emg_std,emg_waveform_length,emg_zero_crossing,emg_ssc,emg_kurtosis,emg_skewness,emg_peak,emg_median_freq,emg_mean_freq,emg_peak_freq,emg_total_power,emg_power_low,emg_power_mid,emg_power_high,class_name
60.63422193345622,8.232963682815699,3433.952028724428,17.957975219227976,916335.9964887912,18507.839900968716,27163.02575365362,19.7917809837092,1.9446543490483477,591.7165307368268,87.28185964740294,106.2309375153027,51.913788403994566,921.9377613669132,-3.940387478265194,375.8109599664775,65.9359910396746,Non-Fatigue
