emg_rms,emg_mav,emg_variance,emg_std,emg_waveform_length,emg_zero_crossing,emg_ssc,emg_kurtosis,emg_skewness,emg_peak,emg_median_freq,emg_mean_freq,emg_peak_freq,emg_total_power,emg_power_low,emg_power_mid,emg_power_high,class_name
35.423656010026825,5.87419029464766,583.9054798209854,30.620110930499457,915847.9466717814,17809.707256608828,22626.96828684518,2.627824581021029,1.8124722636528423,360.4192676500413,79.58363225212592,80.27426912614112,69.98614983521118,60.48058050706629,-106.36766858711364,529.7699274690699,75.59081206732768,Non-Fatigue
