emg_rms,emg_mav,emg_variance,emg_std,emg_waveform_length,emg_zero_crossing,emg_ssc,emg_kurtosis,emg_skewness,emg_peak,emg_median_freq,emg_mean_freq,emg_peak_freq,emg_total_power,emg_power_low,emg_power_mid,emg_power_high,class_name
38.27289193996821,3.967814773104145,962.8714961428586,43.60150609099514,516307.95793918014,8440.209287672711,26152.44737268946,12.56867025241188,0.1111078546260301,357.49702003906896,102.64901516647876,114.50828351717784,51.06883622682552,-86.05532538515916,-51.31654646989173,270.6553420844829,95.88877940459489,Non-Fatigue
