emg_rms,emg_mav,emg_variance,emg_std,emg_waveform_length,emg_zero_crossing,emg_ssc,emg_kurtosis,emg_skewness,emg_peak,emg_median_freq,emg_mean_freq,emg_peak_freq,emg_total_power,emg_power_low,emg_power_mid,emg_power_high,class_name
43.05010610867136,22.3253235492421,1177.625684661462,43.187673945016414,705757.7368541219,11738.25596406692,26953.03548202817,21.015962951499557,0.0290081559665709,326.6171598189502,77.9709529744624,86.12091523181167,45.60793475766218,115.10082871460128,207.5146047647139,-90.83045094129642,17.456543518708088,Non-Fatigue
