emg_rms,emg_mav,emg_variance,emg_std,emg_waveform_length,emg_zero_crossing,emg_ssc,emg_kurtosis,emg_skewness,emg_peak,emg_median_freq,emg_mean_freq,emg_peak_freq,emg_total_power,emg_power_low,emg_power_mid,emg_power_high,class_name
-7.262559425553768,16.32329233857993,1496.1931467223508,25.897335863808,626200.4191674114,10659.93625593806,23240.34184575561,15.328570271088832,0.9745583001713404,379.0969621447005,93.79561834415397,126.14819850356616,68.03128263248837,467.259551827952,66.0965048368603,500.9112722623349,72.03211673270346,Non-Fatigue
