emg_rms,emg_mav,emg_variance,emg_std,emg_waveform_length,emg_zero_crossing,emg_ssc,emg_kurtosis,emg_skewness,emg_peak,emg_median_freq,emg_mean_freq,emg_peak_freq,emg_total_power,emg_power_low,emg_power_mid,emg_power_high,class_name
11.113602220352814,13.170645335847349,1147.8019334365868,44.42077539233384,413990.7000940672,12940.07564362881,21364.382710406004,13.922393839166888,-0.7856733410120448,482.02329878391777,58.111909467083294,55.92430634295706,55.71747267283457,132.86509507817993,206.80414503523147,57.9820797250683,51.88329011243185,Non-Fatigue
