emg_rms,emg_mav,emg_variance,emg_std,emg_waveform_length,emg_zero_crossing,emg_ssc,emg_kurtosis,emg_skewness,emg_peak,emg_median_freq,emg_mean_freq,emg_peak_freq,emg_total_power,emg_power_low,emg_power_mid,emg_power_high,class_name
34.635958584132275,14.466448688464242,2552.343384711164,66.37153472016017,314619.3683209887,12598.931663559444,25732.71075571797,10.336978505522737,-1.6390210284385405,342.626530341308,66.7991290129032,76.69232987347002,72.29942513530139,226.89750854014017,-9.853123070543532,601.9234010564512,87.56840510162473,Non-Fatigue
