emg_rms,emg_mav,emg_variance,emg_std,emg_waveform_length,emg_zero_crossing,emg_ssc,emg_kurtosis,emg_skewness,emg_peak,emg_median_freq,emg_mean_freq,emg_peak_freq,emg_total_power,emg_power_low,emg_power_mid,emg_power_high,class_name
39.46784859832283,27.620108334420948,2032.899488403133,21.300623995323903,500818.00826744986,14487.357253991267,20673.63261557987,8.693041608202044,0.1053871001857589,427.8242008466002,59.00362483191726,94.20867504051957,45.2154573750672,-320.0664590060765,87.43165826735287,52.79233311870195,109.17710853684616,Non-Fatigue
