emg_rms,emg_mav,emg_variance,emg_std,emg_waveform_length,emg_zero_crossing,emg_ssc,emg_kurtosis,emg_skewness,emg_peak,emg_median_freq,emg_mean_freq,emg_peak_freq,emg_total_power,emg_power_low,emg_power_mid,emg_power_high,class_name
50.72960942220955,34.85316587274725,-1101.0592320115773,47.246538427345214,469964.1021825254,12117.964587204033,30192.22278869164,16.004918643230855,-0.0435982993803624,692.5431628363556,79.70306214130684,98.60292595477192,57.70547054029424,859.8785011319817,69.4124520157878,149.13753025294534,-25.467306496173663,Non-Fatigue
