emg_rms,emg_mav,emg_variance,emg_std,emg_waveform_length,emg_zero_crossing,emg_ssc,emg_kurtosis,emg_skewness,emg_peak,emg_median_freq,emg_mean_freq,emg_peak_freq,emg_total_power,emg_power_low,emg_power_mid,emg_power_high,class_name
52.62903500199298,25.685853108269995,-117.24071038262014,37.20927409906559,410044.5598554957,9286.733131826451,24763.457666187136,22.37184866386108,-0.7098475372559857,426.64753155118393,91.34376754842796,115.5105297652006,49.17920224062496,336.34711486423674,51.730780547030086,512.3462049117859,36.67482653956738,Non-Fatigue
