emg_rms,emg_mav,emg_variance,emg_std,emg_waveform_length,emg_zero_crossing,emg_ssc,emg_kurtosis,emg_skewness,emg_peak,emg_median_freq,emg_mean_freq,emg_peak_freq,emg_total_power,emg_power_low,emg_power_mid,emg_power_high,class_name
58.78583893910893,20.336566553596768,1470.7473407470611,48.24746546704718,638727.345903494,13988.173081300003,26568.61082127661,21.084224711834867,0.4660575611913903,386.0373483749164,66.03916360796589,112.4135137265464,45.74088939818947,104.10771276117453,75.93201885548208,140.30581846214432,-1.57607121475408,Non-Fatigue
