emg_rms,emg_mav,emg_variance,emg_std,emg_waveform_length,emg_zero_crossing,emg_ssc,emg_kurtosis,emg_skewness,emg_peak,emg_median_freq,emg_mean_freq,emg_peak_freq,emg_total_power,emg_power_low,emg_power_mid,emg_power_high,class_name
49.56699455621389,22.086698157893608,411.3204906321471,60.98016767913423,672569.9475570279,13638.135515446456,23992.658364509865,11.0478942362348,-1.189023510078405,388.5675548221088,69.46564835806322,90.60300029504268,54.53112136084969,479.6475649033381,4.907288318704801,579.9974370393088,52.94314073053714,Non-Fatigue
