emg_rms,emg_mav,emg_variance,emg_std,emg_waveform_length,emg_zero_crossing,emg_ssc,emg_kurtosis,emg_skewness,emg_peak,emg_median_freq,emg_mean_freq,emg_peak_freq,emg_total_power,emg_power_low,emg_power_mid,emg_power_high,class_name
8.434328972012011,33.92402217986674,3472.8580938150594,36.85526200683803,483982.4316399075,8208.689354369895,34680.32016667868,14.852363085926504,0.0151658634903586,427.7869245009488,93.7176012511751,105.4174226513764,54.98913279586496,996.2491477610802,50.95108073497907,463.365962803939,50.239351795315805,Non-Fatigue
