emg_rms,emg_mav,emg_variance,emg_std,emg_waveform_length,emg_zero_crossing,emg_ssc,emg_kurtosis,emg_skewness,emg_peak,emg_median_freq,emg_mean_freq,emg_peak_freq,emg_total_power,emg_power_low,emg_power_mid,emg_power_high,class_name
38.57360822020279,11.909831436109895,1277.0668477004642,45.00470158975415,500466.3621370788,10548.104353518178,26057.380265992524,20.37246874338179,2.807230682884805,453.3563053485688,64.54932341599327,91.82803653033632,50.553839531144135,662.5409518148971,77.89390301162216,409.4712932323494,113.76250115405428,Non-Fatigue
