emg_rms,emg_mav,emg_variance,emg_std,emg_waveform_length,emg_zero_crossing,emg_ssc,emg_kurtosis,emg_skewness,emg_peak,emg_median_freq,emg_mean_freq,emg_peak_freq,emg_total_power,emg_power_low,emg_power_mid,emg_power_high,class_name
36.08798911800483,15.627668060946304,142.2737768811876,34.58312400316294,635529.9423460863,10159.061548274998,24642.23361898008,15.244421726040976,2.121925046876449,436.7398635651927,52.65963647704014,87.46674831635103,60.515750139627336,-209.4545079438813,1.6807083516377477,230.82871652038503,90.80770789579988,Non-Fatigue
