emg_rms,emg_mav,emg_variance,emg_std,emg_waveform_length,emg_zero_crossing,emg_ssc,emg_kurtosis,emg_skewness,emg_peak,emg_median_freq,emg_mean_freq,emg_peak_freq,emg_total_power,emg_power_low,emg_power_mid,emg_power_high,class_name
72.38281885379823,21.606487415906688,1846.3736153352197,67.69167811287741,324522.64072060067,7636.86685891127,33593.86752530685,11.852733714982447,-1.3875797706567576,353.483867283361,88.30686323674648,93.780405961646,55.43748142685154,-43.662473280616894,206.9869707604625,85.04523524997398,92.89868944452044,Non-Fatigue
