emg_rms,emg_mav,emg_variance,emg_std,emg_waveform_length,emg_zero_crossing,emg_ssc,emg_kurtosis,emg_skewness,emg_peak,emg_median_freq,emg_mean_freq,emg_peak_freq,emg_total_power,emg_power_low,emg_power_mid,emg_power_high,class_name
45.56926026920155,11.524024633097326,395.9494022405897,41.32640615455965,757254.4719169821,14705.490174189115,27706.39487231603,11.801662906992789,-1.536444456465409,451.5518913180729,77.63228165536991,105.97073669826516,49.99950913701568,551.5623155655313,179.2010082287207,1045.298548336872,47.06978901337389,Non-Fatigue
