emg_rms,emg_mav,emg_variance,emg_std,emg_waveform_length,emg_zero_crossing,emg_ssc,emg_kurtosis,emg_skewness,emg_peak,emg_median_freq,emg_mean_freq,emg_peak_freq,emg_total_power,emg_power_low,emg_power_mid,emg_power_high,class_name
48.55804485881953,27.734601600698703,1546.236772483211,10.93297530409676,315281.5259108826,9842.10266613029,24825.27659660688,14.126086237280589,-0.0319472743798049,274.4983566726468,98.10766170585372,100.63273234344295,67.99136762459655,766.4400202458471,221.30124046149123,55.07532434201238,81.6499918531559,Non-Fatigue
