emg_rms,emg_mav,emg_variance,emg_std,emg_waveform_length,emg_zero_crossing,emg_ssc,emg_kurtosis,emg_skewness,emg_peak,emg_median_freq,emg_mean_freq,emg_peak_freq,emg_total_power,emg_power_low,emg_power_mid,emg_power_high,class_name
18.093599513556825,25.840457584560504,4423.640607192576,42.20082525358277,332297.5321551749,14914.9265059074,28825.52505911636,11.978707968196122,0.4216680054882329,566.2710080464452,73.51130892031705,107.78511544621112,66.5814913858261,59.119581077402415,13.962665734324894,848.1942114941451,-1.8181569948317249,Non-Fatigue
