emg_rms,emg_mav,emg_variance,emg_std,emg_waveform_length,emg_zero_crossing,emg_ssc,emg_kurtosis,emg_skewness,emg_peak,emg_median_freq,emg_mean_freq,emg_peak_freq,emg_total_power,emg_power_low,emg_power_mid,emg_power_high,class_name
13.89964327478491,28.363383395507658,1270.0861994661802,1.0546172639121636,489702.1753327024,10196.298967424553,28107.37913338058,21.830302950618574,0.6103083165540126,429.9035947520194,74.0483394195905,90.01114006881284,44.93939667644628,96.60118643615948,43.45192193194248,133.5428563723134,24.211069046594208,Non-Fatigue
