emg_rms,emg_mav,emg_variance,emg_std,emg_waveform_length,emg_zero_crossing,emg_ssc,emg_kurtosis,emg_skewness,emg_peak,emg_median_freq,emg_mean_freq,emg_peak_freq,emg_total_power,emg_power_low,emg_power_mid,emg_power_high,class_name
32.978616006903565,35.05900146036788,1433.7163925472184,30.3346120869015,852934.1659370179,12444.49457054382,29130.50667988797,18.866417460503897,2.7512055361266685,525.8980074871228,68.510584866185,91.23538026440856,70.78590959922666,418.070472860468,-23.59577486476212,385.05065015173454,51.04348619526935,Non-Fatigue
