emg_rms,emg_mav,emg_variance,emg_std,emg_waveform_length,emg_zero_crossing,emg_ssc,emg_kurtosis,emg_skewness,emg_peak,emg_median_freq,emg_mean_freq,emg_peak_freq,emg_total_power,emg_power_low,emg_power_mid,emg_power_high,class_name
37.09167873223338,18.231716540117382,2548.610128118941,18.003675461159546,374824.3062910486,11919.341808112931,30408.96363207771,12.555819667893989,4.5958512862681085,711.3389794225892,92.42068413267144,120.09548478426116,59.264219824070736,851.535268093245,97.01773767446636,416.4078604443755,59.97111296447381,Non-Fatigue
