emg_rms,emg_mav,emg_variance,emg_std,emg_waveform_length,emg_zero_crossing,emg_ssc,emg_kurtosis,emg_skewness,emg_peak,emg_median_freq,emg_mean_freq,emg_peak_freq,emg_total_power,emg_power_low,emg_power_mid,emg_power_high,class_name
40.22154891036248,28.14853722613629,5009.374666769948,31.630175752726544,554937.0551944366,13385.022744523192,28537.1660939249,9.15347306605106,2.002757948478356,340.2965459821289,70.23620205558714,92.2945202234422,57.15817243703111,75.05222313702217,70.84491923942244,436.16923992206,57.43902270957811,Non-Fatigue
