emg_rms,emg_mav,emg_variance,emg_std,emg_waveform_length,emg_zero_crossing,emg_ssc,emg_kurtosis,emg_skewness,emg_peak,emg_median_freq,emg_mean_freq,emg_peak_freq,emg_total_power,emg_power_low,emg_power_mid,emg_power_high,class_name
39.699628967408685,25.95243637163127,1249.2658491530094,18.634954015221894,539641.7594752561,16359.783545040998,25367.860206487043,12.54703854731284,-0.9710266841572096,420.0327460451778,45.75188802746467,108.9236470599233,51.8221702510002,749.6708059167527,78.94472429801323,469.469694506562,95.02956540863278,Non-Fatigue
