emg_rms,emg_mav,emg_variance,emg_std,emg_waveform_length,emg_zero_crossing,emg_ssc,emg_kurtosis,emg_skewness,emg_peak,emg_median_freq,emg_mean_freq,emg_peak_freq,emg_total_power,emg_power_low,emg_power_mid,emg_power_high,class_name
29.815197772456067,27.3553741327313,2218.7224404704807,39.65752753468346,110056.32127704698,13110.421370896252,27704.936773573005,26.97068008910644,-0.0589602459971568,630.6514855763978,78.97679873369928,81.47033367732232,55.07942831256667,552.5070803023964,88.32343723865317,651.9239344818018,15.159762579476997,Non-Fatigue
