emg_rms,emg_mav,emg_variance,emg_std,emg_waveform_length,emg_zero_crossing,emg_ssc,emg_kurtosis,emg_skewness,emg_peak,emg_median_freq,emg_mean_freq,emg_peak_freq,emg_total_power,emg_power_low,emg_power_mid,emg_power_high,class_name
48.43654327712586,23.601592938054985,493.9065848711728,64.12761119311617,495180.1062991008,18465.7077144798,30904.372969001328,15.990261696389092,1.3837599059815395,255.7913012969269,84.14812039851817,110.26740664924168,57.21795989597748,473.5646874088199,32.572750858386094,-44.01601183434138,75.53527128070925,Non-Fatigue
