emg_rms,emg_mav,emg_variance,emg_std,emg_waveform_length,emg_zero_crossing,emg_ssc,emg_kurtosis,emg_skewness,emg_peak,emg_median_freq,emg_mean_freq,emg_peak_freq,emg_total_power,emg_power_low,emg_power_mid,emg_power_high,class_name
67.16479781611187,9.437670673351864,-147.53397155647326,30.266759559791613,312289.88821326185,12647.773743204045,20282.78591803306,16.46819723999673,0.5551259074503682,449.7361679715785,61.76102846539311,85.67719089820866,64.56114011257252,440.3560879258096,35.042826787636194,-107.4998586746214,22.907774088201982,Non-Fatigue
