emg_rms,emg_mav,emg_variance,emg_std,emg_waveform_length,emg_zero_crossing,emg_ssc,emg_kurtosis,emg_skewness,emg_peak,emg_median_freq,emg_mean_freq,emg_peak_freq,emg_total_power,emg_power_low,emg_power_mid,emg_power_high,class_name
40.22923138561888,23.49459302855977,2517.3552125468987,26.45832852687692,357729.16526356863,12135.801048802025,25260.42722755192,15.574317407310737,-1.5345811891047283,335.82727135875416,82.70758088926353,84.5025518201106,54.15168472417248,347.77164597071084,171.0552287839745,430.9785089499775,53.263654177588585,Non-Fatigue
