emg_rms,emg_mav,emg_variance,emg_std,emg_waveform_length,emg_zero_crossing,emg_ssc,emg_kurtosis,emg_skewness,emg_peak,emg_median_freq,emg_mean_freq,emg_peak_freq,emg_total_power,emg_power_low,emg_power_mid,emg_power_high,class_name
50.33331222190778,21.79640120188621,-2303.197202113929,55.70609885336773,784919.9443866427,12945.898429529328,33822.246024287975,7.79287899773394,0.4815952564057539,180.86991264724605,83.78845957719429,119.08479982037264,30.05091491075379,-205.73458313255964,91.32105441774802,517.0101488817462,61.09777665523904,Non-Fatigue
