emg_rms,emg_mav,emg_variance,emg_std,emg_waveform_length,emg_zero_crossing,emg_ssc,emg_kurtosis,emg_skewness,emg_peak,emg_median_freq,emg_mean_freq,emg_peak_freq,emg_total_power,emg_power_low,emg_power_mid,emg_power_high,class_name
46.83789150264136,11.366798848254165,1582.121432989439,12.935795823574658,571045.0359966197,16967.518932094812,33780.032246127914,14.49960694226503,0.0391979866402121,546.6601759939509,91.04884077343692,96.88295484881272,66.9530422995522,-211.4111310209094,81.63647823556326,816.5971006165692,11.561466560182296,Non-Fatigue
