emg_rms,emg_mav,emg_variance,emg_std,emg_waveform_length,emg_zero_crossing,emg_ssc,emg_kurtosis,emg_skewness,emg_peak,emg_median_freq,emg_mean_freq,emg_peak_freq,emg_total_power,emg_power_low,emg_power_mid,emg_power_high,class_name
43.183723829705,15.397667226617196,-1498.144351176573,38.49806203025515,501169.0442901771,14000.246058377312,29357.716252821807,17.426642796124998,1.0254190082996737,427.2008230769493,73.17972207445314,91.036092744868,64.7166618548858,451.70649120554646,-26.08778161274533,-39.30153569230316,86.60629537314776,Non-Fatigue
