emg_rms,emg_mav,emg_variance,emg_std,emg_waveform_length,emg_zero_crossing,emg_ssc,emg_kurtosis,emg_skewness,emg_peak,emg_median_freq,emg_mean_freq,emg_peak_freq,emg_total_power,emg_power_low,emg_power_mid,emg_power_high,class_name
25.15187736364668,21.644665094195048,1426.727263261357,36.06354047193343,545964.3022330411,15404.703881238966,32156.406468819237,11.86502082651284,-0.6426284197353908,520.3223650279648,44.15793500673208,75.85416919692446,60.41958016611835,1591.098645238498,105.90283869999726,195.62084578754104,77.57523516841508,Non-Fatigue
