emg_rms,emg_mav,emg_variance,emg_std,emg_waveform_length,emg_zero_crossing,emg_ssc,emg_kurtosis,emg_skewness,emg_peak,emg_median_freq,emg_mean_freq,emg_peak_freq,emg_total_power,emg_power_low,emg_power_mid,emg_power_high,class_name
49.8461146245207,18.819028118860608,285.01424154924166,36.14108000667559,560551.5637137875,16044.20209222119,25251.098790805103,15.535123490404663,1.3718955311281946,635.4854680365254,82.15070904014526,79.7149080604025,64.40459555984431,345.7623360923617,89.56688593758376,378.674929672142,79.7695815005641,Non-Fatigue
