emg_rms,emg_mav,emg_variance,emg_std,emg_waveform_length,emg_zero_crossing,emg_ssc,emg_kurtosis,emg_skewness,emg_peak,emg_median_freq,emg_mean_freq,emg_peak_freq,emg_total_power,emg_power_low,emg_power_mid,emg_power_high,class_name
61.16054490222078,16.701610116085742,2486.363827647414,10.052451806115736,768269.3669687873,14299.480760944076,25506.00104744847,11.945877805218744,0.5307926254451415,524.4061480497023,77.81544699442742,83.72638147322753,66.98196296784816,270.43844322540644,28.05232582867465,545.764197086118,5.028852776727568,Non-Fatigue
