emg_rms,emg_mav,emg_variance,emg_std,emg_waveform_length,emg_zero_crossing,emg_ssc,emg_kurtosis,emg_skewness,emg_peak,emg_median_freq,emg_mean_freq,emg_peak_freq,emg_total_power,emg_power_low,emg_power_mid,emg_power_high,class_name
15.955394071886378,15.376757645225847,2045.2258871820163,49.77537533788802,385548.4348296763,13939.18819266465,28042.095715477757,16.930950524229665,0.4488614857244584,540.4300860001326,61.72962014726608,96.8450399440588,59.68118770415373,223.50420022273173,131.16856263418964,-209.4228869263952,115.53370490980733,Non-Fatigue
