emg_rms,emg_mav,emg_variance,emg_std,emg_waveform_length,emg_zero_crossing,emg_ssc,emg_kurtosis,emg_skewness,emg_peak,emg_median_freq,emg_mean_freq,emg_peak_freq,emg_total_power,emg_power_low,emg_power_mid,emg_power_high,class_name
28.795816581687117,17.886480836454705,3763.400531863148,45.21022982294605,548169.7231609455,14961.7545781207,31000.281676012863,22.839019895128345,-0.2877784681571479,304.32765364765555,58.70113279816015,111.96568802774014,52.458726178710926,471.6812369005633,102.49034165748118,588.0103269572671,54.16477196353386,Non-Fatigue
