emg_rms,emg_mav,emg_variance,emg_std,emg_waveform_length,emg_zero_crossing,emg_ssc,emg_kurtosis,emg_skewness,emg_peak,emg_median_freq,emg_mean_freq,emg_peak_freq,emg_total_power,emg_power_low,emg_power_mid,emg_power_high,class_name
48.25977036776101,18.764438711660883,-930.3123701129008,39.40408029394713,784182.8268228373,11068.686794015057,26772.71397162429,11.939250918511917,1.1562723997357178,345.1989248747425,85.51634620717034,94.85974164185234,55.950416391197344,35.51281259128234,102.94974280236036,579.0932127025181,105.51062808406736,Non-Fatigue
