emg_rms,emg_mav,emg_variance,emg_std,emg_waveform_length,emg_zero_crossing,emg_ssc,emg_kurtosis,emg_skewness,emg_peak,emg_median_freq,emg_mean_freq,emg_peak_freq,emg_total_power,emg_power_low,emg_power_mid,emg_power_high,class_name
81.6585649618705,12.30796410516804,1336.351645616391,36.41322353341975,854370.9779496021,8166.368696859995,28548.139451366387,14.189452076039942,2.5116573160840936,358.43273793043613,89.01965624474829,97.17339323625173,55.82228681931812,445.60461131413217,-72.88006153211347,566.9409363273933,38.771624018631385,Non-Fatigue
