emg_rms,emg_mav,emg_variance,emg_std,emg_waveform_length,emg_zero_crossing,emg_ssc,emg_kurtosis,emg_skewness,emg_peak,emg_median_freq,emg_mean_freq,emg_peak_freq,emg_total_power,emg_power_low,emg_power_mid,emg_power_high,class_name
50.55008921662541,28.194564638133485,720.8668177859935,-5.165481153252983,787670.544910007,10375.155312971388,23795.54592566954,14.17890626146855,-0.0797758774390351,362.50495863345503,88.44116419302904,88.31678328370144,68.4166092216038,1161.3179830883437,155.27779744199603,823.265303329953,28.79176846611763,Non-Fatigue
