emg_rms,emg_mav,emg_variance,emg_std,emg_waveform_length,emg_zero_crossing,emg_ssc,emg_kurtosis,emg_skewness,emg_peak,emg_median_freq,emg_mean_freq,emg_peak_freq,emg_total_power,emg_power_low,emg_power_mid,emg_power_high,class_name
15.675784743584892,1.4704032760337995,290.414090492867,11.734524286159411,793545.7979733741,14961.666477706647,25002.49261604948,14.275251806449464,0.702609582038306,520.5270542045569,56.14592695272579,106.33933443419814,62.4544512669892,-167.4053762303774,29.357149603144336,340.02826787238735,56.12893091971759,Non-Fatigue
