emg_rms,emg_mav,emg_variance,emg_std,emg_waveform_length,emg_zero_crossing,emg_ssc,emg_kurtosis,emg_skewness,emg_peak,emg_median_freq,emg_mean_freq,emg_peak_freq,emg_total_power,emg_power_low,emg_power_mid,emg_power_high,class_name
23.06823341642082,31.36798523647512,1343.6453947379964,17.032681887749238,798175.6816134853,17588.80589921191,19362.186517858347,20.245309325434647,-2.0563983301954987,662.7054566269128,67.37767923270164,84.74673470853517,58.67635490889414,857.7957418334355,-32.447244636842456,617.0328748913475,26.11092506655982,Non-Fatigue
