emg_rms,emg_mav,emg_variance,emg_std,emg_waveform_length,emg_zero_crossing,emg_ssc,emg_kurtosis,emg_skewness,emg_peak,emg_median_freq,emg_mean_freq,emg_peak_freq,emg_total_power,emg_power_low,emg_power_mid,emg_power_high,class_name
54.44210602945452,14.389432707741316,2854.4880852243605,43.65227705615855,382230.5898070246,11183.465409704671,19816.69408604403,19.950826271546003,1.6809350513743104,350.4100321563521,47.378468113988944,97.93080319808104,53.66933844060822,500.4443254293385,77.02414415936951,410.8654576308592,108.53957753763513,Non-Fatigue
