emg_rms,emg_mav,emg_variance,emg_std,emg_waveform_length,emg_zero_crossing,emg_ssc,emg_kurtosis,emg_skewness,emg_peak,emg_median_freq,emg_mean_freq,emg_peak_freq,emg_total_power,emg_power_low,emg_power_mid,emg_power_high,class_name
43.20086427037919,9.068496248926689,486.416153061421,70.4536020889915,589092.697474455,15133.865038669095,34050.06822774572,28.116518362907836,0.7585082147944623,448.5867329190951,88.33319081009412,81.97375906763631,64.44898109134168,587.3855704813025,109.44775337796672,2.645080603454403,53.504675469571886,Non-Fatigue
