emg_rms,emg_mav,emg_variance,emg_std,emg_waveform_length,emg_zero_crossing,emg_ssc,emg_kurtosis,emg_skewness,emg_peak,emg_median_freq,emg_mean_freq,emg_peak_freq,emg_total_power,emg_power_low,emg_power_mid,emg_power_high,class_name
-6.713227390285944,21.946633077780486,556.8982501493697,26.192247558624707,846717.9884399674,10721.578910813289,34787.667565869095,10.586607913494731,-0.9394844958970217,446.0702093303571,81.57050529779573,71.7137222209561,50.71495366315177,127.91105373293368,226.06647239611704,-62.99844299724123,38.76108862234328,Non-Fatigue
