emg_rms,emg_mav,emg_variance,emg_std,emg_waveform_length,emg_zero_crossing,emg_ssc,emg_kurtosis,emg_skewness,emg_peak,emg_median_freq,emg_mean_freq,emg_peak_freq,emg_total_power,emg_power_low,emg_power_mid,emg_power_high,class_name
46.2951848930918,16.263260890521792,185.63077872621216,33.112992565434,550616.5564848417,17012.293858705605,28342.570794876723,15.50763654882576,0.0545346072452089,308.92397986110035,72.42733618489727,91.7141262589859,48.8929791814135,-714.1380020751067,193.3106724928448,446.7754733439764,92.40099035079317,Non-Fatigue
