emg_rms,emg_mav,emg_variance,emg_std,emg_waveform_length,emg_zero_crossing,emg_ssc,emg_kurtosis,emg_skewness,emg_peak,emg_median_freq,emg_mean_freq,emg_peak_freq,emg_total_power,emg_power_low,emg_power_mid,emg_power_high,class_name
50.52804923728531,5.226006818420787,2023.358630488994,56.22674106679675,723582.5923321575,7581.445559676671,21738.35934911753,0.5868154806978882,-0.3295641237782826,532.6379847380589,80.04195786041652,94.45334955391674,71.61746346960733,-138.7325194399589,25.080691950332096,233.8667329342204,76.4302162616363,Non-Fatigue
