emg_rms,emg_mav,emg_variance,emg_std,emg_waveform_length,emg_zero_crossing,emg_ssc,emg_kurtosis,emg_skewness,emg_peak,emg_median_freq,emg_mean_freq,emg_peak_freq,emg_total_power,emg_power_low,emg_power_mid,emg_power_high,class_name
50.887764127787,13.833799267206182,1776.2457488317757,30.919622117420246,675589.6062641768,9955.488417891913,27320.85155834213,11.820112372100697,0.62356721985086,338.4823573511988,67.5059948033107,86.7328335485592,51.21748766185704,-220.9461989190208,-73.91387196166127,531.7418351338132,7.239714861062964,Non-Fatigue
