emg_rms,emg_mav,emg_variance,emg_std,emg_waveform_length,emg_zero_crossing,emg_ssc,emg_kurtosis,emg_skewness,emg_peak,emg_median_freq,emg_mean_freq,emg_peak_freq,emg_total_power,emg_power_low,emg_power_mid,emg_power_high,class_name
29.48334779875712,17.22463551302031,3372.799821452818,23.316636806139822,418117.2359752966,14754.53827703524,23038.729844739948,20.396276696751524,-0.2918462328645812,250.7370959676596,90.38645779600888,104.5737301892021,52.92715316363962,605.7413371777271,157.7610734431251,-11.978417177360484,96.58874537620446,Non-Fatigue
