emg_rms,emg_mav,emg_variance,emg_std,emg_waveform_length,emg_zero_crossing,emg_ssc,emg_kurtosis,emg_skewness,emg_peak,emg_median_freq,emg_mean_freq,emg_peak_freq,emg_total_power,emg_power_low,emg_power_mid,emg_power_high,class_name
35.147584392613034,6.77025590126112,5672.704025616338,32.88489481993486,475751.0670118236,15052.37540818865,19527.227668245003,20.571909797912816,-2.691272472990538,486.67644788636295,68.84397804160777,95.01825764959284,54.913413171370586,737.1444162424516,55.4593386735107,681.9311287035903,75.95863529221441,Non-Fatigue
