emg_rms,emg_mav,emg_variance,emg_std,emg_waveform_length,emg_zero_crossing,emg_ssc,emg_kurtosis,emg_skewness,emg_peak,emg_median_freq,emg_mean_freq,emg_peak_freq,emg_total_power,emg_power_low,emg_power_mid,emg_power_high,class_name
42.91350545191132,21.873178576628924,999.196073864284,46.24325699846905,421590.6733021093,15509.168544028087,23906.214650507834,16.864074914532058,-1.694068703785264,590.0683103444665,68.95998201939918,103.73712278830082,46.05772077094213,-422.3241763383856,78.01478493902971,-79.4560975550583,66.47906165200462,Non-Fatigue
