emg_rms,emg_mav,emg_variance,emg_std,emg_waveform_length,emg_zero_crossing,emg_ssc,emg_kurtosis,emg_skewness,emg_peak,emg_median_freq,emg_mean_freq,emg_peak_freq,emg_total_power,emg_power_low,emg_power_mid,emg_power_high,class_name
52.73131181745269,19.972594325835704,-937.1392920395758,22.159422585657936,758539.0037366997,6475.540959545048,23490.27345435862,17.901557757923065,1.5144547160209836,364.696042969704,49.27123842993694,82.10026036340496,38.03108689036483,1025.552130388187,122.29077806211738,544.3356469757271,72.14610067537586,Non-Fatigue
