emg_rms,emg_mav,emg_variance,emg_std,emg_waveform_length,emg_zero_crossing,emg_ssc,emg_kurtosis,emg_skewness,emg_peak,emg_median_freq,emg_mean_freq,emg_peak_freq,emg_total_power,emg_power_low,emg_power_mid,emg_power_high,class_name
83.23460306688331,13.726951746917244,1038.118964219851,-4.722180592170091,454756.55471756303,11763.574662705978,21430.181724336668,22.939540723102954,1.487400778667567,415.71313190277056,63.26385162578079,100.31675766973578,57.737141495744574,-76.26066311574408,-5.036119100389314,333.09681760447984,46.28239279741857,Non-Fatigue
