emg_rms,emg_mav,emg_variance,emg_std,emg_waveform_length,emg_zero_crossing,emg_ssc,emg_kurtosis,emg_skewness,emg_peak,emg_median_freq,emg_mean_freq,emg_peak_freq,emg_total_power,emg_power_low,emg_power_mid,emg_power_high,class_name
58.8717085690741,13.189686864445171,1622.580340610415,46.74278471111136,667493.9219505385,15239.576774288162,23498.88688161992,13.27015358364035,0.7965042707433319,176.1969776128493,92.76098119264168,54.429763785554094,50.78740424058188,233.99872241637007,58.29405649551882,859.5382709399676,-36.03818709871271,Non-Fatigue
