emg_rms,emg_mav,emg_variance,emg_std,emg_waveform_length,emg_zero_crossing,emg_ssc,emg_kurtosis,emg_skewness,emg_peak,emg_median_freq,emg_mean_freq,emg_peak_freq,emg_total_power,emg_power_low,emg_power_mid,emg_power_high,class_name
35.20927890373695,19.731413628684457,888.4724315517689,60.21006523089956,362160.04714620335,17133.65596637794,27867.807235305703,19.37151188338839,0.2636047655795496,532.4650689941011,70.67357855406148,104.08231467212065,52.06720855836411,218.3880501367888,101.17106292685162,359.42887084272684,9.56293826726482,Non-Fatigue
