emg_rms,emg_mav,emg_variance,emg_std,emg_waveform_length,emg_zero_crossing,emg_ssc,emg_kurtosis,emg_skewness,emg_peak,emg_median_freq,emg_mean_freq,emg_peak_freq,emg_total_power,emg_power_low,emg_power_mid,emg_power_high,class_name
40.66547005649846,30.637866968494983,2310.4173123250075,52.19976157031576,342888.2247587452,15208.883983995363,32626.460421341235,10.261389953488418,1.4103531987829023,329.10585055583635,72.14733371197174,90.8340053831451,56.96943966590072,1087.1015638773722,38.38647055407405,-344.0553378213105,12.048861998286291,Non-Fatigue
