emg_rms,emg_mav,emg_variance,emg_std,emg_waveform_length,emg_zero_crossing,emg_ssc,emg_kurtosis,emg_skewness,emg_peak,emg_median_freq,emg_mean_freq,emg_peak_freq,emg_total_power,emg_power_low,emg_power_mid,emg_power_high,class_name
65.41205565285804,24.257637158248645,1382.835756658664,51.39544776467433,410552.0188443138,13102.85910316006,26650.47198901744,19.51228827445651,0.5058821633083435,292.27857871783,80.95900627874896,113.61961107003609,56.54571860028142,250.07146440014475,204.0874878085777,591.2724417656789,15.779811051488709,Non-Fatigue
