emg_rms,emg_mav,emg_variance,emg_std,emg_waveform_length,emg_zero_crossing,emg_ssc,emg_kurtosis,emg_skewness,emg_peak,emg_median_freq,emg_mean_freq,emg_peak_freq,emg_total_power,emg_power_low,emg_power_mid,emg_power_high,class_name
36.94313158450879,13.777026238961891,354.4547920871221,15.581092903782915,456558.0168350101,13592.60830692181,30985.24031888436,22.131830640703765,-1.9718150942415007,461.98960332874816,76.92471696183726,108.47144356126442,49.62625488824674,485.1004453546972,71.3741240495985,632.3175390946934,32.807508127066654,Non-Fatigue
