emg_rms,emg_mav,emg_variance,emg_std,emg_waveform_length,emg_zero_crossing,emg_ssc,emg_kurtosis,emg_skewness,emg_peak,emg_median_freq,emg_mean_freq,emg_peak_freq,emg_total_power,emg_power_low,emg_power_mid,emg_power_high,class_name
42.62465274605066,49.72260870138346,-435.80540204257727,57.08686402311847,255519.89435065445,20040.143161126274,23494.301271374025,14.671882610223316,0.0708223997349313,504.4045057653212,72.95135253481777,93.88194519224028,40.02699660938541,-638.1927526477175,-88.45373666450106,269.5223967369526,-26.69312223832513,Non-Fatigue
