emg_rms,emg_mav,emg_variance,emg_std,emg_waveform_length,emg_zero_crossing,emg_ssc,emg_kurtosis,emg_skewness,emg_peak,emg_median_freq,emg_mean_freq,emg_peak_freq,emg_total_power,emg_power_low,emg_power_mid,emg_power_high,class_name
17.842979921676744,15.820827522732952,-730.843097696629,45.827717262165066,456873.8764515594,10859.009683704742,24810.34303822145,18.711220897449877,-0.6340540342844103,445.6824671688025,89.0906338744961,78.55816376917356,54.27874340179524,-78.61530481274002,-63.17669933842672,317.38714564530966,25.67176815015879,Non-Fatigue
