emg_rms,emg_mav,emg_variance,emg_std,emg_waveform_length,emg_zero_crossing,emg_ssc,emg_kurtosis,emg_skewness,emg_peak,emg_median_freq,emg_mean_freq,emg_peak_freq,emg_total_power,emg_power_low,emg_power_mid,emg_power_high,class_name
32.60089597636472,16.56691650765258,594.4009520535535,54.14215329412783,732036.8744171613,19609.83363168187,22450.83437497385,9.18346115575144,1.7271890959071097,453.9159929881888,90.136562658343,79.8850959270053,55.97595239045643,324.0990050443809,12.722469110541958,106.82057127570393,51.75780670901327,Non-Fatigue
