emg_rms,emg_mav,emg_variance,emg_std,emg_waveform_length,emg_zero_crossing,emg_ssc,emg_kurtosis,emg_skewness,emg_peak,emg_median_freq,emg_mean_freq,emg_peak_freq,emg_total_power,emg_power_low,emg_power_mid,emg_power_high,class_name
15.328283263050402,13.321912103289172,227.2617380042534,23.1646326128612,411586.5589915086,11510.37293574298,29852.62504367348,5.06573266256628,-2.0762189958366952,588.2831792222377,77.4721690254137,98.28029134665326,53.69267214885167,-30.340339997528417,89.19872430378447,454.0970080874814,13.76511150926111,Non-Fatigue
