emg_rms,emg_mav,emg_variance,emg_std,emg_waveform_length,emg_zero_crossing,emg_ssc,emg_kurtosis,emg_skewness,emg_peak,emg_median_freq,emg_mean_freq,emg_peak_freq,emg_total_power,emg_power_low,emg_power_mid,emg_power_high,class_name
39.87138421463752,17.55497732520369,720.6435895798228,-1.162094679194638,732303.6331510318,10278.941817998626,26881.99752623464,9.128774517951182,-0.2469317039970059,442.46250711711457,68.16617339355,92.58427259452216,58.72359784051373,514.3865062008435,8.714987255963294,151.3526692984163,59.186277446363874,Non-Fatigue
