emg_rms,emg_mav,emg_variance,emg_std,emg_waveform_length,emg_zero_crossing,emg_ssc,emg_kurtosis,emg_skewness,emg_peak,emg_median_freq,emg_mean_freq,emg_peak_freq,emg_total_power,emg_power_low,emg_power_mid,emg_power_high,class_name
60.39989196759524,5.910033094096063,1304.6212658454758,36.25117437398942,222717.9048006717,15240.229035007937,27005.79906872478,10.395914045318891,0.9035640618854176,381.8648004148544,93.62619679490102,105.91733508491932,57.09723159163102,842.0510691582057,203.6224767656431,410.8709980226232,53.93006590968263,Non-Fatigue
