emg_rms,emg_mav,emg_variance,emg_std,emg_waveform_length,emg_zero_crossing,emg_ssc,emg_kurtosis,emg_skewness,emg_peak,emg_median_freq,emg_mean_freq,emg_peak_freq,emg_total_power,emg_power_low,emg_power_mid,emg_power_high,class_name
56.20673244860114,9.836321939769572,3269.032634927519,76.28932590200264,555303.0067860844,9280.954036480263,27729.183658624333,13.756568008750984,-0.8294699078689133,494.5844793716908,85.65157224965833,111.59703188978436,53.81422025424277,676.9088021443107,-4.756198389109187,554.2749759390084,53.63520197308557,Non-Fatigue
