emg_rms,emg_mav,emg_variance,emg_std,emg_waveform_length,emg_zero_crossing,emg_ssc,emg_kurtosis,emg_skewness,emg_peak,emg_median_freq,emg_mean_freq,emg_peak_freq,emg_total_power,emg_power_low,emg_power_mid,emg_power_high,class_name
38.491764570297775,12.078751564508076,328.4025984641539,52.28080519945368,709052.0365963398,14628.801605055834,22872.63575009767,15.228012048718728,0.4985324416387373,664.930492517756,100.55773608305287,92.26472776905707,63.893246479152666,627.8164353584361,69.67372934200343,58.57260028805732,17.93930338933479,Non-Fatigue
