emg_rms,emg_mav,emg_variance,emg_std,emg_waveform_length,emg_zero_crossing,emg_ssc,emg_kurtosis,emg_skewness,emg_peak,emg_median_freq,emg_mean_freq,emg_peak_freq,emg_total_power,emg_power_low,emg_power_mid,emg_power_high,class_name
28.345449527193487,14.154398170870175,2778.7905089297865,15.873948768144755,837247.5944466521,10668.259380897693,29550.62707669127,21.00217453799722,0.051946622718775,479.2438046355713,76.16005115746951,106.3627164474711,47.23087853745017,154.82565669635602,20.45635990415971,-208.13119117158072,45.42353707459789,Non-Fatigue
