emg_rms,emg_mav,emg_variance,emg_std,emg_waveform_length,emg_zero_crossing,emg_ssc,emg_kurtosis,emg_skewness,emg_peak,emg_median_freq,emg_mean_freq,emg_peak_freq,emg_total_power,emg_power_low,emg_power_mid,emg_power_high,class_name
30.54825251517807,23.766426873271573,2214.94033304668,60.36587294060351,506264.1984429544,10426.501326605492,25258.908438810933,9.859034007506246,2.2812638745899303,496.2928572475667,77.57534485999214,55.69887787113918,54.77324048207798,847.7341195631532,69.98570505935851,628.2984858176987,58.19558489124734,Non-Fatigue
