emg_rms,emg_mav,emg_variance,emg_std,emg_waveform_length,emg_zero_crossing,emg_ssc,emg_kurtosis,emg_skewness,emg_peak,emg_median_freq,emg_mean_freq,emg_peak_freq,emg_total_power,emg_power_low,emg_power_mid,emg_power_high,class_name
38.50538848206657,23.81237067286488,745.6038060124755,20.835610352159392,455674.8520378053,13477.141012481108,22535.185296878717,15.46847214870769,-0.6900810162536738,610.0471507690726,78.07619492210131,85.79837558258774,53.665031393309725,-652.560735858588,123.92312195329384,430.052257666994,57.88564750667469,Non-Fatigue
