emg_rms,emg_mav,emg_variance,emg_std,emg_waveform_length,emg_zero_crossing,emg_ssc,emg_kurtosis,emg_skewness,emg_peak,emg_median_freq,emg_mean_freq,emg_peak_freq,emg_total_power,emg_power_low,emg_power_mid,emg_power_high,class_name
25.87575412736893,29.4068544957228,94.32092471128772,21.527991112145617,745126.6955060354,11997.152242400747,22849.68380129158,6.639883768348243,0.4295099752425442,404.21440416956654,82.30717808319235,90.30341257042365,38.64974166473331,1093.6393041316453,138.8910241865113,679.5876058153513,73.6259956023937,Non-Fatigue
