emg_rms,emg_mav,emg_variance,emg_std,emg_waveform_length,emg_zero_crossing,emg_ssc,emg_kurtosis,emg_skewness,emg_peak,emg_median_freq,emg_mean_freq,emg_peak_freq,emg_total_power,emg_power_low,emg_power_mid,emg_power_high,class_name
32.95503246531049,16.638981139289502,3717.790377712847,50.70757995687488,372587.81179231405,9538.728980188274,26877.061434945623,16.4699734106282,-0.4187793036042702,428.89306229002005,56.64161994489256,109.17297496006933,56.35562040668815,62.96718654498062,243.73921295097213,366.6669757710511,129.20554479307623,Non-Fatigue
