emg_rms,emg_mav,emg_variance,emg_std,emg_waveform_length,emg_zero_crossing,emg_ssc,emg_kurtosis,emg_skewness,emg_peak,emg_median_freq,emg_mean_freq,emg_peak_freq,emg_total_power,emg_power_low,emg_power_mid,emg_power_high,class_name
54.68258179379029,16.58443574271702,4200.063271576886,57.64765418072698,781099.8577241566,13917.27508159725,24223.282113728965,18.09129725005591,1.4321952743532589,553.8327213563995,93.94039555494466,105.20880326258586,56.87578015582503,208.11541914090327,99.92081424927044,78.5116999106055,80.9336831164783,Non-Fatigue
