emg_rms,emg_mav,emg_variance,emg_std,emg_waveform_length,emg_zero_crossing,emg_ssc,emg_kurtosis,emg_skewness,emg_peak,emg_median_freq,emg_mean_freq,emg_peak_freq,emg_total_power,emg_power_low,emg_power_mid,emg_power_high,class_name
39.80680110109492,9.325245641128472,1599.0475418401552,93.50638874779816,518628.2582648684,18301.275504610312,20988.940234820293,21.965262393975664,0.7179289959858951,321.5785047956293,58.83034155930254,79.52185638175212,45.40695790277572,585.8158002853852,284.8710535310635,499.6643360806068,62.839181040725656,Non-Fatigue
