emg_rms,emg_mav,emg_variance,emg_std,emg_waveform_length,emg_zero_crossing,emg_ssc,emg_kurtosis,emg_skewness,emg_peak,emg_median_freq,emg_mean_freq,emg_peak_freq,emg_total_power,emg_power_low,emg_power_mid,emg_power_high,class_name
57.51383322452017,16.383832616533518,4480.073658220161,37.978926988610496,618769.4968430164,16050.410737490787,20063.81619218049,20.60125606895195,0.1448323020003588,251.82637198765545,74.60845447878397,99.39693062396026,60.67774195215605,-124.46220988892463,-194.7109821752368,178.73896753475245,72.65246449213754,Non-Fatigue
