emg_rms,emg_mav,emg_variance,emg_std,emg_waveform_length,emg_zero_crossing,emg_ssc,emg_kurtosis,emg_skewness,emg_peak,emg_median_freq,emg_mean_freq,emg_peak_freq,emg_total_power,emg_power_low,emg_power_mid,emg_power_high,class_name
34.50565763084937,26.113419146188217,954.6339848777258,46.470352196845134,302043.14842648176,13609.299220837878,21979.62469035089,11.910828975233356,0.3200289222533437,444.1744399196767,59.60897563065703,87.04121510458704,41.005345388364695,815.1378113291553,61.60957302752476,295.86568165185923,81.06829847195968,Non-Fatigue
