emg_rms,emg_mav,emg_variance,emg_std,emg_waveform_length,emg_zero_crossing,emg_ssc,emg_kurtosis,emg_skewness,emg_peak,emg_median_freq,emg_mean_freq,emg_peak_freq,emg_total_power,emg_power_low,emg_power_mid,emg_power_high,class_name
21.127464404245384,17.989129434555124,3018.505009143708,51.89134780980197,728237.3369130683,14280.156471613598,31641.83363210471,17.37257167329996,1.490561711058795,483.7119707424674,104.10775776002338,110.30063364517054,64.37070229110259,1010.7159300345728,196.68326767981296,418.8491673012127,74.15698644232936,Non-Fatigue
