emg_rms,emg_mav,emg_variance,emg_std,emg_waveform_length,emg_zero_crossing,emg_ssc,emg_kurtosis,emg_skewness,emg_peak,emg_median_freq,emg_mean_freq,emg_peak_freq,emg_total_power,emg_power_low,emg_power_mid,emg_power_high,class_name
53.00362990835893,28.758423173565436,4005.4062307637887,52.07594809737698,506545.4093472779,8833.735967600813,25850.116197277308,11.576305976666646,1.2353785973623577,421.2576685275699,56.32061596958569,90.4111224448581,64.84229916252457,-131.98802062349972,-24.392006729888195,-178.17766961250936,91.8428482014069,Non-Fatigue
