emg_rms,emg_mav,emg_variance,emg_std,emg_waveform_length,emg_zero_crossing,emg_ssc,emg_kurtosis,emg_skewness,emg_peak,emg_median_freq,emg_mean_freq,emg_peak_freq,emg_total_power,emg_power_low,emg_power_mid,emg_power_high,class_name
23.568970182144845,3.9420132690240015,-817.8819259598324,41.78136232103845,53806.01593135856,6434.24080157391,21888.07635519505,13.18575855424596,-0.3085719134788024,353.68581338143747,75.99045054220377,78.86106071284638,60.0968720852317,711.805510272635,103.67648606076506,337.7354485158075,45.81841776069557,Non-Fatigue
