emg_rms,emg_mav,emg_variance,emg_std,emg_waveform_length,emg_zero_crossing,emg_ssc,emg_kurtosis,emg_skewness,emg_peak,emg_median_freq,emg_mean_freq,emg_peak_freq,emg_total_power,emg_power_low,emg_power_mid,emg_power_high,class_name
28.719335484335907,21.876439476259563,2036.770152092688,12.977914191632344,429016.58147977793,11887.482863191464,27212.569094935352,16.217185436111556,1.5018556401330598,476.0820840319444,81.10103727597564,101.04496551818828,65.0784778283458,282.1732964692732,-104.10510911497312,15.697334476002425,33.95725898780155,Non-Fatigue
