emg_rms,emg_mav,emg_variance,emg_std,emg_waveform_length,emg_zero_crossing,emg_ssc,emg_kurtosis,emg_skewness,emg_peak,emg_median_freq,emg_mean_freq,emg_peak_freq,emg_total_power,emg_power_low,emg_power_mid,emg_power_high,class_name
50.76162826426982,10.826661957983468,-2790.949573019653,43.07883004971708,397924.8381961973,17819.94783903398,24727.15200173624,8.42854628329157,1.8827290601235955,543.8334057283764,94.64176493315512,110.0195914173482,35.91804980414796,563.0890191716069,86.5269727022673,541.7287736472678,46.14152495932773,Non-Fatigue
