emg_rms,emg_mav,emg_variance,emg_std,emg_waveform_length,emg_zero_crossing,emg_ssc,emg_kurtosis,emg_skewness,emg_peak,emg_median_freq,emg_mean_freq,emg_peak_freq,emg_total_power,emg_power_low,emg_power_mid,emg_power_high,class_name
32.61016277545316,14.115992983192,430.7298001492504,27.294305958228662,677957.1180865851,8480.310737925045,30772.56192238355,17.880799786476157,0.7544741856115575,387.2142250425252,56.23018909327272,85.29474989350335,65.79832418141704,504.0192970857401,160.9176822356851,265.19474390479775,66.11810792032672,Non-Fatigue
