emg_rms,emg_mav,emg_variance,emg_std,emg_waveform_length,emg_zero_crossing,emg_ssc,emg_kurtosis,emg_skewness,emg_peak,emg_median_freq,emg_mean_freq,emg_peak_freq,emg_total_power,emg_power_low,emg_power_mid,emg_power_high,class_name
61.66419483482264,17.098584934057453,321.575814810343,13.034543937742496,793729.2785050813,9980.08058218951,23585.49171160273,15.15376860462305,1.3628929108566123,636.4211487876036,90.03100510765763,110.82315560310428,55.14588927353679,239.0191363097896,79.34991704590854,-231.74001334615429,55.62879339113516,Non-Fatigue
