emg_rms,emg_mav,emg_variance,emg_std,emg_waveform_length,emg_zero_crossing,emg_ssc,emg_kurtosis,emg_skewness,emg_peak,emg_median_freq,emg_mean_freq,emg_peak_freq,emg_total_power,emg_power_low,emg_power_mid,emg_power_high,class_name
17.478553617476784,23.327175328344104,3442.117460114556,40.18626245892825,593170.73007107,15928.29920678398,28508.11020513776,13.27521567188622,1.3370983376792176,489.85249973185023,89.24739242363299,90.72539064113816,46.90802807593085,655.0289683983156,106.92580490362116,-37.1973785730624,58.05415952722926,Non-Fatigue
