emg_rms,emg_mav,emg_variance,emg_std,emg_waveform_length,emg_zero_crossing,emg_ssc,emg_kurtosis,emg_skewness,emg_peak,emg_median_freq,emg_mean_freq,emg_peak_freq,emg_total_power,emg_power_low,emg_power_mid,emg_power_high,class_name
77.91198895567096,26.87287241911003,2897.934437847093,61.56933592014602,432002.3782088265,16014.397379858425,27074.67030940049,14.490853157398185,-0.3989444109609142,600.8530110701234,74.06367748651428,72.51670591007394,63.51020157307092,594.0113952076301,201.3094870432052,116.02331906172064,47.96010057846262,Non-Fatigue
