emg_rms,emg_mav,emg_variance,emg_std,emg_waveform_length,emg_zero_crossing,emg_ssc,emg_kurtosis,emg_skewness,emg_peak,emg_median_freq,emg_mean_freq,emg_peak_freq,emg_total_power,emg_power_low,emg_power_mid,emg_power_high,class_name
14.215311425958255,16.79000320581511,1121.2592309419424,34.92876684354071,723482.5758895339,7406.163424726735,19360.59571811256,23.287488431177803,1.1321009401380993,218.19530522787625,96.92218618790936,85.73287678128841,63.923931485059256,1368.177255239539,146.25665210934767,242.70552184767013,60.37808957245207,Non-Fatigue
