emg_rms,emg_mav,emg_variance,emg_std,emg_waveform_length,emg_zero_crossing,emg_ssc,emg_kurtosis,emg_skewness,emg_peak,emg_median_freq,emg_mean_freq,emg_peak_freq,emg_total_power,emg_power_low,emg_power_mid,emg_power_high,class_name
45.11321141507614,21.6211481796584,813.2859371059228,57.48640653474606,728202.9287053228,15341.471315368974,27305.269873869893,6.813217260796836,2.114185810018481,450.0761285744919,75.4789790365636,111.93882324314254,53.44964806058289,514.3420618141199,242.9298846876684,607.7904388878301,85.70356195030364,Non-Fatigue
