emg_rms,emg_mav,emg_variance,emg_std,emg_waveform_length,emg_zero_crossing,emg_ssc,emg_kurtosis,emg_skewness,emg_peak,emg_median_freq,emg_mean_freq,emg_peak_freq,emg_total_power,emg_power_low,emg_power_mid,emg_power_high,class_name
35.25616797317248,16.835773411712708,2606.8718849581583,35.60953259486728,526101.6228892402,10947.72578573348,26222.682186733065,15.944193219318024,0.3728076099908741,520.0356001986984,67.09813139272664,102.38769626609349,63.2811879656261,-28.062711684496264,109.6461105182516,373.27746347478114,25.77794731646102,Non-Fatigue
