emg_rms,emg_mav,emg_variance,emg_std,emg_waveform_length,emg_zero_crossing,emg_ssc,emg_kurtosis,emg_skewness,emg_peak,emg_median_freq,emg_mean_freq,emg_peak_freq,emg_total_power,emg_power_low,emg_power_mid,emg_power_high,class_name
51.826981776393794,20.993258048397585,3314.6922397853423,62.08373674461444,556487.1275749642,8235.325156268318,11623.123355885027,24.661337796477067,1.9591165114795008,411.58441290822975,60.0698168951262,75.94858417536386,56.97826357392896,324.7463305114903,237.677695322277,208.43143499524624,94.85800998117344,Non-Fatigue
