emg_rms,emg_mav,emg_variance,emg_std,emg_waveform_length,emg_zero_crossing,emg_ssc,emg_kurtosis,emg_skewness,emg_peak,emg_median_freq,emg_mean_freq,emg_peak_freq,emg_total_power,emg_power_low,emg_power_mid,emg_power_high,class_name
21.98344612408487,18.967487852122527,4604.814247532492,45.70443643728776,492649.6856026981,14603.615248894765,32673.118128247712,10.628686015874935,-0.376086515068849,574.6478939076477,85.34301373060791,80.10685613188389,70.73982455656895,571.585036259337,68.02671810940998,-185.1410625967225,76.71773421621546,Non-Fatigue
