emg_rms,emg_mav,emg_variance,emg_std,emg_waveform_length,emg_zero_crossing,emg_ssc,emg_kurtosis,emg_skewness,emg_peak,emg_median_freq,emg_mean_freq,emg_peak_freq,emg_total_power,emg_power_low,emg_power_mid,emg_power_high,class_name
46.132408828652295,20.675133648616274,1953.4803821896296,49.70722577482936,244857.34604714008,6574.914991118817,20010.812590437723,10.568317278860103,0.7176148493793738,507.2892955555205,80.40366459964295,91.39234260329404,34.06646818270656,158.07425439151336,12.701220838040776,470.5652986854944,34.172625056079,Non-Fatigue
