emg_rms,emg_mav,emg_variance,emg_std,emg_waveform_length,emg_zero_crossing,emg_ssc,emg_kurtosis,emg_skewness,emg_peak,emg_median_freq,emg_mean_freq,emg_peak_freq,emg_total_power,emg_power_low,emg_power_mid,emg_power_high,class_name
48.933766255647086,26.42057637490039,180.61415717101795,28.75198769857517,421029.8780378455,15323.099542915534,27038.871203052957,23.15006987244025,0.4851098221062522,525.4761791824668,115.23596807322852,108.53182324684803,57.62896966541221,601.5007081761546,85.2894315484564,777.6720747809607,38.44958919684257,Non-Fatigue
