emg_rms,emg_mav,emg_variance,emg_std,emg_waveform_length,emg_zero_crossing,emg_ssc,emg_kurtosis,emg_skewness,emg_peak,emg_median_freq,emg_mean_freq,emg_peak_freq,emg_total_power,emg_power_low,emg_power_mid,emg_power_high,class_name
63.65535900212124,34.96845143368898,2347.3699071031733,62.73992363488576,369431.9752887474,12139.690687932049,28506.110202728854,11.36759314732756,-0.1894807217980687,375.1533630488614,56.49909540126897,78.54210631974748,61.75915132267328,67.4793497943366,-51.6141998718077,465.72679101802817,51.65713186255273,Non-Fatigue
