emg_rms,emg_mav,emg_variance,emg_std,emg_waveform_length,emg_zero_crossing,emg_ssc,emg_kurtosis,emg_skewness,emg_peak,emg_median_freq,emg_mean_freq,emg_peak_freq,emg_total_power,emg_power_low,emg_power_mid,emg_power_high,class_name
35.17181594917202,12.027230117069564,4443.67686871256,39.53012655506119,434756.70748674846,12803.655677508124,30620.334625982243,15.207581852497542,-0.0851656721324618,283.5108809267094,72.84335298982842,94.05593749761842,60.18466960259998,201.6286062059573,41.45449957812481,530.8321759941807,65.4672015201464,Non-Fatigue
