emg_rms,emg_mav,emg_variance,emg_std,emg_waveform_length,emg_zero_crossing,emg_ssc,emg_kurtosis,emg_skewness,emg_peak,emg_median_freq,emg_mean_freq,emg_peak_freq,emg_total_power,emg_power_low,emg_power_mid,emg_power_high,class_name
29.226208246791018,18.08602150299658,1943.2100577505064,50.56409224116154,687806.2519223791,12285.601499529175,29957.98205439775,18.889369901675547,0.2323331987378216,377.7472979180244,88.1141645054908,108.67974234232314,58.06762820171286,302.3990907533602,144.01671471847476,461.9052555509519,61.89195888129634,Non-Fatigue
