emg_rms,emg_mav,emg_variance,emg_std,emg_waveform_length,emg_zero_crossing,emg_ssc,emg_kurtosis,emg_skewness,emg_peak,emg_median_freq,emg_mean_freq,emg_peak_freq,emg_total_power,emg_power_low,emg_power_mid,emg_power_high,class_name
38.0943275991127,19.816993886244628,3142.8093135043077,22.661257194338468,756579.2192162708,15004.194170630672,28343.139901008184,14.613261030341706,-0.173890353734667,564.9473705688445,86.93540248035754,102.15820284123504,58.9789308099334,301.755978556125,212.61526806404805,165.70781022345264,59.99314390913057,Non-Fatigue
