emg_rms,emg_mav,emg_variance,emg_std,emg_waveform_length,emg_zero_crossing,emg_ssc,emg_kurtosis,emg_skewness,emg_peak,emg_median_freq,emg_mean_freq,emg_peak_freq,emg_total_power,emg_power_low,emg_power_mid,emg_power_high,class_name
53.6702547180993,24.117565944870293,-685.3033099763436,53.30667154395772,591881.0262853191,14400.841075076314,28593.73273542956,26.689274761377973,1.1863835987045874,351.290218474366,80.23322890658739,72.36121807563595,65.37816259021866,-81.41833302552442,81.06151579483296,709.796817520817,72.2422936273627,Non-Fatigue
