emg_rms,emg_mav,emg_variance,emg_std,emg_waveform_length,emg_zero_crossing,emg_ssc,emg_kurtosis,emg_skewness,emg_peak,emg_median_freq,emg_mean_freq,emg_peak_freq,emg_total_power,emg_power_low,emg_power_mid,emg_power_high,class_name
32.47729073991347,-0.7680111513791346,348.8943221228478,39.23286242451699,573873.9635374359,18033.600928651565,31539.595400557337,17.42363798699253,1.171916371127517,438.1555638119101,82.11057464647429,88.38377038702647,53.63252469599789,124.01036430873847,194.75739332555952,774.9327376255426,19.205608165103055,Non-Fatigue
