emg_rms,emg_mav,emg_variance,emg_std,emg_waveform_length,emg_zero_crossing,emg_ssc,emg_kurtosis,emg_skewness,emg_peak,emg_median_freq,emg_mean_freq,emg_peak_freq,emg_total_power,emg_power_low,emg_power_mid,emg_power_high,class_name
41.72496412110005,25.22283164589756,5049.579116997026,17.691680492877175,432524.97440367687,10722.047455110152,28164.55810252098,15.461308798441395,-0.1779212250099399,560.8211208634008,60.35781899708547,94.43456377452156,68.888635249856,847.9883038845153,154.05683139822463,250.36953257698215,45.36587807838406,Non-Fatigue
