emg_rms,emg_mav,emg_variance,emg_std,emg_waveform_length,emg_zero_crossing,emg_ssc,emg_kurtosis,emg_skewness,emg_peak,emg_median_freq,emg_mean_freq,emg_peak_freq,emg_total_power,emg_power_low,emg_power_mid,emg_power_high,class_name
48.05447256383354,25.322142827935277,1886.5835852457656,32.11890895375532,619587.3542377136,16943.528164855474,29823.101631575733,2.9607257782722574,0.8752420926905539,534.897965502221,76.24426190632411,80.85680237222641,66.49056140584872,589.0343026827031,62.02068363140325,559.2006933118962,78.88302385144183,Non-Fatigue
