emg_rms,emg_mav,emg_variance,emg_std,emg_waveform_length,emg_zero_crossing,emg_ssc,emg_kurtosis,emg_skewness,emg_peak,emg_median_freq,emg_mean_freq,emg_peak_freq,emg_total_power,emg_power_low,emg_power_mid,emg_power_high,class_name
13.90088253527751,18.012965985144554,3132.9635447319024,41.25904430544987,603128.9137101439,11049.905060448338,29370.96997224684,5.553808911510886,1.520131797677041,607.9512854547597,71.81707054812738,123.42632378464585,50.172080114296215,-25.91649359677143,180.16978832810003,472.7672534700705,101.68025593127996,Non-Fatigue
