emg_rms,emg_mav,emg_variance,emg_std,emg_waveform_length,emg_zero_crossing,emg_ssc,emg_kurtosis,emg_skewness,emg_peak,emg_median_freq,emg_mean_freq,emg_peak_freq,emg_total_power,emg_power_low,emg_power_mid,emg_power_high,class_name
8.769045695076468,20.25231497760145,2228.487252784613,52.51713063490632,581377.7788490406,13883.00226139813,33730.2684172779,23.41010628093769,1.7762334648676883,402.8728323663584,49.59595105120309,131.0973154294332,49.63642796941926,456.8642924996368,158.7894827139635,194.86917310063097,48.33748856213039,Non-Fatigue
