emg_rms,emg_mav,emg_variance,emg_std,emg_waveform_length,emg_zero_crossing,emg_ssc,emg_kurtosis,emg_skewness,emg_peak,emg_median_freq,emg_mean_freq,emg_peak_freq,emg_total_power,emg_power_low,emg_power_mid,emg_power_high,class_name
22.22815298248957,28.7760901073706,758.0343782219999,65.44753394601997,585766.5643484908,17783.33938943819,24726.47797816788,22.463590925567598,-0.1604859245835436,607.7133925882135,65.82497801861378,71.9725271966034,72.17777837681808,1069.2309656238651,-109.5120642698345,343.4862815706646,62.07186747296612,Non-Fatigue
