emg_rms,emg_mav,emg_variance,emg_std,emg_waveform_length,emg_zero_crossing,emg_ssc,emg_kurtosis,emg_skewness,emg_peak,emg_median_freq,emg_mean_freq,emg_peak_freq,emg_total_power,emg_power_low,emg_power_mid,emg_power_high,class_name
18.789955348601083,13.800443822903416,-1514.6966512621364,43.65303227351833,409078.9063187026,19448.318854632977,27371.96114503246,18.048563732936945,-0.8501288828197763,214.41776047576235,42.06459343788395,81.91981263880729,55.43232150373596,-109.4572782031292,-64.69085495900768,-286.8446490112065,61.020814812171466,Non-Fatigue
