emg_rms,emg_mav,emg_variance,emg_std,emg_waveform_length,emg_zero_crossing,emg_ssc,emg_kurtosis,emg_skewness,emg_peak,emg_median_freq,emg_mean_freq,emg_peak_freq,emg_total_power,emg_power_low,emg_power_mid,emg_power_high,class_name
66.6433850184572,14.96148256492322,2426.367038897168,-11.894517906081738,370420.585302629,11784.078975611066,24765.473429314232,10.576449476413,0.8902134931263381,478.77789990642015,101.85842766385372,81.69420952856663,43.57057380485431,1133.7748943559347,78.80888192538461,544.4194580605631,62.005872299743416,Non-Fatigue
