emg_rms,emg_mav,emg_variance,emg_std,emg_waveform_length,emg_zero_crossing,emg_ssc,emg_kurtosis,emg_skewness,emg_peak,emg_median_freq,emg_mean_freq,emg_peak_freq,emg_total_power,emg_power_low,emg_power_mid,emg_power_high,class_name
31.57699169570452,22.49565938986567,653.1466283979394,27.879311803719283,347276.4818502878,13333.567774179952,21517.459897486133,17.427543784434377,0.1190427944125367,536.569877895865,60.1605566413089,75.35256839755627,72.16964221401487,771.295062020854,104.530299067839,36.83135595664464,36.27748944814218,Non-Fatigue
