emg_rms,emg_mav,emg_variance,emg_std,emg_waveform_length,emg_zero_crossing,emg_ssc,emg_kurtosis,emg_skewness,emg_peak,emg_median_freq,emg_mean_freq,emg_peak_freq,emg_total_power,emg_power_low,emg_power_mid,emg_power_high,class_name
24.93744292721136,13.322339793443073,617.99216976496,31.08380261826884,306119.9841013644,15405.726270386862,30964.25386490704,7.746238148469585,0.423042396542115,168.90498794672413,106.14415356556393,110.08093682637484,37.13236174583683,140.73784999094903,-13.228067583459165,390.1498961031645,87.87897391161529,Non-Fatigue
