emg_rms,emg_mav,emg_variance,emg_std,emg_waveform_length,emg_zero_crossing,emg_ssc,emg_kurtosis,emg_skewness,emg_peak,emg_median_freq,emg_mean_freq,emg_peak_freq,emg_total_power,emg_power_low,emg_power_mid,emg_power_high,class_name
36.026994055174,11.122194373297342,1645.711257876855,94.1406085875404,759043.6031396613,10385.383836573668,29643.31044627853,21.4017918659262,1.276001295737946,386.9632579841724,82.4230244229121,126.64886675763564,58.29277594942238,599.078735058958,93.80408889499618,559.2451787946858,95.61040530504226,Non-Fatigue
