emg_rms,emg_mav,emg_variance,emg_std,emg_waveform_length,emg_zero_crossing,emg_ssc,emg_kurtosis,emg_skewness,emg_peak,emg_median_freq,emg_mean_freq,emg_peak_freq,emg_total_power,emg_power_low,emg_power_mid,emg_power_high,class_name
39.64967698720992,11.901833416927916,-2459.7510809966616,8.712154734945546,641218.072178966,6580.882047418736,31157.78944088475,19.2243227350259,0.8860949411035254,656.0202571907776,73.65383293474943,92.59378358577756,61.85241852516071,677.9560713026183,-36.36209032398628,532.1887181319311,57.44335746055686,Non-Fatigue
