emg_rms,emg_mav,emg_variance,emg_std,emg_waveform_length,emg_zero_crossing,emg_ssc,emg_kurtosis,emg_skewness,emg_peak,emg_median_freq,emg_mean_freq,emg_peak_freq,emg_total_power,emg_power_low,emg_power_mid,emg_power_high,class_name
55.64255327343717,25.97481233503467,1672.552305549323,48.756241727876,265212.3689886975,11670.60564929348,25641.03330491121,17.82105531957427,1.0057441328189445,435.5207821272655,77.91437471951811,99.16459447953066,52.487927178252825,742.1147165710483,61.05449113167663,-2.173157009011163,56.53717170847417,Non-Fatigue
