emg_rms,emg_mav,emg_variance,emg_std,emg_waveform_length,emg_zero_crossing,emg_ssc,emg_kurtosis,emg_skewness,emg_peak,emg_median_freq,emg_mean_freq,emg_peak_freq,emg_total_power,emg_power_low,emg_power_mid,emg_power_high,class_name
50.16913630787191,34.71235869801613,4263.24963216453,36.222057642631626,368788.3889690403,16570.47990561906,20218.49774454807,18.650344858608666,-0.3731594900842532,595.4960029518404,100.39097492139445,99.83288039317902,57.3008499373677,501.3469478848135,-56.06060729628845,183.91522921080056,54.72232896320073,Non-Fatigue
