emg_rms,emg_mav,emg_variance,emg_std,emg_waveform_length,emg_zero_crossing,emg_ssc,emg_kurtosis,emg_skewness,emg_peak,emg_median_freq,emg_mean_freq,emg_peak_freq,emg_total_power,emg_power_low,emg_power_mid,emg_power_high,class_name
9.029348793436052,17.53827118215035,794.4435192888121,36.24551156392055,641760.5562704842,9238.849659571324,25995.939921536254,16.618824585416053,0.3766315150544522,451.4182062303019,88.65000346307215,94.4809895546585,54.91434963874242,724.6321036639661,172.86813847635074,475.2560812595311,66.43474951711106,Non-Fatigue
