emg_rms,emg_mav,emg_variance,emg_std,emg_waveform_length,emg_zero_crossing,emg_ssc,emg_kurtosis,emg_skewness,emg_peak,emg_median_freq,emg_mean_freq,emg_peak_freq,emg_total_power,emg_power_low,emg_power_mid,emg_power_high,class_name
48.03922593755594,27.010191677673127,3038.738968604136,68.84117850285517,634773.1056182196,14298.194997194709,25900.29203509577,13.68333317999618,0.3984143590475566,403.8160962904458,89.21554186011244,89.64802016661793,59.044270690541794,590.3068963416566,156.48926795477576,438.914136680565,49.9851090256527,Non-Fatigue
