emg_rms,emg_mav,emg_variance,emg_std,emg_waveform_length,emg_zero_crossing,emg_ssc,emg_kurtosis,emg_skewness,emg_peak,emg_median_freq,emg_mean_freq,emg_peak_freq,emg_total_power,emg_power_low,emg_power_mid,emg_power_high,class_name
29.283238139078733,9.279057178496704,1149.8228279877203,44.17863783187218,700854.4635908215,12709.325509863089,26623.68858644106,22.089399224775107,-0.1418838752188744,561.0750764228991,89.20251614346843,113.3661868878164,62.971340238781664,585.8080220877935,-22.010728572055516,388.95557816796384,43.82856717333805,Non-Fatigue
