emg_rms,emg_mav,emg_variance,emg_std,emg_waveform_length,emg_zero_crossing,emg_ssc,emg_kurtosis,emg_skewness,emg_peak,emg_median_freq,emg_mean_freq,emg_peak_freq,emg_total_power,emg_power_low,emg_power_mid,emg_power_high,class_name
14.47516924263936,16.73372058358653,598.4520373833259,35.57623242031802,463745.3922002434,12752.32899134531,25503.08480324761,21.44681606284361,-1.6702868744872157,326.04295672409216,97.63013863957988,101.49535603318068,48.50998222115762,334.2026833973763,7.181815651375501,424.7939367978892,48.35252838703143,Non-Fatigue
