emg_rms,emg_mav,emg_variance,emg_std,emg_waveform_length,emg_zero_crossing,emg_ssc,emg_kurtosis,emg_skewness,emg_peak,emg_median_freq,emg_mean_freq,emg_peak_freq,emg_total_power,emg_power_low,emg_power_mid,emg_power_high,class_name
41.066636830394806,15.119454692047622,-212.8829187480621,54.46849587310338,169639.68954501871,10765.958065350194,35760.93309305496,12.427707045451262,0.0711528448771435,611.4042625785283,86.20418962676551,90.56106170596074,45.61122703205872,-36.664327458301216,-27.038433462653018,717.4323431546403,40.86448743727913,Non-Fatigue
