emg_rms,emg_mav,emg_variance,emg_std,emg_waveform_length,emg_zero_crossing,emg_ssc,emg_kurtosis,emg_skewness,emg_peak,emg_median_freq,emg_mean_freq,emg_peak_freq,emg_total_power,emg_power_low,emg_power_mid,emg_power_high,class_name
40.28947389496674,18.667864238738137,2074.3520388731254,46.10756950595589,760607.1791614785,13639.566804532817,23023.92826100245,21.95221511734716,-1.0533526747807396,440.9611653620912,100.3407824585566,99.29685818264952,35.70394778172931,700.7573961276237,223.30167550504663,640.8835913409798,57.93340454960703,Non-Fatigue
