emg_rms,emg_mav,emg_variance,emg_std,emg_waveform_length,emg_zero_crossing,emg_ssc,emg_kurtosis,emg_skewness,emg_peak,emg_median_freq,emg_mean_freq,emg_peak_freq,emg_total_power,emg_power_low,emg_power_mid,emg_power_high,class_name
32.70565338997389,21.53266388893554,-1205.7940764443383,45.32827399133513,676667.8324260388,10666.16427782677,33358.26996226954,15.751517675296409,-1.787749857415323,498.8890890618942,105.0001436592814,125.01082016834503,64.28100568484736,-252.59412226664568,11.351910374162737,-181.04921549274772,74.57366963222087,Non-Fatigue
