emg_rms,emg_mav,emg_variance,emg_std,emg_waveform_length,emg_zero_crossing,emg_ssc,emg_kurtosis,emg_skewness,emg_peak,emg_median_freq,emg_mean_freq,emg_peak_freq,emg_total_power,emg_power_low,emg_power_mid,emg_power_high,class_name
29.16252569389514,28.021183836565115,800.1391781429984,63.444033432678765,914123.4627594528,15419.88402724106,25786.76128101066,11.945233264370293,0.675643477414017,445.3446439932956,66.23804235366964,99.83788492454134,48.76305179115143,821.5862868659168,268.6544712264364,162.37512451890058,72.20559716782466,Non-Fatigue
