emg_rms,emg_mav,emg_variance,emg_std,emg_waveform_length,emg_zero_crossing,emg_ssc,emg_kurtosis,emg_skewness,emg_peak,emg_median_freq,emg_mean_freq,emg_peak_freq,emg_total_power,emg_power_low,emg_power_mid,emg_power_high,class_name
59.07212816328767,21.469937969539,3925.946629094714,0.3120278624855004,611011.119638122,7434.159656146526,30871.34381589229,17.640468892394654,-1.8471181748443115,461.3837710663928,54.1950549841787,96.6724516112088,63.50738146864784,578.3184814971279,214.38370515589088,-128.94742060101515,21.344969662573146,Non-Fatigue
