emg_rms,emg_mav,emg_variance,emg_std,emg_waveform_length,emg_zero_crossing,emg_ssc,emg_kurtosis,emg_skewness,emg_peak,emg_median_freq,emg_mean_freq,emg_peak_freq,emg_total_power,emg_power_low,emg_power_mid,emg_power_high,class_name
36.69321550867235,12.985611715493818,-681.191094879063,27.333425672806435,790113.4598521315,16388.015790006342,26584.41283938162,12.952487750077683,0.4521052622239516,370.41404806517977,70.046872687167,82.5846169260537,65.99031786028924,233.41081741333085,119.34263367856278,430.0708393885576,34.915915771653886,Non-Fatigue
