emg_rms,emg_mav,emg_variance,emg_std,emg_waveform_length,emg_zero_crossing,emg_ssc,emg_kurtosis,emg_skewness,emg_peak,emg_median_freq,emg_mean_freq,emg_peak_freq,emg_total_power,emg_power_low,emg_power_mid,emg_power_high,class_name
56.66394758445189,10.54364510014152,1468.8264429970402,60.532364071517534,617218.1422943346,9876.2273960194,24900.19303339128,16.024726226457513,-0.4263639295185202,400.7653577018861,81.68142291766874,102.39498914654162,34.929153693393694,1259.091041218077,121.53758225532968,52.81883363588008,60.93655985551887,Non-Fatigue
