emg_rms,emg_mav,emg_variance,emg_std,emg_waveform_length,emg_zero_crossing,emg_ssc,emg_kurtosis,emg_skewness,emg_peak,emg_median_freq,emg_mean_freq,emg_peak_freq,emg_total_power,emg_power_low,emg_power_mid,emg_power_high,class_name
45.00147757388351,17.122281969657116,-2134.92775824606,20.95309422056093,727223.7591100003,12783.559797885997,26755.82027849868,13.624681113061524,-1.8564459297319835,549.97451996124,72.28948675674435,84.89785549821508,60.20820305310714,529.2641778819223,22.034198713089644,268.98581077508834,78.63870545496984,Non-Fatigue
