emg_rms,emg_mav,emg_variance,emg_std,emg_waveform_length,emg_zero_crossing,emg_ssc,emg_kurtosis,emg_skewness,emg_peak,emg_median_freq,emg_mean_freq,emg_peak_freq,emg_total_power,emg_power_low,emg_power_mid,emg_power_high,class_name
56.4683143353441,20.122765030767788,2386.9498078220195,64.25520419961428,584804.6842780191,17504.941048695706,27270.14962316709,14.612673879570604,1.422669367201816,636.3939562449827,66.11820070401802,110.79570080535466,53.329958609537535,349.1445600399018,181.2846442994179,347.267076433223,77.58062244552048,Non-Fatigue
