emg_rms,emg_mav,emg_variance,emg_std,emg_waveform_length,emg_zero_crossing,emg_ssc,emg_kurtosis,emg_skewness,emg_peak,emg_median_freq,emg_mean_freq,emg_peak_freq,emg_total_power,emg_power_low,emg_power_mid,emg_power_high,class_name
49.189078804219285,15.623050726264994,2331.6769824190287,24.565541819506198,237039.16390058224,15482.066322449047,29967.88137688287,23.23486590508797,-1.0180656899235636,324.56993922658074,78.71909938584741,101.89121116231496,56.035869175121896,412.1514976919436,3.3583199488818,-62.90600679494668,33.568088976033096,Non-Fatigue
