emg_rms,emg_mav,emg_variance,emg_std,emg_waveform_length,emg_zero_crossing,emg_ssc,emg_kurtosis,emg_skewness,emg_peak,emg_median_freq,emg_mean_freq,emg_peak_freq,emg_total_power,emg_power_low,emg_power_mid,emg_power_high,class_name
37.12515986049692,10.401407220805297,1241.7971213966175,18.29993416225908,677504.1792895867,10071.012095375829,29087.80730432355,4.786240158585073,0.0600566757901555,592.0590469958627,72.99820484385938,95.15125173172412,59.14900344601698,839.81052843443,-30.993972478739398,197.8670680914522,70.20763332942128,Non-Fatigue
