emg_rms,emg_mav,emg_variance,emg_std,emg_waveform_length,emg_zero_crossing,emg_ssc,emg_kurtosis,emg_skewness,emg_peak,emg_median_freq,emg_mean_freq,emg_peak_freq,emg_total_power,emg_power_low,emg_power_mid,emg_power_high,class_name
57.84023705769656,7.355372374641146,945.9764224967674,35.38015135466917,786522.2233641869,11172.2546049716,23539.92563931246,21.42889119205508,1.15687615639745,435.0076804842178,72.8623946304721,98.53547902341168,63.717406347033226,312.68261869250887,108.96029277876418,234.23692552861493,36.39956160267245,Non-Fatigue
