emg_rms,emg_mav,emg_variance,emg_std,emg_waveform_length,emg_zero_crossing,emg_ssc,emg_kurtosis,emg_skewness,emg_peak,emg_median_freq,emg_mean_freq,emg_peak_freq,emg_total_power,emg_power_low,emg_power_mid,emg_power_high,class_name
41.24800961485701,10.052683288439615,-277.3990679401775,56.50440255428896,407646.2914354428,23214.4801286481,31763.70545728465,16.727159292926252,-0.4329655563573794,457.97424066204985,89.7613990482207,91.5291944757814,40.99795611648842,149.7881249895578,-47.5650877639509,548.4447803294038,30.77880688869725,Non-Fatigue
