emg_rms,emg_mav,emg_variance,emg_std,emg_waveform_length,emg_zero_crossing,emg_ssc,emg_kurtosis,emg_skewness,emg_peak,emg_median_freq,emg_mean_freq,emg_peak_freq,emg_total_power,emg_power_low,emg_power_mid,emg_power_high,class_name
69.00071093698597,12.505408831679144,2047.6467893780411,69.09327126531741,689713.4026541742,12109.165848826062,27303.806364393466,12.811841341382038,-0.755945896896595,472.824300622534,79.9818200666446,107.92304403334089,67.91240566825901,624.842630282376,52.60448799427513,434.8515174671449,69.22570198111883,Non-Fatigue
