emg_rms,emg_mav,emg_variance,emg_std,emg_waveform_length,emg_zero_crossing,emg_ssc,emg_kurtosis,emg_skewness,emg_peak,emg_median_freq,emg_mean_freq,emg_peak_freq,emg_total_power,emg_power_low,emg_power_mid,emg_power_high,class_name
28.401713220436143,25.40386016942517,1403.6666785162752,55.185762909897456,166799.44788252446,4775.633372428365,26527.143208484547,9.79197111283338,-0.3235019043359314,402.68400891702737,69.25410855359517,70.56224100770253,74.03011048115094,617.5716150266527,-16.72317157829282,223.54645121064507,134.72700727475888,Non-Fatigue
