emg_rms,emg_mav,emg_variance,emg_std,emg_waveform_length,emg_zero_crossing,emg_ssc,emg_kurtosis,emg_skewness,emg_peak,emg_median_freq,emg_mean_freq,emg_peak_freq,emg_total_power,emg_power_low,emg_power_mid,emg_power_high,class_name
34.11520067548934,27.55278973223813,2601.287429168102,71.40418171201142,412424.2749748805,13081.074717898213,22350.06766398858,13.576448001919404,0.8973583883515208,493.4274987016781,91.69870734174933,131.5654250171533,63.71196980851159,734.0397344590942,104.77846912837066,238.67260052253147,40.108900812056994,Non-Fatigue
