emg_rms,emg_mav,emg_variance,emg_std,emg_waveform_length,emg_zero_crossing,emg_ssc,emg_kurtosis,emg_skewness,emg_peak,emg_median_freq,emg_mean_freq,emg_peak_freq,emg_total_power,emg_power_low,emg_power_mid,emg_power_high,class_name
63.37473653231058,28.8709692194726,2630.122361497962,50.15634222782934,315017.28599580715,9228.010874123433,28014.890292898937,8.96841939008759,1.0817085183338015,259.1448427307695,79.82493535311126,70.88531496775983,63.054090764277895,592.5507385820272,-19.197609791571537,491.5944232640054,49.02700006867684,Non-Fatigue
