emg_rms,emg_mav,emg_variance,emg_std,emg_waveform_length,emg_zero_crossing,emg_ssc,emg_kurtosis,emg_skewness,emg_peak,emg_median_freq,emg_mean_freq,emg_peak_freq,emg_total_power,emg_power_low,emg_power_mid,emg_power_high,class_name
46.4072534255162,20.80363669731206,-1356.578969111595,48.04683850862015,264721.0173581995,9873.0212771942,28711.496985689817,25.3578886960183,4.295999796448704,428.48373201287,71.69811886154733,117.98944233148318,52.46734904443352,826.5916539376167,278.3557148189417,985.1510479755386,72.48412988972765,Non-Fatigue
