emg_rms,emg_mav,emg_variance,emg_std,emg_waveform_length,emg_zero_crossing,emg_ssc,emg_kurtosis,emg_skewness,emg_peak,emg_median_freq,emg_mean_freq,emg_peak_freq,emg_total_power,emg_power_low,emg_power_mid,emg_power_high,class_name
31.29412219160993,14.122603615791292,616.2522994470935,39.07641130470007,800635.2385555521,6532.690478935177,28405.11851628772,16.879966470303927,2.1099535705884565,599.0179483079559,73.15204296806544,93.42195140183703,75.57545832105288,3.672068685066392,107.84868694677876,538.3183995556649,52.96402745611497,Non-Fatigue
