emg_rms,emg_mav,emg_variance,emg_std,emg_waveform_length,emg_zero_crossing,emg_ssc,emg_kurtosis,emg_skewness,emg_peak,emg_median_freq,emg_mean_freq,emg_peak_freq,emg_total_power,emg_power_low,emg_power_mid,emg_power_high,class_name
59.79786688448768,23.429489053491064,2194.664976191412,51.54314973167831,527500.4552843042,14952.074425202223,28506.118250991087,14.668370472551944,1.0102560672934089,486.6257924434258,69.80353195510492,87.3401841881894,64.09297283055473,449.50653403967885,-131.96374066849447,250.93723483607587,42.40694978735576,Non-Fatigue
