emg_rms,emg_mav,emg_variance,emg_std,emg_waveform_length,emg_zero_crossing,emg_ssc,emg_kurtosis,emg_skewness,emg_peak,emg_median_freq,emg_mean_freq,emg_peak_freq,emg_total_power,emg_power_low,emg_power_mid,emg_power_high,class_name
29.56771868389432,28.083735005035365,-774.9765502494845,36.82676778170161,388449.4301274273,11672.020836004798,30527.817862445056,10.97809775454506,-1.63256537772059,146.055311371826,61.63810651815311,70.85362611304187,43.23544455069611,115.42532948558818,5.530643575889869,189.64521912712289,93.15414483268673,Non-Fatigue
