emg_rms,emg_mav,emg_variance,emg_std,emg_waveform_length,emg_zero_crossing,emg_ssc,emg_kurtosis,emg_skewness,emg_peak,emg_median_freq,emg_mean_freq,emg_peak_freq,emg_total_power,emg_power_low,emg_power_mid,emg_power_high,class_name
14.20416240184548,16.521636988461516,3773.810534291,41.57034385131806,699727.4225339468,11287.549276441849,24002.04838308377,16.417070671968784,0.6514162662699978,411.85014392705887,91.1255863967053,107.52026304667298,49.4569371206068,385.025649091039,43.34716501825972,476.5086691878108,78.95341202446053,Non-Fatigue
