emg_rms,emg_mav,emg_variance,emg_std,emg_waveform_length,emg_zero_crossing,emg_ssc,emg_kurtosis,emg_skewness,emg_peak,emg_median_freq,emg_mean_freq,emg_peak_freq,emg_total_power,emg_power_low,emg_power_mid,emg_power_high,class_name
67.06653493188765,15.833010653016732,3242.9651741188454,83.37360395724694,766059.4094896495,15563.551146325275,24905.75831614882,22.42011756654555,1.4102685266277035,251.52166695084483,92.80539247284946,94.2280072553488,58.25682646378415,148.60753984463452,87.53610433373481,74.51521778247348,10.193192279965196,Non-Fatigue
