emg_rms,emg_mav,emg_variance,emg_std,emg_waveform_length,emg_zero_crossing,emg_ssc,emg_kurtosis,emg_skewness,emg_peak,emg_median_freq,emg_mean_freq,emg_peak_freq,emg_total_power,emg_power_low,emg_power_mid,emg_power_high,class_name
25.82956109937159,8.961493285314388,5213.351788568611,42.9342889759029,564342.0585857034,12271.23132173797,29272.21754058389,1.5236959895440432,0.1442949188026904,141.75426497621504,65.95648444092303,52.45943176763856,62.78551688376145,43.79419368031285,189.6130115779393,752.378179697323,69.94469880344971,Non-Fatigue
