emg_rms,emg_mav,emg_variance,emg_std,emg_waveform_length,emg_zero_crossing,emg_ssc,emg_kurtosis,emg_skewness,emg_peak,emg_median_freq,emg_mean_freq,emg_peak_freq,emg_total_power,emg_power_low,emg_power_mid,emg_power_high,class_name
33.93566503247908,11.753977996682426,2047.0588609143465,45.71191707901536,732970.5521331073,13132.401564220912,26379.536325175864,14.583408060531893,2.3265817631017978,348.600229266916,48.839135105575465,67.98632737565072,45.340272509195046,718.8561365874209,-0.8376914412511525,370.70348573687977,57.31820091423822,Non-Fatigue
