emg_rms,emg_mav,emg_variance,emg_std,emg_waveform_length,emg_zero_crossing,emg_ssc,emg_kurtosis,emg_skewness,emg_peak,emg_median_freq,emg_mean_freq,emg_peak_freq,emg_total_power,emg_power_low,emg_power_mid,emg_power_high,class_name
35.027038350642655,14.243165878807329,-1418.1536622418446,32.71212588246893,719664.5504210973,12805.009895155006,29391.394932010146,16.906863657027646,1.9618836161008568,347.83215323902493,83.76139076199911,100.11057784131636,60.25388826047267,-505.393794400235,133.77765665420438,450.2775757100122,49.93382408312206,Non-Fatigue
