emg_rms,emg_mav,emg_variance,emg_std,emg_waveform_length,emg_zero_crossing,emg_ssc,emg_kurtosis,emg_skewness,emg_peak,emg_median_freq,emg_mean_freq,emg_peak_freq,emg_total_power,emg_power_low,emg_power_mid,emg_power_high,class_name
20.34806791103585,22.346021658989955,2779.1472504158664,40.59601052740393,327067.60636453854,12004.2527416454,31457.160016693968,14.994898715784768,2.027802947565716,567.0674244888534,116.89793047071883,103.9676348124376,64.88343305251715,162.692951461919,57.09051326895337,266.8959167964671,61.38623290583559,Non-Fatigue
