emg_rms,emg_mav,emg_variance,emg_std,emg_waveform_length,emg_zero_crossing,emg_ssc,emg_kurtosis,emg_skewness,emg_peak,emg_median_freq,emg_mean_freq,emg_peak_freq,emg_total_power,emg_power_low,emg_power_mid,emg_power_high,class_name
30.12605930489579,13.445634470768251,3354.68974407749,47.738640330119054,540723.7181638787,12993.016328232943,22928.77949494311,16.982634917617922,-0.0936644006689402,671.3517361273001,61.9540597879469,93.64781331801755,48.827595342795085,1050.8191081670257,195.27416759581487,278.1923371672194,-26.12637784238423,Non-Fatigue
