emg_rms,emg_mav,emg_variance,emg_std,emg_waveform_length,emg_zero_crossing,emg_ssc,emg_kurtosis,emg_skewness,emg_peak,emg_median_freq,emg_mean_freq,emg_peak_freq,emg_total_power,emg_power_low,emg_power_mid,emg_power_high,class_name
52.69319610544469,21.223932222623777,412.3962987802688,57.47459179049832,346673.02439346816,5153.926840544618,18308.261743703835,17.587788191928823,1.902469655145964,172.8356240195617,80.54407678546451,101.79768150343538,56.1969737834316,-343.65196886458324,112.38691478770704,561.6734134287435,44.847686451434434,Non-Fatigue
