emg_rms,emg_mav,emg_variance,emg_std,emg_waveform_length,emg_zero_crossing,emg_ssc,emg_kurtosis,emg_skewness,emg_peak,emg_median_freq,emg_mean_freq,emg_peak_freq,emg_total_power,emg_power_low,emg_power_mid,emg_power_high,class_name
82.2978337823757,7.226412108502197,2984.037619948165,14.107775262483838,542479.3799253611,16065.255202473563,28767.10704880727,12.282049156927611,-0.6562835944237636,530.2248061720725,39.092377485811774,118.75363200138258,69.77579291685784,1037.100153238366,168.80284338615826,-151.3543983000166,87.02713433015957,Non-Fatigue
