emg_rms,emg_mav,emg_variance,emg_std,emg_waveform_length,emg_zero_crossing,emg_ssc,emg_kurtosis,emg_skewness,emg_peak,emg_median_freq,emg_mean_freq,emg_peak_freq,emg_total_power,emg_power_low,emg_power_mid,emg_power_high,class_name
43.52073221498977,23.145571560630888,399.6483163993244,40.10196156150893,460301.8218720437,12907.097281724264,20584.20136505652,13.229344910171362,2.282361808083791,381.1800725795926,78.4475159289413,105.42768215151406,54.91443919794956,990.0414734788484,-82.25157631335455,-102.85633083526407,73.0143309894668,Non-Fatigue
