emg_rms,emg_mav,emg_variance,emg_std,emg_waveform_length,emg_zero_crossing,emg_ssc,emg_kurtosis,emg_skewness,emg_peak,emg_median_freq,emg_mean_freq,emg_peak_freq,emg_total_power,emg_power_low,emg_power_mid,emg_power_high,class_name
31.97524014167133,29.23980891136184,3082.1773359906283,55.86851269314613,600314.0516234518,11478.056294804095,30785.83890761069,12.700354563117337,-0.7835176994972716,440.1713332370087,57.84193295921851,91.01753128838848,50.12590278518837,219.11002750840103,47.99329950638736,443.7903878622844,10.825578310297717,Non-Fatigue
