emg_rms,emg_mav,emg_variance,emg_std,emg_waveform_length,emg_zero_crossing,emg_ssc,emg_kurtosis,emg_skewness,emg_peak,emg_median_freq,emg_mean_freq,emg_peak_freq,emg_total_power,emg_power_low,emg_power_mid,emg_power_high,class_name
51.91928265434196,30.512736066630524,370.1122892192766,4.9806860674476425,585746.4975680668,8739.365243000277,30669.426040517443,10.924468814742593,2.3166576144506865,490.0963042388017,80.71692994621895,81.36194139303811,64.93966884505507,759.3105733742129,114.5003587811056,-49.89892886976577,94.88170567840152,Non-Fatigue
