emg_rms,emg_mav,emg_variance,emg_std,emg_waveform_length,emg_zero_crossing,emg_ssc,emg_kurtosis,emg_skewness,emg_peak,emg_median_freq,emg_mean_freq,emg_peak_freq,emg_total_power,emg_power_low,emg_power_mid,emg_power_high,class_name
68.89116231829992,15.511498978247564,4003.4223536516274,49.56796674072197,518943.0191530805,13878.469324975602,31326.64933472283,14.233995724943195,-2.322846059329066,485.3316606498816,78.04374556572711,118.35344758762008,50.65022332190909,804.9177384866135,82.98753695724277,-271.7790543171995,49.041207900049535,Non-Fatigue
