emg_rms,emg_mav,emg_variance,emg_std,emg_waveform_length,emg_zero_crossing,emg_ssc,emg_kurtosis,emg_skewness,emg_peak,emg_median_freq,emg_mean_freq,emg_peak_freq,emg_total_power,emg_power_low,emg_power_mid,emg_power_high,class_name
1.491293414549503,30.399139037383573,3514.9155819083435,40.83558342215291,685489.4163086023,15065.995906584069,23512.805920262937,14.420109872568847,0.6651964285202058,294.1664788228176,93.23426000639458,110.21771960243323,48.53111189553563,1087.1596763545815,-58.46996395900766,640.6122014384182,30.05927977277478,Non-Fatigue
