emg_rms,emg_mav,emg_variance,emg_std,emg_waveform_length,emg_zero_crossing,emg_ssc,emg_kurtosis,emg_skewness,emg_peak,emg_median_freq,emg_mean_freq,emg_peak_freq,emg_total_power,emg_power_low,emg_power_mid,emg_power_high,class_name
66.30589099711182,4.5230511066133925,2805.273193399069,35.21578421783016,1052908.8193401038,11901.263870910028,23822.171361102723,13.240621140059265,-0.671893252979416,509.8265551025534,90.20211645110774,73.29086287959029,59.18997029104608,713.1104004364281,-11.085381152311626,379.2832891334433,104.523575528356,Non-Fatigue
