emg_rms,emg_mav,emg_variance,emg_std,emg_waveform_length,emg_zero_crossing,emg_ssc,emg_kurtosis,emg_skewness,emg_peak,emg_median_freq,emg_mean_freq,emg_peak_freq,emg_total_power,emg_power_low,emg_power_mid,emg_power_high,class_name
31.525951589446148,20.64115882112228,2287.5389935872176,36.3874071426578,786957.2893861308,14786.713492495455,32697.919308978744,13.646992193929869,1.7716987050884765,330.085967175362,78.28952176583465,105.78810745692988,68.8029510213479,746.2256540407618,231.12677433426896,157.44127853740144,44.56287737582562,Non-Fatigue
