emg_rms,emg_mav,emg_variance,emg_std,emg_waveform_length,emg_zero_crossing,emg_ssc,emg_kurtosis,emg_skewness,emg_peak,emg_median_freq,emg_mean_freq,emg_peak_freq,emg_total_power,emg_power_low,emg_power_mid,emg_power_high,class_name
18.330894178019967,25.299326777149304,880.7086829676033,43.2337535001821,960288.5875621922,16109.348855914492,23770.72543829426,15.12081241341475,0.6243533004192949,388.5306796485367,70.65186625587276,85.04919840607904,64.14786897771641,609.599919327934,2.842639630397585,226.2385781270937,94.8129173035872,Non-Fatigue
