emg_rms,emg_mav,emg_variance,emg_std,emg_waveform_length,emg_zero_crossing,emg_ssc,emg_kurtosis,emg_skewness,emg_peak,emg_median_freq,emg_mean_freq,emg_peak_freq,emg_total_power,emg_power_low,emg_power_mid,emg_power_high,class_name
48.84576762034074,12.431127788434829,3899.481894222348,61.40685541367528,490365.7606817809,18825.782337825767,30918.872516941094,19.20927731393416,-0.7750615065226826,416.7231993856363,77.85194171762956,65.9811576355647,45.31833187132634,760.7768405610042,60.03087385201139,671.5955047861323,31.64589380947821,Non-Fatigue
