emg_rms,emg_mav,emg_variance,emg_std,emg_waveform_length,emg_zero_crossing,emg_ssc,emg_kurtosis,emg_skewness,emg_peak,emg_median_freq,emg_mean_freq,emg_peak_freq,emg_total_power,emg_power_low,emg_power_mid,emg_power_high,class_name
58.578330556493526,21.94605819562941,2260.544367520943,19.529743649950376,679079.7287450219,12803.556485222884,27866.73404759612,15.304992397889423,-1.6542389993515374,685.0688716131551,98.37720639951552,98.90331375110593,51.71403399863525,478.3847370173274,14.125035452077364,347.4949337963593,23.266035956703163,Non-Fatigue
