emg_rms,emg_mav,emg_variance,emg_std,emg_waveform_length,emg_zero_crossing,emg_ssc,emg_kurtosis,emg_skewness,emg_peak,emg_median_freq,emg_mean_freq,emg_peak_freq,emg_total_power,emg_power_low,emg_power_mid,emg_power_high,class_name
34.53664927155805,22.967230032521798,1576.862415926303,66.27065280687489,568104.2479940824,18537.835684690344,28423.203287556906,17.619337129733704,2.182547555179029,402.7843152988699,84.95499796591808,79.64813389783873,47.64545322342993,890.3258645325284,210.640356091273,374.4700302153878,41.52554013286426,Non-Fatigue
