emg_rms,emg_mav,emg_variance,emg_std,emg_waveform_length,emg_zero_crossing,emg_ssc,emg_kurtosis,emg_skewness,emg_peak,emg_median_freq,emg_mean_freq,emg_peak_freq,emg_total_power,emg_power_low,emg_power_mid,emg_power_high,class_name
72.39381392599213,31.38972896381416,464.91170959118017,42.92324940871602,277896.17775719665,6545.598452882901,32734.042489453317,6.99243351712191,0.8049762995062443,708.1549959522356,75.62238663017888,74.80049403212429,54.55219014888978,229.396522719205,126.44379950732512,43.67922275485927,44.25634308773384,Non-Fatigue
