emg_rms,emg_mav,emg_variance,emg_std,emg_waveform_length,emg_zero_crossing,emg_ssc,emg_kurtosis,emg_skewness,emg_peak,emg_median_freq,emg_mean_freq,emg_peak_freq,emg_total_power,emg_power_low,emg_power_mid,emg_power_high,class_name
28.72108392081472,20.54782421067829,2191.5424004255647,24.995045206121294,657352.2276586044,15082.982203900034,26159.16760336935,17.249658945536044,2.060804943661986,420.6625747779004,59.945491624538064,69.2527241190572,53.8023174865499,-199.9701257003616,38.398091438412685,265.03973365511536,87.33550200977672,Non-Fatigue
