emg_rms,emg_mav,emg_variance,emg_std,emg_waveform_length,emg_zero_crossing,emg_ssc,emg_kurtosis,emg_skewness,emg_peak,emg_median_freq,emg_mean_freq,emg_peak_freq,emg_total_power,emg_power_low,emg_power_mid,emg_power_high,class_name
2.8987205956531668,17.59229815362925,3108.819206322697,16.969577136285118,450757.55689761,17419.991712234092,28330.453277345317,17.415614258454724,0.5158972972266291,609.4060471068929,80.62814559919205,106.70687614788318,62.2731716953732,1170.9498997671933,44.23827693206481,552.3769460061488,73.75643536304194,Non-Fatigue
