emg_rms,emg_mav,emg_variance,emg_std,emg_waveform_length,emg_zero_crossing,emg_ssc,emg_kurtosis,emg_skewness,emg_peak,emg_median_freq,emg_mean_freq,emg_peak_freq,emg_total_power,emg_power_low,emg_power_mid,emg_power_high,class_name
29.117593712081277,25.871376381412684,829.4816274060373,-1.335070024687063,407597.1470558359,9877.524910236572,26639.562718791494,20.116645374316693,0.855588541007754,667.6397841219257,86.02561134561176,94.57332647337948,53.51205661864306,990.1912217833108,-75.99944742483578,238.4308676563503,42.06082400204426,Non-Fatigue
