emg_rms,emg_mav,emg_variance,emg_std,emg_waveform_length,emg_zero_crossing,emg_ssc,emg_kurtosis,emg_skewness,emg_peak,emg_median_freq,emg_mean_freq,emg_peak_freq,emg_total_power,emg_power_low,emg_power_mid,emg_power_high,class_name
58.82496636905499,23.85795566625039,756.217491390926,33.739105508524595,489119.0779204775,10536.558623687712,36526.51317179052,14.354492945450694,0.7425914988181519,654.0393863174365,90.42664636475008,83.4484523712218,70.58604724795781,323.6879228165645,224.79226331382628,172.52112253244152,11.58653430532037,Non-Fatigue
