emg_rms,emg_mav,emg_variance,emg_std,emg_waveform_length,emg_zero_crossing,emg_ssc,emg_kurtosis,emg_skewness,emg_peak,emg_median_freq,emg_mean_freq,emg_peak_freq,emg_total_power,emg_power_low,emg_power_mid,emg_power_high,class_name
48.43676176464068,17.137238783079727,3153.461309581238,56.18152047161043,551276.7088739034,10748.513632034514,27783.390357027754,14.976602367973149,1.9596043899900093,291.5506694991002,114.51587613694475,101.02806307143354,54.25107802961003,520.0290114182993,159.40193739311275,300.9987721930627,48.441592366576224,Non-Fatigue
