emg_rms,emg_mav,emg_variance,emg_std,emg_waveform_length,emg_zero_crossing,emg_ssc,emg_kurtosis,emg_skewness,emg_peak,emg_median_freq,emg_mean_freq,emg_peak_freq,emg_total_power,emg_power_low,emg_power_mid,emg_power_high,class_name
16.598439319558246,10.207457032903754,2023.1177783626229,58.511540547154986,497696.02619884105,17308.067372497804,25754.063964250025,16.70977374266308,3.32082043298891,346.3159877989565,90.08032658579512,116.04833867602947,48.252303325070216,729.6186613538466,40.059407540240784,159.27957267236238,95.54046747844916,Non-Fatigue
