emg_rms,emg_mav,emg_variance,emg_std,emg_waveform_length,emg_zero_crossing,emg_ssc,emg_kurtosis,emg_skewness,emg_peak,emg_median_freq,emg_mean_freq,emg_peak_freq,emg_total_power,emg_power_low,emg_power_mid,emg_power_high,class_name
59.19510437380936,31.54063645841083,2597.7226469170178,24.382523039856657,504355.3992657504,11360.077746658406,29448.85305466253,13.906866640321976,-1.3373450612251951,403.6262920264522,79.96574457951607,119.65405508328531,50.64966098255076,-272.145553995454,-11.223125412957458,79.85005388649952,63.99399074475788,Non-Fatigue
