emg_rms,emg_mav,emg_variance,emg_std,emg_waveform_length,emg_zero_crossing,emg_ssc,emg_kurtosis,emg_skewness,emg_peak,emg_median_freq,emg_mean_freq,emg_peak_freq,emg_total_power,emg_power_low,emg_power_mid,emg_power_high,class_name
20.740995452758185,17.78944869553661,1064.6558125176043,47.019743674023815,617893.8757209752,13213.939912165202,29693.53010529181,26.37386179789957,0.2165644591667937,502.0567440705351,92.43123487497796,95.11268179355731,49.9450120925247,537.1045472357976,44.180725695545206,680.1022808672905,85.84971617020966,Non-Fatigue
