emg_rms,emg_mav,emg_variance,emg_std,emg_waveform_length,emg_zero_crossing,emg_ssc,emg_kurtosis,emg_skewness,emg_peak,emg_median_freq,emg_mean_freq,emg_peak_freq,emg_total_power,emg_power_low,emg_power_mid,emg_power_high,class_name
10.2619253968135,13.597065995362016,2146.298880380129,40.25924606780645,496156.8839552678,12773.916922536708,21373.069302301952,9.5007840504287,2.0692641431667487,501.4593883600365,87.33121446876119,99.69521369083728,52.03593849386073,367.8998829511821,-58.38259428469044,334.38345373020314,5.225734320056475,Non-Fatigue
