emg_rms,emg_mav,emg_variance,emg_std,emg_waveform_length,emg_zero_crossing,emg_ssc,emg_kurtosis,emg_skewness,emg_peak,emg_median_freq,emg_mean_freq,emg_peak_freq,emg_total_power,emg_power_low,emg_power_mid,emg_power_high,class_name
40.399655069672015,22.32779416761913,1130.3024303806633,41.59782566394547,511973.7033183171,14675.295926712768,17184.489243824348,18.29712899659977,-0.6966086024650678,317.4722488442859,100.55600388881072,110.52610259416812,50.753437154880345,304.67162939659465,158.3091827428969,599.6445756893202,4.570893781076563,Non-Fatigue
