emg_rms,emg_mav,emg_variance,emg_std,emg_waveform_length,emg_zero_crossing,emg_ssc,emg_kurtosis,emg_skewness,emg_peak,emg_median_freq,emg_mean_freq,emg_peak_freq,emg_total_power,emg_power_low,emg_power_mid,emg_power_high,class_name
48.69441048280886,24.987131343200787,1551.642495966216,44.10092774268717,542200.6869400278,17684.30615101168,29146.900030368863,9.164609966752185,-0.668633943164299,573.1870120465168,60.23438475422081,55.538889200214726,55.49629987626609,470.6744745256832,198.0718622388602,708.7901303488283,-4.137936187470935,Non-Fatigue
