emg_rms,emg_mav,emg_variance,emg_std,emg_waveform_length,emg_zero_crossing,emg_ssc,emg_kurtosis,emg_skewness,emg_peak,emg_median_freq,emg_mean_freq,emg_peak_freq,emg_total_power,emg_power_low,emg_power_mid,emg_power_high,class_name
64.0547690762144,25.58178672225221,2502.996334290717,23.76492872235964,434717.1941564336,10492.67574393163,29466.83664789177,17.995220004844093,0.7058080787746108,505.6537320899284,85.52209487162213,114.51363140021158,49.01583024911282,711.1370909694313,26.947828915769435,-49.64056415443383,26.657588460289496,Non-Fatigue
