emg_rms,emg_mav,emg_variance,emg_std,emg_waveform_length,emg_zero_crossing,emg_ssc,emg_kurtosis,emg_skewness,emg_peak,emg_median_freq,emg_mean_freq,emg_peak_freq,emg_total_power,emg_power_low,emg_power_mid,emg_power_high,class_name
39.87379828590326,23.42398052024165,143.0749145213788,51.62591162125576,514759.30053209886,12556.772635092348,26378.61625189968,14.419952266095097,-2.4392130543701684,636.7972519540868,67.02246928845969,77.34138649257517,41.74651419574595,498.8291343788087,149.3558627582721,-42.05588065989531,61.93225295133069,Non-Fatigue
