emg_rms,emg_mav,emg_variance,emg_std,emg_waveform_length,emg_zero_crossing,emg_ssc,emg_kurtosis,emg_skewness,emg_peak,emg_median_freq,emg_mean_freq,emg_peak_freq,emg_total_power,emg_power_low,emg_power_mid,emg_power_high,class_name
76.11609300205761,13.101240360129784,3869.869796578201,35.6129197523846,578961.8786528578,21850.995547917068,18676.06393798977,10.61831256272874,0.4902654755512907,473.4082232610495,94.80123376307716,75.23758378464733,60.81638263581368,653.503988136199,123.79455291355907,562.9383488881708,52.866984471300206,Non-Fatigue
