emg_rms,emg_mav,emg_variance,emg_std,emg_waveform_length,emg_zero_crossing,emg_ssc,emg_kurtosis,emg_skewness,emg_peak,emg_median_freq,emg_mean_freq,emg_peak_freq,emg_total_power,emg_power_low,emg_power_mid,emg_power_high,class_name
9.591634702411907,21.009102182898697,1707.389081954638,42.5356674457147,759909.2072337149,13879.640187795218,26523.04535260819,15.916831119973514,0.1053411202339725,384.5478053581368,57.33349894407338,92.39381609934628,62.38252244120912,208.35719267040696,-58.80747204313582,93.28810687435404,65.38786687603812,Non-Fatigue
