emg_rms,emg_mav,emg_variance,emg_std,emg_waveform_length,emg_zero_crossing,emg_ssc,emg_kurtosis,emg_skewness,emg_peak,emg_median_freq,emg_mean_freq,emg_peak_freq,emg_total_power,emg_power_low,emg_power_mid,emg_power_high,class_name
24.29573895562907,18.00780020537531,2552.171560729333,29.234724589480976,510868.32655533066,10484.579171453766,25319.4285787754,16.287898471520336,0.7279905725710945,477.7615313600008,50.43130496745599,91.56776506974808,67.74329701816218,235.260917867005,104.66062180249438,-48.35656327427148,90.38367278717024,Non-Fatigue
