emg_rms,emg_mav,emg_variance,emg_std,emg_waveform_length,emg_zero_crossing,emg_ssc,emg_kurtosis,emg_skewness,emg_peak,emg_median_freq,emg_mean_freq,emg_peak_freq,emg_total_power,emg_power_low,emg_power_mid,emg_power_high,class_name
38.6691034523022,23.687938406176063,4925.7101270540925,33.6284782590773,552084.9476103322,9132.835397875897,27070.701121393755,14.692844761296882,0.6795570984300081,212.0896715945658,70.30243503952087,72.21427179441744,48.747573549404095,657.2937592149997,17.348342102447,608.9947771790493,49.27979071072516,Non-Fatigue
