emg_rms,emg_mav,emg_variance,emg_std,emg_waveform_length,emg_zero_crossing,emg_ssc,emg_kurtosis,emg_skewness,emg_peak,emg_median_freq,emg_mean_freq,emg_peak_freq,emg_total_power,emg_power_low,emg_power_mid,emg_power_high,class_name
38.135321344597536,17.80949138082207,3661.9611975965713,19.762679658927773,485835.7377078666,14072.934931989565,30844.137375592007,19.24913101772931,2.049638598919466,532.9855728422086,77.89587192712861,74.01924572532104,74.97157437768666,85.2470870534363,30.121254287180108,-25.03355789778834,84.40856277794191,Non-Fatigue
