emg_rms,emg_mav,emg_variance,emg_std,emg_waveform_length,emg_zero_crossing,emg_ssc,emg_kurtosis,emg_skewness,emg_peak,emg_median_freq,emg_mean_freq,emg_peak_freq,emg_total_power,emg_power_low,emg_power_mid,emg_power_high,class_name
35.6204497777057,21.63164226694959,1504.3814417097806,47.80892985908364,441534.1481429058,12089.514003217271,25538.84974851589,12.861626921383143,-1.3241429778160407,570.5932795051804,54.74485845838671,105.46741028178754,49.25170982757477,428.11551706764425,-51.76132507043755,509.71740506596944,5.860901746820147,Non-Fatigue
