emg_rms,emg_mav,emg_variance,emg_std,emg_waveform_length,emg_zero_crossing,emg_ssc,emg_kurtosis,emg_skewness,emg_peak,emg_median_freq,emg_mean_freq,emg_peak_freq,emg_total_power,emg_power_low,emg_power_mid,emg_power_high,class_name
16.68148777969617,8.254266469678898,1525.4644923514984,27.195162572357184,495572.25160346215,7764.398624739997,24456.684696850105,13.300020680669798,1.0292044702091585,144.98561107377725,65.59819913879285,100.760203995265,55.86466921692469,246.16272674594924,144.0721660367838,315.652645846264,7.472025369101594,Non-Fatigue
