emg_rms,emg_mav,emg_variance,emg_std,emg_waveform_length,emg_zero_crossing,emg_ssc,emg_kurtosis,emg_skewness,emg_peak,emg_median_freq,emg_mean_freq,emg_peak_freq,emg_total_power,emg_power_low,emg_power_mid,emg_power_high,class_name
48.4827026163661,31.18532834300201,140.22981064548344,56.476864728283694,394756.1209309176,10821.117955702715,29043.75773135757,21.958677221907543,0.732611585267069,516.4887446601496,65.10069836227571,99.75262702732408,68.96490396471114,113.59417205941789,-22.08274376391499,-62.095001717182015,64.1114812665169,Non-Fatigue
