emg_rms,emg_mav,emg_variance,emg_std,emg_waveform_length,emg_zero_crossing,emg_ssc,emg_kurtosis,emg_skewness,emg_peak,emg_median_freq,emg_mean_freq,emg_peak_freq,emg_total_power,emg_power_low,emg_power_mid,emg_power_high,class_name
26.105723018822715,23.804943416496982,4581.474117891976,56.132417371006056,666105.3683359979,16404.760780335037,16273.717194573144,12.879723532980544,-0.2587389330317901,570.3494228825098,93.07098100986823,138.19561061588522,50.26021222547581,101.55449785855882,228.00032912831307,370.178405697939,106.31576767287456,Non-Fatigue
