emg_rms,emg_mav,emg_variance,emg_std,emg_waveform_length,emg_zero_crossing,emg_ssc,emg_kurtosis,emg_skewness,emg_peak,emg_median_freq,emg_mean_freq,emg_peak_freq,emg_total_power,emg_power_low,emg_power_mid,emg_power_high,class_name
36.78843610148476,21.104264093515624,-411.3412223836988,41.01136830717408,575866.4528331029,10420.487371991774,26099.017818614488,14.728530297089245,-1.2730943341870635,630.6291960692331,61.51919198318201,97.60033273571776,52.208247917731256,941.9111799718992,-57.50896561303071,134.69479629907102,86.51480604484553,Non-Fatigue
