emg_rms,emg_mav,emg_variance,emg_std,emg_waveform_length,emg_zero_crossing,emg_ssc,emg_kurtosis,emg_skewness,emg_peak,emg_median_freq,emg_mean_freq,emg_peak_freq,emg_total_power,emg_power_low,emg_power_mid,emg_power_high,class_name
18.01453946225796,21.75002818903105,2477.498687896959,43.61970422994503,326108.4509678317,17090.67567885236,28227.707965302616,14.52497070771184,0.6927338413870652,591.0422567832807,69.6540696121128,98.32958467836704,61.93022009490026,754.9133519339737,56.740675533454976,310.30575484142065,21.834283876473577,Non-Fatigue
