emg_rms,emg_mav,emg_variance,emg_std,emg_waveform_length,emg_zero_crossing,emg_ssc,emg_kurtosis,emg_skewness,emg_peak,emg_median_freq,emg_mean_freq,emg_peak_freq,emg_total_power,emg_power_low,emg_power_mid,emg_power_high,class_name
29.694152122136828,11.231232531171738,101.20925231363547,38.25715614334713,585693.825136947,16344.4564405601,22544.558461377797,17.867448084611755,-0.7579363471913719,372.2337375905434,82.58747292261245,77.05671521279378,60.05780674458345,347.1925100315483,141.29175606884843,249.1126883001184,62.94210907928571,Non-Fatigue
