emg_rms,emg_mav,emg_variance,emg_std,emg_waveform_length,emg_zero_crossing,emg_ssc,emg_kurtosis,emg_skewness,emg_peak,emg_median_freq,emg_mean_freq,emg_peak_freq,emg_total_power,emg_power_low,emg_power_mid,emg_power_high,class_name
43.029418519714106,26.0605002839108,1066.5663134695965,47.41004781884406,486098.6475323621,20593.24872680012,28124.62674366259,20.206445964484505,2.5161612623514498,361.4905898784333,60.921837040065775,116.8721658045622,70.20045271082935,614.4001908565668,202.57995198800063,582.0254305311844,76.40292700933952,Non-Fatigue
