emg_rms,emg_mav,emg_variance,emg_std,emg_waveform_length,emg_zero_crossing,emg_ssc,emg_kurtosis,emg_skewness,emg_peak,emg_median_freq,emg_mean_freq,emg_peak_freq,emg_total_power,emg_power_low,emg_power_mid,emg_power_high,class_name
39.138142027708426,20.79649711991996,2443.068689121604,48.1866599065135,645681.1689595698,13479.091946970018,28720.941403589342,13.786678227876052,0.1993206666974505,639.6556380277631,85.03402043646703,92.97580306116696,65.25714801441094,1059.59943058996,161.90161945184525,-12.321079728987115,65.25836992774038,Non-Fatigue
