emg_rms,emg_mav,emg_variance,emg_std,emg_waveform_length,emg_zero_crossing,emg_ssc,emg_kurtosis,emg_skewness,emg_peak,emg_median_freq,emg_mean_freq,emg_peak_freq,emg_total_power,emg_power_low,emg_power_mid,emg_power_high,class_name
9.236650870285292,16.1243843988823,2525.8578183260897,9.669951563855411,581328.7152812188,17643.118567217185,29293.49291939665,8.711290861855318,2.5612292886296024,575.316860640143,100.0869915837806,108.20880590218216,63.32005035210755,536.5730506297269,-121.39632995670368,554.6139712382935,99.81928092298388,Non-Fatigue
