emg_rms,emg_mav,emg_variance,emg_std,emg_waveform_length,emg_zero_crossing,emg_ssc,emg_kurtosis,emg_skewness,emg_peak,emg_median_freq,emg_mean_freq,emg_peak_freq,emg_total_power,emg_power_low,emg_power_mid,emg_power_high,class_name
22.2821214158814,32.04823035361072,189.42654472492336,58.40252917102104,585591.5868704957,14204.741315243762,32632.91762223262,17.1554893865189,-0.5431875506473269,354.8657469145147,90.67780233218475,109.40803208179982,54.38698874749941,508.0843822022866,178.2569278772328,197.68735311815533,76.7667147331255,Non-Fatigue
