emg_rms,emg_mav,emg_variance,emg_std,emg_waveform_length,emg_zero_crossing,emg_ssc,emg_kurtosis,emg_skewness,emg_peak,emg_median_freq,emg_mean_freq,emg_peak_freq,emg_total_power,emg_power_low,emg_power_mid,emg_power_high,class_name
65.83514384031409,8.105979609100148,2660.711195284477,36.72586473184692,525967.3802093826,15606.25545721628,25342.279770921603,20.38253258412893,-0.0477512756774675,496.17557315363456,48.41218608738007,76.40986966395886,62.7858455371667,106.58094085382214,51.63603161889657,-54.08739722931779,8.341451460520503,Non-Fatigue
