emg_rms,emg_mav,emg_variance,emg_std,emg_waveform_length,emg_zero_crossing,emg_ssc,emg_kurtosis,emg_skewness,emg_peak,emg_median_freq,emg_mean_freq,emg_peak_freq,emg_total_power,emg_power_low,emg_power_mid,emg_power_high,class_name
33.698733762198884,14.589260637805491,2582.0026425924675,68.77939064295633,248972.5732401097,15077.067840705442,31301.436217346007,12.584246704538486,2.894737822049537,589.0895078100372,80.90222785029918,105.00243322777456,62.47371633362198,339.436167950344,164.74812935591606,673.8124041925023,90.28094118078404,Non-Fatigue
