emg_rms,emg_mav,emg_variance,emg_std,emg_waveform_length,emg_zero_crossing,emg_ssc,emg_kurtosis,emg_skewness,emg_peak,emg_median_freq,emg_mean_freq,emg_peak_freq,emg_total_power,emg_power_low,emg_power_mid,emg_power_high,class_name
35.92124032990397,17.692059982262673,1106.3896635466815,66.4743100968073,706215.9771368573,12482.543954935456,32662.37611697027,11.272187786915362,2.7567516397721623,453.3645529281013,52.52048580339192,109.62429501529024,34.97239053426937,649.1168305539552,49.74439859710496,87.61398517895057,87.88986708805551,Non-Fatigue
