emg_rms,emg_mav,emg_variance,emg_std,emg_waveform_length,emg_zero_crossing,emg_ssc,emg_kurtosis,emg_skewness,emg_peak,emg_median_freq,emg_mean_freq,emg_peak_freq,emg_total_power,emg_power_low,emg_power_mid,emg_power_high,class_name
53.29211585158632,19.111402786754407,953.4673614482484,31.394832762607685,542733.7900204618,10495.487602498191,18329.6645399828,13.851147047686815,1.5230248268620403,606.9108254247777,63.20802121547125,84.9202375455947,62.744481093094834,1142.3588492550623,180.54371844575712,749.3688084246184,47.186656977378064,Non-Fatigue
