emg_rms,emg_mav,emg_variance,emg_std,emg_waveform_length,emg_zero_crossing,emg_ssc,emg_kurtosis,emg_skewness,emg_peak,emg_median_freq,emg_mean_freq,emg_peak_freq,emg_total_power,emg_power_low,emg_power_mid,emg_power_high,class_name
40.50988662551456,17.781334392532617,510.025830327427,28.87450699407689,641031.439275683,16145.609334847344,27531.50587281308,10.562226089217928,1.052526067758592,597.0857702319456,72.62039940278547,110.95975788234696,74.41619571781317,468.6576078455576,92.23796928335103,564.0377156105674,59.91677812991982,Non-Fatigue
