emg_rms,emg_mav,emg_variance,emg_std,emg_waveform_length,emg_zero_crossing,emg_ssc,emg_kurtosis,emg_skewness,emg_peak,emg_median_freq,emg_mean_freq,emg_peak_freq,emg_total_power,emg_power_low,emg_power_mid,emg_power_high,class_name
30.80566534413921,19.914408293508963,-459.5673066589032,16.958202108538483,518777.3102868525,15096.208139920547,30664.715307334183,14.838343221426651,1.8010489748698428,373.5277481223528,76.45298530852432,69.71828453912235,44.17507619574937,173.6274809967896,132.33357998325755,-430.7939916523014,99.66649215589824,Non-Fatigue
