emg_rms,emg_mav,emg_variance,emg_std,emg_waveform_length,emg_zero_crossing,emg_ssc,emg_kurtosis,emg_skewness,emg_peak,emg_median_freq,emg_mean_freq,emg_peak_freq,emg_total_power,emg_power_low,emg_power_mid,emg_power_high,class_name
50.96127796428968,9.238382516823442,1944.524423851925,30.774688964507757,473974.04806296894,18635.13953338252,28296.638313109663,9.753353749990012,0.9650156515918048,608.3754914800488,78.24041137764847,73.89043347834016,63.82563195585356,25.17082838285592,-160.32504785082313,-247.4447618384806,63.781672158343525,Non-Fatigue
