emg_rms,emg_mav,emg_variance,emg_std,emg_waveform_length,emg_zero_crossing,emg_ssc,emg_kurtosis,emg_skewness,emg_peak,emg_median_freq,emg_mean_freq,emg_peak_freq,emg_total_power,emg_power_low,emg_power_mid,emg_power_high,class_name
43.94486003385975,19.88523152509161,-1189.5551001315146,62.03654037613276,565104.9158947073,7737.756788789683,27505.629295979365,17.560901333920004,1.283660263949485,522.6783486849009,65.12104467038534,89.41929788767807,41.46404207589199,409.0471753052772,215.18623316961555,-13.611514688474584,50.83481628453493,Non-Fatigue
