emg_rms,emg_mav,emg_variance,emg_std,emg_waveform_length,emg_zero_crossing,emg_ssc,emg_kurtosis,emg_skewness,emg_peak,emg_median_freq,emg_mean_freq,emg_peak_freq,emg_total_power,emg_power_low,emg_power_mid,emg_power_high,class_name
68.80093858566129,19.76774360726658,393.1193048641949,49.4109400962663,547970.3352331358,11517.525065511154,29483.33239692476,16.286377442190457,2.6485356083543525,500.631015487582,61.48351816910156,97.00072112914106,55.55895627276296,341.751546368622,13.93126619079144,76.31341164082846,-17.974017627422583,Non-Fatigue
