emg_rms,emg_mav,emg_variance,emg_std,emg_waveform_length,emg_zero_crossing,emg_ssc,emg_kurtosis,emg_skewness,emg_peak,emg_median_freq,emg_mean_freq,emg_peak_freq,emg_total_power,emg_power_low,emg_power_mid,emg_power_high,class_name
38.14118094063165,13.40512476800351,2009.9785323038168,28.72916439679186,378470.40966915793,11060.816340889332,20759.72740785673,12.132912099032572,-0.8550471881212268,410.055897507441,60.794735655900766,89.2372362550221,67.82556939738832,88.55488745344348,164.24707392535822,401.5079454968912,64.79594656628228,Non-Fatigue
