emg_rms,emg_mav,emg_variance,emg_std,emg_waveform_length,emg_zero_crossing,emg_ssc,emg_kurtosis,emg_skewness,emg_peak,emg_median_freq,emg_mean_freq,emg_peak_freq,emg_total_power,emg_power_low,emg_power_mid,emg_power_high,class_name
51.999221569165854,17.35147404093372,1566.504836607532,59.12137600064925,338331.87554496323,17742.776283531428,24356.725724177017,16.322529683815258,0.7584667809977014,397.8268214719064,78.92343503519287,116.046219534598,49.09931864975862,678.7082001300107,-75.02500935746062,135.2670733182501,72.69456760524503,Non-Fatigue
