emg_rms,emg_mav,emg_variance,emg_std,emg_waveform_length,emg_zero_crossing,emg_ssc,emg_kurtosis,emg_skewness,emg_peak,emg_median_freq,emg_mean_freq,emg_peak_freq,emg_total_power,emg_power_low,emg_power_mid,emg_power_high,class_name
44.13370755744012,5.296259408535597,3662.817061891464,67.4946581035863,820673.8683840062,12218.828543284348,17558.019211998548,16.813140148750023,-0.6125026456136194,370.5041285613325,91.16434955601196,87.90538553817906,59.99627232072851,774.030970052381,-38.25083602592152,288.5441923327581,90.96414752717814,Non-Fatigue
