emg_rms,emg_mav,emg_variance,emg_std,emg_waveform_length,emg_zero_crossing,emg_ssc,emg_kurtosis,emg_skewness,emg_peak,emg_median_freq,emg_mean_freq,emg_peak_freq,emg_total_power,emg_power_low,emg_power_mid,emg_power_high,class_name
45.9563239610804,16.991093987315733,-13.133092711051404,15.520192464234196,723155.0663575635,11925.757874306682,23846.84643212176,14.602956931125204,-0.1692826053461319,251.948304481014,87.84492502637087,105.04373304952134,54.11474147463238,146.44217730990863,28.9393356279334,564.5671625566792,102.21927123875402,Non-Fatigue
