emg_rms,emg_mav,emg_variance,emg_std,emg_waveform_length,emg_zero_crossing,emg_ssc,emg_kurtosis,emg_skewness,emg_peak,emg_median_freq,emg_mean_freq,emg_peak_freq,emg_total_power,emg_power_low,emg_power_mid,emg_power_high,class_name
79.81980327642529,21.87713214882963,1650.7909062428143,58.449751198235816,417013.8165288848,19242.42077374426,23699.283779365564,16.511239474353136,0.5927588513597422,646.1187663900316,90.22185216761402,86.53758681182251,75.78280006713833,289.5049031374501,27.175435311096244,539.4020416792274,63.6873950375122,Non-Fatigue
