emg_rms,emg_mav,emg_variance,emg_std,emg_waveform_length,emg_zero_crossing,emg_ssc,emg_kurtosis,emg_skewness,emg_peak,emg_median_freq,emg_mean_freq,emg_peak_freq,emg_total_power,emg_power_low,emg_power_mid,emg_power_high,class_name
40.35595780104935,23.94526037406437,-730.3396394608274,42.007453696484895,463217.7586877872,12573.75350439342,23479.610543127143,12.529546107386004,0.6250386584760268,468.1014652925061,50.83141326402681,92.0420132756843,50.06308557792229,1028.447975284182,-29.86131367568068,194.0348748328585,76.18580318443603,Non-Fatigue
