emg_rms,emg_mav,emg_variance,emg_std,emg_waveform_length,emg_zero_crossing,emg_ssc,emg_kurtosis,emg_skewness,emg_peak,emg_median_freq,emg_mean_freq,emg_peak_freq,emg_total_power,emg_power_low,emg_power_mid,emg_power_high,class_name
16.008997856938436,8.809738499159653,191.75934657997252,35.52511227774191,698697.748789793,10717.38037395175,29824.90408063978,7.2557665985660655,2.4996145874689604,312.1906802240683,61.8134367254939,60.30369982689198,64.87966879926697,351.86987878093976,25.387468745425643,461.4292680636315,56.38056804809703,Non-Fatigue
