emg_rms,emg_mav,emg_variance,emg_std,emg_waveform_length,emg_zero_crossing,emg_ssc,emg_kurtosis,emg_skewness,emg_peak,emg_median_freq,emg_mean_freq,emg_peak_freq,emg_total_power,emg_power_low,emg_power_mid,emg_power_high,class_name
54.46428762282526,8.619309988523016,2403.022525184387,48.71786776407067,335948.31060852297,14391.529943370908,22921.493774050825,14.872229251545445,-2.578165354441331,612.4872530344466,70.26805986544844,95.28134792991013,61.27928301391518,-930.9424410235056,32.084959774172134,464.6411511428979,8.465951657272427,Non-Fatigue
