emg_rms,emg_mav,emg_variance,emg_std,emg_waveform_length,emg_zero_crossing,emg_ssc,emg_kurtosis,emg_skewness,emg_peak,emg_median_freq,emg_mean_freq,emg_peak_freq,emg_total_power,emg_power_low,emg_power_mid,emg_power_high,class_name
7.673596717344886,24.89220560975628,1797.651889727107,31.10337261204907,582935.4086543686,10656.268603720278,20914.711351031383,16.556442393525153,0.9298062215551814,228.42509981977716,57.84848528616144,81.41702613776644,54.39401912844104,323.53424700654307,88.528087072089,263.3312548575771,39.97635973595388,Non-Fatigue
