emg_rms,emg_mav,emg_variance,emg_std,emg_waveform_length,emg_zero_crossing,emg_ssc,emg_kurtosis,emg_skewness,emg_peak,emg_median_freq,emg_mean_freq,emg_peak_freq,emg_total_power,emg_power_low,emg_power_mid,emg_power_high,class_name
29.520406978007387,17.71505078306388,231.19345036092705,38.365847931947215,321393.7021382359,10905.6479201228,30107.11932818784,18.25621379331352,0.2575736778464262,224.13010977476767,92.33505672007212,94.5278146335462,48.7630406862951,729.0668642107019,138.7604523961551,291.34087235707614,56.26612330462005,Non-Fatigue
