emg_rms,emg_mav,emg_variance,emg_std,emg_waveform_length,emg_zero_crossing,emg_ssc,emg_kurtosis,emg_skewness,emg_peak,emg_median_freq,emg_mean_freq,emg_peak_freq,emg_total_power,emg_power_low,emg_power_mid,emg_power_high,class_name
29.959275595726936,7.585110196834352,2728.9141910520434,36.88167525548648,802724.0138674596,15173.465884175772,29997.64979189749,20.846229312243416,-0.0709352239403851,292.54048156746825,78.89295468854205,111.1966418352,58.21239589504125,-240.75842479691025,-41.19829996989348,478.5907398704508,32.13681874844272,Non-Fatigue
