emg_rms,emg_mav,emg_variance,emg_std,emg_waveform_length,emg_zero_crossing,emg_ssc,emg_kurtosis,emg_skewness,emg_peak,emg_median_freq,emg_mean_freq,emg_peak_freq,emg_total_power,emg_power_low,emg_power_mid,emg_power_high,class_name
14.614275464523526,11.248235292497894,4250.602418523868,30.060755610154487,774198.5257202825,13417.863551434146,29730.89529124967,21.947871206301805,0.2973878555492021,609.954816045058,90.0819142401958,98.42655770412512,72.27841195887773,1160.9290389930948,81.20804451866928,347.8409618725952,62.44085456135816,Non-Fatigue
