emg_rms,emg_mav,emg_variance,emg_std,emg_waveform_length,emg_zero_crossing,emg_ssc,emg_kurtosis,emg_skewness,emg_peak,emg_median_freq,emg_mean_freq,emg_peak_freq,emg_total_power,emg_power_low,emg_power_mid,emg_power_high,class_name
27.185331308975023,12.16509827875642,12.798302304416666,17.138105895358073,675086.4695454327,17184.487993389797,22969.31423838425,14.525868973523355,1.9251998225783933,488.4810683239658,78.7817490607491,94.71902067121458,44.7644547382382,754.7329901498583,123.1219141828432,881.8946839672817,76.47007048041579,Non-Fatigue
