emg_rms,emg_mav,emg_variance,emg_std,emg_waveform_length,emg_zero_crossing,emg_ssc,emg_kurtosis,emg_skewness,emg_peak,emg_median_freq,emg_mean_freq,emg_peak_freq,emg_total_power,emg_power_low,emg_power_mid,emg_power_high,class_name
15.45183017421925,7.768768730095646,3829.110262212621,12.431501485261249,367602.148674362,20061.6552653196,29292.117552515265,12.202266455160954,0.273549298143243,478.6766916657306,96.14967889805416,92.29840985505344,44.097107104472286,353.5485488297753,183.05826123084736,464.9516255506878,14.086361047265996,Non-Fatigue
