emg_rms,emg_mav,emg_variance,emg_std,emg_waveform_length,emg_zero_crossing,emg_ssc,emg_kurtosis,emg_skewness,emg_peak,emg_median_freq,emg_mean_freq,emg_peak_freq,emg_total_power,emg_power_low,emg_power_mid,emg_power_high,class_name
23.40085110671594,9.979685954813426,1004.9757693105817,45.50392639492056,537249.4906798046,5211.190381121623,26071.263475115204,8.47716152218725,1.142773832436983,757.9183273611817,63.76056978753526,92.11377486731966,56.464011028430505,-49.24147141578919,234.7371739934708,223.956523087126,62.89249802169023,Non-Fatigue
