emg_rms,emg_mav,emg_variance,emg_std,emg_waveform_length,emg_zero_crossing,emg_ssc,emg_kurtosis,emg_skewness,emg_peak,emg_median_freq,emg_mean_freq,emg_peak_freq,emg_total_power,emg_power_low,emg_power_mid,emg_power_high,class_name
48.90147805424862,9.33200437256799,1326.2207359657775,50.14827541359378,477926.3350615428,7603.685641231861,26306.56352159079,21.651567504983777,1.4782208592888058,522.1864721485603,83.10945238971593,90.94759807416546,45.88644487306502,760.9452665916342,29.828937998992373,450.6566024891845,21.995955973065435,Non-Fatigue
