emg_rms,emg_mav,emg_variance,emg_std,emg_waveform_length,emg_zero_crossing,emg_ssc,emg_kurtosis,emg_skewness,emg_peak,emg_median_freq,emg_mean_freq,emg_peak_freq,emg_total_power,emg_power_low,emg_power_mid,emg_power_high,class_name
51.833257877065485,8.542528239802857,3565.1493668398502,47.42124163789351,890032.4566169612,17150.848135178952,30864.23369795557,7.175776480660915,0.5034637249246265,428.3428989135298,89.06298198446481,73.23962350230134,64.67910185382641,264.6187074980272,-20.84440420531904,311.5364909329333,69.88960396187602,Non-Fatigue
