emg_rms,emg_mav,emg_variance,emg_std,emg_waveform_length,emg_zero_crossing,emg_ssc,emg_kurtosis,emg_skewness,emg_peak,emg_median_freq,emg_mean_freq,emg_peak_freq,emg_total_power,emg_power_low,emg_power_mid,emg_power_high,class_name
42.737577167824426,31.636829562578345,4289.066413573133,24.394568228030963,500563.2392320556,17716.616330871508,30586.340030642416,17.63119206722874,-1.661580675106873,351.9876664360584,58.3907983550461,89.71211707669802,49.76251979614448,14.931613074297502,51.80922624540948,22.007473713889283,61.13816645377259,Non-Fatigue
