emg_rms,emg_mav,emg_variance,emg_std,emg_waveform_length,emg_zero_crossing,emg_ssc,emg_kurtosis,emg_skewness,emg_peak,emg_median_freq,emg_mean_freq,emg_peak_freq,emg_total_power,emg_power_low,emg_power_mid,emg_power_high,class_name
34.24386787129654,9.213551394842424,1776.903223645634,29.68224791483625,463869.0404845079,6315.562236631464,24191.74427052421,15.983384392302556,1.5276844879865563,501.7960201726731,84.95284264678142,86.32052560911477,48.032766024887,687.5928092443485,197.92829315755137,145.80375138786383,72.30398430735146,Non-Fatigue
