emg_rms,emg_mav,emg_variance,emg_std,emg_waveform_length,emg_zero_crossing,emg_ssc,emg_kurtosis,emg_skewness,emg_peak,emg_median_freq,emg_mean_freq,emg_peak_freq,emg_total_power,emg_power_low,emg_power_mid,emg_power_high,class_name
79.00239794206752,25.349118417745476,963.2448643444228,38.59515175490452,432511.2687753624,18707.017444095232,24411.778468055498,20.99262239027701,2.686484756226158,321.9487844783099,87.17426364088304,109.59183710034044,51.93842736947792,1102.3288229087473,195.9557916572027,355.9149134865323,37.86373060576457,Non-Fatigue
