emg_rms,emg_mav,emg_variance,emg_std,emg_waveform_length,emg_zero_crossing,emg_ssc,emg_kurtosis,emg_skewness,emg_peak,emg_median_freq,emg_mean_freq,emg_peak_freq,emg_total_power,emg_power_low,emg_power_mid,emg_power_high,class_name
52.66509342298134,16.64597495139646,2477.916660704904,30.37220925005375,444414.08697550633,17691.451991138223,21605.352753274,16.199048226815215,0.2802112549958147,425.7739186407612,103.2798016352049,111.79161155437792,64.95144184369636,413.7133141592282,171.84094844496792,-99.22016251832372,52.62306515313739,Non-Fatigue
