emg_rms,emg_mav,emg_variance,emg_std,emg_waveform_length,emg_zero_crossing,emg_ssc,emg_kurtosis,emg_skewness,emg_peak,emg_median_freq,emg_mean_freq,emg_peak_freq,emg_total_power,emg_power_low,emg_power_mid,emg_power_high,class_name
55.11988143784616,6.968158504201817,-1233.515751639923,46.37840578328403,493927.182329085,12083.723732262762,26390.48310505053,17.2204500451464,-1.508019954815511,600.5481542756789,103.52671278071612,78.64081337064252,60.37257756886184,672.7309805102894,-54.38271599645371,292.78344634027235,8.628385027356302,Non-Fatigue
