emg_rms,emg_mav,emg_variance,emg_std,emg_waveform_length,emg_zero_crossing,emg_ssc,emg_kurtosis,emg_skewness,emg_peak,emg_median_freq,emg_mean_freq,emg_peak_freq,emg_total_power,emg_power_low,emg_power_mid,emg_power_high,class_name
25.547789722603618,14.290691939408658,483.67998340819554,36.9463328969105,770360.0475593316,9149.408993453577,27295.85883047049,10.476626469695226,-0.1402064735145117,499.2212561958764,76.8036718265427,88.45765598384124,53.67346676708342,828.5521552552975,-23.93060541005157,71.7340748405139,16.736316980194786,Non-Fatigue
