emg_rms,emg_mav,emg_variance,emg_std,emg_waveform_length,emg_zero_crossing,emg_ssc,emg_kurtosis,emg_skewness,emg_peak,emg_median_freq,emg_mean_freq,emg_peak_freq,emg_total_power,emg_power_low,emg_power_mid,emg_power_high,class_name
14.61343240838622,11.49736549297221,1619.3231306362288,49.04609947090214,718023.9940480263,11606.546183966628,29249.632840529765,18.957351430850856,-1.6083651105629402,241.9196582542004,67.21505073926569,82.11688936486601,40.55387828683504,537.7803550570754,162.31004320964377,287.4137654646383,29.592842739878733,Non-Fatigue
