emg_rms,emg_mav,emg_variance,emg_std,emg_waveform_length,emg_zero_crossing,emg_ssc,emg_kurtosis,emg_skewness,emg_peak,emg_median_freq,emg_mean_freq,emg_peak_freq,emg_total_power,emg_power_low,emg_power_mid,emg_power_high,class_name
46.09493608222626,27.00470459047256,3806.4347102618776,59.91544063367721,510281.76487539685,12293.038563796366,29146.921633227197,18.458404478853087,0.1981010405904493,314.85672241147506,66.14380753855335,88.40096337924129,49.8768339277991,-95.2471801121464,43.80794271779744,511.35365468881935,60.98990168595654,Non-Fatigue
