emg_rms,emg_mav,emg_variance,emg_std,emg_waveform_length,emg_zero_crossing,emg_ssc,emg_kurtosis,emg_skewness,emg_peak,emg_median_freq,emg_mean_freq,emg_peak_freq,emg_total_power,emg_power_low,emg_power_mid,emg_power_high,class_name
4.899383214009212,13.92542624400708,1993.1300160582653,34.038799837511135,279012.8686253556,6078.907881725652,32045.346385953268,10.308860477239747,-2.537389177780021,527.084440698384,59.00548578819794,108.52728265344857,61.76259086107608,157.3461202376693,58.01656340711813,616.8352420739741,64.98211834036196,Non-Fatigue
