emg_rms,emg_mav,emg_variance,emg_std,emg_waveform_length,emg_zero_crossing,emg_ssc,emg_kurtosis,emg_skewness,emg_peak,emg_median_freq,emg_mean_freq,emg_peak_freq,emg_total_power,emg_power_low,emg_power_mid,emg_power_high,class_name
18.09454467532112,14.576041282966193,3368.133546399161,21.03905262275552,865479.9510865281,17438.08859494802,21586.27721507116,21.66679500827466,0.0636994835447488,509.1189789586252,73.87868732951209,68.21189316881315,48.705486645821225,676.4469997211769,82.4181648900316,142.35542629306346,89.40117144469237,Non-Fatigue
