emg_rms,emg_mav,emg_variance,emg_std,emg_waveform_length,emg_zero_crossing,emg_ssc,emg_kurtosis,emg_skewness,emg_peak,emg_median_freq,emg_mean_freq,emg_peak_freq,emg_total_power,emg_power_low,emg_power_mid,emg_power_high,class_name
30.26933072522885,15.313757846432251,3232.33470377558,84.62436558326445,653776.7306980358,8611.311089749419,34173.79411464165,15.798590409430608,-2.386679409654005,363.4705620918437,73.50547251435493,104.23611923826832,51.84279854827186,404.1305448115688,219.7765079979124,477.79214371755154,37.85629831246507,Non-Fatigue
