emg_rms,emg_mav,emg_variance,emg_std,emg_waveform_length,emg_zero_crossing,emg_ssc,emg_kurtosis,emg_skewness,emg_peak,emg_median_freq,emg_mean_freq,emg_peak_freq,emg_total_power,emg_power_low,emg_power_mid,emg_power_high,class_name
42.20055340647455,20.57537501736928,3218.2919117347337,45.679903818253614,461779.1767849019,10815.89445461459,25078.127996171723,18.66020855992484,-2.1868666281635902,429.772685952453,75.33591199336959,97.37250422614385,53.72133197353628,554.9566718842591,79.08788816273801,151.0473187971136,49.76694245552774,Non-Fatigue
