emg_rms,emg_mav,emg_variance,emg_std,emg_waveform_length,emg_zero_crossing,emg_ssc,emg_kurtosis,emg_skewness,emg_peak,emg_median_freq,emg_mean_freq,emg_peak_freq,emg_total_power,emg_power_low,emg_power_mid,emg_power_high,class_name
56.93345491221406,3.136735177927193,-662.6534522142294,36.064576626878,525122.5411583092,11896.691887112636,32272.872773754465,7.081756298191186,0.679642980554686,593.9037012257558,72.93544338377295,94.34110028659624,63.88888296275529,-178.53187675164264,-10.836809556766852,73.53098543374227,65.44264395547752,Non-Fatigue
