emg_rms,emg_mav,emg_variance,emg_std,emg_waveform_length,emg_zero_crossing,emg_ssc,emg_kurtosis,emg_skewness,emg_peak,emg_median_freq,emg_mean_freq,emg_peak_freq,emg_total_power,emg_power_low,emg_power_mid,emg_power_high,class_name
46.315140533366815,20.309937862365004,1542.3219992803306,36.93876954889019,676181.4012682001,13797.610769558749,24598.081517590308,13.139681670947995,-1.0347345653060676,692.7929998988909,31.883848967780665,93.28995512446056,79.07001438251552,954.5822392938152,-81.28475994697357,191.89551136893132,95.8006554443852,Non-Fatigue
