emg_rms,emg_mav,emg_variance,emg_std,emg_waveform_length,emg_zero_crossing,emg_ssc,emg_kurtosis,emg_skewness,emg_peak,emg_median_freq,emg_mean_freq,emg_peak_freq,emg_total_power,emg_power_low,emg_power_mid,emg_power_high,class_name
33.02516754626604,5.372009446021103,2570.0020385807584,28.19691608425493,640783.1476058937,15208.696938372006,28703.71908329529,15.081034365127804,-0.1480132091344466,604.7491035379816,88.15160329035132,101.342445542026,49.60725255342314,283.0725921337346,168.14540839568383,681.1562674437587,43.34676950364032,Non-Fatigue
