emg_rms,emg_mav,emg_variance,emg_std,emg_waveform_length,emg_zero_crossing,emg_ssc,emg_kurtosis,emg_skewness,emg_peak,emg_median_freq,emg_mean_freq,emg_peak_freq,emg_total_power,emg_power_low,emg_power_mid,emg_power_high,class_name
26.73675421472488,22.21504854130244,2990.436405484869,54.44806345143822,346429.1378054284,9270.222862437698,29419.56956293514,21.22025595984146,0.5141375497036366,625.1660054370604,95.12823479092906,113.14083853511472,43.597163973157805,152.97985355809055,33.58726062097711,65.19356585115918,47.33147581143231,Non-Fatigue
