emg_rms,emg_mav,emg_variance,emg_std,emg_waveform_length,emg_zero_crossing,emg_ssc,emg_kurtosis,emg_skewness,emg_peak,emg_median_freq,emg_mean_freq,emg_peak_freq,emg_total_power,emg_power_low,emg_power_mid,emg_power_high,class_name
57.9035738029554,22.396886777675963,1204.551190245301,36.40024416491186,795308.4019621317,16627.78963739749,31650.414808379453,10.035456623362167,0.383412865313299,485.3225392724732,74.38062400089272,105.81813544035649,53.89597621556964,183.24017476116228,-104.21369685268564,-118.67602866024498,55.994505620226896,Non-Fatigue
