emg_rms,emg_mav,emg_variance,emg_std,emg_waveform_length,emg_zero_crossing,emg_ssc,emg_kurtosis,emg_skewness,emg_peak,emg_median_freq,emg_mean_freq,emg_peak_freq,emg_total_power,emg_power_low,emg_power_mid,emg_power_high,class_name
39.74982488920261,5.112306565792895,4101.380559149859,13.078552469406247,519372.9035153244,15060.485531946584,25950.2218905372,10.172580916450544,-0.6529877768398221,414.3686704413275,92.33047364690078,98.63346573059825,55.18458715915316,1015.1337252905846,-3.35192987598343,345.9249601632765,61.46270612200366,Non-Fatigue
