emg_rms,emg_mav,emg_variance,emg_std,emg_waveform_length,emg_zero_crossing,emg_ssc,emg_kurtosis,emg_skewness,emg_peak,emg_median_freq,emg_mean_freq,emg_peak_freq,emg_total_power,emg_power_low,emg_power_mid,emg_power_high,class_name
23.726488824633435,16.283855967797642,218.76172045094225,50.85153153702866,414331.32454806473,15696.981129381296,22566.93058352967,19.5166376704819,3.4767995024542766,648.5085722481117,75.42674159975107,68.70288510654265,60.8635177882373,-167.51781042178555,121.56567875650626,302.53260493215475,7.349017176636224,Non-Fatigue
