emg_rms,emg_mav,emg_variance,emg_std,emg_waveform_length,emg_zero_crossing,emg_ssc,emg_kurtosis,emg_skewness,emg_peak,emg_median_freq,emg_mean_freq,emg_peak_freq,emg_total_power,emg_power_low,emg_power_mid,emg_power_high,class_name
42.54045056808283,23.654330679683817,2164.6277723024477,22.6415378273448,614302.4709788422,9416.826423160228,21323.98425302395,11.164137547697774,0.6566141502395745,349.89225106866365,77.32597979503593,101.7930605249542,53.705000153237656,233.6626078678549,-51.09851681587874,762.0864251970606,59.57230172391378,Non-Fatigue
