emg_rms,emg_mav,emg_variance,emg_std,emg_waveform_length,emg_zero_crossing,emg_ssc,emg_kurtosis,emg_skewness,emg_peak,emg_median_freq,emg_mean_freq,emg_peak_freq,emg_total_power,emg_power_low,emg_power_mid,emg_power_high,class_name
14.77078512786223,11.84035347473651,1794.0422071130497,7.785087369720834,635015.4702691634,12606.54944815698,27505.515099865537,21.07856223115579,-0.5853545608822932,703.0581959882288,100.24016506226842,114.9534325672928,42.67901843565266,57.292811727833794,101.28284621042314,244.6761813342227,76.58387018029302,Non-Fatigue
