emg_rms,emg_mav,emg_variance,emg_std,emg_waveform_length,emg_zero_crossing,emg_ssc,emg_kurtosis,emg_skewness,emg_peak,emg_median_freq,emg_mean_freq,emg_peak_freq,emg_total_power,emg_power_low,emg_power_mid,emg_power_high,class_name
71.0593004048096,18.506618955892627,-1281.701651543852,43.76356882249344,548903.9163176137,17881.298741523697,26785.494548745544,16.372747751933318,-0.7030285173307672,437.2954430603326,92.60091856717663,80.56383245651146,56.85308015971469,384.06438792118365,27.10138602606092,931.973651159713,77.83173005341608,Non-Fatigue
