emg_rms,emg_mav,emg_variance,emg_std,emg_waveform_length,emg_zero_crossing,emg_ssc,emg_kurtosis,emg_skewness,emg_peak,emg_median_freq,emg_mean_freq,emg_peak_freq,emg_total_power,emg_power_low,emg_power_mid,emg_power_high,class_name
26.02027778484521,17.990056708279887,3480.134603497071,50.50227910747736,635161.2048943972,13658.803687649512,24022.28663941317,19.922283484835237,-0.1357088955990883,600.1858141629738,89.58765942315833,96.93383497868186,57.83906247842458,321.72445471152787,91.46444112762735,237.22050543417447,81.12864876383051,Non-Fatigue
