emg_rms,emg_mav,emg_variance,emg_std,emg_waveform_length,emg_zero_crossing,emg_ssc,emg_kurtosis,emg_skewness,emg_peak,emg_median_freq,emg_mean_freq,emg_peak_freq,emg_total_power,emg_power_low,emg_power_mid,emg_power_high,class_name
20.356594751159093,34.453578659943226,3658.641742278213,49.157619074133855,522154.2837208064,12946.84837156592,36631.92314104181,14.514301199048392,-0.0838065334368472,394.5655990387329,74.01283304154147,100.78860390824438,63.51497042619873,343.4980762958967,315.08421647194484,534.2741491303449,-5.8753857824329785,Non-Fatigue
