emg_rms,emg_mav,emg_variance,emg_std,emg_waveform_length,emg_zero_crossing,emg_ssc,emg_kurtosis,emg_skewness,emg_peak,emg_median_freq,emg_mean_freq,emg_peak_freq,emg_total_power,emg_power_low,emg_power_mid,emg_power_high,class_name
12.64552484382086,22.306075919736564,2306.536571497444,29.96769449837082,497373.1374241474,13365.404773216864,27674.09692165629,13.098104148404104,-1.7305623431653363,428.9990236209872,69.02878936674108,108.83157974441612,53.2882445191436,152.75036923769716,-77.48554195558793,526.216591367842,57.50282472580286,Non-Fatigue
