emg_rms,emg_mav,emg_variance,emg_std,emg_waveform_length,emg_zero_crossing,emg_ssc,emg_kurtosis,emg_skewness,emg_peak,emg_median_freq,emg_mean_freq,emg_peak_freq,emg_total_power,emg_power_low,emg_power_mid,emg_power_high,class_name
22.876566736735917,16.265185978997277,645.9780934794362,37.11210850723634,825825.0553130973,12179.840371279832,20217.90172073117,12.504890081882412,1.2920758862351094,572.4209717416462,85.71329758694074,98.12862653725718,44.336637432278,192.39857521589204,124.12431333417538,659.8429004103286,68.41282151622056,Non-Fatigue
