emg_rms,emg_mav,emg_variance,emg_std,emg_waveform_length,emg_zero_crossing,emg_ssc,emg_kurtosis,emg_skewness,emg_peak,emg_median_freq,emg_mean_freq,emg_peak_freq,emg_total_power,emg_power_low,emg_power_mid,emg_power_high,class_name
22.840417858667184,17.967119729028845,442.5501301673767,15.89597146943314,484867.95612294506,15884.089458013255,24682.99317729923,19.580643443834603,-1.1234921508842617,517.3003322975793,50.020774811553416,89.08096730306107,61.664953893000536,538.5298443422755,56.08773344188323,313.4771708261539,50.531190746223295,Non-Fatigue
