emg_rms,emg_mav,emg_variance,emg_std,emg_waveform_length,emg_zero_crossing,emg_ssc,emg_kurtosis,emg_skewness,emg_peak,emg_median_freq,emg_mean_freq,emg_peak_freq,emg_total_power,emg_power_low,emg_power_mid,emg_power_high,class_name
77.09371773195039,24.624128385448135,-313.3048556189758,44.49419485433748,524828.3058881351,13578.743244882393,31386.712855961938,11.19358268976231,0.1594747410929929,556.6516529460506,89.15458143375204,100.54138405808727,54.26872310789125,933.171797525308,97.14174634815028,257.7251106409453,33.32285266006309,Non-Fatigue
