emg_rms,emg_mav,emg_variance,emg_std,emg_waveform_length,emg_zero_crossing,emg_ssc,emg_kurtosis,emg_skewness,emg_peak,emg_median_freq,emg_mean_freq,emg_peak_freq,emg_total_power,emg_power_low,emg_power_mid,emg_power_high,class_name
20.63719506013237,22.07216775481279,-70.15484026245349,25.041703801521194,406952.6316268499,12284.83180807456,31563.874162427084,20.036375409739826,3.239881416290322,208.96092045084995,82.86833108140557,87.02963053824816,51.83146992031988,1016.7437715150072,170.48857029551965,-88.05732018790235,44.31876040845688,Non-Fatigue
