emg_rms,emg_mav,emg_variance,emg_std,emg_waveform_length,emg_zero_crossing,emg_ssc,emg_kurtosis,emg_skewness,emg_peak,emg_median_freq,emg_mean_freq,emg_peak_freq,emg_total_power,emg_power_low,emg_power_mid,emg_power_high,class_name
35.62052508892299,30.749206788165885,2921.9063943776937,19.967422021240864,957171.592802272,11553.187151299271,34171.40697286856,17.881795939874266,0.9579917645733907,494.2640596273369,54.969058713523296,92.82270371255852,64.9551064688718,360.2826726773759,-58.71126275583808,271.60372269644824,45.49953024612542,Non-Fatigue
