emg_rms,emg_mav,emg_variance,emg_std,emg_waveform_length,emg_zero_crossing,emg_ssc,emg_kurtosis,emg_skewness,emg_peak,emg_median_freq,emg_mean_freq,emg_peak_freq,emg_total_power,emg_power_low,emg_power_mid,emg_power_high,class_name
42.44692094096342,31.245265835103663,2632.0472606546823,47.98298631417116,418209.4719916551,11047.752696529762,28561.65137394642,15.322864290315362,2.849835824773298,573.2098469412919,73.84841783123973,103.16681409178258,48.657556884768624,703.0481161549171,-44.87517255987542,-82.86493403446104,81.97351740004954,Non-Fatigue
