emg_rms,emg_mav,emg_variance,emg_std,emg_waveform_length,emg_zero_crossing,emg_ssc,emg_kurtosis,emg_skewness,emg_peak,emg_median_freq,emg_mean_freq,emg_peak_freq,emg_total_power,emg_power_low,emg_power_mid,emg_power_high,class_name
47.18365257124408,31.145714734649097,3608.631620985593,27.66891164108756,394401.67069050274,8467.793731602285,37554.34760087416,17.76343089057688,-1.2210673168851929,520.0941298272616,61.60333780155669,102.16914111996898,65.01347202438116,975.6621763982496,48.43799179080625,-6.553418190987145,75.89458697277661,Non-Fatigue
