emg_rms,emg_mav,emg_variance,emg_std,emg_waveform_length,emg_zero_crossing,emg_ssc,emg_kurtosis,emg_skewness,emg_peak,emg_median_freq,emg_mean_freq,emg_peak_freq,emg_total_power,emg_power_low,emg_power_mid,emg_power_high,class_name
30.797205985089544,14.378857846928566,2740.385183933457,51.85514054808465,543790.5720850173,13449.177844562832,21118.691211234363,11.87677012788427,0.3631045146854147,615.1518950582908,87.22608320423552,106.30157155743348,51.99256865028362,768.2270368751294,119.19558838198742,632.941239085961,55.04465765117451,Non-Fatigue
