emg_rms,emg_mav,emg_variance,emg_std,emg_waveform_length,emg_zero_crossing,emg_ssc,emg_kurtosis,emg_skewness,emg_peak,emg_median_freq,emg_mean_freq,emg_peak_freq,emg_total_power,emg_power_low,emg_power_mid,emg_power_high,class_name
31.98330657042476,23.785952625252012,3600.9321715725973,47.74256046462302,532993.6755844579,13373.645916988631,28850.165568020268,12.078828271408838,0.9212618539433256,594.3369178427301,103.8454106530216,134.76397315544372,37.39184573349097,1034.7683756473143,-29.213672671717248,894.2381557297488,88.64619914615318,Non-Fatigue
