emg_rms,emg_mav,emg_variance,emg_std,emg_waveform_length,emg_zero_crossing,emg_ssc,emg_kurtosis,emg_skewness,emg_peak,emg_median_freq,emg_mean_freq,emg_peak_freq,emg_total_power,emg_power_low,emg_power_mid,emg_power_high,class_name
40.235185557037205,20.203542470446216,1897.8655371797588,33.33762104874904,270886.9719461108,19030.20860285223,26822.68980090224,18.26124159811052,1.2774889616554443,250.33826074938744,78.45433009850505,112.8305082984319,58.15214042085987,564.0209590433872,-8.003762037693932,511.38379572249033,72.33387694722491,Non-Fatigue
