emg_rms,emg_mav,emg_variance,emg_std,emg_waveform_length,emg_zero_crossing,emg_ssc,emg_kurtosis,emg_skewness,emg_peak,emg_median_freq,emg_mean_freq,emg_peak_freq,emg_total_power,emg_power_low,emg_power_mid,emg_power_high,class_name
51.83761687219216,24.833706312057764,-396.4775597408709,60.2053291962288,485102.8583350423,13837.63422090279,30151.42010245376,21.859441098987027,1.2452319107050729,348.0539304388577,82.88911663817767,70.48246429323083,64.08120044417404,-85.34726711079878,92.09294530391938,557.9070739750523,43.54420765428063,Non-Fatigue
