emg_rms,emg_mav,emg_variance,emg_std,emg_waveform_length,emg_zero_crossing,emg_ssc,emg_kurtosis,emg_skewness,emg_peak,emg_median_freq,emg_mean_freq,emg_peak_freq,emg_total_power,emg_power_low,emg_power_mid,emg_power_high,class_name
31.116196981785706,18.911793820458307,3443.2401326242284,50.94753623792281,752065.1908418452,10501.977424774032,28007.71168541617,18.159308225675115,-0.1022900447613027,298.03867289753475,60.00464701965154,99.01779301659307,52.75648099258854,250.9585878621814,43.12022832043621,-249.52769277425332,78.24433765481177,Non-Fatigue
