emg_rms,emg_mav,emg_variance,emg_std,emg_waveform_length,emg_zero_crossing,emg_ssc,emg_kurtosis,emg_skewness,emg_peak,emg_median_freq,emg_mean_freq,emg_peak_freq,emg_total_power,emg_power_low,emg_power_mid,emg_power_high,class_name
38.76539032020094,25.350207542831125,180.0092355748377,25.7984642392354,626237.1489156105,16640.864216144557,35217.89225050138,9.115032539369423,0.967316057798794,320.6898471928895,71.63602133212675,75.43186492925744,56.29000014982723,674.0740396068531,13.04533989726668,310.1157305211032,75.9403154214853,Non-Fatigue
