emg_rms,emg_mav,emg_variance,emg_std,emg_waveform_length,emg_zero_crossing,emg_ssc,emg_kurtosis,emg_skewness,emg_peak,emg_median_freq,emg_mean_freq,emg_peak_freq,emg_total_power,emg_power_low,emg_power_mid,emg_power_high,class_name
21.67686801650128,19.55603787000185,3476.918639296828,38.27343512236526,479812.97951934655,16410.02392707922,21222.698327977327,10.576311199559314,1.528225465403079,680.8774096969635,70.97578386848718,117.24535223657368,55.62703950671114,74.11711973096618,5.086177044857763,-341.9441838307727,73.80038550643062,Non-Fatigue
