emg_rms,emg_mav,emg_variance,emg_std,emg_waveform_length,emg_zero_crossing,emg_ssc,emg_kurtosis,emg_skewness,emg_peak,emg_median_freq,emg_mean_freq,emg_peak_freq,emg_total_power,emg_power_low,emg_power_mid,emg_power_high,class_name
61.32695584249284,1.3426462107966977,2609.706682274849,31.88533563778586,655907.6568402777,15083.187182389447,23084.850920287518,7.952702615202974,0.9930880801742304,93.5704832498526,94.91809991028384,100.82747855367258,53.04258273975877,706.4223495980314,200.65830237112948,356.581365175807,78.60477551346625,Non-Fatigue
