emg_rms,emg_mav,emg_variance,emg_std,emg_waveform_length,emg_zero_crossing,emg_ssc,emg_kurtosis,emg_skewness,emg_peak,emg_median_freq,emg_mean_freq,emg_peak_freq,emg_total_power,emg_power_low,emg_power_mid,emg_power_high,class_name
15.657151566215116,24.176557643804102,-881.7168509827372,35.41978723681718,617460.3221260165,15009.530653140277,27224.545135756867,15.478156759672428,-0.8365443444977784,544.7814888089683,62.93877199008183,90.64917501330524,51.10662307823241,772.4869556144408,95.9863540599918,283.9138659651575,99.0143441197863,Non-Fatigue
