emg_rms,emg_mav,emg_variance,emg_std,emg_waveform_length,emg_zero_crossing,emg_ssc,emg_kurtosis,emg_skewness,emg_peak,emg_median_freq,emg_mean_freq,emg_peak_freq,emg_total_power,emg_power_low,emg_power_mid,emg_power_high,class_name
2.7484920266987274,15.688759295787058,2396.266837391765,21.327636883081684,805824.9701604949,9572.33698854625,21612.55326185125,18.134954015968816,4.416694010387226,333.1252780661403,60.53836347250276,80.29384496920625,46.920098370582885,-413.74653966681177,-63.12882057038246,207.52501576806168,92.42481412022896,Non-Fatigue
