emg_rms,emg_mav,emg_variance,emg_std,emg_waveform_length,emg_zero_crossing,emg_ssc,emg_kurtosis,emg_skewness,emg_peak,emg_median_freq,emg_mean_freq,emg_peak_freq,emg_total_power,emg_power_low,emg_power_mid,emg_power_high,class_name
45.40511794839985,13.545272414521309,1574.40698476901,28.3157660119532,577607.323324183,16560.174374459984,28343.8501027451,24.88378774931875,-0.4127764156023,490.2497547245335,70.39427169467824,72.72470036700201,58.92714299509039,236.65180881241525,133.6498123194445,382.016799142223,-0.3715093885818561,Non-Fatigue
