emg_rms,emg_mav,emg_variance,emg_std,emg_waveform_length,emg_zero_crossing,emg_ssc,emg_kurtosis,emg_skewness,emg_peak,emg_median_freq,emg_mean_freq,emg_peak_freq,emg_total_power,emg_power_low,emg_power_mid,emg_power_high,class_name
41.20879293984621,20.292925611672256,952.4937606881584,28.09655969200032,533732.1875718021,12958.21072432998,29305.57934553208,9.585954370513614,-0.3718971344006059,493.2223004895593,68.29138397995204,100.07569158504822,46.29329669944317,221.2945649019716,86.85433958018585,442.1824522747893,50.09332141212175,Non-Fatigue
