emg_rms,emg_mav,emg_variance,emg_std,emg_waveform_length,emg_zero_crossing,emg_ssc,emg_kurtosis,emg_skewness,emg_peak,emg_median_freq,emg_mean_freq,emg_peak_freq,emg_total_power,emg_power_low,emg_power_mid,emg_power_high,class_name
53.22267077027647,17.254171055345576,2446.876636593701,34.392979915570095,707256.2816265557,13660.307452453582,26429.705508064137,16.995057557543703,1.2256318332271317,503.36022357194736,70.34512416533738,90.95615735339868,51.5198258094423,744.0053890181146,55.77822964675762,-367.24856838165925,37.2701662234855,Non-Fatigue
