emg_rms,emg_mav,emg_variance,emg_std,emg_waveform_length,emg_zero_crossing,emg_ssc,emg_kurtosis,emg_skewness,emg_peak,emg_median_freq,emg_mean_freq,emg_peak_freq,emg_total_power,emg_power_low,emg_power_mid,emg_power_high,class_name
18.25894317461901,10.757084709713702,1447.4625100266048,67.60051966725162,460900.3686455628,14476.94074349501,25663.535311193275,23.755677661119208,2.28617630480064,375.8937417877996,84.74006546289208,73.50526087586567,50.34243643207627,393.2737091642188,18.332206585389866,154.7648300632542,36.5125459603225,Non-Fatigue
