emg_rms,emg_mav,emg_variance,emg_std,emg_waveform_length,emg_zero_crossing,emg_ssc,emg_kurtosis,emg_skewness,emg_peak,emg_median_freq,emg_mean_freq,emg_peak_freq,emg_total_power,emg_power_low,emg_power_mid,emg_power_high,class_name
35.02103473183528,8.979316244522211,-230.6250768105583,17.15985757837886,615902.9583535134,15803.39527439864,27467.862751090448,15.891679695263113,1.9230696578369684,303.59649521688056,75.60597556231156,74.37041490128419,65.23624329461126,166.4936849323696,24.91645124651066,412.4645018491807,71.89733701672336,Non-Fatigue
