emg_rms,emg_mav,emg_variance,emg_std,emg_waveform_length,emg_zero_crossing,emg_ssc,emg_kurtosis,emg_skewness,emg_peak,emg_median_freq,emg_mean_freq,emg_peak_freq,emg_total_power,emg_power_low,emg_power_mid,emg_power_high,class_name
25.595926762301524,10.534146473446963,3234.773114372928,48.58059222971522,743695.058632076,9505.676046238748,26076.72588496437,12.096032758665018,0.3000954410439384,368.6794309180137,69.98343283664232,124.41962195798344,50.287803343909886,430.8376021903537,65.42333220994955,152.76534638716385,75.33872554907246,Non-Fatigue
