emg_rms,emg_mav,emg_variance,emg_std,emg_waveform_length,emg_zero_crossing,emg_ssc,emg_kurtosis,emg_skewness,emg_peak,emg_median_freq,emg_mean_freq,emg_peak_freq,emg_total_power,emg_power_low,emg_power_mid,emg_power_high,class_name
30.04256134791552,16.637287318862597,999.588711998464,34.19527623857575,650383.8290599518,11827.60625398386,24170.94307170065,18.717121027001912,2.2415712471889555,314.8985248671976,69.27145962297914,83.46947467877186,62.888673470176286,980.433810845384,100.4500058570595,483.8311841545318,81.00006025588652,Non-Fatigue
