emg_rms,emg_mav,emg_variance,emg_std,emg_waveform_length,emg_zero_crossing,emg_ssc,emg_kurtosis,emg_skewness,emg_peak,emg_median_freq,emg_mean_freq,emg_peak_freq,emg_total_power,emg_power_low,emg_power_mid,emg_power_high,class_name
45.38806394142659,11.702400367844694,424.6655014667288,25.797916348200296,557763.4203276216,17107.656536505754,23741.109864587463,11.88519321207538,-0.0536211699540016,536.53160614946,56.07782044690612,65.21504231753663,57.332216677661386,311.8457707342035,111.53229643747451,286.4757314757428,43.89153315181652,Non-Fatigue
