emg_rms,emg_mav,emg_variance,emg_std,emg_waveform_length,emg_zero_crossing,emg_ssc,emg_kurtosis,emg_skewness,emg_peak,emg_median_freq,emg_mean_freq,emg_peak_freq,emg_total_power,emg_power_low,emg_power_mid,emg_power_high,class_name
74.7408557547538,28.123371010997943,3305.620756429884,67.32961099822288,341188.8931381236,13975.338108638156,25617.90435211402,21.753148483415064,-1.0457149920743962,298.1291957438922,84.57546456522999,61.77747491532745,51.52122204356577,929.6572466598832,81.18352054076485,678.6709477803057,47.03101807368156,Non-Fatigue
