emg_rms,emg_mav,emg_variance,emg_std,emg_waveform_length,emg_zero_crossing,emg_ssc,emg_kurtosis,emg_skewness,emg_peak,emg_median_freq,emg_mean_freq,emg_peak_freq,emg_total_power,emg_power_low,emg_power_mid,emg_power_high,class_name
33.73976966107063,16.357173112939652,899.2113241541532,17.568143830881716,777159.6078242462,11058.519929485105,24054.691804190203,19.81979334046048,-0.0691865380654708,594.4778982883356,87.04817910606567,103.98513323703752,49.94271051856468,16.794932042693688,-67.96090708662723,322.0192285512849,87.90186119435751,Non-Fatigue
