emg_rms,emg_mav,emg_variance,emg_std,emg_waveform_length,emg_zero_crossing,emg_ssc,emg_kurtosis,emg_skewness,emg_peak,emg_median_freq,emg_mean_freq,emg_peak_freq,emg_total_power,emg_power_low,emg_power_mid,emg_power_high,class_name
47.86366938949558,20.80606324425312,1196.3197768651034,27.069471293183355,887696.4998628448,18353.10205873269,28119.38642567598,19.51396937844696,-1.3720971896156915,537.8152702149144,64.07934987786535,73.08280592133525,51.73779987676419,1062.3702253925871,19.795706682533407,335.7448127148158,102.21133892645378,Non-Fatigue
