emg_rms,emg_mav,emg_variance,emg_std,emg_waveform_length,emg_zero_crossing,emg_ssc,emg_kurtosis,emg_skewness,emg_peak,emg_median_freq,emg_mean_freq,emg_peak_freq,emg_total_power,emg_power_low,emg_power_mid,emg_power_high,class_name
46.29813250788189,11.57549877068718,2664.1213043064254,54.18493317211682,691472.6337228275,12159.944928216071,23836.743957584087,16.426197561958915,-0.7439829246797848,394.62712372054887,102.38116021522283,113.94192829999542,69.65277478592598,461.2296423211861,16.11638848156533,425.8412426100392,52.01326843624932,Non-Fatigue
