emg_rms,emg_mav,emg_variance,emg_std,emg_waveform_length,emg_zero_crossing,emg_ssc,emg_kurtosis,emg_skewness,emg_peak,emg_median_freq,emg_mean_freq,emg_peak_freq,emg_total_power,emg_power_low,emg_power_mid,emg_power_high,class_name
49.05258970316173,24.277686346837637,1059.8715778509654,17.06543615208437,514588.08512537816,20011.843906779024,27730.385271687457,14.401605734341176,1.4128551769910116,578.5715428925372,77.28195492790086,62.725417037746126,52.00323200492087,677.2572734799694,169.0124042051366,212.31431918897928,79.12764318785226,Non-Fatigue
