emg_rms,emg_mav,emg_variance,emg_std,emg_waveform_length,emg_zero_crossing,emg_ssc,emg_kurtosis,emg_skewness,emg_peak,emg_median_freq,emg_mean_freq,emg_peak_freq,emg_total_power,emg_power_low,emg_power_mid,emg_power_high,class_name
24.791198841634717,33.465157082634434,2260.3306541407555,48.29553654369081,524858.6257362085,10390.498875326435,28457.663447359268,13.159123123619556,0.6340773890811917,446.85716168416286,43.9412337263192,126.81383832489752,60.017553082642976,1229.6801292870134,55.48555274225628,315.917175998729,29.106545564379463,Non-Fatigue
