emg_rms,emg_mav,emg_variance,emg_std,emg_waveform_length,emg_zero_crossing,emg_ssc,emg_kurtosis,emg_skewness,emg_peak,emg_median_freq,emg_mean_freq,emg_peak_freq,emg_total_power,emg_power_low,emg_power_mid,emg_power_high,class_name
66.43406794043644,8.132379778817505,4428.534582654793,34.11213209331119,310118.3123785492,13284.113917990067,24807.25621971448,13.376345111360648,1.3548017517343625,302.2673972623479,84.5690598844651,102.21403529269168,53.26216008830639,267.1918782286508,307.25392503376634,593.1063444112215,108.31390238607815,Non-Fatigue
