emg_rms,emg_mav,emg_variance,emg_std,emg_waveform_length,emg_zero_crossing,emg_ssc,emg_kurtosis,emg_skewness,emg_peak,emg_median_freq,emg_mean_freq,emg_peak_freq,emg_total_power,emg_power_low,emg_power_mid,emg_power_high,class_name
28.808640972219383,14.277473528462806,911.747009190164,38.441296052302505,233863.7350305763,8206.740924843962,27969.24149530238,21.17185321615552,-1.383627293998464,648.3017643574915,74.42397765044755,100.30322244734695,54.52732380584464,0.4542529886764441,20.695699926767404,550.9598136566465,92.23680014529324,Non-Fatigue
