emg_rms,emg_mav,emg_variance,emg_std,emg_waveform_length,emg_zero_crossing,emg_ssc,emg_kurtosis,emg_skewness,emg_peak,emg_median_freq,emg_mean_freq,emg_peak_freq,emg_total_power,emg_power_low,emg_power_mid,emg_power_high,class_name
67.127520891311,10.836164843783555,379.0044637346116,54.79000736915778,755954.3766168745,14058.198295724542,29909.552713699475,17.010670609946718,3.870378118000827,371.3049819380476,69.59636624716113,78.48010451116762,46.765474674583054,-96.3477399541485,120.3899862871285,-59.276734370366114,64.42480936849927,Non-Fatigue
