emg_rms,emg_mav,emg_variance,emg_std,emg_waveform_length,emg_zero_crossing,emg_ssc,emg_kurtosis,emg_skewness,emg_peak,emg_median_freq,emg_mean_freq,emg_peak_freq,emg_total_power,emg_power_low,emg_power_mid,emg_power_high,class_name
26.834596637394927,30.89091964762561,3618.170308897377,53.3548948658508,441697.7660064645,7258.468053841142,24531.13240602247,26.543123073348205,-0.100527573363854,307.7020020376456,87.63654188481867,86.02354922364043,46.13941211493512,302.9224389784455,-72.26772757622379,633.8201914756668,63.60705236013683,Non-Fatigue
