emg_rms,emg_mav,emg_variance,emg_std,emg_waveform_length,emg_zero_crossing,emg_ssc,emg_kurtosis,emg_skewness,emg_peak,emg_median_freq,emg_mean_freq,emg_peak_freq,emg_total_power,emg_power_low,emg_power_mid,emg_power_high,class_name
63.864906434892646,15.777169929537813,912.6901893709144,33.36197145048605,501939.0837879417,13527.915371207097,27693.17841464679,14.485285597703715,-1.0351328445327468,502.9964017666221,84.33040022248056,89.36828718490344,42.85035175449838,513.5314451133399,44.31187693815135,260.52933966867977,79.02549654648776,Non-Fatigue
