emg_rms,emg_mav,emg_variance,emg_std,emg_waveform_length,emg_zero_crossing,emg_ssc,emg_kurtosis,emg_skewness,emg_peak,emg_median_freq,emg_mean_freq,emg_peak_freq,emg_total_power,emg_power_low,emg_power_mid,emg_power_high,class_name
17.83668221179354,13.316176265826096,4661.968755318604,76.41381222780674,556487.9824745563,12716.58700466042,22989.48859226162,16.01527672140707,0.6046449902335777,418.12622975633855,90.17699119224967,84.63740975832643,59.199734185510216,327.1871338927531,10.307576365516638,310.95044906318714,78.55427116151739,Non-Fatigue
