emg_rms,emg_mav,emg_variance,emg_std,emg_waveform_length,emg_zero_crossing,emg_ssc,emg_kurtosis,emg_skewness,emg_peak,emg_median_freq,emg_mean_freq,emg_peak_freq,emg_total_power,emg_power_low,emg_power_mid,emg_power_high,class_name
17.364923529686234,18.355768898463733,2250.879681242363,33.448646107827386,749943.1178476653,20146.34659394823,29208.43420690172,24.223300809741986,0.1880740092349871,380.2314593861088,65.88268333334562,118.7232827257523,63.98748005930084,955.9892340357352,120.4140484193738,136.98014158217512,40.79756696411359,Non-Fatigue
