emg_rms,emg_mav,emg_variance,emg_std,emg_waveform_length,emg_zero_crossing,emg_ssc,emg_kurtosis,emg_skewness,emg_peak,emg_median_freq,emg_mean_freq,emg_peak_freq,emg_total_power,emg_power_low,emg_power_mid,emg_power_high,class_name
55.759483134211735,21.151325164909245,360.198018059092,34.08953975200436,812168.9524280747,14070.006736297964,24149.765938119377,8.69228933997513,0.6494252748188476,383.0803540563157,60.363325697167085,99.84443974881218,66.98813909009336,-195.64331896165876,246.4024342861272,335.0172337639462,26.094472225404694,Non-Fatigue
