emg_rms,emg_mav,emg_variance,emg_std,emg_waveform_length,emg_zero_crossing,emg_ssc,emg_kurtosis,emg_skewness,emg_peak,emg_median_freq,emg_mean_freq,emg_peak_freq,emg_total_power,emg_power_low,emg_power_mid,emg_power_high,class_name
55.83686137939198,34.4479316022148,3616.536689469617,37.17847866700684,452883.8934614261,15721.401700266597,27925.393341432977,14.13145833073055,1.638381731776168,239.72087523279347,67.28779971149734,112.68054846394622,53.90883719870899,558.4568531975623,240.74634151894853,232.1566083633237,49.53748191129801,Non-Fatigue
