emg_rms,emg_mav,emg_variance,emg_std,emg_waveform_length,emg_zero_crossing,emg_ssc,emg_kurtosis,emg_skewness,emg_peak,emg_median_freq,emg_mean_freq,emg_peak_freq,emg_total_power,emg_power_low,emg_power_mid,emg_power_high,class_name
42.79019610809779,7.552883685853795,1627.7059594408224,18.63170420712092,556575.392819642,11474.804912370211,27195.027343023397,19.80885163175881,-0.9893511005715646,279.9057167248056,68.45685467333504,95.57354375064487,47.96965763404575,443.0116330863028,64.72014636216134,155.22956220369275,61.1594107537343,Non-Fatigue
