emg_rms,emg_mav,emg_variance,emg_std,emg_waveform_length,emg_zero_crossing,emg_ssc,emg_kurtosis,emg_skewness,emg_peak,emg_median_freq,emg_mean_freq,emg_peak_freq,emg_total_power,emg_power_low,emg_power_mid,emg_power_high,class_name
54.72221686747309,13.688858223244676,1277.357686862134,15.799888661957477,621513.581532427,11198.641177755944,18822.313909883167,18.985970826569293,0.567427562057252,154.40729030623703,93.29056284525086,76.42222058555744,41.15305198354051,171.9636809414144,-36.327525131644535,531.6578466085979,59.3267556846252,Non-Fatigue
