emg_rms,emg_mav,emg_variance,emg_std,emg_waveform_length,emg_zero_crossing,emg_ssc,emg_kurtosis,emg_skewness,emg_peak,emg_median_freq,emg_mean_freq,emg_peak_freq,emg_total_power,emg_power_low,emg_power_mid,emg_power_high,class_name
55.92645823603157,20.74020543925369,2293.590501064932,13.09119036021004,676443.0072901574,14280.746457868492,38119.17057467585,18.229947393144517,3.373376053437127,505.3418060999161,70.40564682682509,104.3472685653341,64.81207260612182,-177.68840660992436,149.79109059166314,946.3516205589364,50.09743242479684,Non-Fatigue
