emg_rms,emg_mav,emg_variance,emg_std,emg_waveform_length,emg_zero_crossing,emg_ssc,emg_kurtosis,emg_skewness,emg_peak,emg_median_freq,emg_mean_freq,emg_peak_freq,emg_total_power,emg_power_low,emg_power_mid,emg_power_high,class_name
18.070351299159885,22.26005482944511,-247.48932964456867,48.84821088530467,771301.0258820071,15816.292835509405,24511.38214622825,20.511523897557023,1.6994635205419597,226.45004395124624,57.081301416894526,69.95465588038479,45.84924524677774,635.3862932655245,-87.6109233256563,426.6339396222384,20.254719324496847,Non-Fatigue
