emg_rms,emg_mav,emg_variance,emg_std,emg_waveform_length,emg_zero_crossing,emg_ssc,emg_kurtosis,emg_skewness,emg_peak,emg_median_freq,emg_mean_freq,emg_peak_freq,emg_total_power,emg_power_low,emg_power_mid,emg_power_high,class_name
69.48945462663526,21.882060148882875,854.146349542746,43.04058684856774,571547.8631950198,13458.550256185172,25958.1904976218,14.922770472927096,-0.4232596100257154,537.8258290894585,79.50328781794411,98.7206221660545,58.19568865089275,749.8706504837271,66.8894119278358,864.3539923056476,48.30486549001216,Non-Fatigue
