emg_rms,emg_mav,emg_variance,emg_std,emg_waveform_length,emg_zero_crossing,emg_ssc,emg_kurtosis,emg_skewness,emg_peak,emg_median_freq,emg_mean_freq,emg_peak_freq,emg_total_power,emg_power_low,emg_power_mid,emg_power_high,class_name
-4.107713326520269,11.599507840720516,3910.284020944873,53.94352457200929,575590.6979447979,16378.767262293644,32284.390858455008,15.817924035265603,-0.4521298314939125,448.52147914300815,66.59447544545598,87.48774288119972,59.07925822757583,107.94150924208714,140.73301076158668,612.5245062801133,43.53168373476028,Non-Fatigue
