emg_rms,emg_mav,emg_variance,emg_std,emg_waveform_length,emg_zero_crossing,emg_ssc,emg_kurtosis,emg_skewness,emg_peak,emg_median_freq,emg_mean_freq,emg_peak_freq,emg_total_power,emg_power_low,emg_power_mid,emg_power_high,class_name
21.73823222937524,12.818184065111009,1458.8607262728397,80.60718833651458,522576.95898507285,10318.452319234182,28695.188975735826,12.206755819470448,1.054964594492021,464.41888418400464,71.76768566751741,104.44136295464888,72.99627195464674,608.123976911131,130.18307229993763,-266.4994332969699,131.30856624207485,Non-Fatigue
