emg_rms,emg_mav,emg_variance,emg_std,emg_waveform_length,emg_zero_crossing,emg_ssc,emg_kurtosis,emg_skewness,emg_peak,emg_median_freq,emg_mean_freq,emg_peak_freq,emg_total_power,emg_power_low,emg_power_mid,emg_power_high,class_name
47.05178069769757,22.077154541042,1216.2724164531353,28.61520658883732,628489.6260847326,9647.397815920453,32552.202688098663,17.424522793173537,1.6669119556266327,594.4588566492682,63.967274892371975,116.40543324344172,57.39904992962813,-107.78536787001627,39.29493641158317,490.24060095351626,52.84432778123191,Non-Fatigue
