emg_rms,emg_mav,emg_variance,emg_std,emg_waveform_length,emg_zero_crossing,emg_ssc,emg_kurtosis,emg_skewness,emg_peak,emg_median_freq,emg_mean_freq,emg_peak_freq,emg_total_power,emg_power_low,emg_power_mid,emg_power_high,class_name
19.67739459498621,14.925738068454896,716.1047068345046,51.51597053454385,405127.9272924804,13245.42588103993,26621.676784214247,15.818491858459748,2.42944850960965,403.6313588336931,80.8138074591976,100.38842523564271,57.90955930553397,354.0549737739832,171.17886496974052,281.61412531268775,20.633421174417144,Non-Fatigue
