emg_rms,emg_mav,emg_variance,emg_std,emg_waveform_length,emg_zero_crossing,emg_ssc,emg_kurtosis,emg_skewness,emg_peak,emg_median_freq,emg_mean_freq,emg_peak_freq,emg_total_power,emg_power_low,emg_power_mid,emg_power_high,class_name
30.68900354246352,9.274970279819414,1902.00676308864,4.940401592110106,771162.3530040979,14544.349089382837,25622.055419951124,17.388757567509614,-0.4340705895480076,455.4826221109795,88.13420196635722,82.44304423403108,56.224435999550536,497.4949472265397,94.3479948456251,283.5021645852903,71.65096801362648,Non-Fatigue
