emg_rms,emg_mav,emg_variance,emg_std,emg_waveform_length,emg_zero_crossing,emg_ssc,emg_kurtosis,emg_skewness,emg_peak,emg_median_freq,emg_mean_freq,emg_peak_freq,emg_total_power,emg_power_low,emg_power_mid,emg_power_high,class_name
38.398353675216335,18.98867386263089,2187.4658426929896,14.744340422690794,649909.3197562237,12230.348429622396,26421.942746325632,18.951202392466485,1.1858161462628196,462.9836524078465,100.12865117471978,89.37321840162359,66.43932208129333,547.383205776005,18.94694072408287,-414.493725792088,55.726489923125854,Non-Fatigue
