emg_rms,emg_mav,emg_variance,emg_std,emg_waveform_length,emg_zero_crossing,emg_ssc,emg_kurtosis,emg_skewness,emg_peak,emg_median_freq,emg_mean_freq,emg_peak_freq,emg_total_power,emg_power_low,emg_power_mid,emg_power_high,class_name
21.569780351599064,15.359742765654666,2392.259715787626,11.539756911510676,434960.98032188055,8055.614512176707,26560.71765029877,16.68887322437497,0.3827530074777542,452.82629097347154,77.6101088755452,94.56561304290692,45.89222604863347,574.937710806587,107.77619318128458,245.17019124863853,38.21405829751789,Non-Fatigue
