emg_rms,emg_mav,emg_variance,emg_std,emg_waveform_length,emg_zero_crossing,emg_ssc,emg_kurtosis,emg_skewness,emg_peak,emg_median_freq,emg_mean_freq,emg_peak_freq,emg_total_power,emg_power_low,emg_power_mid,emg_power_high,class_name
38.72075107736239,14.53074482812052,3980.240501312809,34.907858579184335,841676.5189351097,7699.946641349616,22410.42280142461,10.356902049746964,0.5430900920944814,353.81926073853435,88.23412477218554,93.8228179342939,52.30935931151046,-208.74559455455147,72.42439084441195,-65.97747582516388,72.62011584838525,Non-Fatigue
