emg_rms,emg_mav,emg_variance,emg_std,emg_waveform_length,emg_zero_crossing,emg_ssc,emg_kurtosis,emg_skewness,emg_peak,emg_median_freq,emg_mean_freq,emg_peak_freq,emg_total_power,emg_power_low,emg_power_mid,emg_power_high,class_name
49.51888622150025,27.22663160474706,3276.5261650921952,63.62682818202485,734897.6560958249,9873.480115739205,27878.00369964597,19.38824784663745,0.079931943669895,539.6502588318833,77.602368350262,111.35990607353708,62.71037142926511,137.1363473815448,-18.978910305738157,92.64673575943738,92.96135357362871,Non-Fatigue
