emg_rms,emg_mav,emg_variance,emg_std,emg_waveform_length,emg_zero_crossing,emg_ssc,emg_kurtosis,emg_skewness,emg_peak,emg_median_freq,emg_mean_freq,emg_peak_freq,emg_total_power,emg_power_low,emg_power_mid,emg_power_high,class_name
41.629320683877566,26.816113008800208,1090.7582053646458,66.03661416971842,383957.41684499633,12930.646755420394,23288.158366526968,21.909844825253863,0.1216487131748594,549.1789384349598,105.70743371358408,86.41678379150518,70.24387950681287,964.3209854533744,-61.92775019867304,598.270294864679,39.09102340422896,Non-Fatigue
