emg_rms,emg_mav,emg_variance,emg_std,emg_waveform_length,emg_zero_crossing,emg_ssc,emg_kurtosis,emg_skewness,emg_peak,emg_median_freq,emg_mean_freq,emg_peak_freq,emg_total_power,emg_power_low,emg_power_mid,emg_power_high,class_name
79.32359181754777,-0.232117917993186,-221.8044811686664,20.564345981310343,304295.7696763029,15790.32070991624,27868.78970399113,13.80934009171143,2.348680685979135,358.6865475956222,57.051606069315305,114.69496431326648,54.83370205261546,934.6535979542676,304.1725083307859,602.0501753308038,71.95232888122493,Non-Fatigue
