emg_rms,emg_mav,emg_variance,emg_std,emg_waveform_length,emg_zero_crossing,emg_ssc,emg_kurtosis,emg_skewness,emg_peak,emg_median_freq,emg_mean_freq,emg_peak_freq,emg_total_power,emg_power_low,emg_power_mid,emg_power_high,class_name
35.69827875905149,13.955316232340593,3062.385837712537,39.989375866740026,364778.5844898176,14044.847631236187,24163.99623705196,10.163840796981953,1.215775135577187,468.1072039885262,84.15510692544086,75.82185870203645,60.570457592612456,273.39515761354045,117.58636791770962,49.594268747730496,45.5284805985776,Non-Fatigue
