emg_rms,emg_mav,emg_variance,emg_std,emg_waveform_length,emg_zero_crossing,emg_ssc,emg_kurtosis,emg_skewness,emg_peak,emg_median_freq,emg_mean_freq,emg_peak_freq,emg_total_power,emg_power_low,emg_power_mid,emg_power_high,class_name
50.5255485629455,9.700941256818105,1713.3156740760223,25.880682020835728,527773.6410752247,14114.33170988904,18835.723157160934,14.143656039722718,1.464557131626218,487.21545441351,79.38481276788012,80.9616104245082,61.50732161914101,744.4301022422756,300.279721301579,433.3426772758139,103.6539568244732,Non-Fatigue
