emg_rms,emg_mav,emg_variance,emg_std,emg_waveform_length,emg_zero_crossing,emg_ssc,emg_kurtosis,emg_skewness,emg_peak,emg_median_freq,emg_mean_freq,emg_peak_freq,emg_total_power,emg_power_low,emg_power_mid,emg_power_high,class_name
27.393946418174195,37.17965212679486,-30.05409086919508,46.09139493266803,553234.2578593072,18337.265468452915,29543.403084520694,15.250417690582234,1.383085674175279,389.4360651186141,62.68610779966284,97.16989572890772,69.40103444456079,310.84429790671845,-19.373755740868543,769.0802050570014,29.968064045420817,Non-Fatigue
