emg_rms,emg_mav,emg_variance,emg_std,emg_waveform_length,emg_zero_crossing,emg_ssc,emg_kurtosis,emg_skewness,emg_peak,emg_median_freq,emg_mean_freq,emg_peak_freq,emg_total_power,emg_power_low,emg_power_mid,emg_power_high,class_name
15.595590899987648,30.33387797654444,2245.314789220216,29.90054248612501,433966.6866150187,9644.758856234748,27380.887329786143,15.349309583956284,3.064924872178083,450.9211937699823,79.37825806073455,92.1907908245114,55.57721439148807,924.1966111534388,35.368743241874924,443.146463539538,26.684739798660488,Non-Fatigue
