emg_rms,emg_mav,emg_variance,emg_std,emg_waveform_length,emg_zero_crossing,emg_ssc,emg_kurtosis,emg_skewness,emg_peak,emg_median_freq,emg_mean_freq,emg_peak_freq,emg_total_power,emg_power_low,emg_power_mid,emg_power_high,class_name
31.67945168227798,19.80616208151634,3397.459383250988,47.93118338647575,502889.2209438352,12435.972422384137,28349.329817699097,26.39205041543899,0.6018699863558425,498.0612796877385,90.62703657165414,110.56704268267949,56.791543080129024,-164.33044326444093,-106.503620794509,242.3968832237605,55.771603183122814,Non-Fatigue
