emg_rms,emg_mav,emg_variance,emg_std,emg_waveform_length,emg_zero_crossing,emg_ssc,emg_kurtosis,emg_skewness,emg_peak,emg_median_freq,emg_mean_freq,emg_peak_freq,emg_total_power,emg_power_low,emg_power_mid,emg_power_high,class_name
62.74233830608156,13.904278019557411,659.728362709873,48.27293253181705,737405.5060954441,10236.180485946112,26836.388155024164,17.0349137771758,-0.5706295087639222,390.2393375266637,95.9923998074279,67.8656350530166,65.62823252891363,461.1670848450664,119.82245769004425,-45.1319448214021,95.88333319099716,Non-Fatigue
