emg_rms,emg_mav,emg_variance,emg_std,emg_waveform_length,emg_zero_crossing,emg_ssc,emg_kurtosis,emg_skewness,emg_peak,emg_median_freq,emg_mean_freq,emg_peak_freq,emg_total_power,emg_power_low,emg_power_mid,emg_power_high,class_name
32.55481534304632,30.51509642215272,564.1650745270317,13.031218473939354,733809.4684865351,14362.829273115522,26709.683023417143,18.900710945540645,0.7136524606765575,577.7177968893811,68.50901124585586,87.85352137649176,59.02872582337342,377.8973602327157,299.70803137231525,218.6325112427342,13.200317321528756,Non-Fatigue
