emg_rms,emg_mav,emg_variance,emg_std,emg_waveform_length,emg_zero_crossing,emg_ssc,emg_kurtosis,emg_skewness,emg_peak,emg_median_freq,emg_mean_freq,emg_peak_freq,emg_total_power,emg_power_low,emg_power_mid,emg_power_high,class_name
15.722859355806628,15.842026036143803,1400.2145447815246,29.8972497341032,635639.1188924969,12463.036191397394,22876.49644382897,17.486331343030667,1.5152364483814451,473.0874660785241,76.93464603057062,96.21266385548876,49.08613318923694,-74.45798234297018,295.78375513019694,926.652850022768,10.560862032451794,Non-Fatigue
