emg_rms,emg_mav,emg_variance,emg_std,emg_waveform_length,emg_zero_crossing,emg_ssc,emg_kurtosis,emg_skewness,emg_peak,emg_median_freq,emg_mean_freq,emg_peak_freq,emg_total_power,emg_power_low,emg_power_mid,emg_power_high,class_name
36.109323414658455,12.20329359275502,1193.0273526992733,69.61844785390616,682381.3667380345,9401.849458546252,26970.591368738264,18.723568427955488,-1.288675490590076,454.012874317579,77.8975328488041,87.09799207745645,50.94658445706841,326.91807961206814,-14.356794929137834,299.27338632642306,17.705983948025867,Non-Fatigue
