emg_rms,emg_mav,emg_variance,emg_std,emg_waveform_length,emg_zero_crossing,emg_ssc,emg_kurtosis,emg_skewness,emg_peak,emg_median_freq,emg_mean_freq,emg_peak_freq,emg_total_power,emg_power_low,emg_power_mid,emg_power_high,class_name
44.24338101807136,31.17058148684157,128.99340354428296,53.8507040123719,618146.483865573,10374.068997010008,31107.65138133029,8.86878517747814,-2.037878090876996,407.5907038448316,107.673520803446,91.94339406877496,54.02935789219404,-1145.8162477494666,27.7507603046599,131.4588732511373,51.82309349316565,Non-Fatigue
