emg_rms,emg_mav,emg_variance,emg_std,emg_waveform_length,emg_zero_crossing,emg_ssc,emg_kurtosis,emg_skewness,emg_peak,emg_median_freq,emg_mean_freq,emg_peak_freq,emg_total_power,emg_power_low,emg_power_mid,emg_power_high,class_name
46.55793287299233,2.3856895694447875,-1486.5081954714285,20.79698865270265,586412.5481061554,6331.801580368785,31745.648730798497,16.746812334105844,-1.4500515119653907,282.70726539157283,85.97272443881144,77.33670584193831,46.75476428662955,145.0922371352372,63.72656052394121,100.26513465010274,25.11346819415908,Non-Fatigue
