emg_rms,emg_mav,emg_variance,emg_std,emg_waveform_length,emg_zero_crossing,emg_ssc,emg_kurtosis,emg_skewness,emg_peak,emg_median_freq,emg_mean_freq,emg_peak_freq,emg_total_power,emg_power_low,emg_power_mid,emg_power_high,class_name
61.152333265634965,15.829876419251658,1079.309470523846,49.998002541421606,322591.05114490056,11556.530475547486,29305.10007553848,14.071666991364571,-0.2670033287584331,304.6568958433808,67.5298230895346,116.7938414039965,64.49348285208717,688.6892063253665,132.9514812189478,595.2642057814041,58.77074185802405,Non-Fatigue
