emg_rms,emg_mav,emg_variance,emg_std,emg_waveform_length,emg_zero_crossing,emg_ssc,emg_kurtosis,emg_skewness,emg_peak,emg_median_freq,emg_mean_freq,emg_peak_freq,emg_total_power,emg_power_low,emg_power_mid,emg_power_high,class_name
16.296637986801162,24.73820776827949,3321.209207450934,51.41198846846294,818663.5393813046,13404.569696462617,30372.84691284888,19.159336958619487,0.711685117815035,549.3289589102629,94.7218212084903,99.2859870616294,56.40451300501313,486.6511912239077,66.30656043427994,1017.774298661508,16.265606534365745,Non-Fatigue
