emg_rms,emg_mav,emg_variance,emg_std,emg_waveform_length,emg_zero_crossing,emg_ssc,emg_kurtosis,emg_skewness,emg_peak,emg_median_freq,emg_mean_freq,emg_peak_freq,emg_total_power,emg_power_low,emg_power_mid,emg_power_high,class_name
75.91154565489367,28.02508405173719,-1316.6597668136044,46.25665717719954,453061.02658387984,15294.788302205208,32897.658157457445,18.02869769833726,-0.5721412315041937,397.1836154137764,92.15876402501328,97.5710829577104,55.65899493182325,61.26286165634326,60.965840856571255,327.00647311264225,70.85752037720849,Non-Fatigue
