emg_rms,emg_mav,emg_variance,emg_std,emg_waveform_length,emg_zero_crossing,emg_ssc,emg_kurtosis,emg_skewness,emg_peak,emg_median_freq,emg_mean_freq,emg_peak_freq,emg_total_power,emg_power_low,emg_power_mid,emg_power_high,class_name
60.28284037697296,20.29162699859258,1410.1395628361477,29.574073445831736,290302.8380092805,13957.470524951204,33462.950451200755,16.105578117164036,1.3968817091121042,536.3486480881209,89.74817413841483,92.61582193240052,43.67542187595818,544.4544880620731,9.544557650345944,322.0217220359651,86.55863602607555,Non-Fatigue
