emg_rms,emg_mav,emg_variance,emg_std,emg_waveform_length,emg_zero_crossing,emg_ssc,emg_kurtosis,emg_skewness,emg_peak,emg_median_freq,emg_mean_freq,emg_peak_freq,emg_total_power,emg_power_low,emg_power_mid,emg_power_high,class_name
24.602483137873783,25.948054174991174,5163.807458267531,56.85907411668951,905198.979769527,8760.093815505634,26816.373878479568,11.824049497427836,0.257495074748987,294.2112881374367,81.67984376075218,79.65198231929949,57.10951750041955,443.6586133610976,60.93262227913179,891.1811295842504,96.3792420863374,Non-Fatigue
