emg_rms,emg_mav,emg_variance,emg_std,emg_waveform_length,emg_zero_crossing,emg_ssc,emg_kurtosis,emg_skewness,emg_peak,emg_median_freq,emg_mean_freq,emg_peak_freq,emg_total_power,emg_power_low,emg_power_mid,emg_power_high,class_name
17.874866249920725,0.4448109279680849,2680.856065068202,57.67975805471018,564525.1092500129,13364.88759296604,23802.77558531928,13.638378977290005,-0.7525402855910645,471.01635481907897,92.85404946325018,121.6130531717338,56.72770386860399,507.035532834953,60.59047130341898,507.6334362364951,91.73893426470792,Non-Fatigue
