emg_rms,emg_mav,emg_variance,emg_std,emg_waveform_length,emg_zero_crossing,emg_ssc,emg_kurtosis,emg_skewness,emg_peak,emg_median_freq,emg_mean_freq,emg_peak_freq,emg_total_power,emg_power_low,emg_power_mid,emg_power_high,class_name
41.08346919903958,9.594716932921742,-1167.7722715100049,28.58083243939004,686204.7316513509,10347.266903061984,29527.311898545053,14.520064036608742,1.0808498041262378,322.43852222803184,66.17692698935478,73.00921671290612,64.86390000836181,462.7583579250432,-46.35242747312965,280.07754756707146,-16.31762062959845,Non-Fatigue
