emg_rms,emg_mav,emg_variance,emg_std,emg_waveform_length,emg_zero_crossing,emg_ssc,emg_kurtosis,emg_skewness,emg_peak,emg_median_freq,emg_mean_freq,emg_peak_freq,emg_total_power,emg_power_low,emg_power_mid,emg_power_high,class_name
53.83521742668633,17.91591059891944,4612.212773640224,35.47813324135568,433216.4419058752,8494.823716067396,32804.45632937706,17.881229212054187,0.9159592144177858,416.0129336591905,66.83323567675919,97.34683018708364,54.48917885664712,618.8625557949215,190.35650829677567,901.9671242063728,69.77849441271997,Non-Fatigue
