emg_rms,emg_mav,emg_variance,emg_std,emg_waveform_length,emg_zero_crossing,emg_ssc,emg_kurtosis,emg_skewness,emg_peak,emg_median_freq,emg_mean_freq,emg_peak_freq,emg_total_power,emg_power_low,emg_power_mid,emg_power_high,class_name
13.628174681654896,10.095742353951154,3756.039142457642,42.15683943220522,685016.1122659603,10969.507284275518,27427.759565299653,18.19756537176169,0.6354684510283402,374.43179368697,93.61785406378728,85.5007052518234,69.31680924766852,33.680445265146375,130.47363619472614,572.9833913216783,68.54548117547922,Non-Fatigue
