emg_rms,emg_mav,emg_variance,emg_std,emg_waveform_length,emg_zero_crossing,emg_ssc,emg_kurtosis,emg_skewness,emg_peak,emg_median_freq,emg_mean_freq,emg_peak_freq,emg_total_power,emg_power_low,emg_power_mid,emg_power_high,class_name
-4.596112654500047,8.764156313291565,1742.547406512446,38.41188854528774,607259.7062337261,20912.496416525708,21037.93873996656,11.67762304466656,0.2521137314531002,508.3477654629938,72.53064354013009,88.58861120550424,49.20839537991462,926.1478996525768,182.6611750954596,263.06330467808505,-27.895878828861868,Non-Fatigue
