emg_rms,emg_mav,emg_variance,emg_std,emg_waveform_length,emg_zero_crossing,emg_ssc,emg_kurtosis,emg_skewness,emg_peak,emg_median_freq,emg_mean_freq,emg_peak_freq,emg_total_power,emg_power_low,emg_power_mid,emg_power_high,class_name
52.93732486787111,27.86705368848037,707.5167705496265,57.622194303310536,393662.65029405046,16992.13153206164,29744.1629509731,10.845709095317128,0.2927703673984572,500.95829037546577,81.09948454547467,106.41783589471396,43.85082143157071,308.63277333185295,110.59683111185636,285.3285861122309,53.345440506944655,Non-Fatigue
