emg_rms,emg_mav,emg_variance,emg_std,emg_waveform_length,emg_zero_crossing,emg_ssc,emg_kurtosis,emg_skewness,emg_peak,emg_median_freq,emg_mean_freq,emg_peak_freq,emg_total_power,emg_power_low,emg_power_mid,emg_power_high,class_name
28.96816078415802,22.286185479496368,2297.064276798251,50.85195704804856,704828.6743493166,18959.03608346952,28270.061189633816,15.781888545218877,1.642100919953846,322.2612595443967,88.30346072755208,114.30938952746584,51.10657833822955,65.62714369038537,-26.954752694500968,849.5734471649737,44.946588410617935,Non-Fatigue
