emg_rms,emg_mav,emg_variance,emg_std,emg_waveform_length,emg_zero_crossing,emg_ssc,emg_kurtosis,emg_skewness,emg_peak,emg_median_freq,emg_mean_freq,emg_peak_freq,emg_total_power,emg_power_low,emg_power_mid,emg_power_high,class_name
17.4594816243397,7.396273454804788,740.3285438821595,48.64524140127745,721608.2927263578,12647.58722552568,28168.07206944565,15.420158870324975,1.3428557307546851,367.2098014756234,88.30163399387766,89.57005878519848,60.72937449571568,481.6508073047258,185.89287860974952,448.69430585176417,76.4639021749359,Non-Fatigue
