emg_rms,emg_mav,emg_variance,emg_std,emg_waveform_length,emg_zero_crossing,emg_ssc,emg_kurtosis,emg_skewness,emg_peak,emg_median_freq,emg_mean_freq,emg_peak_freq,emg_total_power,emg_power_low,emg_power_mid,emg_power_high,class_name
26.06921966469037,25.853910962223274,115.67033747270466,49.31279275635565,679159.8542545665,13982.47078593473,21042.154673478555,20.29283554671386,-0.961229245172028,484.9571359779184,83.25643896341347,81.47638204954356,64.39218885964179,494.7405391751799,138.11642822666465,425.0992517762956,79.67374004788819,Non-Fatigue
