emg_rms,emg_mav,emg_variance,emg_std,emg_waveform_length,emg_zero_crossing,emg_ssc,emg_kurtosis,emg_skewness,emg_peak,emg_median_freq,emg_mean_freq,emg_peak_freq,emg_total_power,emg_power_low,emg_power_mid,emg_power_high,class_name
55.66971427662959,12.781591069960443,3598.9448385516266,31.920449636923045,766616.2979034092,13073.57164278956,25787.27757992565,10.279393034226995,0.9850767162540552,406.4184564696758,76.18362288979868,89.1496633118054,56.11076822081511,586.6895094402978,173.6154320817936,963.6513666212244,57.99380899155683,Non-Fatigue
