emg_rms,emg_mav,emg_variance,emg_std,emg_waveform_length,emg_zero_crossing,emg_ssc,emg_kurtosis,emg_skewness,emg_peak,emg_median_freq,emg_mean_freq,emg_peak_freq,emg_total_power,emg_power_low,emg_power_mid,emg_power_high,class_name
16.560606349928385,16.672652872459608,2803.4735366420464,12.204579323931275,693353.5438672105,14348.535820351695,24565.057046876333,18.00631047945078,0.7732357408688035,279.5001641614651,87.23017362877795,114.75163980374047,64.23059664715231,-95.8636922290919,56.90750097495514,180.16687061853168,37.69327815386976,Non-Fatigue
