emg_rms,emg_mav,emg_variance,emg_std,emg_waveform_length,emg_zero_crossing,emg_ssc,emg_kurtosis,emg_skewness,emg_peak,emg_median_freq,emg_mean_freq,emg_peak_freq,emg_total_power,emg_power_low,emg_power_mid,emg_power_high,class_name
55.20213685572951,15.64062306152442,4387.010675213323,47.92898072820528,406799.7264630097,8691.686044996217,23880.306573656864,6.85611300636608,-0.0733072791243514,384.9745003364748,68.71191770894592,72.92580030169465,54.18250806427429,224.02398341539265,17.991651976876298,568.991677931344,74.18997974163602,Non-Fatigue
