emg_rms,emg_mav,emg_variance,emg_std,emg_waveform_length,emg_zero_crossing,emg_ssc,emg_kurtosis,emg_skewness,emg_peak,emg_median_freq,emg_mean_freq,emg_peak_freq,emg_total_power,emg_power_low,emg_power_mid,emg_power_high,class_name
38.76491738317743,20.600490548057174,1413.3371482405466,59.53750632606814,699051.1683898922,13729.857010584612,33076.41743065398,17.60093069525619,0.5630913229072673,477.10889004047146,72.55136842048307,98.49904379002614,39.05943934516632,560.8131085010949,131.88696240562632,848.1081475893063,56.08392027971257,Non-Fatigue
