emg_rms,emg_mav,emg_variance,emg_std,emg_waveform_length,emg_zero_crossing,emg_ssc,emg_kurtosis,emg_skewness,emg_peak,emg_median_freq,emg_mean_freq,emg_peak_freq,emg_total_power,emg_power_low,emg_power_mid,emg_power_high,class_name
33.93637318724748,43.16904774302529,2538.6150076814965,58.41305369300994,540721.4350658902,15859.008437102248,21741.937899220036,13.246732426626975,-1.818534759258538,349.5094834169225,91.3618883765703,107.31874953962652,45.13965606023122,942.7799068584268,-36.788291564232665,632.7327146682167,12.149196567261903,Non-Fatigue
