emg_rms,emg_mav,emg_variance,emg_std,emg_waveform_length,emg_zero_crossing,emg_ssc,emg_kurtosis,emg_skewness,emg_peak,emg_median_freq,emg_mean_freq,emg_peak_freq,emg_total_power,emg_power_low,emg_power_mid,emg_power_high,class_name
19.57501902242916,10.156300949998624,2351.364237072282,14.670998525492152,928364.8369066188,8931.334357785607,19564.9896082458,14.03209072753472,2.2798925004806074,374.37426367204216,83.25738669273213,87.13527699763652,69.5590875042935,-92.73813496139697,128.43204853344722,133.1693733564223,85.90108139985189,Non-Fatigue
