emg_rms,emg_mav,emg_variance,emg_std,emg_waveform_length,emg_zero_crossing,emg_ssc,emg_kurtosis,emg_skewness,emg_peak,emg_median_freq,emg_mean_freq,emg_peak_freq,emg_total_power,emg_power_low,emg_power_mid,emg_power_high,class_name
41.49194180829402,8.616996469250838,1368.500224758067,44.08773409293199,488794.10442097054,15774.407322647705,25315.84879875903,13.276062806355736,-0.6817119353409183,351.94314804878826,75.33462141047977,100.20384252752544,42.611851511849885,582.9215473618237,196.62185128972672,986.4165483030664,55.94890925453013,Non-Fatigue
