emg_rms,emg_mav,emg_variance,emg_std,emg_waveform_length,emg_zero_crossing,emg_ssc,emg_kurtosis,emg_skewness,emg_peak,emg_median_freq,emg_mean_freq,emg_peak_freq,emg_total_power,emg_power_low,emg_power_mid,emg_power_high,class_name
34.43771790638022,2.4457253469059435,2503.4700171998807,39.72932726756581,621850.550241807,16207.559120873932,26047.70058713524,12.06281509182226,1.750026518884216,661.5004792284174,63.06538320183317,85.10901254957074,51.194191371134025,822.5716697266976,38.87476468051889,-7.259890718897111,-18.96608408154205,Non-Fatigue
