emg_rms,emg_mav,emg_variance,emg_std,emg_waveform_length,emg_zero_crossing,emg_ssc,emg_kurtosis,emg_skewness,emg_peak,emg_median_freq,emg_mean_freq,emg_peak_freq,emg_total_power,emg_power_low,emg_power_mid,emg_power_high,class_name
56.33299292852749,12.241246407552993,2161.818678816651,41.76575352019773,588640.440249904,14568.89299214637,24759.951114090392,13.478319699107528,-0.3723107534535876,476.81680563772073,70.20782851645464,94.9372697090218,62.99233030827879,1283.1904974974034,146.9373866340925,204.68686023819777,37.605752393920255,Non-Fatigue
