emg_rms,emg_mav,emg_variance,emg_std,emg_waveform_length,emg_zero_crossing,emg_ssc,emg_kurtosis,emg_skewness,emg_peak,emg_median_freq,emg_mean_freq,emg_peak_freq,emg_total_power,emg_power_low,emg_power_mid,emg_power_high,class_name
57.67050059633799,12.84098934906966,4968.303719494547,46.07457443585804,663474.3220725273,9080.742811968788,29892.63008454485,14.397590097780634,-0.2489487226478379,444.4948834208422,74.66726882803663,101.29778293443636,56.45261843320094,278.4378859892926,6.9068870749700295,299.05841805616654,75.51842288592098,Non-Fatigue
