emg_rms,emg_mav,emg_variance,emg_std,emg_waveform_length,emg_zero_crossing,emg_ssc,emg_kurtosis,emg_skewness,emg_peak,emg_median_freq,emg_mean_freq,emg_peak_freq,emg_total_power,emg_power_low,emg_power_mid,emg_power_high,class_name
44.84535199821955,13.01401476685201,896.5029025246401,-6.802457566626202,1025696.657850345,19895.270178320938,28083.794004854222,11.759660381153203,-0.4482434719038951,323.5604985155727,71.99311888626107,120.62660244630416,54.44309355021511,670.6319718597101,79.06075139347749,600.3638424798542,50.73889248302643,Non-Fatigue
