emg_rms,emg_mav,emg_variance,emg_std,emg_waveform_length,emg_zero_crossing,emg_ssc,emg_kurtosis,emg_skewness,emg_peak,emg_median_freq,emg_mean_freq,emg_peak_freq,emg_total_power,emg_power_low,emg_power_mid,emg_power_high,class_name
54.33343397832773,32.32057716403071,1236.3311167547508,39.6514923755158,535724.8745082351,14628.7571452468,22795.153800274005,12.44428186612982,1.0147337763795727,293.813694983725,70.34055417870341,91.59764420405776,45.15110841178337,211.81255197634752,44.71595022743057,432.4623015154073,85.91781944323245,Non-Fatigue
