emg_rms,emg_mav,emg_variance,emg_std,emg_waveform_length,emg_zero_crossing,emg_ssc,emg_kurtosis,emg_skewness,emg_peak,emg_median_freq,emg_mean_freq,emg_peak_freq,emg_total_power,emg_power_low,emg_power_mid,emg_power_high,class_name
51.84900491529867,8.26586441349118,2944.33041269652,26.214443154554715,504743.9402008845,9481.66736151422,25916.174513004364,8.713899344832644,2.3311938062879176,418.2914741725463,79.4643056790065,81.14699953913308,41.61409128967493,708.5007560451697,-14.1248687234375,714.7624919144125,51.45882498297543,Non-Fatigue
