emg_rms,emg_mav,emg_variance,emg_std,emg_waveform_length,emg_zero_crossing,emg_ssc,emg_kurtosis,emg_skewness,emg_peak,emg_median_freq,emg_mean_freq,emg_peak_freq,emg_total_power,emg_power_low,emg_power_mid,emg_power_high,class_name
75.63005876832163,2.3118624413368565,756.6815257233045,68.64542548539681,372110.3049030874,17576.671463292783,27957.320262403387,23.50633355699452,-0.8283745201666378,542.3266094061494,87.30949633125404,111.22560245391549,50.13184162941395,-355.57820039327527,97.41410900856764,-33.87488728080325,90.05112398556616,Non-Fatigue
