emg_rms,emg_mav,emg_variance,emg_std,emg_waveform_length,emg_zero_crossing,emg_ssc,emg_kurtosis,emg_skewness,emg_peak,emg_median_freq,emg_mean_freq,emg_peak_freq,emg_total_power,emg_power_low,emg_power_mid,emg_power_high,class_name
41.3726923236266,6.911870581786619,352.3595561548844,44.285481784392445,580765.7104363483,11890.219885752684,31257.13144765185,9.956765921789389,2.8978190928726373,711.772957250776,81.26868278887255,110.16727440810229,35.889129649907645,637.7048651465656,115.16013889171056,889.4768874289991,54.6026719692963,Non-Fatigue
