emg_rms,emg_mav,emg_variance,emg_std,emg_waveform_length,emg_zero_crossing,emg_ssc,emg_kurtosis,emg_skewness,emg_peak,emg_median_freq,emg_mean_freq,emg_peak_freq,emg_total_power,emg_power_low,emg_power_mid,emg_power_high,class_name
15.048186672584198,12.221830947052233,1155.1737595982345,24.455692560189057,502085.7427227797,20147.801607151167,33278.58864530247,14.494373104108412,-1.079361320354327,446.38414523270114,75.23186477704203,98.78673187549768,55.82504444560669,-224.298069957353,-29.87332160616073,679.7314663793793,80.50055569704253,Non-Fatigue
