emg_rms,emg_mav,emg_variance,emg_std,emg_waveform_length,emg_zero_crossing,emg_ssc,emg_kurtosis,emg_skewness,emg_peak,emg_median_freq,emg_mean_freq,emg_peak_freq,emg_total_power,emg_power_low,emg_power_mid,emg_power_high,class_name
72.74562145767203,14.14962067663399,1973.4021757755809,68.6739098391122,536138.6367408534,11562.099299154524,22953.5014170618,20.15437640742533,0.2468803514503584,619.9602836823542,70.55768003578683,93.82028026294708,60.70706052973856,38.92907282262252,189.4960997595282,470.468058540746,70.91873581161214,Non-Fatigue
