emg_rms,emg_mav,emg_variance,emg_std,emg_waveform_length,emg_zero_crossing,emg_ssc,emg_kurtosis,emg_skewness,emg_peak,emg_median_freq,emg_mean_freq,emg_peak_freq,emg_total_power,emg_power_low,emg_power_mid,emg_power_high,class_name
8.358667880119231,28.052093606601147,3625.3423660960734,35.31042256418625,418160.60390154266,18813.827100690945,30300.737618288,19.199627511468854,-0.2196617630607364,525.6209062151752,82.7937911721427,109.65973812269654,53.28864990906824,565.2490795731371,-38.76242088846576,430.46585317785616,43.395380613538464,Non-Fatigue
