emg_rms,emg_mav,emg_variance,emg_std,emg_waveform_length,emg_zero_crossing,emg_ssc,emg_kurtosis,emg_skewness,emg_peak,emg_median_freq,emg_mean_freq,emg_peak_freq,emg_total_power,emg_power_low,emg_power_mid,emg_power_high,class_name
46.01339386684818,24.768216287212358,1360.549873488245,40.57318319614348,852326.4012558113,13742.219316256316,25568.64589415018,14.90071696362658,0.9004435391256883,461.2659210492661,56.61457697897608,94.62535983072463,46.517547853995126,735.56710974254,-55.09500728651872,172.7557500050632,15.791988061764492,Non-Fatigue
