emg_rms,emg_mav,emg_variance,emg_std,emg_waveform_length,emg_zero_crossing,emg_ssc,emg_kurtosis,emg_skewness,emg_peak,emg_median_freq,emg_mean_freq,emg_peak_freq,emg_total_power,emg_power_low,emg_power_mid,emg_power_high,class_name
62.3719840678197,29.539614536815336,-1659.364602125907,41.63834644852353,554170.9011441293,13483.856796384209,26138.403120730352,13.004850446236016,-1.0187959666563744,385.2910213444495,63.50525021768848,99.27131623874205,51.8366102496849,-365.2365184309746,109.09936191239066,417.9859974294049,81.55226191078324,Non-Fatigue
