emg_rms,emg_mav,emg_variance,emg_std,emg_waveform_length,emg_zero_crossing,emg_ssc,emg_kurtosis,emg_skewness,emg_peak,emg_median_freq,emg_mean_freq,emg_peak_freq,emg_total_power,emg_power_low,emg_power_mid,emg_power_high,class_name
87.23116823881793,14.736919389402294,2541.8159389590382,43.796976980834174,708122.246822856,10249.01265159092,25049.460787323223,19.63534122303327,0.8284599457311541,435.7800786474615,95.24621316749084,94.38702255259705,68.68048229136222,1315.631092317196,29.257395962403574,157.06007832841834,88.29364758703433,Non-Fatigue
