emg_rms,emg_mav,emg_variance,emg_std,emg_waveform_length,emg_zero_crossing,emg_ssc,emg_kurtosis,emg_skewness,emg_peak,emg_median_freq,emg_mean_freq,emg_peak_freq,emg_total_power,emg_power_low,emg_power_mid,emg_power_high,class_name
56.17928764302313,28.332985957234097,-273.0549338569581,61.42179462113874,723717.0440517169,16461.534494576506,28436.561775097216,20.679109903287745,2.0965921286474227,475.4214627693359,83.17908099069737,92.04855117604416,63.306886421315184,571.950248394837,189.56151714431925,16.447280689274237,36.82813639846205,Non-Fatigue
