emg_rms,emg_mav,emg_variance,emg_std,emg_waveform_length,emg_zero_crossing,emg_ssc,emg_kurtosis,emg_skewness,emg_peak,emg_median_freq,emg_mean_freq,emg_peak_freq,emg_total_power,emg_power_low,emg_power_mid,emg_power_high,class_name
37.49262612355458,1.0564598383261057,3452.902899785261,35.93269887904043,364610.13819964736,13046.013199876485,29853.333452075614,5.677422915526893,1.4354735151813305,261.09050183405446,76.76008293096716,124.03792258204552,75.31974994633434,-24.650996207980143,-21.099335032958464,184.33893691921327,37.31643258789908,Non-Fatigue
