emg_rms,emg_mav,emg_variance,emg_std,emg_waveform_length,emg_zero_crossing,emg_ssc,emg_kurtosis,emg_skewness,emg_peak,emg_median_freq,emg_mean_freq,emg_peak_freq,emg_total_power,emg_power_low,emg_power_mid,emg_power_high,class_name
15.27683677671302,31.72965294730082,3877.023231289769,40.13280916107977,843417.2235201709,12745.883450750112,22183.809325382463,27.37716023818017,0.5627323915343709,404.57525990239753,68.04031856627083,60.00620788070071,51.78697050483561,501.5413827119833,42.080895891764456,113.66919407052052,55.5071276839754,Non-Fatigue
