emg_rms,emg_mav,emg_variance,emg_std,emg_waveform_length,emg_zero_crossing,emg_ssc,emg_kurtosis,emg_skewness,emg_peak,emg_median_freq,emg_mean_freq,emg_peak_freq,emg_total_power,emg_power_low,emg_power_mid,emg_power_high,class_name
45.15946988661292,14.352588872929651,4354.924212556568,45.82890716256681,780397.4124383315,10890.392624704518,22369.03085992742,24.36278410246293,1.517542478682082,618.9794259623272,97.46284856422216,88.7239187325392,57.964044089995646,52.51141118568541,24.57175468004491,476.1492396121864,90.58405136489772,Non-Fatigue
