emg_rms,emg_mav,emg_variance,emg_std,emg_waveform_length,emg_zero_crossing,emg_ssc,emg_kurtosis,emg_skewness,emg_peak,emg_median_freq,emg_mean_freq,emg_peak_freq,emg_total_power,emg_power_low,emg_power_mid,emg_power_high,class_name
71.96247858377858,4.004689049727148,675.7785803929123,56.00457665868062,490947.5832500469,15250.966415985054,25896.608881422093,13.35409648361155,-1.099690134233739,538.3928380698823,54.49487987251783,113.77234612515798,41.06236701952938,-242.20835055336173,-11.590847337765098,719.3629660952502,38.956462881902205,Non-Fatigue
