emg_rms,emg_mav,emg_variance,emg_std,emg_waveform_length,emg_zero_crossing,emg_ssc,emg_kurtosis,emg_skewness,emg_peak,emg_median_freq,emg_mean_freq,emg_peak_freq,emg_total_power,emg_power_low,emg_power_mid,emg_power_high,class_name
3.7475349568592193,9.742889870175244,3323.6245993027587,25.461719596147155,456479.3057743568,22267.76884213733,28903.91509788376,22.95423609116187,3.201077555259693,517.6902495101966,108.40845951926288,89.6212167785633,43.02509292331603,1415.9676717138163,149.28890459766887,125.1222227837428,63.06447669210579,Non-Fatigue
