emg_rms,emg_mav,emg_variance,emg_std,emg_waveform_length,emg_zero_crossing,emg_ssc,emg_kurtosis,emg_skewness,emg_peak,emg_median_freq,emg_mean_freq,emg_peak_freq,emg_total_power,emg_power_low,emg_power_mid,emg_power_high,class_name
41.410645220422,13.217767780535954,2052.4850477989694,32.767124186763866,808098.349169292,11651.913157504749,28314.115813504504,13.35134229176836,0.5672667151101163,259.2363290773517,72.90470935197415,96.47097428639016,62.298331789922784,116.73665592775149,222.16415514124384,295.4769715806255,27.562292938988257,Non-Fatigue
