emg_rms,emg_mav,emg_variance,emg_std,emg_waveform_length,emg_zero_crossing,emg_ssc,emg_kurtosis,emg_skewness,emg_peak,emg_median_freq,emg_mean_freq,emg_peak_freq,emg_total_power,emg_power_low,emg_power_mid,emg_power_high,class_name
12.386132026440707,23.324439128957582,4888.001066187015,53.92692770286623,260862.43311474647,12473.447955944004,28990.36601699621,9.061335715416604,0.6513756803533878,629.3002750607005,71.40756510680677,73.3486639043365,66.39870416307316,1010.673623425638,231.0601719993666,569.0934659602812,31.445892706969754,Non-Fatigue
