emg_rms,emg_mav,emg_variance,emg_std,emg_waveform_length,emg_zero_crossing,emg_ssc,emg_kurtosis,emg_skewness,emg_peak,emg_median_freq,emg_mean_freq,emg_peak_freq,emg_total_power,emg_power_low,emg_power_mid,emg_power_high,class_name
55.52341903264381,23.64415530949183,2196.118210465038,34.866882721130565,502127.7099016816,14246.499610234052,33325.32195490673,21.025868344645048,-1.2519100817062343,426.8597575362783,81.96867283302619,111.539723708586,49.05027156710636,353.1245742551366,17.201391367339113,905.344996827508,78.93241270986691,Non-Fatigue
