emg_rms,emg_mav,emg_variance,emg_std,emg_waveform_length,emg_zero_crossing,emg_ssc,emg_kurtosis,emg_skewness,emg_peak,emg_median_freq,emg_mean_freq,emg_peak_freq,emg_total_power,emg_power_low,emg_power_mid,emg_power_high,class_name
84.760077305402,11.1387348240884,2524.099703079984,36.025102684064066,683106.7132778814,6882.08617631174,22546.21024969753,14.929320716456688,2.252590726284287,588.0125452633074,75.66679558756576,114.23648234208032,65.76904248901006,1279.254625971308,3.994326885599549,330.21075205072066,65.41393953347888,Non-Fatigue
