emg_rms,emg_mav,emg_variance,emg_std,emg_waveform_length,emg_zero_crossing,emg_ssc,emg_kurtosis,emg_skewness,emg_peak,emg_median_freq,emg_mean_freq,emg_peak_freq,emg_total_power,emg_power_low,emg_power_mid,emg_power_high,class_name
34.2688357651693,3.864780859477335,1922.8743699893037,34.833556312847534,385164.14546381886,16192.693673085989,32927.62347513762,12.251019890043093,1.6753969560756694,433.4816133492809,67.27549401248443,123.10379155123702,53.417533299343496,635.7412439544455,102.01539552672124,484.8742176765583,64.76567711938335,Non-Fatigue
