emg_rms,emg_mav,emg_variance,emg_std,emg_waveform_length,emg_zero_crossing,emg_ssc,emg_kurtosis,emg_skewness,emg_peak,emg_median_freq,emg_mean_freq,emg_peak_freq,emg_total_power,emg_power_low,emg_power_mid,emg_power_high,class_name
49.41406274608543,7.694595029044676,4311.937431880368,11.237659335676568,696497.548286,9998.070639301846,35242.2361609517,20.190296243823184,-0.3308174690621815,557.4266126574491,62.08372498238299,105.17742510352812,52.92557811480884,304.6014298189143,66.3581656542555,387.7763131996508,17.776610632165394,Non-Fatigue
