emg_rms,emg_mav,emg_variance,emg_std,emg_waveform_length,emg_zero_crossing,emg_ssc,emg_kurtosis,emg_skewness,emg_peak,emg_median_freq,emg_mean_freq,emg_peak_freq,emg_total_power,emg_power_low,emg_power_mid,emg_power_high,class_name
16.14498078462358,26.115669527175758,590.0566942759144,38.76775239876846,499799.84613507305,20036.21195344099,24964.85045348098,17.419321750114044,1.3611648333721496,186.9128989583483,79.58751895670058,86.2876480166203,69.08195226659001,-151.33905913232962,-101.54008703222668,-538.1432210009493,37.14290868951202,Non-Fatigue
