emg_rms,emg_mav,emg_variance,emg_std,emg_waveform_length,emg_zero_crossing,emg_ssc,emg_kurtosis,emg_skewness,emg_peak,emg_median_freq,emg_mean_freq,emg_peak_freq,emg_total_power,emg_power_low,emg_power_mid,emg_power_high,class_name
48.93908151007176,20.833855945776605,3251.3648195744336,38.86159658243033,887728.1723458687,12869.541631372233,28677.76437668475,16.39631768899152,0.1637065641667027,318.27788297501286,74.59329437390167,102.19519184643951,77.59833498861283,352.06566656332507,37.10475741927011,247.05911416488527,82.26731436391388,Non-Fatigue
