emg_rms,emg_mav,emg_variance,emg_std,emg_waveform_length,emg_zero_crossing,emg_ssc,emg_kurtosis,emg_skewness,emg_peak,emg_median_freq,emg_mean_freq,emg_peak_freq,emg_total_power,emg_power_low,emg_power_mid,emg_power_high,class_name
29.4580664359322,16.531246423004944,4577.715905693451,27.875507435972278,554305.3792701868,11971.95796478939,26907.30004502097,13.03320045561373,0.936986752554026,491.4246976233072,74.35268116239018,81.9070833507956,53.44069070545564,-526.2714145609332,237.05041101406871,95.10139637986492,5.00959467651164,Non-Fatigue
