emg_rms,emg_mav,emg_variance,emg_std,emg_waveform_length,emg_zero_crossing,emg_ssc,emg_kurtosis,emg_skewness,emg_peak,emg_median_freq,emg_mean_freq,emg_peak_freq,emg_total_power,emg_power_low,emg_power_mid,emg_power_high,class_name
38.74531419097487,20.55878431933552,2043.7838351249288,53.60680511481847,592698.5584836375,11038.81433119375,20633.202957179485,10.13642597161617,0.7169214425160927,443.01424927394106,92.25857488456182,115.56570401450216,59.89557207999964,584.5313393607601,204.9055978902527,255.1877266162764,6.726289089538483,Non-Fatigue
