emg_rms,emg_mav,emg_variance,emg_std,emg_waveform_length,emg_zero_crossing,emg_ssc,emg_kurtosis,emg_skewness,emg_peak,emg_median_freq,emg_mean_freq,emg_peak_freq,emg_total_power,emg_power_low,emg_power_mid,emg_power_high,class_name
59.5946083929139,23.66294757132482,2081.033361276685,60.33021059912898,207427.0984734817,5758.057030652715,27400.770569025102,17.330214024780112,0.5801184434255959,473.7365353407098,98.1329537177309,117.52424170249928,64.99106284909367,8.91430770606837,-4.732023708921886,-76.67880065940267,88.91124477451902,Non-Fatigue
