emg_rms,emg_mav,emg_variance,emg_std,emg_waveform_length,emg_zero_crossing,emg_ssc,emg_kurtosis,emg_skewness,emg_peak,emg_median_freq,emg_mean_freq,emg_peak_freq,emg_total_power,emg_power_low,emg_power_mid,emg_power_high,class_name
33.61108069003045,25.459002914068694,2389.18200155604,1.171432397518842,416468.0927527193,12842.451650718387,31790.704897005213,19.779133841237545,-0.0325650823177277,582.0775552917822,80.07794300077482,70.47608252570177,50.62934943421537,649.3395534795545,219.1231694531945,962.1995142907916,7.423703810960475,Non-Fatigue
