emg_rms,emg_mav,emg_variance,emg_std,emg_waveform_length,emg_zero_crossing,emg_ssc,emg_kurtosis,emg_skewness,emg_peak,emg_median_freq,emg_mean_freq,emg_peak_freq,emg_total_power,emg_power_low,emg_power_mid,emg_power_high,class_name
17.598874824769286,24.30391670404789,3115.400724944675,22.16098560838226,731851.1157640024,21920.986987421787,29545.88517861188,19.648946111631385,1.3049040227933144,427.2274059910952,87.22377690972948,103.73457791862558,65.66030461473683,126.29771980714486,-30.74835507741095,-475.5260812025895,24.63801005739767,Non-Fatigue
