emg_rms,emg_mav,emg_variance,emg_std,emg_waveform_length,emg_zero_crossing,emg_ssc,emg_kurtosis,emg_skewness,emg_peak,emg_median_freq,emg_mean_freq,emg_peak_freq,emg_total_power,emg_power_low,emg_power_mid,emg_power_high,class_name
35.08018195154726,31.849618881733427,1546.002791096336,25.60744472218669,496691.3074512659,9456.354615697666,22746.567464946445,20.44875827997088,0.1641443202476212,505.376914706069,62.471320879345456,91.22455235148028,47.88410364288367,1105.589403972042,134.96941363492107,470.0161107768488,98.7749778968396,Non-Fatigue
