emg_rms,emg_mav,emg_variance,emg_std,emg_waveform_length,emg_zero_crossing,emg_ssc,emg_kurtosis,emg_skewness,emg_peak,emg_median_freq,emg_mean_freq,emg_peak_freq,emg_total_power,emg_power_low,emg_power_mid,emg_power_high,class_name
47.25207354668132,21.991368439249868,2018.48853716488,35.796132323524304,578045.8655575155,18511.44558119105,28475.737971986386,14.036842713836196,-1.219887664003497,356.2494868432655,68.17681857804591,101.8446288092716,47.90918110925759,86.04920583656536,-28.027471357976083,133.46991419436247,101.4103622860593,Non-Fatigue
