emg_rms,emg_mav,emg_variance,emg_std,emg_waveform_length,emg_zero_crossing,emg_ssc,emg_kurtosis,emg_skewness,emg_peak,emg_median_freq,emg_mean_freq,emg_peak_freq,emg_total_power,emg_power_low,emg_power_mid,emg_power_high,class_name
83.8315801743465,10.464812285240184,2201.7479776295595,29.05887382204416,593035.5528219477,13525.391380956742,27003.17744799786,18.097236041027774,0.7327266831680534,420.7357882011737,67.4670807483318,140.9389607360662,44.95107140510896,-36.06785536107759,71.29149352139764,88.66074561327181,97.36497052329992,Non-Fatigue
