emg_rms,emg_mav,emg_variance,emg_std,emg_waveform_length,emg_zero_crossing,emg_ssc,emg_kurtosis,emg_skewness,emg_peak,emg_median_freq,emg_mean_freq,emg_peak_freq,emg_total_power,emg_power_low,emg_power_mid,emg_power_high,class_name
44.781876151310286,11.811404355892648,219.14193099456543,5.080561030926326,372613.0007262688,12112.375134415966,24073.263296887297,13.559822848441431,-0.4341428425126702,523.3329244175917,78.6999001720046,86.71834607917776,62.15466210987917,325.04460359998694,-17.654303180406913,-77.5067150590915,46.82296435058846,Non-Fatigue
