emg_rms,emg_mav,emg_variance,emg_std,emg_waveform_length,emg_zero_crossing,emg_ssc,emg_kurtosis,emg_skewness,emg_peak,emg_median_freq,emg_mean_freq,emg_peak_freq,emg_total_power,emg_power_low,emg_power_mid,emg_power_high,class_name
23.466075784693224,14.255100873441569,50.9535315636042,39.63085177064102,427941.8206104295,13462.12798130155,26236.135831329266,16.993460299031074,0.3784908004289289,612.5816292339243,86.40613404310821,101.46103215388948,45.01091110312886,257.8155061736944,148.38580599593968,344.4623464778492,115.9109094855501,Non-Fatigue
