emg_rms,emg_mav,emg_variance,emg_std,emg_waveform_length,emg_zero_crossing,emg_ssc,emg_kurtosis,emg_skewness,emg_peak,emg_median_freq,emg_mean_freq,emg_peak_freq,emg_total_power,emg_power_low,emg_power_mid,emg_power_high,class_name
26.711474272303803,21.96545333968971,-1536.5077021417976,49.65535766023939,492348.0170321504,14761.139561728269,21071.85372651641,17.95364711483988,0.6643063685042122,569.0299262181445,77.28577549027948,119.70880623050007,39.9855934798085,448.8069706409319,138.77234948091268,174.2529501188136,49.57835062257821,Non-Fatigue
