emg_rms,emg_mav,emg_variance,emg_std,emg_waveform_length,emg_zero_crossing,emg_ssc,emg_kurtosis,emg_skewness,emg_peak,emg_median_freq,emg_mean_freq,emg_peak_freq,emg_total_power,emg_power_low,emg_power_mid,emg_power_high,class_name
41.57865477366121,21.307417272467667,2109.4810266301683,38.92708210722613,585136.6893129258,18519.83042417948,27955.70753168793,18.686444686073493,0.5597189098755372,390.4705926722476,96.6371639351544,91.54097723142053,52.39599457987968,964.497901169221,49.07019591652369,851.9370096925913,45.98908807362288,Non-Fatigue
