emg_rms,emg_mav,emg_variance,emg_std,emg_waveform_length,emg_zero_crossing,emg_ssc,emg_kurtosis,emg_skewness,emg_peak,emg_median_freq,emg_mean_freq,emg_peak_freq,emg_total_power,emg_power_low,emg_power_mid,emg_power_high,class_name
41.093999394857775,9.443566940922912,2358.7744968746947,41.9606098914626,424863.4574217593,9311.826013118563,30604.602500643792,12.482034190474767,1.2692759766160482,513.8482965042456,74.12101360490504,101.22961218290276,51.91696218967293,836.1033549152171,151.57595409830418,90.41517896885586,1.4687148522864462,Non-Fatigue
