emg_rms,emg_mav,emg_variance,emg_std,emg_waveform_length,emg_zero_crossing,emg_ssc,emg_kurtosis,emg_skewness,emg_peak,emg_median_freq,emg_mean_freq,emg_peak_freq,emg_total_power,emg_power_low,emg_power_mid,emg_power_high,class_name
41.48729192598685,23.073955684489928,1309.1666409821066,39.60506722858156,373740.3661708209,13894.35428801366,25836.027089191342,17.69688130458308,0.3080254632849193,500.3921379711354,70.6521791591437,109.5304273809854,58.648644113708826,1154.1698787491382,257.023508915751,-9.804727081109547,56.561662182165456,Non-Fatigue
