emg_rms,emg_mav,emg_variance,emg_std,emg_waveform_length,emg_zero_crossing,emg_ssc,emg_kurtosis,emg_skewness,emg_peak,emg_median_freq,emg_mean_freq,emg_peak_freq,emg_total_power,emg_power_low,emg_power_mid,emg_power_high,class_name
31.271640771101016,10.186824241648647,3564.661382747009,37.60794101517558,562164.396764254,13224.01090852532,31779.241807560007,17.509665725058248,1.163677425841064,302.77886866327435,70.48081778559514,84.87866917009927,50.362035638409154,973.089520482345,68.24846353251293,395.75971758681385,-6.9712757325844095,Non-Fatigue
