emg_rms,emg_mav,emg_variance,emg_std,emg_waveform_length,emg_zero_crossing,emg_ssc,emg_kurtosis,emg_skewness,emg_peak,emg_median_freq,emg_mean_freq,emg_peak_freq,emg_total_power,emg_power_low,emg_power_mid,emg_power_high,class_name
39.04989777369176,29.38101569698288,1847.0634648776631,54.69452583497779,919884.8709727448,9142.341735849905,29384.319125659225,17.348068850467808,-0.2608521884039659,314.16872036208434,66.04412981868538,91.38932885691736,70.91746065361598,324.1438371945624,111.67772914275751,375.960859906575,40.02609087850064,Non-Fatigue
