emg_rms,emg_mav,emg_variance,emg_std,emg_waveform_length,emg_zero_crossing,emg_ssc,emg_kurtosis,emg_skewness,emg_peak,emg_median_freq,emg_mean_freq,emg_peak_freq,emg_total_power,emg_power_low,emg_power_mid,emg_power_high,class_name
39.268792159860006,14.886424184325644,-636.9566599198536,44.6088069003309,457394.7843247785,13396.17261715758,23415.554846842715,23.2722745911884,1.0305996685239736,435.7782176150924,75.88052640130452,83.25696839513616,55.624633756099776,709.3940375927439,-67.71299554412892,11.398166097391254,27.844687680265096,Non-Fatigue
