emg_rms,emg_mav,emg_variance,emg_std,emg_waveform_length,emg_zero_crossing,emg_ssc,emg_kurtosis,emg_skewness,emg_peak,emg_median_freq,emg_mean_freq,emg_peak_freq,emg_total_power,emg_power_low,emg_power_mid,emg_power_high,class_name
39.8813007073416,13.813198283016874,4375.36896744847,48.77660689054034,632321.6445495406,15279.970979597718,22494.658522326456,12.823309536597232,2.184612921016197,538.4841738145525,92.31881191312404,115.07306031688684,61.52751411338563,1272.7571389481882,226.6174073965081,440.8235747121879,102.4348585984605,Non-Fatigue
