emg_rms,emg_mav,emg_variance,emg_std,emg_waveform_length,emg_zero_crossing,emg_ssc,emg_kurtosis,emg_skewness,emg_peak,emg_median_freq,emg_mean_freq,emg_peak_freq,emg_total_power,emg_power_low,emg_power_mid,emg_power_high,class_name
25.35592553440211,27.201888316556868,2219.9209146700405,58.2189724935826,500210.3596952179,15828.792362263624,26337.697060745857,19.89274697844057,-0.5849832309026356,339.0865895611294,72.49626497285158,79.61118089191294,76.3186722054284,833.8828677616551,77.5302817051587,496.29561603981074,69.78467490519154,Non-Fatigue
