emg_rms,emg_mav,emg_variance,emg_std,emg_waveform_length,emg_zero_crossing,emg_ssc,emg_kurtosis,emg_skewness,emg_peak,emg_median_freq,emg_mean_freq,emg_peak_freq,emg_total_power,emg_power_low,emg_power_mid,emg_power_high,class_name
39.08667108427623,14.88267230065246,-714.2827885303361,50.08500047445617,511639.0062368715,15897.772810552497,22525.165669901457,18.59784302763185,1.3772169348447123,465.7468303193504,70.30161642659911,107.39697372192096,62.78754876280919,1082.8705261794512,81.96266046528203,467.0909144539618,44.16342278290278,Non-Fatigue
