emg_rms,emg_mav,emg_variance,emg_std,emg_waveform_length,emg_zero_crossing,emg_ssc,emg_kurtosis,emg_skewness,emg_peak,emg_median_freq,emg_mean_freq,emg_peak_freq,emg_total_power,emg_power_low,emg_power_mid,emg_power_high,class_name
27.907931665474187,26.71360801976333,5053.784611956291,51.96741341033861,447423.4704949358,12089.62722334473,30003.65310917502,11.695064499370943,-0.5169204274127971,370.5287009218913,72.53760483054585,94.7851831325802,55.75754740104723,743.2464099753872,105.78217142224,-48.59826850582141,74.10861501106007,Non-Fatigue
