emg_rms,emg_mav,emg_variance,emg_std,emg_waveform_length,emg_zero_crossing,emg_ssc,emg_kurtosis,emg_skewness,emg_peak,emg_median_freq,emg_mean_freq,emg_peak_freq,emg_total_power,emg_power_low,emg_power_mid,emg_power_high,class_name
42.08006206526538,12.760985163872524,-1271.3704679802238,61.76375310465538,482317.2232404009,8462.345431673615,32305.671757887936,25.97561778700571,0.5683257091363672,543.4207041110908,76.22782098571979,94.07289584248048,54.61191450718857,121.63070412654974,96.52134233921824,140.38763563841374,28.90717213677657,Non-Fatigue
