emg_rms,emg_mav,emg_variance,emg_std,emg_waveform_length,emg_zero_crossing,emg_ssc,emg_kurtosis,emg_skewness,emg_peak,emg_median_freq,emg_mean_freq,emg_peak_freq,emg_total_power,emg_power_low,emg_power_mid,emg_power_high,class_name
53.30321249755857,29.52927282454698,785.4265816636599,53.41460798483267,665125.7975216372,12443.814335449635,30989.569781419857,17.163278912696114,-2.6537644332178494,396.4751918334329,56.72066882491429,109.75160132506106,62.01194694109492,97.99376889242126,-49.24062042476636,-21.164468975545677,50.90399757851619,Non-Fatigue
