emg_rms,emg_mav,emg_variance,emg_std,emg_waveform_length,emg_zero_crossing,emg_ssc,emg_kurtosis,emg_skewness,emg_peak,emg_median_freq,emg_mean_freq,emg_peak_freq,emg_total_power,emg_power_low,emg_power_mid,emg_power_high,class_name
46.48400942916172,10.548548804806996,2296.6768123921165,34.912707680663246,739181.3098217488,10733.497734599114,25494.951182829263,7.092140817654739,-1.0914722804791737,529.4233177034574,102.9786876651529,87.979433188573,67.79237277730898,449.9546224035573,149.48538960025607,288.97758119710426,75.34004285015615,Non-Fatigue
