emg_rms,emg_mav,emg_variance,emg_std,emg_waveform_length,emg_zero_crossing,emg_ssc,emg_kurtosis,emg_skewness,emg_peak,emg_median_freq,emg_mean_freq,emg_peak_freq,emg_total_power,emg_power_low,emg_power_mid,emg_power_high,class_name
34.995604016758044,9.589867798908722,2399.0912995785684,49.7095002921027,779183.5507169531,8972.950002083373,27957.397721865396,23.82235751365993,-1.1580369170017422,430.889538323674,96.54292557983491,107.68476612405046,68.88977136537858,-292.32902856816924,150.07807758853238,190.58388071078537,76.80886269820644,Non-Fatigue
