emg_rms,emg_mav,emg_variance,emg_std,emg_waveform_length,emg_zero_crossing,emg_ssc,emg_kurtosis,emg_skewness,emg_peak,emg_median_freq,emg_mean_freq,emg_peak_freq,emg_total_power,emg_power_low,emg_power_mid,emg_power_high,class_name
24.61149376117736,17.686732458844126,3225.74377528068,40.81801509852544,733562.621847138,12769.035973578351,26773.567221970923,12.952072682298152,0.0104306245435121,532.4721384311857,89.86665606752615,84.54436660811837,58.10020307875436,442.22950777086,67.00463122607871,122.05318485745984,21.150017834023487,Non-Fatigue
