emg_rms,emg_mav,emg_variance,emg_std,emg_waveform_length,emg_zero_crossing,emg_ssc,emg_kurtosis,emg_skewness,emg_peak,emg_median_freq,emg_mean_freq,emg_peak_freq,emg_total_power,emg_power_low,emg_power_mid,emg_power_high,class_name
37.82246265525873,22.720958544024864,751.1126993836427,57.37030972831627,602734.0812470056,14165.652265618812,23360.911522648064,20.2558714604139,0.8237289420213495,428.89232290951344,91.11719692359372,97.28880759273098,49.46979662597207,294.7628330694844,38.82177446092771,372.6212446341474,32.29953585856069,Non-Fatigue
