emg_rms,emg_mav,emg_variance,emg_std,emg_waveform_length,emg_zero_crossing,emg_ssc,emg_kurtosis,emg_skewness,emg_peak,emg_median_freq,emg_mean_freq,emg_peak_freq,emg_total_power,emg_power_low,emg_power_mid,emg_power_high,class_name
63.23574582994866,15.94349739863208,2233.3709455527637,29.336396332389032,516293.14521216473,7416.165094516629,25402.38828245979,9.037796286395247,0.5533143356613297,353.9786573542331,86.31927437428143,94.92274292205984,63.58684371315682,909.7811934370874,205.63539866095596,203.4202448186223,34.88235902417183,Non-Fatigue
