emg_rms,emg_mav,emg_variance,emg_std,emg_waveform_length,emg_zero_crossing,emg_ssc,emg_kurtosis,emg_skewness,emg_peak,emg_median_freq,emg_mean_freq,emg_peak_freq,emg_total_power,emg_power_low,emg_power_mid,emg_power_high,class_name
45.12718633487313,18.91380652386461,2232.087336983949,50.0989068623373,919414.6837529696,11111.84033015372,24928.24054252652,10.576878650096194,0.7476334637316893,318.8696536428915,81.94419613671187,108.0828665415706,49.12900654038528,478.3294529969679,-48.477898110677344,-32.48223738536035,52.62993764041716,Non-Fatigue
