emg_rms,emg_mav,emg_variance,emg_std,emg_waveform_length,emg_zero_crossing,emg_ssc,emg_kurtosis,emg_skewness,emg_peak,emg_median_freq,emg_mean_freq,emg_peak_freq,emg_total_power,emg_power_low,emg_power_mid,emg_power_high,class_name
52.071876731812274,16.676378520157282,-57.51727398265416,43.22244075183266,509229.4983655739,2320.51342397743,25284.28095216516,-0.087922001448657,0.9454145633245152,456.6169981007194,66.7817043717564,66.23062974604673,57.85818678542479,-160.60454082305665,-111.13706908036632,185.98937482644777,36.045169995271486,Non-Fatigue
