emg_rms,emg_mav,emg_variance,emg_std,emg_waveform_length,emg_zero_crossing,emg_ssc,emg_kurtosis,emg_skewness,emg_peak,emg_median_freq,emg_mean_freq,emg_peak_freq,emg_total_power,emg_power_low,emg_power_mid,emg_power_high,class_name
38.06587988026689,16.1761064651965,-1250.1744590405935,24.6170705820258,440571.0716224508,13020.603560816147,28454.90911493145,12.667935381620476,-0.0518898369364002,270.0368205322002,72.84396699567914,72.82240038879955,46.88556853936424,96.28680394914228,123.61660854402686,619.6268642133166,92.6331898177885,Non-Fatigue
