emg_rms,emg_mav,emg_variance,emg_std,emg_waveform_length,emg_zero_crossing,emg_ssc,emg_kurtosis,emg_skewness,emg_peak,emg_median_freq,emg_mean_freq,emg_peak_freq,emg_total_power,emg_power_low,emg_power_mid,emg_power_high,class_name
24.47806857379075,20.47633437523356,3141.626910956663,13.978460709572012,557988.3482003052,12400.359306019389,26479.32562908834,21.553543020556404,-1.413881451107589,352.768171530094,80.99420189928074,99.78763973445244,52.21409053035358,588.8435672415128,38.657430192503725,-80.57253497557195,48.49392580814738,Non-Fatigue
