emg_rms,emg_mav,emg_variance,emg_std,emg_waveform_length,emg_zero_crossing,emg_ssc,emg_kurtosis,emg_skewness,emg_peak,emg_median_freq,emg_mean_freq,emg_peak_freq,emg_total_power,emg_power_low,emg_power_mid,emg_power_high,class_name
35.052272122507304,16.410138065884485,432.9576528590969,55.349256109387895,398594.9979832209,16818.892747500213,25984.69821879685,21.42962742474801,0.735944361092894,274.36533115236307,83.77371895564444,82.30467588016754,52.75036864941862,726.4082857404774,202.01246191308812,446.5908332141517,0.414860946905101,Non-Fatigue
