emg_rms,emg_mav,emg_variance,emg_std,emg_waveform_length,emg_zero_crossing,emg_ssc,emg_kurtosis,emg_skewness,emg_peak,emg_median_freq,emg_mean_freq,emg_peak_freq,emg_total_power,emg_power_low,emg_power_mid,emg_power_high,class_name
27.526966661798568,23.223740928318463,4673.54972908952,47.30110774493762,463154.9739446093,15343.622092484702,30299.583979574876,17.588665482647947,0.9023695566702562,407.8115512763459,57.99867554227793,111.93489539925883,75.19291645656972,-607.342264661138,321.0251754646064,661.1565000087827,77.42791414334424,Non-Fatigue
