emg_rms,emg_mav,emg_variance,emg_std,emg_waveform_length,emg_zero_crossing,emg_ssc,emg_kurtosis,emg_skewness,emg_peak,emg_median_freq,emg_mean_freq,emg_peak_freq,emg_total_power,emg_power_low,emg_power_mid,emg_power_high,class_name
52.72732579275212,12.60823411359619,-730.3423466652669,83.31228628361617,481131.7169874765,16941.00577032149,33684.64513262403,8.226176509415634,-0.8446379723827934,483.8847163706965,62.27910311449483,76.18561990244669,53.717449227846586,1226.6344613255642,-45.66700683415803,154.42916693062065,65.75020181455618,Non-Fatigue
