emg_rms,emg_mav,emg_variance,emg_std,emg_waveform_length,emg_zero_crossing,emg_ssc,emg_kurtosis,emg_skewness,emg_peak,emg_median_freq,emg_mean_freq,emg_peak_freq,emg_total_power,emg_power_low,emg_power_mid,emg_power_high,class_name
68.3152932697115,18.051849650454557,582.3592196139145,13.478246081283576,256535.55559545063,13452.085090388442,18582.14564432013,11.269434726156229,0.7875424899216322,465.0017954364934,65.28564368444349,74.39397565370874,63.67713015648192,4.5608261556120056,-97.71109218828462,729.6630431132153,11.261292834381996,Non-Fatigue
