emg_rms,emg_mav,emg_variance,emg_std,emg_waveform_length,emg_zero_crossing,emg_ssc,emg_kurtosis,emg_skewness,emg_peak,emg_median_freq,emg_mean_freq,emg_peak_freq,emg_total_power,emg_power_low,emg_power_mid,emg_power_high,class_name
20.08897630992315,15.227539535183231,2339.530897814363,28.68672061957793,660221.1898454919,5801.321015582536,22293.169254084685,21.249399322460462,0.7859792605521434,557.5248817231001,101.72785053713083,97.25311605542367,57.26319151904,566.1456740583583,213.87876340089792,258.7618143290158,87.38579349795049,Non-Fatigue
