emg_rms,emg_mav,emg_variance,emg_std,emg_waveform_length,emg_zero_crossing,emg_ssc,emg_kurtosis,emg_skewness,emg_peak,emg_median_freq,emg_mean_freq,emg_peak_freq,emg_total_power,emg_power_low,emg_power_mid,emg_power_high,class_name
27.025551272809288,19.365233296522568,2507.536740246148,56.50623188554562,608760.3977177818,13870.621727857266,32701.012426200232,12.258659439237231,4.184656499694808,496.7954984774154,96.7928231815944,99.35877176852344,57.15698990337408,591.3187478226363,144.1751207355937,31.43695226836604,59.07267729971339,Non-Fatigue
