emg_rms,emg_mav,emg_variance,emg_std,emg_waveform_length,emg_zero_crossing,emg_ssc,emg_kurtosis,emg_skewness,emg_peak,emg_median_freq,emg_mean_freq,emg_peak_freq,emg_total_power,emg_power_low,emg_power_mid,emg_power_high,class_name
23.82601155129035,10.171202314007465,2855.1078358055647,48.35072882590939,323087.39382461447,16641.779994883218,32783.48879357095,22.33930979911688,-0.4616325287028735,519.8021382299945,83.76159098484585,93.97188679412533,64.15133748087169,148.82150910217524,-89.71937696552294,-66.0897708293229,60.964098934071046,Non-Fatigue
