emg_rms,emg_mav,emg_variance,emg_std,emg_waveform_length,emg_zero_crossing,emg_ssc,emg_kurtosis,emg_skewness,emg_peak,emg_median_freq,emg_mean_freq,emg_peak_freq,emg_total_power,emg_power_low,emg_power_mid,emg_power_high,class_name
21.75423038541356,8.114577511058434,-1560.5776142191992,46.95570164726124,456572.24706731946,9874.629484562152,31453.42802465069,21.79486790613928,1.8835542610506453,534.6740815769441,73.36742596083693,86.041056093016,53.668991312641054,1013.490408867445,45.782189062099526,655.5337309556237,73.33275758255031,Non-Fatigue
