emg_rms,emg_mav,emg_variance,emg_std,emg_waveform_length,emg_zero_crossing,emg_ssc,emg_kurtosis,emg_skewness,emg_peak,emg_median_freq,emg_mean_freq,emg_peak_freq,emg_total_power,emg_power_low,emg_power_mid,emg_power_high,class_name
64.73692030713423,19.425180064677058,9.517794246369476,25.075700475249192,532218.4135275234,16354.480482775089,24620.26926861198,20.90997910409008,0.0233135487304648,339.93787196966105,66.54061582713771,94.21690514517434,43.39593946976908,-4.280119563989558,40.585351290793696,7.348732591224063,61.57633602921867,Non-Fatigue
