emg_rms,emg_mav,emg_variance,emg_std,emg_waveform_length,emg_zero_crossing,emg_ssc,emg_kurtosis,emg_skewness,emg_peak,emg_median_freq,emg_mean_freq,emg_peak_freq,emg_total_power,emg_power_low,emg_power_mid,emg_power_high,class_name
54.38962236662482,23.224727727218447,590.3756341155031,62.8424699258227,568267.8215065856,15860.60246410047,24836.33675957984,7.895851434624413,4.115486790722764,324.93801932769566,69.32280965820026,98.22387586056246,58.41909583464593,-50.51380118659284,-29.154435818807517,-79.76068410695001,40.74294581942736,Non-Fatigue
