emg_rms,emg_mav,emg_variance,emg_std,emg_waveform_length,emg_zero_crossing,emg_ssc,emg_kurtosis,emg_skewness,emg_peak,emg_median_freq,emg_mean_freq,emg_peak_freq,emg_total_power,emg_power_low,emg_power_mid,emg_power_high,class_name
14.529127278620226,33.087044678347084,2599.22203633966,23.580192941617756,722674.2317438397,15429.885392651808,29405.770058372244,25.8275570252039,0.6163377296790777,364.7964323488138,74.47918520025964,121.99176075348458,45.12898671817218,465.2304736649786,176.71795613486944,660.3180340700778,46.83293130922101,Non-Fatigue
