emg_rms,emg_mav,emg_variance,emg_std,emg_waveform_length,emg_zero_crossing,emg_ssc,emg_kurtosis,emg_skewness,emg_peak,emg_median_freq,emg_mean_freq,emg_peak_freq,emg_total_power,emg_power_low,emg_power_mid,emg_power_high,class_name
40.43521889844215,25.291815453240257,1243.8967770996146,64.7435420004955,642024.7967856902,10477.46113016227,30941.65743434851,22.36366083699796,-0.2113121531286049,306.2251522056096,72.97085516921386,88.5720019846799,59.81173619776847,477.3956313043168,177.1639068920793,152.18010520851854,63.06846756698039,Non-Fatigue
