emg_rms,emg_mav,emg_variance,emg_std,emg_waveform_length,emg_zero_crossing,emg_ssc,emg_kurtosis,emg_skewness,emg_peak,emg_median_freq,emg_mean_freq,emg_peak_freq,emg_total_power,emg_power_low,emg_power_mid,emg_power_high,class_name
45.47159321412668,16.31846972088858,3397.6091570669687,21.81418249849072,214644.13535667895,7412.212362138821,25458.695563419216,12.648416779999632,-0.3259352170710878,202.9153050573052,85.41163647356613,69.83933015499713,65.09419317734665,228.63339543719397,61.20461837742391,764.1674387323166,109.0164290238684,Non-Fatigue
