emg_rms,emg_mav,emg_variance,emg_std,emg_waveform_length,emg_zero_crossing,emg_ssc,emg_kurtosis,emg_skewness,emg_peak,emg_median_freq,emg_mean_freq,emg_peak_freq,emg_total_power,emg_power_low,emg_power_mid,emg_power_high,class_name
47.8379277982935,-2.3688410119464294,3621.393609938552,11.536153764550225,321771.05948554754,12405.803042814474,30805.594245519445,20.99460997357221,0.8485148904312886,338.39096260943904,112.12502301685922,101.21192572740893,42.57168327554796,643.7264105688348,118.97907285478286,38.3094667547835,38.576402104957495,Non-Fatigue
