emg_rms,emg_mav,emg_variance,emg_std,emg_waveform_length,emg_zero_crossing,emg_ssc,emg_kurtosis,emg_skewness,emg_peak,emg_median_freq,emg_mean_freq,emg_peak_freq,emg_total_power,emg_power_low,emg_power_mid,emg_power_high,class_name
26.43551725422119,14.056054409861352,-60.21586013833803,42.983459832949855,592368.824053455,13360.061652352157,26250.585234382157,15.872716977980136,0.1123558033449673,151.7427055292166,73.29403571185922,74.08412690391046,52.47372253896639,132.8612341285189,-129.7282347840556,-78.59729827884252,77.96410720208304,Non-Fatigue
