emg_rms,emg_mav,emg_variance,emg_std,emg_waveform_length,emg_zero_crossing,emg_ssc,emg_kurtosis,emg_skewness,emg_peak,emg_median_freq,emg_mean_freq,emg_peak_freq,emg_total_power,emg_power_low,emg_power_mid,emg_power_high,class_name
35.48820381569346,18.40586993447192,4779.734861790488,26.85893792596684,558090.8837772536,15098.399684254997,23023.223341353765,12.879615049256827,-0.2193065191661677,315.98912320787684,81.14889028047938,78.70092371016513,65.38319651423231,479.92949508816247,252.5797357871304,98.05206076863983,30.36326808269721,Non-Fatigue
