emg_rms,emg_mav,emg_variance,emg_std,emg_waveform_length,emg_zero_crossing,emg_ssc,emg_kurtosis,emg_skewness,emg_peak,emg_median_freq,emg_mean_freq,emg_peak_freq,emg_total_power,emg_power_low,emg_power_mid,emg_power_high,class_name
58.88087029756652,26.513219929944576,3072.7290582535293,1.058902666778593,545689.242501141,8983.552678117201,22487.20470685351,14.515664668457651,-0.4376179092413669,357.9053793725633,100.35811239131245,115.89657656307644,73.95907508373554,482.4332259728305,156.21240205893014,309.39280626563703,20.77191963064851,Non-Fatigue
