emg_rms,emg_mav,emg_variance,emg_std,emg_waveform_length,emg_zero_crossing,emg_ssc,emg_kurtosis,emg_skewness,emg_peak,emg_median_freq,emg_mean_freq,emg_peak_freq,emg_total_power,emg_power_low,emg_power_mid,emg_power_high,class_name
45.0771627031313,17.397991573825603,-458.30855166967854,63.88564792396924,791629.6580155247,14330.801851773902,28461.83916574981,12.585786831172472,1.6837469406991756,528.7795454265064,75.7055719010245,113.6521215812228,58.191529409798086,766.2116994376352,260.2571961265228,234.73812544130152,103.78423392014572,Non-Fatigue
