emg_rms,emg_mav,emg_variance,emg_std,emg_waveform_length,emg_zero_crossing,emg_ssc,emg_kurtosis,emg_skewness,emg_peak,emg_median_freq,emg_mean_freq,emg_peak_freq,emg_total_power,emg_power_low,emg_power_mid,emg_power_high,class_name
47.06259151505936,30.05914944700151,4819.3118122740025,13.100479657937068,703930.2232306857,12948.903566458315,24300.87349521254,19.46116106180564,-0.3402241843233231,600.3052986267114,71.2349651965077,85.43488239319828,55.9088100621892,481.3192866553047,148.92007438805274,734.5165038487919,15.711227823269908,Non-Fatigue
