emg_rms,emg_mav,emg_variance,emg_std,emg_waveform_length,emg_zero_crossing,emg_ssc,emg_kurtosis,emg_skewness,emg_peak,emg_median_freq,emg_mean_freq,emg_peak_freq,emg_total_power,emg_power_low,emg_power_mid,emg_power_high,class_name
46.860614718857015,32.00553049769851,4330.135910372876,47.30317183942255,780327.1534227487,13075.395590090078,24872.78707509714,17.424805958315822,0.2643980599711407,302.9523429521859,71.64211596087708,81.14992317891667,56.24308619728036,106.92584781527243,76.10967175919872,519.013828838064,48.19425799929134,Non-Fatigue
