emg_rms,emg_mav,emg_variance,emg_std,emg_waveform_length,emg_zero_crossing,emg_ssc,emg_kurtosis,emg_skewness,emg_peak,emg_median_freq,emg_mean_freq,emg_peak_freq,emg_total_power,emg_power_low,emg_power_mid,emg_power_high,class_name
3.5191452775493417,-1.3772277255421912,2086.300090644134,39.92794014423664,807970.4039461713,17086.710406685543,23001.931299663327,14.432313529332642,1.013027584715136,514.2493575637016,65.6981025382105,96.13648134920844,56.46202466191637,704.2401109445559,-14.623334803275938,376.4903316772651,88.0976185828473,Non-Fatigue
