emg_rms,emg_mav,emg_variance,emg_std,emg_waveform_length,emg_zero_crossing,emg_ssc,emg_kurtosis,emg_skewness,emg_peak,emg_median_freq,emg_mean_freq,emg_peak_freq,emg_total_power,emg_power_low,emg_power_mid,emg_power_high,class_name
22.33964276250007,23.119059638484025,1621.8118532671222,36.41543650457592,223938.28703618736,13677.173068958044,35029.07587279805,22.005092314351486,0.3359710170572663,367.18516202388014,87.48924934529998,82.23633459323318,74.24407740952688,823.5600748994016,-17.097052272331055,668.6018536294121,59.84948407409242,Non-Fatigue
