emg_rms,emg_mav,emg_variance,emg_std,emg_waveform_length,emg_zero_crossing,emg_ssc,emg_kurtosis,emg_skewness,emg_peak,emg_median_freq,emg_mean_freq,emg_peak_freq,emg_total_power,emg_power_low,emg_power_mid,emg_power_high,class_name
35.80344664613891,18.127382307352896,4053.421933234709,38.98794048507706,425361.87882620224,10815.768224958025,29716.389920136764,13.063769291815836,0.5606146345633919,427.8950554358191,77.24889229164691,85.15217430803398,70.59235547822317,106.095661965268,147.25317835302258,-7.489134773634248,62.62757061328956,Non-Fatigue
