emg_rms,emg_mav,emg_variance,emg_std,emg_waveform_length,emg_zero_crossing,emg_ssc,emg_kurtosis,emg_skewness,emg_peak,emg_median_freq,emg_mean_freq,emg_peak_freq,emg_total_power,emg_power_low,emg_power_mid,emg_power_high,class_name
60.00726125376117,18.22914619433288,2435.322471284502,57.828123077441205,557265.220362436,20384.14276706184,20306.29394755228,6.336825453137861,-0.989565847959196,592.1858465055157,87.55129064809154,93.94195935647804,60.027324452393344,572.2423154360099,-49.63857512771715,311.66329063293426,41.10050384604352,Non-Fatigue
