emg_rms,emg_mav,emg_variance,emg_std,emg_waveform_length,emg_zero_crossing,emg_ssc,emg_kurtosis,emg_skewness,emg_peak,emg_median_freq,emg_mean_freq,emg_peak_freq,emg_total_power,emg_power_low,emg_power_mid,emg_power_high,class_name
42.50186677038141,4.346951734309533,1483.199576877309,28.09714014549843,762387.7301667756,12122.92121904618,25051.24358282776,25.912466648900526,1.764799420556869,242.38994638594443,71.23419537218047,98.03662552267248,54.47437864948228,127.16665691171488,170.53736931538748,-349.8224866385229,62.20486838789539,Non-Fatigue
