emg_rms,emg_mav,emg_variance,emg_std,emg_waveform_length,emg_zero_crossing,emg_ssc,emg_kurtosis,emg_skewness,emg_peak,emg_median_freq,emg_mean_freq,emg_peak_freq,emg_total_power,emg_power_low,emg_power_mid,emg_power_high,class_name
30.04684572514152,13.41996808399971,-2934.605104864315,45.12592012083195,310457.15476808173,17715.53321252142,29839.53417581783,12.67441860720364,-0.1720978418860442,364.0756964623145,89.06045297139279,107.61177930462615,53.709291422838895,456.5642728761083,73.06065780089553,186.835881849166,47.12023445105081,Non-Fatigue
