emg_rms,emg_mav,emg_variance,emg_std,emg_waveform_length,emg_zero_crossing,emg_ssc,emg_kurtosis,emg_skewness,emg_peak,emg_median_freq,emg_mean_freq,emg_peak_freq,emg_total_power,emg_power_low,emg_power_mid,emg_power_high,class_name
41.43972181220926,5.484310976918307,3409.3489331994115,11.299248328345891,725099.0914373498,11323.24556306032,30457.97382476312,12.720192408520711,-0.4893925410166423,429.2029890649048,63.92340687027966,76.72778134821935,59.595365809067054,310.25162456759654,-46.66024677692715,384.1799328837069,31.27861602929927,Non-Fatigue
