emg_rms,emg_mav,emg_variance,emg_std,emg_waveform_length,emg_zero_crossing,emg_ssc,emg_kurtosis,emg_skewness,emg_peak,emg_median_freq,emg_mean_freq,emg_peak_freq,emg_total_power,emg_power_low,emg_power_mid,emg_power_high,class_name
71.86447121249375,12.112706321274594,2574.662321036261,39.78368063236379,425866.40943437617,8297.139490831902,22583.15030676362,15.080075465603768,0.0775079162093165,464.2552207921034,83.7003018163692,86.3085350285821,46.46799031887658,255.7411250764169,125.99057852753762,230.62020157279235,55.39192401602023,Non-Fatigue
