emg_rms,emg_mav,emg_variance,emg_std,emg_waveform_length,emg_zero_crossing,emg_ssc,emg_kurtosis,emg_skewness,emg_peak,emg_median_freq,emg_mean_freq,emg_peak_freq,emg_total_power,emg_power_low,emg_power_mid,emg_power_high,class_name
30.8626583077384,0.3850935854143671,2828.808833144844,50.39820229365024,419348.1003995163,17502.362353576325,28601.336666036757,19.542258275116303,1.6833916996331184,377.5291571010089,66.11163610720075,104.88542155438768,46.18298834498029,381.72222299813177,-129.60035385906312,563.7344836853747,7.57818101056305,Non-Fatigue
