emg_rms,emg_mav,emg_variance,emg_std,emg_waveform_length,emg_zero_crossing,emg_ssc,emg_kurtosis,emg_skewness,emg_peak,emg_median_freq,emg_mean_freq,emg_peak_freq,emg_total_power,emg_power_low,emg_power_mid,emg_power_high,class_name
52.52263306793285,12.514826597581653,2066.509568238372,14.825658491608596,721821.7293555473,10516.606570462664,28896.00096105809,17.20666922344277,1.9556622920814772,727.9456638249288,84.55080041140683,95.05056977489652,44.8292356983158,702.2792280572558,227.43909230875565,-164.42756833458628,73.10018249650176,Non-Fatigue
