emg_rms,emg_mav,emg_variance,emg_std,emg_waveform_length,emg_zero_crossing,emg_ssc,emg_kurtosis,emg_skewness,emg_peak,emg_median_freq,emg_mean_freq,emg_peak_freq,emg_total_power,emg_power_low,emg_power_mid,emg_power_high,class_name
33.70961182941899,21.60277856418057,98.87703590147817,17.90665865121995,466527.3216397415,11972.278787189884,30895.73891479761,10.220106199227764,0.4450249985086792,254.51301866241516,88.02638165965809,82.1571422063032,57.26167366787968,579.8445159340913,-51.97741480766109,495.2498802188758,84.58885002424562,Non-Fatigue
