emg_rms,emg_mav,emg_variance,emg_std,emg_waveform_length,emg_zero_crossing,emg_ssc,emg_kurtosis,emg_skewness,emg_peak,emg_median_freq,emg_mean_freq,emg_peak_freq,emg_total_power,emg_power_low,emg_power_mid,emg_power_high,class_name
82.40338347044599,24.14952171945105,2823.543572208375,37.01498244085766,689895.4238595505,10205.293535776877,25079.570078493634,15.288445313563468,0.4464299222740492,125.92521642276296,66.7378640531609,95.51887873476568,53.12399501860833,565.8329391520808,41.84885581805431,328.86701363862124,69.66781875344749,Non-Fatigue
