emg_rms,emg_mav,emg_variance,emg_std,emg_waveform_length,emg_zero_crossing,emg_ssc,emg_kurtosis,emg_skewness,emg_peak,emg_median_freq,emg_mean_freq,emg_peak_freq,emg_total_power,emg_power_low,emg_power_mid,emg_power_high,class_name
77.06427201197218,15.684972757094393,2967.7775386730896,28.564098486622605,567280.6278982932,9779.205702265088,27076.1578984523,11.518089785546769,3.253514696583585,576.6224255990844,74.02546782942626,120.05080498482228,61.112047627168174,-18.65902862930864,127.88770847084092,191.0509682024344,45.209001292189846,Non-Fatigue
