emg_rms,emg_mav,emg_variance,emg_std,emg_waveform_length,emg_zero_crossing,emg_ssc,emg_kurtosis,emg_skewness,emg_peak,emg_median_freq,emg_mean_freq,emg_peak_freq,emg_total_power,emg_power_low,emg_power_mid,emg_power_high,class_name
77.32883097216964,13.330021234774655,662.1072191372164,51.20316465891725,509661.5238791626,16472.518650690447,23252.364788502902,14.274024753562635,1.003894963778683,540.6697692285386,65.05281371130707,100.0420620035368,55.59731515777866,1202.1150950910524,255.40482941799849,21.39117444366633,78.08254254636111,Non-Fatigue
