emg_rms,emg_mav,emg_variance,emg_std,emg_waveform_length,emg_zero_crossing,emg_ssc,emg_kurtosis,emg_skewness,emg_peak,emg_median_freq,emg_mean_freq,emg_peak_freq,emg_total_power,emg_power_low,emg_power_mid,emg_power_high,class_name
58.38962725378303,21.911557222621145,846.9768760397345,46.69117901798461,491553.703941436,16349.304644103544,27615.46694557298,12.396557658891837,1.5235737801530114,190.42343675467,73.43660637386083,98.9115167966155,69.1858040353405,412.3475801489077,-48.38452482844313,447.6006816211253,58.10551853235814,Non-Fatigue
