emg_rms,emg_mav,emg_variance,emg_std,emg_waveform_length,emg_zero_crossing,emg_ssc,emg_kurtosis,emg_skewness,emg_peak,emg_median_freq,emg_mean_freq,emg_peak_freq,emg_total_power,emg_power_low,emg_power_mid,emg_power_high,class_name
43.762970595134085,9.190049903910902,3326.848089415735,25.931361240047607,447279.3317052988,9638.977455889615,24042.88668967996,17.73560306550107,2.507806845067203,329.92876101366994,64.06126246005084,74.03564088116222,54.40970173130722,-26.63122791465497,187.13262756818875,61.87115433372287,48.834474412224544,Non-Fatigue
