emg_rms,emg_mav,emg_variance,emg_std,emg_waveform_length,emg_zero_crossing,emg_ssc,emg_kurtosis,emg_skewness,emg_peak,emg_median_freq,emg_mean_freq,emg_peak_freq,emg_total_power,emg_power_low,emg_power_mid,emg_power_high,class_name
24.980750143717067,16.396861638603784,-740.1302285498384,24.49778337811798,497113.9541767099,11528.0054328733,27200.038106533124,8.413665843085248,-2.09630799348475,428.9134139475423,113.78726881405186,63.79651847895728,55.780405274396,781.5512778696445,18.36739419583928,552.186253956445,77.39312766591662,Non-Fatigue
