emg_rms,emg_mav,emg_variance,emg_std,emg_waveform_length,emg_zero_crossing,emg_ssc,emg_kurtosis,emg_skewness,emg_peak,emg_median_freq,emg_mean_freq,emg_peak_freq,emg_total_power,emg_power_low,emg_power_mid,emg_power_high,class_name
9.288833710785056,13.003461751779891,4429.580487071941,39.61222735333368,743107.0059448449,16424.951421601643,27746.417544492844,14.566566893761172,0.0897431429549897,544.6492087293057,85.59019329665578,109.62777130851634,52.39739700201567,344.47530889421853,75.78140017985977,345.5864068101364,50.05674760796376,Non-Fatigue
