emg_rms,emg_mav,emg_variance,emg_std,emg_waveform_length,emg_zero_crossing,emg_ssc,emg_kurtosis,emg_skewness,emg_peak,emg_median_freq,emg_mean_freq,emg_peak_freq,emg_total_power,emg_power_low,emg_power_mid,emg_power_high,class_name
63.045391330372624,16.09151085656297,1796.763972318881,38.150544887033774,555299.9885602569,13137.423403587893,30281.67049976756,17.320748039628526,0.297978783186448,359.6821235979087,77.78033604502166,101.9177416951743,60.05822558654564,766.5628539015504,39.211956831190165,-354.156868124346,68.60328663289462,Non-Fatigue
