emg_rms,emg_mav,emg_variance,emg_std,emg_waveform_length,emg_zero_crossing,emg_ssc,emg_kurtosis,emg_skewness,emg_peak,emg_median_freq,emg_mean_freq,emg_peak_freq,emg_total_power,emg_power_low,emg_power_mid,emg_power_high,class_name
24.223139445116203,23.88844115143757,871.1953420060358,49.346735861514816,672553.1400885207,16227.437690123756,28346.07766757885,13.844361704611575,-1.4219410938658306,263.9134449188805,51.40299026243986,99.36017667113695,44.97346387991415,815.0465465702925,206.01922211531135,474.6461177669962,-2.9765081213251605,Non-Fatigue
