emg_rms,emg_mav,emg_variance,emg_std,emg_waveform_length,emg_zero_crossing,emg_ssc,emg_kurtosis,emg_skewness,emg_peak,emg_median_freq,emg_mean_freq,emg_peak_freq,emg_total_power,emg_power_low,emg_power_mid,emg_power_high,class_name
33.44528860907276,15.79489056755707,695.9293582227247,31.986105415970474,612127.0424720533,13120.166999874316,26565.339341324223,15.929050783664856,1.9190053239531395,418.7674903321847,39.49385899313272,98.55713142839627,47.71178469384563,412.43952950795546,-23.67148372265504,546.6902431994787,63.74066071282644,Non-Fatigue
