emg_rms,emg_mav,emg_variance,emg_std,emg_waveform_length,emg_zero_crossing,emg_ssc,emg_kurtosis,emg_skewness,emg_peak,emg_median_freq,emg_mean_freq,emg_peak_freq,emg_total_power,emg_power_low,emg_power_mid,emg_power_high,class_name
12.725092824407367,16.12351004095565,4630.586240266197,30.879828849736725,775176.3922199581,12527.059135861626,33066.01052281742,13.45334015102467,-0.7704643962936727,530.4242470725133,77.33329303942212,102.2168884378776,62.61178156256392,521.2872470846968,24.995851399310048,480.2657283989964,40.57219471285593,Non-Fatigue
