emg_rms,emg_mav,emg_variance,emg_std,emg_waveform_length,emg_zero_crossing,emg_ssc,emg_kurtosis,emg_skewness,emg_peak,emg_median_freq,emg_mean_freq,emg_peak_freq,emg_total_power,emg_power_low,emg_power_mid,emg_power_high,class_name
39.42918511647027,6.02616041032957,2027.2022367519896,18.324713724431238,630572.6322538593,15595.948681153244,19067.098352305708,11.235478989176553,-0.5438485101693078,460.549293551104,96.5163437615461,88.27031663943956,44.8877803527776,833.8598002912232,48.14266884992004,563.0072426454939,50.77507045308053,Non-Fatigue
