emg_rms,emg_mav,emg_variance,emg_std,emg_waveform_length,emg_zero_crossing,emg_ssc,emg_kurtosis,emg_skewness,emg_peak,emg_median_freq,emg_mean_freq,emg_peak_freq,emg_total_power,emg_power_low,emg_power_mid,emg_power_high,class_name
47.66914755446162,19.35319611122964,2662.1850755972123,23.454971029926856,512997.3219189673,10200.011481674,25333.72159292352,18.801421956637103,0.6290751325653235,469.8756752087643,105.8759908569038,83.21316690672899,62.16968309686236,1324.1531500677984,244.79893297960757,587.3285466701941,60.79238035274704,Non-Fatigue
