emg_rms,emg_mav,emg_variance,emg_std,emg_waveform_length,emg_zero_crossing,emg_ssc,emg_kurtosis,emg_skewness,emg_peak,emg_median_freq,emg_mean_freq,emg_peak_freq,emg_total_power,emg_power_low,emg_power_mid,emg_power_high,class_name
43.63240668655628,12.447264977727476,-323.9681358537234,29.011426146118016,595141.348971585,13912.21330525172,17055.079698157635,15.389238039315284,-0.4468523591209726,224.0103668419264,90.09192678092349,93.11217784653672,71.34510569819818,181.6165385332892,-17.63644027440914,193.8533887834211,64.37902729450893,Non-Fatigue
