emg_rms,emg_mav,emg_variance,emg_std,emg_waveform_length,emg_zero_crossing,emg_ssc,emg_kurtosis,emg_skewness,emg_peak,emg_median_freq,emg_mean_freq,emg_peak_freq,emg_total_power,emg_power_low,emg_power_mid,emg_power_high,class_name
41.52716046196295,34.35692591798897,155.5044423084321,40.402497590742335,697537.745903342,8347.45238683077,28720.75616991384,8.000485799294248,-0.4025978747182804,440.0157778275197,66.32371099211194,113.56556668072892,53.2071239302503,-271.9761282026282,120.03869849817552,271.34046400557975,52.2810908728347,Non-Fatigue
