emg_rms,emg_mav,emg_variance,emg_std,emg_waveform_length,emg_zero_crossing,emg_ssc,emg_kurtosis,emg_skewness,emg_peak,emg_median_freq,emg_mean_freq,emg_peak_freq,emg_total_power,emg_power_low,emg_power_mid,emg_power_high,class_name
53.67617113635134,26.84043110964261,-111.25396608827076,3.303933119487404,503972.5631769419,13667.90027678499,27328.878159457105,16.04426189199521,-0.610253707013337,612.3455277293938,45.75323334171394,105.10426867430236,55.5004966052057,719.3186641268713,310.58077665225005,504.4828865792076,70.58070250606363,Non-Fatigue
