emg_rms,emg_mav,emg_variance,emg_std,emg_waveform_length,emg_zero_crossing,emg_ssc,emg_kurtosis,emg_skewness,emg_peak,emg_median_freq,emg_mean_freq,emg_peak_freq,emg_total_power,emg_power_low,emg_power_mid,emg_power_high,class_name
74.66852003703359,18.824074921280346,4388.574974214464,42.392233601060376,478361.4596186244,13524.8609143859,25815.01646472809,10.265173701155607,0.6813750714923971,323.7568415325471,68.6765520689234,109.2627674264878,49.44401748040932,261.5546429856301,26.32637776156781,657.991553449674,23.35743190943716,Non-Fatigue
