emg_rms,emg_mav,emg_variance,emg_std,emg_waveform_length,emg_zero_crossing,emg_ssc,emg_kurtosis,emg_skewness,emg_peak,emg_median_freq,emg_mean_freq,emg_peak_freq,emg_total_power,emg_power_low,emg_power_mid,emg_power_high,class_name
26.79135466465576,21.150697413728334,2961.036427792501,67.39522657951154,700214.7269504122,14433.162036851776,19972.6456133231,5.027733134225391,1.5495287689916468,467.4719491772988,72.69787583209073,95.9605452139253,64.06301936140228,487.67267440279375,-40.4489222937617,441.0602423613632,58.898531852148224,Non-Fatigue
