emg_rms,emg_mav,emg_variance,emg_std,emg_waveform_length,emg_zero_crossing,emg_ssc,emg_kurtosis,emg_skewness,emg_peak,emg_median_freq,emg_mean_freq,emg_peak_freq,emg_total_power,emg_power_low,emg_power_mid,emg_power_high,class_name
39.10625276911313,13.937360502349106,2210.814568157696,61.25066832939473,435076.2171034222,14176.05646636544,27163.616534357352,17.826011273139176,0.1369462346661614,362.97146116232375,64.19328651276484,84.31724672345179,64.21456263260995,431.6495982083537,66.1861448333869,-44.73307603923985,93.03474539744514,Non-Fatigue
