emg_rms,emg_mav,emg_variance,emg_std,emg_waveform_length,emg_zero_crossing,emg_ssc,emg_kurtosis,emg_skewness,emg_peak,emg_median_freq,emg_mean_freq,emg_peak_freq,emg_total_power,emg_power_low,emg_power_mid,emg_power_high,class_name
43.32844514013658,4.916304917663497,1668.2257320997537,67.35535358558727,505467.0334351145,12429.001772834808,29031.42500984101,18.870371568695784,-0.4647856252539567,233.9922237436524,67.0033096036047,110.92710197667684,64.22338760072586,371.03744244390094,84.06831816047794,-89.0360509889357,68.6953419908205,Non-Fatigue
