emg_rms,emg_mav,emg_variance,emg_std,emg_waveform_length,emg_zero_crossing,emg_ssc,emg_kurtosis,emg_skewness,emg_peak,emg_median_freq,emg_mean_freq,emg_peak_freq,emg_total_power,emg_power_low,emg_power_mid,emg_power_high,class_name
-10.738431414785524,18.889959366571905,2166.088972185122,38.91359427824631,661539.1218775947,15562.434215923484,27749.390949029083,10.445641618376502,3.0387104927337893,238.8232918761449,96.83055515221268,123.53256198492528,48.16771782234999,150.89312236225226,156.7233366747527,-164.55999178969876,46.88682634500333,Non-Fatigue
