emg_rms,emg_mav,emg_variance,emg_std,emg_waveform_length,emg_zero_crossing,emg_ssc,emg_kurtosis,emg_skewness,emg_peak,emg_median_freq,emg_mean_freq,emg_peak_freq,emg_total_power,emg_power_low,emg_power_mid,emg_power_high,class_name
27.928929431412016,2.9997586034510157,924.4998715288,52.26816064932392,739602.2250187605,17466.914277377717,33987.43999884945,20.95459391005708,0.1817503359022084,732.6325200455076,62.70926688561512,80.85569007034519,66.68614295421717,-170.79945491544964,68.8557482219711,562.6186761822261,140.69573135777364,Non-Fatigue
