emg_rms,emg_mav,emg_variance,emg_std,emg_waveform_length,emg_zero_crossing,emg_ssc,emg_kurtosis,emg_skewness,emg_peak,emg_median_freq,emg_mean_freq,emg_peak_freq,emg_total_power,emg_power_low,emg_power_mid,emg_power_high,class_name
6.525050777750494,16.11835832365057,2926.296734966848,48.488609525279465,556448.850116929,18004.192222578757,26094.11696037161,6.504030368602546,0.1395256987098592,353.1098807061999,95.0554432226076,69.86282127042,64.55921910458008,510.1850347557744,141.2682068145887,512.9245503596561,21.0243492859078,Non-Fatigue
