emg_rms,emg_mav,emg_variance,emg_std,emg_waveform_length,emg_zero_crossing,emg_ssc,emg_kurtosis,emg_skewness,emg_peak,emg_median_freq,emg_mean_freq,emg_peak_freq,emg_total_power,emg_power_low,emg_power_mid,emg_power_high,class_name
57.50123552806292,7.610886788535828,3088.582322018611,28.039804987053927,584874.1756616052,19431.501416253806,23071.526113274253,12.978979753105108,1.8481698598830816,574.8913628609365,78.93493570857255,81.97850660644323,57.8480774608901,-418.7995428529471,-1.8361426338207136,374.4362451978626,46.41523569456513,Non-Fatigue
