emg_rms,emg_mav,emg_variance,emg_std,emg_waveform_length,emg_zero_crossing,emg_ssc,emg_kurtosis,emg_skewness,emg_peak,emg_median_freq,emg_mean_freq,emg_peak_freq,emg_total_power,emg_power_low,emg_power_mid,emg_power_high,class_name
52.17668587134849,17.858252986745608,1541.7615038673543,26.11300182656209,318136.7359576452,19672.176714805188,17297.997231118876,26.845191662322385,0.9115629751873991,580.8858111560074,68.14103328570725,98.72193005081068,61.73634417813343,217.2137654664858,-10.737096443839008,138.18890590214022,74.9551801363287,Non-Fatigue
