emg_rms,emg_mav,emg_variance,emg_std,emg_waveform_length,emg_zero_crossing,emg_ssc,emg_kurtosis,emg_skewness,emg_peak,emg_median_freq,emg_mean_freq,emg_peak_freq,emg_total_power,emg_power_low,emg_power_mid,emg_power_high,class_name
49.700095040339605,33.24122765154108,1500.5635930182991,45.643104427120136,817184.7283043691,22306.580209769607,29171.8185112133,21.49125555603108,1.465153778407012,362.1446235522623,76.56783872716476,106.85943156759824,71.8452265927294,546.579883698021,168.39277036660116,9.29380758138609,100.22364612119136,Non-Fatigue
