emg_rms,emg_mav,emg_variance,emg_std,emg_waveform_length,emg_zero_crossing,emg_ssc,emg_kurtosis,emg_skewness,emg_peak,emg_median_freq,emg_mean_freq,emg_peak_freq,emg_total_power,emg_power_low,emg_power_mid,emg_power_high,class_name
41.71491453713899,16.360455729362833,1171.46217746624,55.666152656927785,633976.5095341849,11179.156309351569,20163.04291117136,14.744082555324354,-0.2898908290074802,401.9168519586988,96.38083817797548,93.3845472252706,44.05765812216839,640.5810827356538,-2.3126529459918856,87.72112754558705,80.91124798875657,Non-Fatigue
