emg_rms,emg_mav,emg_variance,emg_std,emg_waveform_length,emg_zero_crossing,emg_ssc,emg_kurtosis,emg_skewness,emg_peak,emg_median_freq,emg_mean_freq,emg_peak_freq,emg_total_power,emg_power_low,emg_power_mid,emg_power_high,class_name
40.37223142381588,15.963119590505116,1690.5626584409065,39.968811703230216,667844.974239625,14460.570893603102,27801.73122026868,13.261228691730013,-0.5677588981318122,253.70655502647,90.1472786898684,90.2425132072124,66.89071777292595,277.1499444568688,-97.96021463401507,481.250855732104,52.60146082750752,Non-Fatigue
