emg_rms,emg_mav,emg_variance,emg_std,emg_waveform_length,emg_zero_crossing,emg_ssc,emg_kurtosis,emg_skewness,emg_peak,emg_median_freq,emg_mean_freq,emg_peak_freq,emg_total_power,emg_power_low,emg_power_mid,emg_power_high,class_name
45.65823047071484,27.423519860950577,1945.2757450642505,22.054821377970548,615265.5793129548,15420.48619629418,33048.12422396557,29.054894684981434,0.4702762611652361,321.3211826319272,76.41865713203867,102.66792336111028,40.44417696062963,109.57105882252569,51.55905419802488,725.8583544321384,0.2562592072855096,Non-Fatigue
