emg_rms,emg_mav,emg_variance,emg_std,emg_waveform_length,emg_zero_crossing,emg_ssc,emg_kurtosis,emg_skewness,emg_peak,emg_median_freq,emg_mean_freq,emg_peak_freq,emg_total_power,emg_power_low,emg_power_mid,emg_power_high,class_name
36.33858795557029,37.68417530308752,3204.3873653002083,32.94996135783648,694983.9427227543,13387.972399861515,23614.855698792697,16.71602211400283,-1.3063106459091576,576.1211801518643,77.99020184360064,70.93384457450097,57.47356450340824,806.3399863181398,-61.95451676066094,-90.59419683698962,15.874935153896388,Non-Fatigue
