emg_rms,emg_mav,emg_variance,emg_std,emg_waveform_length,emg_zero_crossing,emg_ssc,emg_kurtosis,emg_skewness,emg_peak,emg_median_freq,emg_mean_freq,emg_peak_freq,emg_total_power,emg_power_low,emg_power_mid,emg_power_high,class_name
6.9893434199123305,19.052187237824448,586.0717722168381,37.58121752112993,276404.8755562433,13897.522135984937,23669.659609599214,14.819748553082857,-1.5637669650749646,377.3918350293488,58.19593834661924,98.80570702824186,45.06297889172512,-233.9189816657228,150.0310466679462,-5.579888835849999,50.86444102781872,Non-Fatigue
