emg_rms,emg_mav,emg_variance,emg_std,emg_waveform_length,emg_zero_crossing,emg_ssc,emg_kurtosis,emg_skewness,emg_peak,emg_median_freq,emg_mean_freq,emg_peak_freq,emg_total_power,emg_power_low,emg_power_mid,emg_power_high,class_name
49.29637441574131,8.307122118446772,1330.4943826939018,51.98245704513444,542843.8891984702,10882.711145133408,27277.190399311403,13.29632972863563,-1.7594405420870682,696.0785947099428,67.17577536997877,114.55364062042374,46.63883409770566,880.4132553894942,261.35260045215546,88.87865500245536,64.91077176182554,Non-Fatigue
