emg_rms,emg_mav,emg_variance,emg_std,emg_waveform_length,emg_zero_crossing,emg_ssc,emg_kurtosis,emg_skewness,emg_peak,emg_median_freq,emg_mean_freq,emg_peak_freq,emg_total_power,emg_power_low,emg_power_mid,emg_power_high,class_name
55.5314177865336,15.557179307950108,376.7499115080111,21.660858870154797,683603.768166899,7529.43855653241,29680.49887030946,25.047224315097885,-0.0005979857938543,546.6360973279324,90.7590490472581,114.18243654560244,69.12790667399864,553.3572284432859,33.247218103884165,-126.26260602759127,25.855036486362582,Non-Fatigue
