emg_rms,emg_mav,emg_variance,emg_std,emg_waveform_length,emg_zero_crossing,emg_ssc,emg_kurtosis,emg_skewness,emg_peak,emg_median_freq,emg_mean_freq,emg_peak_freq,emg_total_power,emg_power_low,emg_power_mid,emg_power_high,class_name
51.659346010211294,9.490258089999337,-450.6539193143624,30.867385414022703,679880.2705175964,8584.70439329304,31464.915695078056,24.627040009439952,0.1697759637370735,498.4714782193048,82.08868877321673,86.36171435657002,73.69649539441882,-62.61381658429673,163.99019664606385,630.7910679458952,72.1788118231346,Non-Fatigue
