emg_rms,emg_mav,emg_variance,emg_std,emg_waveform_length,emg_zero_crossing,emg_ssc,emg_kurtosis,emg_skewness,emg_peak,emg_median_freq,emg_mean_freq,emg_peak_freq,emg_total_power,emg_power_low,emg_power_mid,emg_power_high,class_name
38.06609955650937,23.551326865313207,-1577.276690368699,25.7257351808798,699343.5765372622,10287.653293946916,30068.948675712323,17.84864020812979,-3.090345074687434,522.4092592958029,63.965389776154296,116.45719970383767,54.59264050503419,-4.724135927058285,85.73416582024431,809.1043894561845,42.65439144835084,Non-Fatigue
