emg_rms,emg_mav,emg_variance,emg_std,emg_waveform_length,emg_zero_crossing,emg_ssc,emg_kurtosis,emg_skewness,emg_peak,emg_median_freq,emg_mean_freq,emg_peak_freq,emg_total_power,emg_power_low,emg_power_mid,emg_power_high,class_name
41.52209919875366,21.44779999186905,1704.5222634653514,25.67041268376817,529218.1608577984,18943.248379794997,23501.88510771239,13.131309129571612,2.03808444101294,423.6598191100309,73.26283729439245,112.4896851680356,59.62398071147987,1020.4825180455196,90.61642197853072,463.931839966092,80.71167310377109,Non-Fatigue
