emg_rms,emg_mav,emg_variance,emg_std,emg_waveform_length,emg_zero_crossing,emg_ssc,emg_kurtosis,emg_skewness,emg_peak,emg_median_freq,emg_mean_freq,emg_peak_freq,emg_total_power,emg_power_low,emg_power_mid,emg_power_high,class_name
14.92903483995822,22.99670548051489,1295.105329206749,39.50512755928938,653284.4738601706,15853.44276027492,27922.36940340708,23.141528486288585,0.5825218897589967,398.4973250082772,55.85405770487914,79.16068055626067,58.97550141512925,674.2723709540771,184.80193560660197,657.7367650423016,99.51119067614054,Non-Fatigue
