emg_rms,emg_mav,emg_variance,emg_std,emg_waveform_length,emg_zero_crossing,emg_ssc,emg_kurtosis,emg_skewness,emg_peak,emg_median_freq,emg_mean_freq,emg_peak_freq,emg_total_power,emg_power_low,emg_power_mid,emg_power_high,class_name
49.27983917380495,15.729674946486586,1803.540593982016,33.5683644181463,333233.18789373804,15579.634639711823,22853.45345088736,19.40099396108197,-0.8587470803170779,531.0663787600765,95.26636533160676,93.63015499179647,73.13815963944165,681.994461912592,-4.628392179941812,602.4964564390389,31.41905894244668,Non-Fatigue
