emg_rms,emg_mav,emg_variance,emg_std,emg_waveform_length,emg_zero_crossing,emg_ssc,emg_kurtosis,emg_skewness,emg_peak,emg_median_freq,emg_mean_freq,emg_peak_freq,emg_total_power,emg_power_low,emg_power_mid,emg_power_high,class_name
68.7540028868691,21.03202201660552,3073.4719653469256,54.34930901111374,507931.9965034071,11966.63529998214,23649.551336520984,16.205500859462884,1.0629318983323448,435.6297762511131,77.65257535381521,75.28549186519612,64.8596236176262,398.68629144250366,33.43399503895077,62.51469345177577,64.52026986519323,Non-Fatigue
