emg_rms,emg_mav,emg_variance,emg_std,emg_waveform_length,emg_zero_crossing,emg_ssc,emg_kurtosis,emg_skewness,emg_peak,emg_median_freq,emg_mean_freq,emg_peak_freq,emg_total_power,emg_power_low,emg_power_mid,emg_power_high,class_name
57.36554136601834,21.92075269618436,1034.2012030157662,30.796727513983637,437960.6508159598,12095.51186393869,17225.822058416965,16.316549379958108,-0.7659277282424558,533.2932026120571,70.79086521120936,79.9545328884177,36.72475737271149,333.8943082112544,-23.610367458892117,-51.14436470561873,38.73405245128892,Non-Fatigue
