emg_rms,emg_mav,emg_variance,emg_std,emg_waveform_length,emg_zero_crossing,emg_ssc,emg_kurtosis,emg_skewness,emg_peak,emg_median_freq,emg_mean_freq,emg_peak_freq,emg_total_power,emg_power_low,emg_power_mid,emg_power_high,class_name
24.42439887289644,17.0156393011738,262.6660238251393,48.26036517012405,518445.1381890793,12288.958480875135,29076.80993264172,15.63599142473746,0.6878403346985482,280.4489595298457,85.41488960371147,66.34969542764912,49.95168102017236,386.6887821032629,63.68717698562092,243.9859683759485,59.8749027903025,Non-Fatigue
