emg_rms,emg_mav,emg_variance,emg_std,emg_waveform_length,emg_zero_crossing,emg_ssc,emg_kurtosis,emg_skewness,emg_peak,emg_median_freq,emg_mean_freq,emg_peak_freq,emg_total_power,emg_power_low,emg_power_mid,emg_power_high,class_name
31.5201192227386,22.91213323633852,1070.9016117971255,37.92040256989869,742542.8933938714,14557.289862367888,23183.604566100566,13.4286333024494,0.9136872798846736,670.8604678146718,62.81247590017683,87.58746459939145,54.14107087174135,631.6494872028436,58.200169052984336,392.3001615047881,89.02670846922139,Non-Fatigue
