emg_rms,emg_mav,emg_variance,emg_std,emg_waveform_length,emg_zero_crossing,emg_ssc,emg_kurtosis,emg_skewness,emg_peak,emg_median_freq,emg_mean_freq,emg_peak_freq,emg_total_power,emg_power_low,emg_power_mid,emg_power_high,class_name
27.91207936299068,15.76806369328484,4760.61676391024,47.70419006845712,146718.89379381918,13190.26925564746,26311.11857309874,13.29863753619049,0.2634436089198146,275.1534007974699,71.82361801586572,81.57934634941387,66.20503341620815,199.46102264354997,80.21667793111075,348.5841263046599,37.56793842542703,Non-Fatigue
