emg_rms,emg_mav,emg_variance,emg_std,emg_waveform_length,emg_zero_crossing,emg_ssc,emg_kurtosis,emg_skewness,emg_peak,emg_median_freq,emg_mean_freq,emg_peak_freq,emg_total_power,emg_power_low,emg_power_mid,emg_power_high,class_name
8.398733806166309,32.23020158994313,2181.127198873204,54.47272248247563,386623.3877447902,16705.861264510797,24922.587257762367,13.52174283976594,0.5402290701068789,466.6389465856941,83.08996420493433,100.565789781169,53.70140584069883,690.1029133232612,286.4181065479596,405.707034748965,64.82482425461026,Non-Fatigue
