emg_rms,emg_mav,emg_variance,emg_std,emg_waveform_length,emg_zero_crossing,emg_ssc,emg_kurtosis,emg_skewness,emg_peak,emg_median_freq,emg_mean_freq,emg_peak_freq,emg_total_power,emg_power_low,emg_power_mid,emg_power_high,class_name
26.73610405834578,25.98502852121309,2801.4087281372304,29.49118418706258,366696.1045161625,11003.616952695877,29186.25607462755,14.506973039937897,-0.4594508563992432,451.1919854813927,55.76281703306133,101.45931147586693,60.52233281148096,438.3313682196399,269.43551020187374,216.0157838525973,35.18831285646402,Non-Fatigue
