emg_rms,emg_mav,emg_variance,emg_std,emg_waveform_length,emg_zero_crossing,emg_ssc,emg_kurtosis,emg_skewness,emg_peak,emg_median_freq,emg_mean_freq,emg_peak_freq,emg_total_power,emg_power_low,emg_power_mid,emg_power_high,class_name
59.77153064548486,21.9124545555513,3056.604602168595,38.6491401876483,444547.40090517513,11810.06470723688,25655.377037961767,14.51647477298836,0.5132618083570532,456.0230536411911,58.1472771873008,98.61583532503344,48.7232512071313,436.0172169118185,167.5369310507105,33.13304490380415,48.0876368249976,Non-Fatigue
