emg_rms,emg_mav,emg_variance,emg_std,emg_waveform_length,emg_zero_crossing,emg_ssc,emg_kurtosis,emg_skewness,emg_peak,emg_median_freq,emg_mean_freq,emg_peak_freq,emg_total_power,emg_power_low,emg_power_mid,emg_power_high,class_name
43.458020320169325,9.95168110469224,4310.828167176343,48.71698050429463,574461.3581169575,18094.819535952185,26198.091654107007,14.860649147352868,1.4049072250043153,388.9743940529913,87.50927154135455,99.26692262051648,60.8413178316513,200.6079157227556,-53.96677302657238,247.07127924235664,70.20926332781184,Non-Fatigue
