emg_rms,emg_mav,emg_variance,emg_std,emg_waveform_length,emg_zero_crossing,emg_ssc,emg_kurtosis,emg_skewness,emg_peak,emg_median_freq,emg_mean_freq,emg_peak_freq,emg_total_power,emg_power_low,emg_power_mid,emg_power_high,class_name
33.91711545348364,12.42855128998598,160.64853953694387,23.9917678015784,473574.9829994495,10180.131424603833,22959.97928091991,16.791422649619214,0.8696471047295756,338.27791917596846,73.98683770501121,117.51935039917724,77.27180081799223,664.8742863023596,152.93933821371348,133.28161564876908,34.50895513329488,Non-Fatigue
