emg_rms,emg_mav,emg_variance,emg_std,emg_waveform_length,emg_zero_crossing,emg_ssc,emg_kurtosis,emg_skewness,emg_peak,emg_median_freq,emg_mean_freq,emg_peak_freq,emg_total_power,emg_power_low,emg_power_mid,emg_power_high,class_name
30.97223349002946,20.61431067669917,2682.4873577927056,26.95901865547268,365314.3732133727,16019.969475380563,25616.670423013788,17.39413943577146,2.093822420166384,400.766015669406,74.3131028055257,102.31503284209046,39.55074595334718,116.58471979757394,-119.08192844538698,592.6292026097171,57.96428311511215,Non-Fatigue
