emg_rms,emg_mav,emg_variance,emg_std,emg_waveform_length,emg_zero_crossing,emg_ssc,emg_kurtosis,emg_skewness,emg_peak,emg_median_freq,emg_mean_freq,emg_peak_freq,emg_total_power,emg_power_low,emg_power_mid,emg_power_high,class_name
44.80885466552536,27.88399379557377,935.3391481889796,41.77873655395284,485408.891082028,13980.699047499586,28590.984641831903,21.84905960664396,1.370353827518072,658.7498607197251,87.85363342192896,111.6314044494074,61.22041352474144,1230.9648377507938,26.6265647087072,-239.6765374214336,17.755230986350625,Non-Fatigue
