emg_rms,emg_mav,emg_variance,emg_std,emg_waveform_length,emg_zero_crossing,emg_ssc,emg_kurtosis,emg_skewness,emg_peak,emg_median_freq,emg_mean_freq,emg_peak_freq,emg_total_power,emg_power_low,emg_power_mid,emg_power_high,class_name
23.200289643358573,15.51440878630479,1787.84727028505,27.425983102291557,427980.3036205971,19391.25569236342,20921.735907805385,17.30316038136515,-0.1207770580036271,164.7207769593574,82.30710596662983,104.7587039318171,66.85409329300782,333.18932767095066,72.50395775057046,526.6149396570502,104.7886278987149,Non-Fatigue
