emg_rms,emg_mav,emg_variance,emg_std,emg_waveform_length,emg_zero_crossing,emg_ssc,emg_kurtosis,emg_skewness,emg_peak,emg_median_freq,emg_mean_freq,emg_peak_freq,emg_total_power,emg_power_low,emg_power_mid,emg_power_high,class_name
44.7907121332897,15.32522605832142,3304.767596880228,70.7749048009311,656656.1035093364,7646.860970963002,25566.929696186864,11.482987446071512,-1.3296883832416784,529.7804413564686,89.25307571198704,114.13365830388864,60.98824547947782,1045.8071681473166,36.53431264509468,627.5652913076403,3.943286801942314,Non-Fatigue
