emg_rms,emg_mav,emg_variance,emg_std,emg_waveform_length,emg_zero_crossing,emg_ssc,emg_kurtosis,emg_skewness,emg_peak,emg_median_freq,emg_mean_freq,emg_peak_freq,emg_total_power,emg_power_low,emg_power_mid,emg_power_high,class_name
49.80994778314547,19.72504316638937,3108.6310251816058,6.88908490597413,648716.3019274486,13545.202131971171,25930.59736157956,14.205119015617722,-0.4924515021051778,297.16847550985767,73.41896618163437,79.04015101311836,53.749188056301335,1152.5934210584453,145.8095544859528,84.14041387594483,8.792630198263396,Non-Fatigue
