emg_rms,emg_mav,emg_variance,emg_std,emg_waveform_length,emg_zero_crossing,emg_ssc,emg_kurtosis,emg_skewness,emg_peak,emg_median_freq,emg_mean_freq,emg_peak_freq,emg_total_power,emg_power_low,emg_power_mid,emg_power_high,class_name
69.0572534159779,13.052114240620693,252.43332315498424,42.76392865451363,628956.6153017178,14272.661733446192,24963.89592279892,18.785922657144315,0.3400612914339581,320.4577924085846,81.03425266019325,98.21962681316518,55.458249051918216,1282.341864616064,-9.5510070991445,50.59733263217589,74.84735570387004,Non-Fatigue
