emg_rms,emg_mav,emg_variance,emg_std,emg_waveform_length,emg_zero_crossing,emg_ssc,emg_kurtosis,emg_skewness,emg_peak,emg_median_freq,emg_mean_freq,emg_peak_freq,emg_total_power,emg_power_low,emg_power_mid,emg_power_high,class_name
21.55699482297133,30.35230115924376,-693.0540078172883,32.03180016358707,925347.3775345274,19159.55572054453,20233.97991219929,10.514528921409834,1.118303175783354,488.1277930714194,67.9113532114374,91.03750083229576,50.60603292171302,674.1429886687732,48.30565315807087,419.69979775819286,45.216145389920285,Non-Fatigue
