emg_rms,emg_mav,emg_variance,emg_std,emg_waveform_length,emg_zero_crossing,emg_ssc,emg_kurtosis,emg_skewness,emg_peak,emg_median_freq,emg_mean_freq,emg_peak_freq,emg_total_power,emg_power_low,emg_power_mid,emg_power_high,class_name
16.148911137540146,14.698660450293186,1604.5645309781405,29.35734337858129,296504.9721057644,9182.008446121,25980.130429444765,15.69742251122346,2.005558465230086,421.6395599898132,88.97805714140918,99.54814735558502,42.27415089210987,140.9014513377282,-144.89661645508033,185.5238984591552,78.35911280755829,Non-Fatigue
