emg_rms,emg_mav,emg_variance,emg_std,emg_waveform_length,emg_zero_crossing,emg_ssc,emg_kurtosis,emg_skewness,emg_peak,emg_median_freq,emg_mean_freq,emg_peak_freq,emg_total_power,emg_power_low,emg_power_mid,emg_power_high,class_name
47.19146175131226,22.927061391359626,1480.9836655246952,69.83183205724151,445842.5742668456,16356.650266637642,27961.721421196107,7.693771165866149,0.2377280385516053,322.7963754793845,70.3147616395317,107.7532995075848,55.148381594450186,-8.81221819326828,-143.429726891772,1200.0844420567298,70.00374102165804,Non-Fatigue
