emg_rms,emg_mav,emg_variance,emg_std,emg_waveform_length,emg_zero_crossing,emg_ssc,emg_kurtosis,emg_skewness,emg_peak,emg_median_freq,emg_mean_freq,emg_peak_freq,emg_total_power,emg_power_low,emg_power_mid,emg_power_high,class_name
36.8707337069204,9.15614958787689,1922.731568821169,19.08235933672736,612968.6450583171,12251.303433598989,25171.799132985307,17.426119722345554,-0.6774118554674237,381.48286866237913,77.63864570148192,95.74728778926035,57.76500443190496,547.1512981921312,-27.799865654362225,186.77979073999768,96.16431803979576,Non-Fatigue
