emg_rms,emg_mav,emg_variance,emg_std,emg_waveform_length,emg_zero_crossing,emg_ssc,emg_kurtosis,emg_skewness,emg_peak,emg_median_freq,emg_mean_freq,emg_peak_freq,emg_total_power,emg_power_low,emg_power_mid,emg_power_high,class_name
32.85542865104412,25.622258447077854,1345.3915572606277,53.01209327597744,676459.4797977819,17081.982292317443,21245.603596934423,10.572453581205984,0.8695014292880792,394.2048444576595,64.48746335492112,76.69713468604742,51.37581642213506,517.579294749533,118.86355000893111,197.88986939956467,55.10834690012395,Non-Fatigue
