emg_rms,emg_mav,emg_variance,emg_std,emg_waveform_length,emg_zero_crossing,emg_ssc,emg_kurtosis,emg_skewness,emg_peak,emg_median_freq,emg_mean_freq,emg_peak_freq,emg_total_power,emg_power_low,emg_power_mid,emg_power_high,class_name
27.89407074783192,7.114765775302223,1859.97238077969,30.57568377768338,756068.5244693214,11191.810135950403,29165.105148945444,15.075402255267932,0.6396182169961853,413.6215537871865,115.17481201552494,83.04457399052671,51.9963696158846,4.995349225186715,102.44610834817226,197.8415889960397,18.803646842931933,Non-Fatigue
