emg_rms,emg_mav,emg_variance,emg_std,emg_waveform_length,emg_zero_crossing,emg_ssc,emg_kurtosis,emg_skewness,emg_peak,emg_median_freq,emg_mean_freq,emg_peak_freq,emg_total_power,emg_power_low,emg_power_mid,emg_power_high,class_name
57.03061658140746,22.34410236559041,1751.4064324673066,17.750734701904598,744915.6714490239,9078.739717659704,29047.5407003773,18.93495812265947,-0.0638930243382275,329.68376683058955,88.02841357065692,106.2467707236966,61.6709958426165,403.7834589319695,34.766488755046694,1124.434595357421,-15.503983078997422,Non-Fatigue
