emg_rms,emg_mav,emg_variance,emg_std,emg_waveform_length,emg_zero_crossing,emg_ssc,emg_kurtosis,emg_skewness,emg_peak,emg_median_freq,emg_mean_freq,emg_peak_freq,emg_total_power,emg_power_low,emg_power_mid,emg_power_high,class_name
46.26855221469363,16.351352722304185,1207.0038043038771,30.261278110932352,523280.1653218207,13628.647042388384,19108.048099433126,20.68793991637931,-0.5712969316894372,421.8409386775053,67.86350651244088,102.57302035204094,52.69563919243798,0.8330544855908784,192.17261156012356,701.5184978520256,37.50693252670449,Non-Fatigue
