emg_rms,emg_mav,emg_variance,emg_std,emg_waveform_length,emg_zero_crossing,emg_ssc,emg_kurtosis,emg_skewness,emg_peak,emg_median_freq,emg_mean_freq,emg_peak_freq,emg_total_power,emg_power_low,emg_power_mid,emg_power_high,class_name
38.27440438762949,13.8761250287167,186.17375294813,89.06366620945316,662558.302529858,17184.57251569918,28206.385247265345,25.76982056217309,0.9829851107639108,333.0001964726821,66.6547849758769,102.92195445366204,63.37357412261316,1004.68947613278,72.68165749208126,505.50643919587145,41.08428225432654,Non-Fatigue
