emg_rms,emg_mav,emg_variance,emg_std,emg_waveform_length,emg_zero_crossing,emg_ssc,emg_kurtosis,emg_skewness,emg_peak,emg_median_freq,emg_mean_freq,emg_peak_freq,emg_total_power,emg_power_low,emg_power_mid,emg_power_high,class_name
20.957432375135788,17.836666289856634,2496.79289030225,38.14021948947331,456689.5023737605,12793.57192505978,26579.70574427257,18.82255776228964,-0.9479986667320568,367.32477131076473,74.87170041686882,84.95437839864967,63.0848912284563,473.9039133204985,196.83361001100556,146.60369040474953,90.09723583947849,Non-Fatigue
