emg_rms,emg_mav,emg_variance,emg_std,emg_waveform_length,emg_zero_crossing,emg_ssc,emg_kurtosis,emg_skewness,emg_peak,emg_median_freq,emg_mean_freq,emg_peak_freq,emg_total_power,emg_power_low,emg_power_mid,emg_power_high,class_name
29.480194336424432,14.290486073320288,931.1975750429198,84.90433239972319,567428.4426153811,16729.4108880447,27924.91651440505,13.482805014552673,1.1525478291745277,547.7708795194101,74.38116993007797,98.90529149995685,56.57159762829361,324.0498858650016,58.69730950635122,-77.2668768442374,57.8352200364509,Non-Fatigue
