emg_rms,emg_mav,emg_variance,emg_std,emg_waveform_length,emg_zero_crossing,emg_ssc,emg_kurtosis,emg_skewness,emg_peak,emg_median_freq,emg_mean_freq,emg_peak_freq,emg_total_power,emg_power_low,emg_power_mid,emg_power_high,class_name
34.84760598624547,22.004452822066387,3092.776800705723,62.10664107623613,334221.0992383695,10228.414901191123,30016.36371588905,10.090690396072144,0.9842887553741024,395.06070027285625,86.07967353927111,102.72380770208154,76.14498673462819,420.3430810985876,-93.46781438037308,-82.0009461278866,4.669722463768672,Non-Fatigue
