emg_rms,emg_mav,emg_variance,emg_std,emg_waveform_length,emg_zero_crossing,emg_ssc,emg_kurtosis,emg_skewness,emg_peak,emg_median_freq,emg_mean_freq,emg_peak_freq,emg_total_power,emg_power_low,emg_power_mid,emg_power_high,class_name
68.26334939432897,12.920829667461664,3296.159276047525,23.967018894014192,497511.50271866046,15799.053422102035,27123.779254940968,5.81689168130983,-1.7484376381101256,41.46710749024777,93.99215848584376,117.5801563438925,55.47905870262902,476.8257846767248,106.76494401344829,321.746919580476,25.50804883966137,Non-Fatigue
