emg_rms,emg_mav,emg_variance,emg_std,emg_waveform_length,emg_zero_crossing,emg_ssc,emg_kurtosis,emg_skewness,emg_peak,emg_median_freq,emg_mean_freq,emg_peak_freq,emg_total_power,emg_power_low,emg_power_mid,emg_power_high,class_name
39.555625762576064,19.76439160899301,2868.4978775416967,39.71656840801948,381307.3283778924,14672.779920222094,30829.34991585646,22.201161607998458,-1.1173126995815177,501.4103507502934,89.97507322361666,71.9851529614421,48.55818745297059,354.5652047824553,32.67825843427765,273.1595565143684,17.48669339958733,Non-Fatigue
