emg_rms,emg_mav,emg_variance,emg_std,emg_waveform_length,emg_zero_crossing,emg_ssc,emg_kurtosis,emg_skewness,emg_peak,emg_median_freq,emg_mean_freq,emg_peak_freq,emg_total_power,emg_power_low,emg_power_mid,emg_power_high,class_name
49.22391516946532,14.473723785098322,2460.3339751162293,67.85471074164215,676041.3052214652,9819.140789907646,20827.17993450035,12.795422402008612,-0.1032118420834839,387.8761190853768,87.33014156738075,106.82048561861394,54.13190215579558,1395.6651094102783,139.4029495739207,765.7590877140876,60.38253251286165,Non-Fatigue
