emg_rms,emg_mav,emg_variance,emg_std,emg_waveform_length,emg_zero_crossing,emg_ssc,emg_kurtosis,emg_skewness,emg_peak,emg_median_freq,emg_mean_freq,emg_peak_freq,emg_total_power,emg_power_low,emg_power_mid,emg_power_high,class_name
22.256525513586784,23.672127037853905,3622.5346337112032,7.815383330469398,469180.9608832152,7630.435870589826,22009.526208423773,23.5619656813993,-0.7196177472179647,406.1227036385108,44.075196768366034,87.92835385950207,47.61981692341509,143.62710351153942,-18.36072909212733,419.4850146033449,49.978957031938,Non-Fatigue
