emg_rms,emg_mav,emg_variance,emg_std,emg_waveform_length,emg_zero_crossing,emg_ssc,emg_kurtosis,emg_skewness,emg_peak,emg_median_freq,emg_mean_freq,emg_peak_freq,emg_total_power,emg_power_low,emg_power_mid,emg_power_high,class_name
10.428317401334745,10.58853401418544,-1196.990684683546,13.363718917460758,338328.60651386995,18761.004705164232,26429.511296350905,12.873048340393218,1.134998757127022,327.352300762138,87.90285471401037,102.91764582620976,50.53664197852229,65.25067992602982,49.43695186312529,237.7268484758666,53.627911258570855,Non-Fatigue
