emg_rms,emg_mav,emg_variance,emg_std,emg_waveform_length,emg_zero_crossing,emg_ssc,emg_kurtosis,emg_skewness,emg_peak,emg_median_freq,emg_mean_freq,emg_peak_freq,emg_total_power,emg_power_low,emg_power_mid,emg_power_high,class_name
39.23533528293874,24.627882551580736,1202.315738828523,2.4419036767857847,579857.6769377453,17236.918301671765,27636.41493534713,15.378758945936738,1.2199979004370416,277.71075552356626,62.27521133042889,116.27782788229904,43.36875170937396,951.1756533691456,23.998298019924867,442.6081927553113,111.7230763396412,Non-Fatigue
