emg_rms,emg_mav,emg_variance,emg_std,emg_waveform_length,emg_zero_crossing,emg_ssc,emg_kurtosis,emg_skewness,emg_peak,emg_median_freq,emg_mean_freq,emg_peak_freq,emg_total_power,emg_power_low,emg_power_mid,emg_power_high,class_name
37.36051275580155,22.705211964237524,5332.934770225399,51.178848507558726,708681.5211088962,8692.905117073027,24759.340887516184,12.643902555983091,-1.289454929625355,435.87758347700907,64.69420067917362,100.6502156365608,50.31773192917187,872.9596958723585,282.8728950891758,47.04934153642768,33.643252204890715,Non-Fatigue
