emg_rms,emg_mav,emg_variance,emg_std,emg_waveform_length,emg_zero_crossing,emg_ssc,emg_kurtosis,emg_skewness,emg_peak,emg_median_freq,emg_mean_freq,emg_peak_freq,emg_total_power,emg_power_low,emg_power_mid,emg_power_high,class_name
11.642341084261869,13.667936953664675,6196.43298413792,47.626265326711376,546337.5903617174,17135.07740094117,27637.72183508812,8.836633738813399,0.8878028538832418,432.0645103403637,59.26844612035694,96.43181003969497,65.48028154512915,467.2753634348897,168.64005130600384,18.385899355454683,114.6354444415297,Non-Fatigue
