emg_rms,emg_mav,emg_variance,emg_std,emg_waveform_length,emg_zero_crossing,emg_ssc,emg_kurtosis,emg_skewness,emg_peak,emg_median_freq,emg_mean_freq,emg_peak_freq,emg_total_power,emg_power_low,emg_power_mid,emg_power_high,class_name
38.550129440701525,18.509028691914228,2631.4367878395515,39.32658122109449,763036.2698122622,10769.691609060836,25116.257170682,20.52649614366112,0.7019717817088993,406.8620796397225,64.43356156937868,125.59707036701566,46.35900834383625,805.9731100575198,-21.187951651382637,77.33379508774277,82.7727959743901,Non-Fatigue
