emg_rms,emg_mav,emg_variance,emg_std,emg_waveform_length,emg_zero_crossing,emg_ssc,emg_kurtosis,emg_skewness,emg_peak,emg_median_freq,emg_mean_freq,emg_peak_freq,emg_total_power,emg_power_low,emg_power_mid,emg_power_high,class_name
38.8952317906212,11.469725281232725,886.592212689918,27.814709629308137,850160.9625806378,14115.89542943629,22888.673666537245,15.523813366295965,-0.077458199201999,556.9223107993647,91.35458601702967,71.49291814292776,67.53430350662475,584.0293836613757,-57.519592931430026,431.1937741896156,51.86494644787039,Non-Fatigue
