emg_rms,emg_mav,emg_variance,emg_std,emg_waveform_length,emg_zero_crossing,emg_ssc,emg_kurtosis,emg_skewness,emg_peak,emg_median_freq,emg_mean_freq,emg_peak_freq,emg_total_power,emg_power_low,emg_power_mid,emg_power_high,class_name
43.14011676515167,23.38195693426954,3349.196564516036,44.81262711138804,661800.3607541537,15648.465123472712,27828.57668832601,17.214081348742674,0.1528414415887787,443.2483251396453,85.41963202513948,87.2209885340198,54.51610348943811,142.99425182157188,-82.41221067688653,234.30758667672117,61.489349327390514,Non-Fatigue
