emg_rms,emg_mav,emg_variance,emg_std,emg_waveform_length,emg_zero_crossing,emg_ssc,emg_kurtosis,emg_skewness,emg_peak,emg_median_freq,emg_mean_freq,emg_peak_freq,emg_total_power,emg_power_low,emg_power_mid,emg_power_high,class_name
40.19254885652634,28.963515983816528,1210.2466964373202,39.48595968787308,609817.1850452854,5258.581987145894,21948.43096807644,18.53249474597781,-1.836362607754122,518.786286454686,66.27218521012861,104.3366941923282,51.16238066732652,-24.15782038014595,63.04293016951986,47.35844199482494,2.846549317640424,Non-Fatigue
