emg_rms,emg_mav,emg_variance,emg_std,emg_waveform_length,emg_zero_crossing,emg_ssc,emg_kurtosis,emg_skewness,emg_peak,emg_median_freq,emg_mean_freq,emg_peak_freq,emg_total_power,emg_power_low,emg_power_mid,emg_power_high,class_name
43.68526092550472,13.796782064948566,90.60019399577936,51.43708535472093,537863.6482732237,15389.981012246995,32238.42807591602,11.92530882886154,-0.5480677474295682,450.832601205419,88.03275947287602,71.49918433688032,66.4738612169354,835.1711693185058,273.5208722678396,789.7465604653718,41.60250720398331,Non-Fatigue
