emg_rms,emg_mav,emg_variance,emg_std,emg_waveform_length,emg_zero_crossing,emg_ssc,emg_kurtosis,emg_skewness,emg_peak,emg_median_freq,emg_mean_freq,emg_peak_freq,emg_total_power,emg_power_low,emg_power_mid,emg_power_high,class_name
34.00581960233191,21.162304835531856,3515.120235922446,42.474588168966704,769311.8152405261,13456.697212987448,20357.665635298952,17.823210239441988,0.8529348255706659,341.2300398999091,75.31361425346581,78.70048109429332,66.64296117635229,785.4035355556515,140.01033015376402,801.580425922491,39.61025520449715,Non-Fatigue
