emg_rms,emg_mav,emg_variance,emg_std,emg_waveform_length,emg_zero_crossing,emg_ssc,emg_kurtosis,emg_skewness,emg_peak,emg_median_freq,emg_mean_freq,emg_peak_freq,emg_total_power,emg_power_low,emg_power_mid,emg_power_high,class_name
10.020421054199002,10.764888139086066,-529.1322128227314,26.19551917756936,473085.9211712617,8349.081212954323,30490.010155601594,17.70787002845766,-0.355360431010328,435.3963018016752,61.16034643755545,106.59226052822034,79.44097638768834,283.7847232249071,227.7752486169327,128.1502157488808,19.57900871847636,Non-Fatigue
