emg_rms,emg_mav,emg_variance,emg_std,emg_waveform_length,emg_zero_crossing,emg_ssc,emg_kurtosis,emg_skewness,emg_peak,emg_median_freq,emg_mean_freq,emg_peak_freq,emg_total_power,emg_power_low,emg_power_mid,emg_power_high,class_name
24.47511947728472,25.445694854726305,2109.279111724592,55.88896493055576,438736.4896689084,9413.22037758665,25301.131170241504,20.489734110515805,-0.2133520592126689,429.7042686429527,62.09372180071888,99.02818640063616,57.99625934766438,417.96489509463726,-6.400369147269444,156.90430378524877,36.83969387479665,Non-Fatigue
