emg_rms,emg_mav,emg_variance,emg_std,emg_waveform_length,emg_zero_crossing,emg_ssc,emg_kurtosis,emg_skewness,emg_peak,emg_median_freq,emg_mean_freq,emg_peak_freq,emg_total_power,emg_power_low,emg_power_mid,emg_power_high,class_name
30.296891195551424,10.189431891382624,-821.6954171198215,33.87486285855306,410509.5816518549,11575.68094743463,28775.410185862656,16.004559951475194,-0.9034047851860012,342.1933955121613,83.49167878981993,78.9970981845812,68.11354101374707,754.4815321511662,62.096571137314776,-91.74389370837127,28.99042427048988,Non-Fatigue
