emg_rms,emg_mav,emg_variance,emg_std,emg_waveform_length,emg_zero_crossing,emg_ssc,emg_kurtosis,emg_skewness,emg_peak,emg_median_freq,emg_mean_freq,emg_peak_freq,emg_total_power,emg_power_low,emg_power_mid,emg_power_high,class_name
63.99426942095997,22.78303356877124,349.51325617700377,51.74588933936706,692849.786607786,21581.116551516447,24195.427142080407,18.45004678406041,0.3676450703125435,574.9150853537963,89.46595460252483,113.14967713848318,58.96016816001552,-9.758584640053924,-57.8124798197756,319.8415482632106,61.7212894975636,Non-Fatigue
