emg_rms,emg_mav,emg_variance,emg_std,emg_waveform_length,emg_zero_crossing,emg_ssc,emg_kurtosis,emg_skewness,emg_peak,emg_median_freq,emg_mean_freq,emg_peak_freq,emg_total_power,emg_power_low,emg_power_mid,emg_power_high,class_name
50.83543581866991,25.005304792926676,4143.550786464333,45.65577077264192,344151.9747939111,14301.056126800302,28890.35995120555,6.764315580166942,1.8758504716576645,362.67849925526815,90.29124256360402,82.22181280648587,60.66970699314313,-244.02000486648643,91.26628617878558,554.2751824336767,-1.37576036082352,Non-Fatigue
