emg_rms,emg_mav,emg_variance,emg_std,emg_waveform_length,emg_zero_crossing,emg_ssc,emg_kurtosis,emg_skewness,emg_peak,emg_median_freq,emg_mean_freq,emg_peak_freq,emg_total_power,emg_power_low,emg_power_mid,emg_power_high,class_name
21.6404696187194,17.12402908100928,3429.930037720292,67.65750644485678,529559.3901379813,16286.60433809547,28828.091693329174,17.976334305080616,-0.0799087891300509,319.6162309092937,97.52556703600688,97.57290220782689,46.15565257886545,644.1695586573092,-76.39002978987335,230.1860947868964,36.32404991675161,Non-Fatigue
