emg_rms,emg_mav,emg_variance,emg_std,emg_waveform_length,emg_zero_crossing,emg_ssc,emg_kurtosis,emg_skewness,emg_peak,emg_median_freq,emg_mean_freq,emg_peak_freq,emg_total_power,emg_power_low,emg_power_mid,emg_power_high,class_name
43.08799889339294,8.163542696871188,-560.4201896363445,41.26102283903617,740797.858166438,15272.01364254078,22767.525995290503,20.534924502253546,0.0227487556237434,415.61458844238575,99.25605075789554,81.64116784094371,61.17162481418317,591.4195511120233,298.90905006482586,348.2669102312062,5.378696945761469,Non-Fatigue
