emg_rms,emg_mav,emg_variance,emg_std,emg_waveform_length,emg_zero_crossing,emg_ssc,emg_kurtosis,emg_skewness,emg_peak,emg_median_freq,emg_mean_freq,emg_peak_freq,emg_total_power,emg_power_low,emg_power_mid,emg_power_high,class_name
27.058465288266238,17.85300601805947,-839.6523598474948,37.77331149538919,442166.24492450536,10272.631190805958,30882.697219730573,14.224401103737504,-2.8371016882367504,391.8828833224423,93.71192047036796,97.19828735402966,42.89114375996952,-39.80668613847894,110.46539539580696,354.80991769148795,15.335548828568754,Non-Fatigue
