emg_rms,emg_mav,emg_variance,emg_std,emg_waveform_length,emg_zero_crossing,emg_ssc,emg_kurtosis,emg_skewness,emg_peak,emg_median_freq,emg_mean_freq,emg_peak_freq,emg_total_power,emg_power_low,emg_power_mid,emg_power_high,class_name
73.04889381058459,28.436979374113648,2090.699257945469,40.0387876479009,620864.3770264728,10607.779034080831,31915.63517683258,12.30514832719682,-0.8691931196339354,615.7723630751144,77.63865040023641,97.72217784036324,45.49584054693121,-367.5317004555452,190.8452115364871,673.3991211223847,75.68656578285257,Non-Fatigue
