emg_rms,emg_mav,emg_variance,emg_std,emg_waveform_length,emg_zero_crossing,emg_ssc,emg_kurtosis,emg_skewness,emg_peak,emg_median_freq,emg_mean_freq,emg_peak_freq,emg_total_power,emg_power_low,emg_power_mid,emg_power_high,class_name
43.49610527143114,22.81989914479286,1090.1820425235985,30.61502090292136,365500.67370447016,14485.235408106884,30912.40846216253,11.240576252212234,-0.9825530705811076,564.3959352703216,96.22480676960568,95.52415006481192,55.86120785865158,218.60487079825205,-6.084764166450853,93.17806959385229,45.8821041125823,Non-Fatigue
