emg_rms,emg_mav,emg_variance,emg_std,emg_waveform_length,emg_zero_crossing,emg_ssc,emg_kurtosis,emg_skewness,emg_peak,emg_median_freq,emg_mean_freq,emg_peak_freq,emg_total_power,emg_power_low,emg_power_mid,emg_power_high,class_name
39.97522277856914,20.139424082574223,1983.323537305436,32.622140049553664,542202.7510851546,12851.407761234424,21660.913882065983,17.814458592931167,3.6015188009685337,517.5131478264881,98.88125678005032,122.45444498629556,48.71041530163124,-35.345824677704684,244.99403538014184,485.1496027790946,24.5814308519624,Non-Fatigue
