emg_rms,emg_mav,emg_variance,emg_std,emg_waveform_length,emg_zero_crossing,emg_ssc,emg_kurtosis,emg_skewness,emg_peak,emg_median_freq,emg_mean_freq,emg_peak_freq,emg_total_power,emg_power_low,emg_power_mid,emg_power_high,class_name
44.07979401394353,15.314873550054624,156.9109782384228,48.3501463671972,442444.7185512332,17394.32470692129,31035.88531421654,23.996865916399933,-0.9852469783891764,223.8088705598216,55.36813579416604,93.6318263341444,61.72151088316178,169.536547502808,21.88747785027356,-155.68442216454162,57.45444604003818,Non-Fatigue
