emg_rms,emg_mav,emg_variance,emg_std,emg_waveform_length,emg_zero_crossing,emg_ssc,emg_kurtosis,emg_skewness,emg_peak,emg_median_freq,emg_mean_freq,emg_peak_freq,emg_total_power,emg_power_low,emg_power_mid,emg_power_high,class_name
11.990028601869517,10.523599064638502,1499.009153509598,81.27676364500277,520224.9612050284,11848.888250578242,28927.303793511783,22.28074080632315,0.9850032037211246,599.185121053833,64.86461646913142,74.0431670795784,47.67655349496536,720.6749539025218,248.57293457564344,318.7216321441219,71.44397662065055,Non-Fatigue
