emg_rms,emg_mav,emg_variance,emg_std,emg_waveform_length,emg_zero_crossing,emg_ssc,emg_kurtosis,emg_skewness,emg_peak,emg_median_freq,emg_mean_freq,emg_peak_freq,emg_total_power,emg_power_low,emg_power_mid,emg_power_high,class_name
46.10328027212507,13.978942099451018,-458.41892338889033,29.500052801944143,419856.8235404532,8726.079819213239,21975.205821850177,15.980239974136287,0.128100456523577,468.41619867323607,138.96977061560088,101.00559676978028,58.99866778975285,535.7386433972729,58.03127500429782,188.1254393282628,99.09132137091817,Non-Fatigue
