emg_rms,emg_mav,emg_variance,emg_std,emg_waveform_length,emg_zero_crossing,emg_ssc,emg_kurtosis,emg_skewness,emg_peak,emg_median_freq,emg_mean_freq,emg_peak_freq,emg_total_power,emg_power_low,emg_power_mid,emg_power_high,class_name
22.956738848838626,11.083608741281296,1773.6699048636724,27.10072178708942,483519.8323805183,10343.995603313862,28910.978065150717,5.343407903951649,-2.4340266317678614,618.9298961752381,65.39909548039014,91.27043047611348,58.447479623291656,811.8185095327545,-27.17428038587697,19.72204016906033,31.38222829136665,Non-Fatigue
