emg_rms,emg_mav,emg_variance,emg_std,emg_waveform_length,emg_zero_crossing,emg_ssc,emg_kurtosis,emg_skewness,emg_peak,emg_median_freq,emg_mean_freq,emg_peak_freq,emg_total_power,emg_power_low,emg_power_mid,emg_power_high,class_name
47.19743200882423,20.37011737122961,2337.9345072243987,28.95638313493555,665511.874908797,18187.795595527165,30504.20700525846,3.063760570604117,0.9130151562151309,511.28604810153166,80.8513356223355,78.19331318928324,61.359763403184,826.0975396504106,28.98085841059032,236.17448441061208,21.737462033369116,Non-Fatigue
