emg_rms,emg_mav,emg_variance,emg_std,emg_waveform_length,emg_zero_crossing,emg_ssc,emg_kurtosis,emg_skewness,emg_peak,emg_median_freq,emg_mean_freq,emg_peak_freq,emg_total_power,emg_power_low,emg_power_mid,emg_power_high,class_name
19.623698935118647,22.152065218150334,3278.2334491843494,9.434259201506883,874040.2705188754,21842.94701176824,24704.313871093447,13.572634256928945,0.7015376014294363,492.8509461081396,68.18156584990972,83.8280181151245,69.60888233824019,828.3376345356075,-28.80873433993858,590.7393324574512,63.71951468511597,Non-Fatigue
