emg_rms,emg_mav,emg_variance,emg_std,emg_waveform_length,emg_zero_crossing,emg_ssc,emg_kurtosis,emg_skewness,emg_peak,emg_median_freq,emg_mean_freq,emg_peak_freq,emg_total_power,emg_power_low,emg_power_mid,emg_power_high,class_name
28.02609156654069,13.954714365091531,2823.3321493913004,39.62452301339964,478846.45969817135,11227.943899809805,29634.246747248104,23.52514989612745,2.187891611564858,181.75853851516888,70.76793412410953,119.93908182407822,55.03125872152162,543.8183066781636,81.20888832124933,701.8663938011142,94.4307349099305,Non-Fatigue
