emg_rms,emg_mav,emg_variance,emg_std,emg_waveform_length,emg_zero_crossing,emg_ssc,emg_kurtosis,emg_skewness,emg_peak,emg_median_freq,emg_mean_freq,emg_peak_freq,emg_total_power,emg_power_low,emg_power_mid,emg_power_high,class_name
34.29726416984948,16.194627387292446,-1661.759666757892,56.067938453481176,304047.9874825109,10214.975726930235,29722.28935795264,9.631808022193823,0.4111993501314344,383.5561278010705,72.5398170467916,102.57742018014628,48.78812893524254,449.5205899931796,129.35242920087734,329.23191983143664,35.48094160184611,Non-Fatigue
