emg_rms,emg_mav,emg_variance,emg_std,emg_waveform_length,emg_zero_crossing,emg_ssc,emg_kurtosis,emg_skewness,emg_peak,emg_median_freq,emg_mean_freq,emg_peak_freq,emg_total_power,emg_power_low,emg_power_mid,emg_power_high,class_name
29.448864560378677,18.780372235256237,785.3302820378428,21.812519677461967,461281.2176597833,12665.954570267815,22608.734948805966,13.921817007147396,0.0760339829893756,459.065911889401,63.56219915423552,87.78545638792315,57.06491449371092,598.4041689034477,246.92276420242692,643.0603696319322,46.65478225130954,Non-Fatigue
