emg_rms,emg_mav,emg_variance,emg_std,emg_waveform_length,emg_zero_crossing,emg_ssc,emg_kurtosis,emg_skewness,emg_peak,emg_median_freq,emg_mean_freq,emg_peak_freq,emg_total_power,emg_power_low,emg_power_mid,emg_power_high,class_name
4.781749123254812,20.2270795088114,-78.56219486631676,24.23290415303412,651899.1412232029,15338.745726093424,28789.68557515991,16.18663459221767,1.4777879142634784,399.1945945390668,91.52244111655006,91.487977120842,57.10731252354977,370.9454866199318,36.16951321050582,154.74930840734075,8.929752847180794,Non-Fatigue
