emg_rms,emg_mav,emg_variance,emg_std,emg_waveform_length,emg_zero_crossing,emg_ssc,emg_kurtosis,emg_skewness,emg_peak,emg_median_freq,emg_mean_freq,emg_peak_freq,emg_total_power,emg_power_low,emg_power_mid,emg_power_high,class_name
22.36371528733972,34.19832838529314,6732.780102137434,40.831809488049984,515633.0448424035,19594.51415041751,28863.406844394583,14.070568708085275,-0.7657974169397076,291.31031718487606,93.97821074688194,96.64470246407036,47.73464982984095,269.97532727977693,24.054702505853925,667.0579946516032,112.04611150978953,Non-Fatigue
