emg_rms,emg_mav,emg_variance,emg_std,emg_waveform_length,emg_zero_crossing,emg_ssc,emg_kurtosis,emg_skewness,emg_peak,emg_median_freq,emg_mean_freq,emg_peak_freq,emg_total_power,emg_power_low,emg_power_mid,emg_power_high,class_name
23.13327820823064,17.178059100056103,790.7422931120279,22.384712553374875,711045.3819579533,11812.373301116222,24946.788214565717,21.89289445017146,-1.4200350256821317,716.014365541112,92.16994946883484,66.8541062533476,50.19793764397765,440.9505274879404,54.390675462889874,52.51010806453189,87.84196278171234,Non-Fatigue
