emg_rms,emg_mav,emg_variance,emg_std,emg_waveform_length,emg_zero_crossing,emg_ssc,emg_kurtosis,emg_skewness,emg_peak,emg_median_freq,emg_mean_freq,emg_peak_freq,emg_total_power,emg_power_low,emg_power_mid,emg_power_high,class_name
32.9992220171977,11.014041308470215,145.7169484402218,39.92962372395992,601250.5977346515,5293.344635539547,21536.014463802298,20.88368183024557,0.4349042453928703,294.94136553931946,92.37751789266422,88.25076716334738,65.93246411006731,1276.0010189215752,199.78696511049705,255.4804564055695,22.719685032520005,Non-Fatigue
