emg_rms,emg_mav,emg_variance,emg_std,emg_waveform_length,emg_zero_crossing,emg_ssc,emg_kurtosis,emg_skewness,emg_peak,emg_median_freq,emg_mean_freq,emg_peak_freq,emg_total_power,emg_power_low,emg_power_mid,emg_power_high,class_name
16.591449738282286,6.420483038262002,2449.8991955807505,27.781207312937106,554914.6004385345,14344.90025752665,25892.08037525725,14.975108231435556,-0.0905158209745698,475.3061941021771,61.32644714091218,119.76439022857387,73.87599714975639,317.63908401864296,130.76113512907372,192.6234244218717,55.459058421511,Non-Fatigue
