emg_rms,emg_mav,emg_variance,emg_std,emg_waveform_length,emg_zero_crossing,emg_ssc,emg_kurtosis,emg_skewness,emg_peak,emg_median_freq,emg_mean_freq,emg_peak_freq,emg_total_power,emg_power_low,emg_power_mid,emg_power_high,class_name
76.1866856238594,12.98370619392874,2132.242651417788,39.12755567602623,779764.5217722829,14135.541999030638,20566.81223275307,17.593514354900645,-0.1584411777300511,524.7246805132351,83.6162844757971,85.97301652673916,47.201508048457285,671.8099768949118,85.83886070322131,534.2284942462043,19.73399401465704,Non-Fatigue
