emg_rms,emg_mav,emg_variance,emg_std,emg_waveform_length,emg_zero_crossing,emg_ssc,emg_kurtosis,emg_skewness,emg_peak,emg_median_freq,emg_mean_freq,emg_peak_freq,emg_total_power,emg_power_low,emg_power_mid,emg_power_high,class_name
41.385188596273984,14.695980276827092,6877.494657318384,44.49450036849203,736769.5614778427,18162.74272893872,27828.410373633447,21.04895461437215,0.2125838015877725,437.5575077805561,88.28785582611084,97.40613722504028,54.33760195634048,825.482715922198,47.600357574570566,514.0543067039014,35.708365386158576,Non-Fatigue
