emg_rms,emg_mav,emg_variance,emg_std,emg_waveform_length,emg_zero_crossing,emg_ssc,emg_kurtosis,emg_skewness,emg_peak,emg_median_freq,emg_mean_freq,emg_peak_freq,emg_total_power,emg_power_low,emg_power_mid,emg_power_high,class_name
70.24745560092609,21.056976668975278,3871.6657467731143,30.47420140865657,567240.1440515042,7957.897759962652,30672.14595818957,13.056406972737689,-1.2965196008275304,418.147332982363,68.38146276860431,106.80185147778847,41.55259543791787,-133.4230924312305,107.56718183975585,1183.5374772304922,43.36932372624382,Non-Fatigue
