emg_rms,emg_mav,emg_variance,emg_std,emg_waveform_length,emg_zero_crossing,emg_ssc,emg_kurtosis,emg_skewness,emg_peak,emg_median_freq,emg_mean_freq,emg_peak_freq,emg_total_power,emg_power_low,emg_power_mid,emg_power_high,class_name
48.18816579637279,16.078472987361693,457.5076797935362,2.3470211058817085,844217.899591151,10727.895904858666,33986.768748229886,15.015011285332822,0.9541575667003664,544.7879838295306,70.81446801640584,76.96340959615569,60.72923697931057,-108.65812027187523,204.0221953527181,319.6330276967876,119.4331623300768,Non-Fatigue
