emg_rms,emg_mav,emg_variance,emg_std,emg_waveform_length,emg_zero_crossing,emg_ssc,emg_kurtosis,emg_skewness,emg_peak,emg_median_freq,emg_mean_freq,emg_peak_freq,emg_total_power,emg_power_low,emg_power_mid,emg_power_high,class_name
50.15604602517826,13.347045107473829,1254.415788128138,17.015913710346418,238968.24970540177,8420.684203365865,29006.70342400119,12.043064614930373,-1.9379192655623656,364.0572631170312,78.285202433858,95.26821254604046,39.75681874134297,258.9097155699476,119.7603254006814,97.58900982149694,-0.8092534787760286,Non-Fatigue
