emg_rms,emg_mav,emg_variance,emg_std,emg_waveform_length,emg_zero_crossing,emg_ssc,emg_kurtosis,emg_skewness,emg_peak,emg_median_freq,emg_mean_freq,emg_peak_freq,emg_total_power,emg_power_low,emg_power_mid,emg_power_high,class_name
39.557729144929056,32.91415352208086,1071.502682957103,-3.4685263613378936,375298.1931379096,14232.804433306525,24291.360414629115,18.88396375892894,1.197594389731238,646.6771353188816,79.77168580260096,101.78658732542898,61.94827473350054,851.2629851386929,36.53366207559597,-107.10113497267048,99.4180181843661,Non-Fatigue
