emg_rms,emg_mav,emg_variance,emg_std,emg_waveform_length,emg_zero_crossing,emg_ssc,emg_kurtosis,emg_skewness,emg_peak,emg_median_freq,emg_mean_freq,emg_peak_freq,emg_total_power,emg_power_low,emg_power_mid,emg_power_high,class_name
39.16014106012925,23.887723239489585,3174.719575796736,54.65979498437955,781787.6650684539,12535.383107204983,32292.424449524737,22.61239728371452,-0.7405900334001668,493.6320895890294,68.93887580646984,125.20115479407932,56.34627352451516,809.8415374413285,247.52788782919208,-476.3642587443976,149.84232436187847,Non-Fatigue
