emg_rms,emg_mav,emg_variance,emg_std,emg_waveform_length,emg_zero_crossing,emg_ssc,emg_kurtosis,emg_skewness,emg_peak,emg_median_freq,emg_mean_freq,emg_peak_freq,emg_total_power,emg_power_low,emg_power_mid,emg_power_high,class_name
23.970962389623494,16.89291528982229,1431.011781517515,53.591269206972704,550746.9287885424,18723.89343944532,27080.422136035497,19.57062954333917,0.1246966224677656,456.4879476191196,92.54330226789082,105.7150778224638,66.86039018408547,1149.2299538260202,166.1872355422061,285.5961651265732,21.602503929242275,Non-Fatigue
