emg_rms,emg_mav,emg_variance,emg_std,emg_waveform_length,emg_zero_crossing,emg_ssc,emg_kurtosis,emg_skewness,emg_peak,emg_median_freq,emg_mean_freq,emg_peak_freq,emg_total_power,emg_power_low,emg_power_mid,emg_power_high,class_name
43.961595495639855,21.329941602666278,2031.8830884493784,50.61175816144837,616006.7101146018,13209.591340229892,22577.93829880234,21.191866920402127,3.034388573368978,537.2893206365891,70.76710148830087,119.8755434595362,61.185872034821465,517.4655025209038,55.68312012924798,330.9125373992429,70.5480075974917,Non-Fatigue
