emg_rms,emg_mav,emg_variance,emg_std,emg_waveform_length,emg_zero_crossing,emg_ssc,emg_kurtosis,emg_skewness,emg_peak,emg_median_freq,emg_mean_freq,emg_peak_freq,emg_total_power,emg_power_low,emg_power_mid,emg_power_high,class_name
8.082810097297408,15.563837166650636,-423.1815738488015,20.486336308268555,430487.417394692,16893.542692081617,21295.828080284777,14.928378776012458,-2.1847259986358267,570.8166035375401,77.77469261035591,110.68837932391176,68.06153841817542,958.886065148843,89.87621121505391,168.11723956731504,22.90864269591286,Non-Fatigue
