emg_rms,emg_mav,emg_variance,emg_std,emg_waveform_length,emg_zero_crossing,emg_ssc,emg_kurtosis,emg_skewness,emg_peak,emg_median_freq,emg_mean_freq,emg_peak_freq,emg_total_power,emg_power_low,emg_power_mid,emg_power_high,class_name
55.026752171586985,13.246624381781224,1525.470427777233,35.49569740320441,314691.9598424714,16001.497151877053,26832.03787044372,17.752835260234118,1.0306161124427586,504.1121904862494,54.54468694338948,95.52594903747077,60.8610578725189,935.6492614921946,113.10862755783776,213.03933978317124,14.37057316754266,Non-Fatigue
