emg_rms,emg_mav,emg_variance,emg_std,emg_waveform_length,emg_zero_crossing,emg_ssc,emg_kurtosis,emg_skewness,emg_peak,emg_median_freq,emg_mean_freq,emg_peak_freq,emg_total_power,emg_power_low,emg_power_mid,emg_power_high,class_name
16.42623991220453,23.19214097374581,2827.591930185924,70.13033790710224,692676.4757831761,14563.591828527917,32383.4434336509,20.1680791219549,-0.703466551551628,328.9525323446829,68.53514726615775,110.63896605320085,48.59951894092322,1160.4904367005497,224.51593485259784,531.151210151864,32.05803685411615,Non-Fatigue
