emg_rms,emg_mav,emg_variance,emg_std,emg_waveform_length,emg_zero_crossing,emg_ssc,emg_kurtosis,emg_skewness,emg_peak,emg_median_freq,emg_mean_freq,emg_peak_freq,emg_total_power,emg_power_low,emg_power_mid,emg_power_high,class_name
48.85656901782605,26.793410832088213,4798.3467200207215,38.51416167121138,625478.8620858184,20590.45342351633,22137.6771697308,16.977003065021158,-0.3183773601340508,508.02888391977416,88.30555073232611,96.41721554486212,60.93594165518096,602.9821818326685,-0.5515993909518784,-58.37568415297852,78.1378468952627,Non-Fatigue
