emg_rms,emg_mav,emg_variance,emg_std,emg_waveform_length,emg_zero_crossing,emg_ssc,emg_kurtosis,emg_skewness,emg_peak,emg_median_freq,emg_mean_freq,emg_peak_freq,emg_total_power,emg_power_low,emg_power_mid,emg_power_high,class_name
30.033838674973197,15.0548971043308,-556.0364332052234,39.97427484130783,396044.54823151167,17487.854211611215,29482.42524264996,17.027131096886396,-1.0328029488710326,349.5441087099549,103.24968849825872,93.330859153764,54.36641198612797,882.1780487995202,48.67061688665089,251.7368708993964,55.915539956284455,Non-Fatigue
