emg_rms,emg_mav,emg_variance,emg_std,emg_waveform_length,emg_zero_crossing,emg_ssc,emg_kurtosis,emg_skewness,emg_peak,emg_median_freq,emg_mean_freq,emg_peak_freq,emg_total_power,emg_power_low,emg_power_mid,emg_power_high,class_name
31.08868315253316,19.48540365288561,188.62321485696225,59.89539748062409,567133.8953603681,18522.97808847026,26945.43963296054,14.039361694650555,-0.7858344073327067,648.3770674745185,71.10756749460543,99.36468331684614,40.74329840410338,169.9991713364302,21.220246820587583,788.5235429277476,48.54234041032068,Non-Fatigue
