emg_rms,emg_mav,emg_variance,emg_std,emg_waveform_length,emg_zero_crossing,emg_ssc,emg_kurtosis,emg_skewness,emg_peak,emg_median_freq,emg_mean_freq,emg_peak_freq,emg_total_power,emg_power_low,emg_power_mid,emg_power_high,class_name
36.7052620713237,15.719659405382403,1197.3834511534542,52.23526013502023,388267.9637941655,13540.11957316498,28485.202148783585,20.82697107788826,0.6572851468524941,147.52988293974374,77.37198713951629,83.26433274776755,69.0000937061022,949.3625355681952,32.34437923191677,242.4570551192205,127.2533712842697,Non-Fatigue
