emg_rms,emg_mav,emg_variance,emg_std,emg_waveform_length,emg_zero_crossing,emg_ssc,emg_kurtosis,emg_skewness,emg_peak,emg_median_freq,emg_mean_freq,emg_peak_freq,emg_total_power,emg_power_low,emg_power_mid,emg_power_high,class_name
18.558688565673297,8.330995694552797,2463.7921472978464,58.66700328569729,456935.21620665176,15222.825007214728,30168.79922883148,13.917738419054428,2.022695661320387,455.5615083164192,68.37534623686513,99.57390216970832,56.528080115345325,170.30898008531557,163.14061596459908,179.77636135057824,74.03939545987916,Non-Fatigue
