emg_rms,emg_mav,emg_variance,emg_std,emg_waveform_length,emg_zero_crossing,emg_ssc,emg_kurtosis,emg_skewness,emg_peak,emg_median_freq,emg_mean_freq,emg_peak_freq,emg_total_power,emg_power_low,emg_power_mid,emg_power_high,class_name
57.52869949479552,23.54820993177652,-287.9387594157761,27.822549303281363,324234.2310616818,16079.642142220808,26308.50390349398,15.11382133887242,1.0387864000553586,531.13091952887,80.8913206103545,115.01073146018712,74.08412045734798,688.1266084108715,116.32051915459192,381.38670715509846,35.908843330516035,Non-Fatigue
