emg_rms,emg_mav,emg_variance,emg_std,emg_waveform_length,emg_zero_crossing,emg_ssc,emg_kurtosis,emg_skewness,emg_peak,emg_median_freq,emg_mean_freq,emg_peak_freq,emg_total_power,emg_power_low,emg_power_mid,emg_power_high,class_name
57.53961975755536,3.5053878899625914,3404.1784170926644,32.21731935315517,612204.8506768785,10754.925118628926,21729.013712421955,10.529839956294245,1.412345741378446,444.3214075320228,81.32467526827224,84.91133162696262,58.32523423369143,922.5914198250184,75.00074053892962,536.7923957315982,65.10755645295771,Non-Fatigue
