emg_rms,emg_mav,emg_variance,emg_std,emg_waveform_length,emg_zero_crossing,emg_ssc,emg_kurtosis,emg_skewness,emg_peak,emg_median_freq,emg_mean_freq,emg_peak_freq,emg_total_power,emg_power_low,emg_power_mid,emg_power_high,class_name
32.31697893813146,4.855254170778121,4827.127250366361,9.7374661367394,860069.4838661655,9773.879103704026,21008.43636123075,22.781548817460543,-1.7341171388014065,616.3360607908995,69.9191127218192,103.34480791198423,50.95266459427137,741.501052264128,54.315605601233656,107.54897626971317,83.7791069484315,Non-Fatigue
