emg_rms,emg_mav,emg_variance,emg_std,emg_waveform_length,emg_zero_crossing,emg_ssc,emg_kurtosis,emg_skewness,emg_peak,emg_median_freq,emg_mean_freq,emg_peak_freq,emg_total_power,emg_power_low,emg_power_mid,emg_power_high,class_name
12.094983108864415,22.09357161757667,1580.3046208162282,12.195721343602507,612219.4540901115,16780.11351276815,31555.498109788703,21.5701343299244,2.777918571575233,343.2511769974586,70.93895221653673,98.70894464799218,53.14324430001861,418.6183539792239,-21.07939533189976,377.280639493886,82.15263361429608,Non-Fatigue
