emg_rms,emg_mav,emg_variance,emg_std,emg_waveform_length,emg_zero_crossing,emg_ssc,emg_kurtosis,emg_skewness,emg_peak,emg_median_freq,emg_mean_freq,emg_peak_freq,emg_total_power,emg_power_low,emg_power_mid,emg_power_high,class_name
40.20212017795647,21.169602815783307,1565.026546181994,32.808738700505366,645976.6850152942,9250.087344732035,26021.55952838025,18.42680154885557,1.1987395037287525,337.0120502888252,102.7826558754771,93.94693396913586,56.2969752551266,544.9904083287397,169.61674060802764,-241.29625377430017,78.89131681636039,Non-Fatigue
