emg_rms,emg_mav,emg_variance,emg_std,emg_waveform_length,emg_zero_crossing,emg_ssc,emg_kurtosis,emg_skewness,emg_peak,emg_median_freq,emg_mean_freq,emg_peak_freq,emg_total_power,emg_power_low,emg_power_mid,emg_power_high,class_name
76.71040626446359,12.951006576108227,2737.3922690087406,35.22514903094829,1001989.0103347808,15899.011866082808,25138.59435843876,5.229645647521124,3.2835582566107484,382.69072153790535,83.99047403426478,84.93712459504759,50.06977054734662,464.7601523418538,258.91703340481985,255.6482378186495,33.71780241645119,Non-Fatigue
