emg_rms,emg_mav,emg_variance,emg_std,emg_waveform_length,emg_zero_crossing,emg_ssc,emg_kurtosis,emg_skewness,emg_peak,emg_median_freq,emg_mean_freq,emg_peak_freq,emg_total_power,emg_power_low,emg_power_mid,emg_power_high,class_name
62.55233401363208,22.07055677416647,1758.129359492065,41.76054589701066,610453.7656470427,13194.509645049304,30398.168237282986,20.59573602682888,1.687503059570997,338.1118030820302,98.21340084426674,101.21757891512917,43.16665164102602,789.4470511675037,-4.041111671973923,264.3819849705561,37.66642978687449,Non-Fatigue
