emg_rms,emg_mav,emg_variance,emg_std,emg_waveform_length,emg_zero_crossing,emg_ssc,emg_kurtosis,emg_skewness,emg_peak,emg_median_freq,emg_mean_freq,emg_peak_freq,emg_total_power,emg_power_low,emg_power_mid,emg_power_high,class_name
11.003302851613114,23.14233085734586,2827.2746792573266,34.03503042896719,875508.6414401118,13226.22012827103,20896.15023014613,16.17436934106669,0.9049122137600454,712.298276791218,61.688663040524816,111.35822041440306,58.85152997095846,1019.47517540277,120.5028613827401,-88.90726474125296,72.94049872497128,Non-Fatigue
