emg_rms,emg_mav,emg_variance,emg_std,emg_waveform_length,emg_zero_crossing,emg_ssc,emg_kurtosis,emg_skewness,emg_peak,emg_median_freq,emg_mean_freq,emg_peak_freq,emg_total_power,emg_power_low,emg_power_mid,emg_power_high,class_name
53.81022987149753,3.380509754027779,2823.5464787316128,27.07089068638372,730502.3097113245,14511.136764970244,31677.181907567163,9.32412927893334,1.5682046655338553,299.9007298640747,91.49964603562606,79.65219697421406,56.15694561448365,408.5151420897085,88.88471696589674,783.3267206490958,32.81627795819533,Non-Fatigue
