emg_rms,emg_mav,emg_variance,emg_std,emg_waveform_length,emg_zero_crossing,emg_ssc,emg_kurtosis,emg_skewness,emg_peak,emg_median_freq,emg_mean_freq,emg_peak_freq,emg_total_power,emg_power_low,emg_power_mid,emg_power_high,class_name
57.79705690409999,18.643068196165743,627.0766687760417,56.13213260554893,431252.0836475095,15349.718952161486,34520.872415128775,22.301065226266505,2.0093269212157945,281.0374282248514,76.077765032588,88.33632704213689,66.66480352471086,222.4422122198232,25.74214458719063,805.2782643442503,37.92989339947031,Non-Fatigue
