emg_rms,emg_mav,emg_variance,emg_std,emg_waveform_length,emg_zero_crossing,emg_ssc,emg_kurtosis,emg_skewness,emg_peak,emg_median_freq,emg_mean_freq,emg_peak_freq,emg_total_power,emg_power_low,emg_power_mid,emg_power_high,class_name
42.60110821140334,16.522375146610976,188.88968702047987,46.97952716843609,572597.9482661161,14280.417420152153,31560.35851271149,20.479296308672748,-1.905783497029884,435.9454625250455,93.18130548346927,80.88199247144777,52.1449260158749,778.7171160083958,43.28012813138744,140.0820076381545,26.636290475300157,Non-Fatigue
