emg_rms,emg_mav,emg_variance,emg_std,emg_waveform_length,emg_zero_crossing,emg_ssc,emg_kurtosis,emg_skewness,emg_peak,emg_median_freq,emg_mean_freq,emg_peak_freq,emg_total_power,emg_power_low,emg_power_mid,emg_power_high,class_name
32.34485107403293,20.519973911907723,2601.842049053795,46.288071589925856,509762.5132559111,15953.95901876699,29197.622588857725,14.418225941206584,0.7891901599645028,774.0610818876236,81.91136229667632,85.45871438814771,51.37300977658522,101.83960962361289,137.14747180720397,255.9466450506273,45.479992642985486,Non-Fatigue
