emg_rms,emg_mav,emg_variance,emg_std,emg_waveform_length,emg_zero_crossing,emg_ssc,emg_kurtosis,emg_skewness,emg_peak,emg_median_freq,emg_mean_freq,emg_peak_freq,emg_total_power,emg_power_low,emg_power_mid,emg_power_high,class_name
53.68756281893834,25.402038726666454,109.05542410532348,25.231840249491576,663258.2095028101,11849.431993119204,26490.899150373603,16.852055741334357,-1.2677767590253022,401.2385477289073,61.9180086907142,79.09459455718284,59.21597499018656,471.37447759789904,6.505932854176862,-352.44342484327746,107.18556089390408,Non-Fatigue
