emg_rms,emg_mav,emg_variance,emg_std,emg_waveform_length,emg_zero_crossing,emg_ssc,emg_kurtosis,emg_skewness,emg_peak,emg_median_freq,emg_mean_freq,emg_peak_freq,emg_total_power,emg_power_low,emg_power_mid,emg_power_high,class_name
85.68674153080367,21.12135094009805,-1407.7182863059863,19.42827148290685,163891.45229329512,17967.86076675252,30881.76000294528,18.76555544016866,-0.14066275100433,394.5623921093711,65.5471197042854,104.333198073409,41.84242974709048,188.27744943721487,11.76279257635069,537.7933043436626,91.74046815479264,Non-Fatigue
