emg_rms,emg_mav,emg_variance,emg_std,emg_waveform_length,emg_zero_crossing,emg_ssc,emg_kurtosis,emg_skewness,emg_peak,emg_median_freq,emg_mean_freq,emg_peak_freq,emg_total_power,emg_power_low,emg_power_mid,emg_power_high,class_name
31.242849733881847,20.210700485152163,1975.6420009553567,49.11447141337628,840967.7569998151,13649.621564346206,22888.99089480209,5.573812656419742,0.4714222293510831,258.9811539641555,66.92713389807103,70.61793425408943,66.25199542697999,242.04658910851543,172.32620153400012,222.5891198307562,75.87027494778131,Non-Fatigue
