emg_rms,emg_mav,emg_variance,emg_std,emg_waveform_length,emg_zero_crossing,emg_ssc,emg_kurtosis,emg_skewness,emg_peak,emg_median_freq,emg_mean_freq,emg_peak_freq,emg_total_power,emg_power_low,emg_power_mid,emg_power_high,class_name
26.0614023928654,24.227835233531035,3068.389533011134,32.55018122433701,839755.5279001077,10618.353676515171,30875.33969173425,28.011835646714168,0.4831378929470219,570.0984882349701,78.25146194842905,96.30716472325976,39.38559009499807,173.83088190910632,-1.3790764186027786,305.23615689468016,107.4397971781381,Non-Fatigue
