emg_rms,emg_mav,emg_variance,emg_std,emg_waveform_length,emg_zero_crossing,emg_ssc,emg_kurtosis,emg_skewness,emg_peak,emg_median_freq,emg_mean_freq,emg_peak_freq,emg_total_power,emg_power_low,emg_power_mid,emg_power_high,class_name
19.964216162295877,14.540224730357792,4121.124812245787,8.636960425081387,705906.874743026,15460.866604369556,24551.214097609387,23.405065414517605,-0.4659156858662122,391.2880566821816,81.18299974779455,76.48765484891729,63.99976405239404,-105.394371276458,98.82352869699936,268.03608904753486,83.65104070239695,Non-Fatigue
