emg_rms,emg_mav,emg_variance,emg_std,emg_waveform_length,emg_zero_crossing,emg_ssc,emg_kurtosis,emg_skewness,emg_peak,emg_median_freq,emg_mean_freq,emg_peak_freq,emg_total_power,emg_power_low,emg_power_mid,emg_power_high,class_name
35.0585166765308,24.95069988490556,1568.557974109238,24.31311570643617,534810.9138853205,13170.60397524374,27881.685313116857,16.148408249285055,0.2592105877470164,437.4223043064312,87.23226236684273,95.60668088115862,71.279531235411,134.1597589813353,187.28654201000492,477.8178131324668,76.79256520778438,Non-Fatigue
