emg_rms,emg_mav,emg_variance,emg_std,emg_waveform_length,emg_zero_crossing,emg_ssc,emg_kurtosis,emg_skewness,emg_peak,emg_median_freq,emg_mean_freq,emg_peak_freq,emg_total_power,emg_power_low,emg_power_mid,emg_power_high,class_name
66.6648055730632,11.877573496758313,3058.6170468473483,58.07078409645615,347522.9295452932,12263.801686309736,33545.6205741786,15.670924569562024,-0.314334871208582,82.29428258137625,65.90817937779451,86.11463165523539,71.91546122975075,974.5496050444224,86.17181947568966,431.617679432095,23.74719213397801,Non-Fatigue
