emg_rms,emg_mav,emg_variance,emg_std,emg_waveform_length,emg_zero_crossing,emg_ssc,emg_kurtosis,emg_skewness,emg_peak,emg_median_freq,emg_mean_freq,emg_peak_freq,emg_total_power,emg_power_low,emg_power_mid,emg_power_high,class_name
34.8183031610852,11.779189597960665,3533.634009642343,60.24329514347896,570687.969356774,10839.583425346524,29809.50734580121,14.386888576009852,-0.6401164988990341,319.51619497867256,54.00339284348928,96.05529293131394,41.20959380685419,956.6113934110932,139.41569454924468,185.3059698673904,26.67943479324077,Non-Fatigue
