emg_rms,emg_mav,emg_variance,emg_std,emg_waveform_length,emg_zero_crossing,emg_ssc,emg_kurtosis,emg_skewness,emg_peak,emg_median_freq,emg_mean_freq,emg_peak_freq,emg_total_power,emg_power_low,emg_power_mid,emg_power_high,class_name
37.24777233429059,28.34731768753346,989.06211556173,68.4620516142314,187138.19160696893,14213.277553183128,22972.93962935848,16.79806321197766,-0.0824819313061093,317.6881136962842,110.72785864533115,124.94833230961176,67.33460711112566,-1.275509831549698,72.54813246267153,336.71193568562927,97.55019624411504,Non-Fatigue
