emg_rms,emg_mav,emg_variance,emg_std,emg_waveform_length,emg_zero_crossing,emg_ssc,emg_kurtosis,emg_skewness,emg_peak,emg_median_freq,emg_mean_freq,emg_peak_freq,emg_total_power,emg_power_low,emg_power_mid,emg_power_high,class_name
47.35456503554298,20.70129054983197,3744.001601860677,44.62621963046797,578405.9520572753,17026.63723891007,25764.558053478948,17.57591871879686,0.3512492355044216,369.329299601244,48.67564070810657,81.43331251264674,39.37353687282895,694.6277471268044,-52.31544769071466,285.4618745588457,30.88119285742857,Non-Fatigue
