emg_rms,emg_mav,emg_variance,emg_std,emg_waveform_length,emg_zero_crossing,emg_ssc,emg_kurtosis,emg_skewness,emg_peak,emg_median_freq,emg_mean_freq,emg_peak_freq,emg_total_power,emg_power_low,emg_power_mid,emg_power_high,class_name
31.865535477772283,22.95324020977561,2905.139560067278,47.35546617723584,434618.2001898568,19325.973639975186,24142.832500424956,21.32340194102973,-0.8414001574200806,310.4524809993685,76.84226235269236,89.64356443577842,54.787397281999546,237.70004206296,212.1618908814021,595.6131000027253,64.37205470673855,Non-Fatigue
