emg_rms,emg_mav,emg_variance,emg_std,emg_waveform_length,emg_zero_crossing,emg_ssc,emg_kurtosis,emg_skewness,emg_peak,emg_median_freq,emg_mean_freq,emg_peak_freq,emg_total_power,emg_power_low,emg_power_mid,emg_power_high,class_name
48.30988324705239,28.605545086768245,-1804.212853106312,20.0402499710048,520473.4987908341,15952.28751748575,26861.461360582896,13.491450572225215,0.7609919465325388,311.54841378058404,75.15385582602015,107.2056561886823,46.44001404391382,199.113278986596,207.35185283806155,124.04689877780666,4.432500266995653,Non-Fatigue
