emg_rms,emg_mav,emg_variance,emg_std,emg_waveform_length,emg_zero_crossing,emg_ssc,emg_kurtosis,emg_skewness,emg_peak,emg_median_freq,emg_mean_freq,emg_peak_freq,emg_total_power,emg_power_low,emg_power_mid,emg_power_high,class_name
50.64985940736023,15.956080684074758,1212.9973245128128,27.91076386435,473834.89953735366,17236.179482254054,24091.47397595415,12.706076616627904,-0.2994045624524128,712.9582293786244,73.48485073237838,106.80159110753895,56.79161672535758,316.90859692089964,-47.459412161908446,363.5790715250895,87.76655899508123,Non-Fatigue
