emg_rms,emg_mav,emg_variance,emg_std,emg_waveform_length,emg_zero_crossing,emg_ssc,emg_kurtosis,emg_skewness,emg_peak,emg_median_freq,emg_mean_freq,emg_peak_freq,emg_total_power,emg_power_low,emg_power_mid,emg_power_high,class_name
32.84088755081734,19.420388203486954,3025.908209211145,21.8676348785089,582572.7364491016,10556.175403573525,20619.399879997705,14.305906370502925,0.1398148071597441,662.7123278426265,50.57986827572772,77.66892982931404,53.47203383580718,857.118802838333,-8.906729229468965,-184.10162503413056,39.27924850656765,Non-Fatigue
