emg_rms,emg_mav,emg_variance,emg_std,emg_waveform_length,emg_zero_crossing,emg_ssc,emg_kurtosis,emg_skewness,emg_peak,emg_median_freq,emg_mean_freq,emg_peak_freq,emg_total_power,emg_power_low,emg_power_mid,emg_power_high,class_name
53.89703602371834,31.14525207250344,5038.211810295355,50.97723413843496,354998.0524770856,13704.24773198337,31003.50515813229,15.365422123840183,-0.6844862037985985,468.1857990475309,97.41173419161134,103.31365493294516,68.89471294527607,757.701468856767,-17.26645718894345,93.06435469367108,81.05777359369492,Non-Fatigue
