emg_rms,emg_mav,emg_variance,emg_std,emg_waveform_length,emg_zero_crossing,emg_ssc,emg_kurtosis,emg_skewness,emg_peak,emg_median_freq,emg_mean_freq,emg_peak_freq,emg_total_power,emg_power_low,emg_power_mid,emg_power_high,class_name
35.52099067261128,19.786133957762527,2030.6266447752564,12.012115383839784,483450.08564234775,10520.215156333756,16185.175938834163,16.183485398832378,-1.699345006353877,465.9768704415656,86.44183347504296,88.44957671086739,59.12401448355945,-41.927886501794376,98.18887852238916,388.7162186008848,57.56120358128928,Non-Fatigue
