emg_rms,emg_mav,emg_variance,emg_std,emg_waveform_length,emg_zero_crossing,emg_ssc,emg_kurtosis,emg_skewness,emg_peak,emg_median_freq,emg_mean_freq,emg_peak_freq,emg_total_power,emg_power_low,emg_power_mid,emg_power_high,class_name
64.36633762372459,27.93175723060955,1141.1328106527592,29.882640910467277,565562.046768416,20535.469305200422,24618.430463760007,19.30305257366124,-1.0933036505030276,359.25446822047246,64.39280940015696,122.65784452393504,51.50211898956627,426.00633139073113,70.05552312530324,776.8871172825045,72.9099120889824,Non-Fatigue
