emg_rms,emg_mav,emg_variance,emg_std,emg_waveform_length,emg_zero_crossing,emg_ssc,emg_kurtosis,emg_skewness,emg_peak,emg_median_freq,emg_mean_freq,emg_peak_freq,emg_total_power,emg_power_low,emg_power_mid,emg_power_high,class_name
61.588069699076144,37.56343292357538,1724.2618855110563,32.44424204678638,696751.9399866846,11693.04253164419,23826.130741538003,23.91667806479993,-0.3855527432496658,395.2040310148357,102.3652965780788,97.2142611110367,56.57465096611346,675.0414724209267,179.04415148895075,402.2204820713905,99.58070987165704,Non-Fatigue
