emg_rms,emg_mav,emg_variance,emg_std,emg_waveform_length,emg_zero_crossing,emg_ssc,emg_kurtosis,emg_skewness,emg_peak,emg_median_freq,emg_mean_freq,emg_peak_freq,emg_total_power,emg_power_low,emg_power_mid,emg_power_high,class_name
42.66135953259997,10.9864426093269,-1738.5883297387395,28.8230084781718,402547.8637168729,13251.267526633736,26367.79241618651,16.849872738671245,2.793875212328455,616.8566622260728,97.76023793109324,82.25290314949669,59.24092408093841,-82.5274775167847,24.53141561537759,280.8778618633429,37.00812789402137,Non-Fatigue
