emg_rms,emg_mav,emg_variance,emg_std,emg_waveform_length,emg_zero_crossing,emg_ssc,emg_kurtosis,emg_skewness,emg_peak,emg_median_freq,emg_mean_freq,emg_peak_freq,emg_total_power,emg_power_low,emg_power_mid,emg_power_high,class_name
34.418198058813616,25.018795624276844,2486.6237539094946,8.64269527044225,489123.2882172264,12765.586563566649,24293.703798604296,13.675316278926273,-1.0081270283126278,347.3874499724876,73.13468002577082,122.76705339202194,59.15633894741456,-44.28050308073949,97.67694335955213,642.3614126449194,56.09389311431019,Non-Fatigue
