emg_rms,emg_mav,emg_variance,emg_std,emg_waveform_length,emg_zero_crossing,emg_ssc,emg_kurtosis,emg_skewness,emg_peak,emg_median_freq,emg_mean_freq,emg_peak_freq,emg_total_power,emg_power_low,emg_power_mid,emg_power_high,class_name
27.00470834803871,27.7757176351234,1750.1531963854704,24.97398844135701,630850.1620043785,12529.265604092094,25655.63065955585,22.28382833064047,1.1194688486690016,387.6447787762019,83.34387413145875,111.2754946315636,51.34070359580673,582.5089425883336,171.11748654419455,886.6096170314274,32.410329930751416,Non-Fatigue
