emg_rms,emg_mav,emg_variance,emg_std,emg_waveform_length,emg_zero_crossing,emg_ssc,emg_kurtosis,emg_skewness,emg_peak,emg_median_freq,emg_mean_freq,emg_peak_freq,emg_total_power,emg_power_low,emg_power_mid,emg_power_high,class_name
60.25886186571197,24.536739871814827,1503.8799488800184,8.070870142874718,421431.06783588696,15506.18273827591,24949.28501736961,22.09173729591474,-0.9477193445258928,702.6865742838388,60.70966830203338,98.13839730160768,52.8571007976194,1239.646198221321,131.91083509279608,416.5473897251193,59.39883898084479,Non-Fatigue
