emg_rms,emg_mav,emg_variance,emg_std,emg_waveform_length,emg_zero_crossing,emg_ssc,emg_kurtosis,emg_skewness,emg_peak,emg_median_freq,emg_mean_freq,emg_peak_freq,emg_total_power,emg_power_low,emg_power_mid,emg_power_high,class_name
56.15922197654065,0.7594544776895127,4372.4354288886125,46.58227019219257,482317.62006699934,12355.322102027578,31526.92894373409,9.085700015343257,-2.3209691296903032,529.9030096620104,88.24663157585286,98.87833656451612,63.65222562391635,176.0288553200254,93.30143642604628,523.0238325109106,79.13252353535566,Non-Fatigue
