emg_rms,emg_mav,emg_variance,emg_std,emg_waveform_length,emg_zero_crossing,emg_ssc,emg_kurtosis,emg_skewness,emg_peak,emg_median_freq,emg_mean_freq,emg_peak_freq,emg_total_power,emg_power_low,emg_power_mid,emg_power_high,class_name
59.7586135348416,1.1674038520877517,992.3676411341446,29.425487701752004,353060.63122957887,10929.051724686313,29425.690923768558,20.318438482861563,0.6442905361682056,621.4351594194513,27.38284438211882,98.02032392260972,39.48949838202834,537.006421589449,245.5780215939664,562.8355814560865,71.78983698532552,Non-Fatigue
