emg_rms,emg_mav,emg_variance,emg_std,emg_waveform_length,emg_zero_crossing,emg_ssc,emg_kurtosis,emg_skewness,emg_peak,emg_median_freq,emg_mean_freq,emg_peak_freq,emg_total_power,emg_power_low,emg_power_mid,emg_power_high,class_name
36.43544699443161,25.235112507813326,842.9425601620871,68.81623556118242,486582.104824909,15285.194968656704,27797.854706258782,14.064409716677048,-1.2140159658047476,566.6274549738569,56.423556929818346,101.68138102741604,56.07808888139787,378.5120635445622,56.07620497421068,171.3524799873699,50.70088419803693,Non-Fatigue
