emg_rms,emg_mav,emg_variance,emg_std,emg_waveform_length,emg_zero_crossing,emg_ssc,emg_kurtosis,emg_skewness,emg_peak,emg_median_freq,emg_mean_freq,emg_peak_freq,emg_total_power,emg_power_low,emg_power_mid,emg_power_high,class_name
43.85158866827644,15.763678329937903,5714.617400422628,34.60238886926063,437114.7949346628,11544.87607408267,25947.102594181964,15.840678585140536,1.10238698284885,320.2110221121039,73.39275596088666,86.29613513453458,63.07222689453798,-137.66972074106997,6.346808661276768,289.8919537256946,54.45148058427022,Non-Fatigue
