emg_rms,emg_mav,emg_variance,emg_std,emg_waveform_length,emg_zero_crossing,emg_ssc,emg_kurtosis,emg_skewness,emg_peak,emg_median_freq,emg_mean_freq,emg_peak_freq,emg_total_power,emg_power_low,emg_power_mid,emg_power_high,class_name
46.64910169914531,8.653228578501922,2965.4572041356664,46.41689262313525,551880.6799186949,9305.24379622694,30147.110196779635,19.0394290620541,1.4152227266405766,344.54737921448617,67.17234587954104,112.5398825229904,40.35623172709525,218.11336712475764,115.34309304352128,43.83886149335149,52.95490320325096,Non-Fatigue
