emg_rms,emg_mav,emg_variance,emg_std,emg_waveform_length,emg_zero_crossing,emg_ssc,emg_kurtosis,emg_skewness,emg_peak,emg_median_freq,emg_mean_freq,emg_peak_freq,emg_total_power,emg_power_low,emg_power_mid,emg_power_high,class_name
33.24180664945107,21.18937848600723,2729.4454456297044,72.80676443665307,619054.9150757296,13767.227549549092,33989.85406463368,15.221982452446806,1.62704752955593,425.69581481340526,74.4813890496588,115.59773533867418,52.74965749257684,384.1894007113708,49.81412479435801,921.1930754422172,38.157919589349234,Non-Fatigue
