emg_rms,emg_mav,emg_variance,emg_std,emg_waveform_length,emg_zero_crossing,emg_ssc,emg_kurtosis,emg_skewness,emg_peak,emg_median_freq,emg_mean_freq,emg_peak_freq,emg_total_power,emg_power_low,emg_power_mid,emg_power_high,class_name
45.25965034471327,4.495061877979165,4350.805489569493,34.03394411115686,427347.5201677795,14467.59313891643,27276.594714062463,23.94562261290404,0.5444760192903141,392.5893711341255,78.60085762748892,106.60326746081512,45.15582452341553,1089.1212285498973,49.33935911836694,92.517072612194,56.44797801300522,Non-Fatigue
