emg_rms,emg_mav,emg_variance,emg_std,emg_waveform_length,emg_zero_crossing,emg_ssc,emg_kurtosis,emg_skewness,emg_peak,emg_median_freq,emg_mean_freq,emg_peak_freq,emg_total_power,emg_power_low,emg_power_mid,emg_power_high,class_name
65.82468159492167,15.094090623061366,2601.46081169828,41.73596865599304,327836.5227247217,14582.12397104142,25385.38426929157,4.5961804608234775,-0.6717686749013624,434.07556240077,65.66934241165897,88.96667643200918,57.76171905896134,339.64145357428373,127.19903788590076,828.5194595092182,114.0143982512444,Non-Fatigue
