emg_rms,emg_mav,emg_variance,emg_std,emg_waveform_length,emg_zero_crossing,emg_ssc,emg_kurtosis,emg_skewness,emg_peak,emg_median_freq,emg_mean_freq,emg_peak_freq,emg_total_power,emg_power_low,emg_power_mid,emg_power_high,class_name
40.907004290059696,5.235470382647598,2954.370269915777,18.669460284631157,348529.8250665172,5968.8924912751145,25523.652951668555,14.958430841459316,0.3395878640166021,635.1130304536239,54.03548122931879,72.71005821440676,49.42484713799247,934.221487676904,81.20463217522544,61.94420366087027,48.88033921898482,Non-Fatigue
