emg_rms,emg_mav,emg_variance,emg_std,emg_waveform_length,emg_zero_crossing,emg_ssc,emg_kurtosis,emg_skewness,emg_peak,emg_median_freq,emg_mean_freq,emg_peak_freq,emg_total_power,emg_power_low,emg_power_mid,emg_power_high,class_name
54.70117697350637,21.33677095912743,-1759.0257480855971,33.47769271963279,529579.9809018626,8146.881864323946,29038.923991106727,7.397488619938853,-0.1631759371308951,328.4275882584198,77.27518021444955,86.49875928069847,40.30947941512884,135.20852726082938,-76.20549801649943,-208.88786061926777,107.47793455034758,Non-Fatigue
