emg_rms,emg_mav,emg_variance,emg_std,emg_waveform_length,emg_zero_crossing,emg_ssc,emg_kurtosis,emg_skewness,emg_peak,emg_median_freq,emg_mean_freq,emg_peak_freq,emg_total_power,emg_power_low,emg_power_mid,emg_power_high,class_name
45.24566956335984,9.059284329556952,-629.6245524293356,69.35563621487832,458003.1182143549,11543.486996387855,31229.57361777331,16.609087856875444,4.027416089076981,385.243033686078,95.16785804305158,84.62899498661092,60.8435853147379,799.8596452986078,83.9069309948426,303.36578160929685,51.71557807293554,Non-Fatigue
