emg_rms,emg_mav,emg_variance,emg_std,emg_waveform_length,emg_zero_crossing,emg_ssc,emg_kurtosis,emg_skewness,emg_peak,emg_median_freq,emg_mean_freq,emg_peak_freq,emg_total_power,emg_power_low,emg_power_mid,emg_power_high,class_name
60.60154733548994,19.86602741773283,2404.650520663146,6.076485740071483,554944.7045183867,15451.024186984883,33075.9918826494,15.658117916646132,-1.1918980131686112,465.0146596210273,65.99441059711721,78.70160062728574,57.022695535182585,1058.292724301721,224.17055059026904,758.9124281130903,26.948453634272894,Non-Fatigue
