emg_rms,emg_mav,emg_variance,emg_std,emg_waveform_length,emg_zero_crossing,emg_ssc,emg_kurtosis,emg_skewness,emg_peak,emg_median_freq,emg_mean_freq,emg_peak_freq,emg_total_power,emg_power_low,emg_power_mid,emg_power_high,class_name
31.121452565998105,15.231530094605985,-481.06300345950217,39.20239849411183,696867.688673181,11343.780377485848,29545.08181785199,17.106256342747205,0.1559795682646617,501.9632591032055,68.455385686587,106.4320963754886,64.35337110713809,-15.772705261095382,87.74526772257214,646.462298803058,26.04893899665716,Non-Fatigue
