emg_rms,emg_mav,emg_variance,emg_std,emg_waveform_length,emg_zero_crossing,emg_ssc,emg_kurtosis,emg_skewness,emg_peak,emg_median_freq,emg_mean_freq,emg_peak_freq,emg_total_power,emg_power_low,emg_power_mid,emg_power_high,class_name
57.14117351882624,25.062333404067232,1376.994960933076,25.199271629683825,216206.49447201908,9248.984823344072,30916.56945935542,12.582561933237594,1.3235500882912985,688.183433102743,66.7294654339171,99.8461093412349,75.06930708176694,-220.91050702531223,86.839102142868,254.01345553610412,58.21820708925941,Non-Fatigue
