emg_rms,emg_mav,emg_variance,emg_std,emg_waveform_length,emg_zero_crossing,emg_ssc,emg_kurtosis,emg_skewness,emg_peak,emg_median_freq,emg_mean_freq,emg_peak_freq,emg_total_power,emg_power_low,emg_power_mid,emg_power_high,class_name
45.8251106715684,21.229478637000653,1544.8959796228748,26.36090201521599,434012.9603666712,16941.10802681737,23723.649697552344,12.795268587520392,-0.6268545129012233,829.7255206672803,73.3500608194372,77.43886829173367,64.74153367821955,334.8610785753205,213.2741074834441,274.7876354352299,17.825379996064022,Non-Fatigue
