emg_rms,emg_mav,emg_variance,emg_std,emg_waveform_length,emg_zero_crossing,emg_ssc,emg_kurtosis,emg_skewness,emg_peak,emg_median_freq,emg_mean_freq,emg_peak_freq,emg_total_power,emg_power_low,emg_power_mid,emg_power_high,class_name
49.38563989829893,30.679133999478083,4032.3347910372295,28.324748329454856,406137.3399349064,18138.089053450403,20989.26813488356,10.055972311411022,1.226083124684867,286.7160615705914,92.89346031715272,92.44674849960612,81.92348963064984,546.2990939808453,52.62665518512641,-167.01889920494978,51.76822411782744,Non-Fatigue
