emg_rms,emg_mav,emg_variance,emg_std,emg_waveform_length,emg_zero_crossing,emg_ssc,emg_kurtosis,emg_skewness,emg_peak,emg_median_freq,emg_mean_freq,emg_peak_freq,emg_total_power,emg_power_low,emg_power_mid,emg_power_high,class_name
54.92170766513762,21.67792847303513,1062.2958005382372,9.974931205206932,469209.5386636208,19640.086100373665,27290.89789448845,21.953766620729496,2.2437559130615656,247.19865073118552,86.48689254766566,76.17086854922506,54.57990205635773,552.9677540387244,217.9711113840145,129.8284537783868,47.34642993941938,Non-Fatigue
