emg_rms,emg_mav,emg_variance,emg_std,emg_waveform_length,emg_zero_crossing,emg_ssc,emg_kurtosis,emg_skewness,emg_peak,emg_median_freq,emg_mean_freq,emg_peak_freq,emg_total_power,emg_power_low,emg_power_mid,emg_power_high,class_name
40.736727153006974,27.746863207114657,2510.931041588371,37.35589632610354,721684.5103072126,18677.132387935195,25148.203050773023,13.032373557819732,-0.9949753315419446,505.259147617824,75.11554456673828,75.2065812473508,56.89481540905461,809.4209768139034,79.01358212494034,169.8418382660359,-0.2715924406571588,Non-Fatigue
