emg_rms,emg_mav,emg_variance,emg_std,emg_waveform_length,emg_zero_crossing,emg_ssc,emg_kurtosis,emg_skewness,emg_peak,emg_median_freq,emg_mean_freq,emg_peak_freq,emg_total_power,emg_power_low,emg_power_mid,emg_power_high,class_name
50.21166942236762,7.258234242224502,3402.986158115176,28.97320290011917,639662.8282065013,13489.653408577571,25941.811971323303,12.931622909591182,0.3912945019955703,568.3150792584483,85.01791470358971,83.90186811433227,46.93396592818194,-330.09883659664166,-139.85698383648557,333.1882524741074,72.26858750406738,Non-Fatigue
