emg_rms,emg_mav,emg_variance,emg_std,emg_waveform_length,emg_zero_crossing,emg_ssc,emg_kurtosis,emg_skewness,emg_peak,emg_median_freq,emg_mean_freq,emg_peak_freq,emg_total_power,emg_power_low,emg_power_mid,emg_power_high,class_name
59.94685740109842,12.983534763415722,-1310.8760105449503,42.00294910547168,636892.2880888494,12024.966207785132,25986.280803952108,4.568961838350603,-0.6008647290217818,450.1285109530925,59.66988093102732,84.37054384245572,75.8926060110725,691.4513440136492,8.854489096454842,286.4618161680073,69.00002984625192,Non-Fatigue
