emg_rms,emg_mav,emg_variance,emg_std,emg_waveform_length,emg_zero_crossing,emg_ssc,emg_kurtosis,emg_skewness,emg_peak,emg_median_freq,emg_mean_freq,emg_peak_freq,emg_total_power,emg_power_low,emg_power_mid,emg_power_high,class_name
62.2769568205115,13.977231984909212,631.21990913831,26.402971140061297,509093.2367179693,14319.581640269844,22059.931915040423,15.2688435553582,0.127038328785828,415.3760936782364,81.59040641029577,95.15519692736127,62.330712249013125,511.93365338547113,-97.69929932699075,318.24479630703894,71.85897905575487,Non-Fatigue
