emg_rms,emg_mav,emg_variance,emg_std,emg_waveform_length,emg_zero_crossing,emg_ssc,emg_kurtosis,emg_skewness,emg_peak,emg_median_freq,emg_mean_freq,emg_peak_freq,emg_total_power,emg_power_low,emg_power_mid,emg_power_high,class_name
14.699750448785334,15.380828594032677,360.0712106583808,25.768291956358752,349863.1261428379,17926.008016557935,26863.886743200284,21.15235294992256,0.5288124175592985,538.8969466619185,100.24204035286184,96.584345715324,53.20855179189875,110.62440820103672,28.31950021599436,95.46033132196884,36.534850102261686,Non-Fatigue
