emg_rms,emg_mav,emg_variance,emg_std,emg_waveform_length,emg_zero_crossing,emg_ssc,emg_kurtosis,emg_skewness,emg_peak,emg_median_freq,emg_mean_freq,emg_peak_freq,emg_total_power,emg_power_low,emg_power_mid,emg_power_high,class_name
29.788908477184957,25.285579843133576,2168.85718499824,36.29166373652957,801162.1046439661,10546.548657190518,21845.8686104605,19.02499763037927,0.1991280241983105,573.7205655627907,79.30310092377813,110.11537192003476,51.47795638525369,356.5835565880378,169.8513104681187,896.4110817956248,97.0933941702319,Non-Fatigue
