emg_rms,emg_mav,emg_variance,emg_std,emg_waveform_length,emg_zero_crossing,emg_ssc,emg_kurtosis,emg_skewness,emg_peak,emg_median_freq,emg_mean_freq,emg_peak_freq,emg_total_power,emg_power_low,emg_power_mid,emg_power_high,class_name
46.338915375034965,3.109666715201964,2010.278051412896,46.5292438084829,628409.9984219267,10696.385746691923,29293.345951676667,15.412271262775764,2.3078815334786147,450.40784294022416,75.22951610311983,78.22446072264478,55.28103478778837,542.5930205381981,97.88089612268928,885.7115870309929,66.49231723444488,Non-Fatigue
