emg_rms,emg_mav,emg_variance,emg_std,emg_waveform_length,emg_zero_crossing,emg_ssc,emg_kurtosis,emg_skewness,emg_peak,emg_median_freq,emg_mean_freq,emg_peak_freq,emg_total_power,emg_power_low,emg_power_mid,emg_power_high,class_name
41.1287499941724,18.74680357886064,1837.6901625455369,58.65860778092096,425651.6885025539,7800.979937462164,29036.06326625897,20.229956695784637,1.8044830451187923,486.8045669742538,73.8126189650689,116.14155294270526,57.88555499765932,80.10636505327176,30.537067412318592,83.78760048632023,105.60372576093565,Non-Fatigue
