emg_rms,emg_mav,emg_variance,emg_std,emg_waveform_length,emg_zero_crossing,emg_ssc,emg_kurtosis,emg_skewness,emg_peak,emg_median_freq,emg_mean_freq,emg_peak_freq,emg_total_power,emg_power_low,emg_power_mid,emg_power_high,class_name
32.94854383338716,22.28252154799512,3056.9151534875623,47.30932204751586,569186.7808605166,9419.932564894336,29604.92409626573,14.009867746492263,0.7985859641887663,342.979905461337,83.21265496166743,48.83383110450295,49.19005297601696,470.6511112901129,135.33791501524243,236.8235100754665,80.67313306406501,Non-Fatigue
