emg_rms,emg_mav,emg_variance,emg_std,emg_waveform_length,emg_zero_crossing,emg_ssc,emg_kurtosis,emg_skewness,emg_peak,emg_median_freq,emg_mean_freq,emg_peak_freq,emg_total_power,emg_power_low,emg_power_mid,emg_power_high,class_name
35.3127966730402,17.373098712464614,2966.639470191958,52.5106305019402,746419.2997129807,14068.214971360792,28045.77476809976,9.811408485874695,-1.8680619720874327,520.6302313983408,43.96001699935422,95.64443972799052,58.02812087822854,455.63789401669743,174.00079393374966,-45.12584095975342,45.38246741346576,Non-Fatigue
