emg_rms,emg_mav,emg_variance,emg_std,emg_waveform_length,emg_zero_crossing,emg_ssc,emg_kurtosis,emg_skewness,emg_peak,emg_median_freq,emg_mean_freq,emg_peak_freq,emg_total_power,emg_power_low,emg_power_mid,emg_power_high,class_name
36.13880272993248,28.809719891784344,2648.495665657314,20.492680765347597,761592.8732946003,11576.50455032877,25664.093735916555,2.7818145881642504,1.5846512829256998,638.6020017566659,65.69456101067323,107.15851767636534,68.18356353794246,527.3422681508913,-32.80603462007298,407.495581737737,51.35351139387341,Non-Fatigue
