emg_rms,emg_mav,emg_variance,emg_std,emg_waveform_length,emg_zero_crossing,emg_ssc,emg_kurtosis,emg_skewness,emg_peak,emg_median_freq,emg_mean_freq,emg_peak_freq,emg_total_power,emg_power_low,emg_power_mid,emg_power_high,class_name
20.84299816287316,0.495355208917914,3878.629480045258,32.71529424132584,536912.2236309476,19056.955759633696,26408.627288651125,16.903302908237947,1.3659462605360115,320.884218005124,88.16751825080435,97.98176894277304,62.8615088106467,328.4405091193869,-73.21316252595713,562.1083051418207,17.053739909715162,Non-Fatigue
