emg_rms,emg_mav,emg_variance,emg_std,emg_waveform_length,emg_zero_crossing,emg_ssc,emg_kurtosis,emg_skewness,emg_peak,emg_median_freq,emg_mean_freq,emg_peak_freq,emg_total_power,emg_power_low,emg_power_mid,emg_power_high,class_name
29.636393197664887,20.950398387494666,1170.0700006031946,64.21719639994899,608146.6936471721,12382.34415187975,26108.526979936443,25.05201526941041,1.492779069339207,336.5197838243012,93.07705878629352,99.30038196205857,64.39268647767955,-64.53980260688411,-70.32314386642813,206.16778517839217,109.16018443111312,Non-Fatigue
