emg_rms,emg_mav,emg_variance,emg_std,emg_waveform_length,emg_zero_crossing,emg_ssc,emg_kurtosis,emg_skewness,emg_peak,emg_median_freq,emg_mean_freq,emg_peak_freq,emg_total_power,emg_power_low,emg_power_mid,emg_power_high,class_name
33.660881925424654,22.643650013462896,1855.9514432492333,27.561772691387013,494579.35068525886,13607.58271176688,31522.71039800076,13.721559640570003,1.7788490137939532,456.2962279209997,67.93914032536364,108.79537070188024,45.80814331284896,1314.465273805835,61.76639139756928,178.18177965482448,-1.7696619613030506,Non-Fatigue
