emg_rms,emg_mav,emg_variance,emg_std,emg_waveform_length,emg_zero_crossing,emg_ssc,emg_kurtosis,emg_skewness,emg_peak,emg_median_freq,emg_mean_freq,emg_peak_freq,emg_total_power,emg_power_low,emg_power_mid,emg_power_high,class_name
14.114666629931673,31.810229924744647,334.46339224155986,22.22595553333936,685614.312601851,12499.36780595991,31779.838701291334,23.284646240386877,0.5634025795958748,194.75209178655896,77.85173860460357,67.65230463381103,76.57485943489894,203.81677313886968,40.67678223220793,391.453762750439,45.33210147386325,Non-Fatigue
