emg_rms,emg_mav,emg_variance,emg_std,emg_waveform_length,emg_zero_crossing,emg_ssc,emg_kurtosis,emg_skewness,emg_peak,emg_median_freq,emg_mean_freq,emg_peak_freq,emg_total_power,emg_power_low,emg_power_mid,emg_power_high,class_name
18.99664226353161,25.10297737319988,-1587.62632973217,52.48493611572468,469224.9775290661,15721.886841535535,25302.97120318678,15.72766400466292,-2.001072359479154,350.9652668589363,89.46535794085888,84.04015401231847,43.90014036309127,322.4963137528093,185.9595594143329,555.9025352147954,94.53698887791164,Non-Fatigue
