emg_rms,emg_mav,emg_variance,emg_std,emg_waveform_length,emg_zero_crossing,emg_ssc,emg_kurtosis,emg_skewness,emg_peak,emg_median_freq,emg_mean_freq,emg_peak_freq,emg_total_power,emg_power_low,emg_power_mid,emg_power_high,class_name
27.065419870363005,22.38571413851312,1971.240648493949,37.205621315299865,533752.0919983195,10569.64811684297,26452.161203846263,12.308548528957209,-0.8417363472943254,483.8084484363681,85.45765495356551,68.2903308427677,51.98659027621582,-741.8717346849678,-20.17637977095012,233.226950376571,62.72018100184371,Non-Fatigue
