emg_rms,emg_mav,emg_variance,emg_std,emg_waveform_length,emg_zero_crossing,emg_ssc,emg_kurtosis,emg_skewness,emg_peak,emg_median_freq,emg_mean_freq,emg_peak_freq,emg_total_power,emg_power_low,emg_power_mid,emg_power_high,class_name
27.46659892291945,11.153440585948507,1263.466878016293,54.7310786453353,501242.7372763932,8071.39117616071,26550.24236758369,9.71536316011732,1.6925895344313375,370.1864049831886,64.17402117095912,71.15429269857877,68.72370893769022,495.2032159917283,132.25991816944872,546.4523399554118,56.193330213264986,Non-Fatigue
