emg_rms,emg_mav,emg_variance,emg_std,emg_waveform_length,emg_zero_crossing,emg_ssc,emg_kurtosis,emg_skewness,emg_peak,emg_median_freq,emg_mean_freq,emg_peak_freq,emg_total_power,emg_power_low,emg_power_mid,emg_power_high,class_name
46.06436669689385,27.78857790857114,64.83458555525476,57.44161619476837,571489.682835199,15887.78173776142,22524.02400464505,14.383875955382152,0.8477868744108901,452.5997054848373,71.8141992319651,103.27695387815488,65.59622239223717,549.6772109772215,-18.52757991546717,666.4632704673888,56.55967558303202,Non-Fatigue
