emg_rms,emg_mav,emg_variance,emg_std,emg_waveform_length,emg_zero_crossing,emg_ssc,emg_kurtosis,emg_skewness,emg_peak,emg_median_freq,emg_mean_freq,emg_peak_freq,emg_total_power,emg_power_low,emg_power_mid,emg_power_high,class_name
49.93006258289985,15.259660930366774,1083.446335523493,63.33940959510839,482802.5067483732,9011.538863799196,30954.281557718587,16.418437785083558,0.8914259433620724,331.9751796877538,97.98734297328072,91.8696722625225,52.32997058544284,84.86218870970816,56.96501313008648,366.5075949543678,21.68222391370421,Non-Fatigue
