emg_rms,emg_mav,emg_variance,emg_std,emg_waveform_length,emg_zero_crossing,emg_ssc,emg_kurtosis,emg_skewness,emg_peak,emg_median_freq,emg_mean_freq,emg_peak_freq,emg_total_power,emg_power_low,emg_power_mid,emg_power_high,class_name
30.85653178902236,29.23003159400065,1957.5629226016435,44.56499015412803,193861.19753899123,13605.022452812718,24982.58514210932,15.821613926022035,-0.5241866324038599,332.0305392228581,73.78450105512147,78.95904639989901,76.46951370313965,195.27293618997575,46.13834406819731,-35.070242886182086,42.75397629468728,Non-Fatigue
