emg_rms,emg_mav,emg_variance,emg_std,emg_waveform_length,emg_zero_crossing,emg_ssc,emg_kurtosis,emg_skewness,emg_peak,emg_median_freq,emg_mean_freq,emg_peak_freq,emg_total_power,emg_power_low,emg_power_mid,emg_power_high,class_name
48.92078297658889,30.06393147488562,973.2374081033364,38.15232470551484,422158.4699680749,11511.927792637547,31274.668157557157,10.501662672995312,-0.1512034097104964,634.6012169065884,70.70233379615391,96.38021514600106,68.7990764121281,274.6890252893523,269.39611839358656,625.9007967547793,85.44026146234224,Non-Fatigue
