emg_rms,emg_mav,emg_variance,emg_std,emg_waveform_length,emg_zero_crossing,emg_ssc,emg_kurtosis,emg_skewness,emg_peak,emg_median_freq,emg_mean_freq,emg_peak_freq,emg_total_power,emg_power_low,emg_power_mid,emg_power_high,class_name
47.70744501118013,26.470762737246112,4098.563436505036,54.11427048967008,567642.4957760036,15544.794681736244,27886.636761247304,8.62615351816521,0.8097660529059265,430.47912663674543,77.83068112994174,85.04437064645744,66.21655858779798,560.4117033663483,120.64491832875646,200.8287158078852,58.90130428670055,Non-Fatigue
