emg_rms,emg_mav,emg_variance,emg_std,emg_waveform_length,emg_zero_crossing,emg_ssc,emg_kurtosis,emg_skewness,emg_peak,emg_median_freq,emg_mean_freq,emg_peak_freq,emg_total_power,emg_power_low,emg_power_mid,emg_power_high,class_name
40.20947536025472,40.35710765592863,4256.738924119053,81.49928470190864,698708.757516966,19838.13793106776,25012.247800306268,11.191067627049344,-1.5442041788761922,323.57376430595326,104.1529545037464,95.27359143549812,60.15963607170404,384.6076913563388,-96.82338801231695,822.1124414682424,34.703193458041646,Non-Fatigue
