emg_rms,emg_mav,emg_variance,emg_std,emg_waveform_length,emg_zero_crossing,emg_ssc,emg_kurtosis,emg_skewness,emg_peak,emg_median_freq,emg_mean_freq,emg_peak_freq,emg_total_power,emg_power_low,emg_power_mid,emg_power_high,class_name
49.527949434858826,18.203709359150057,2814.3396384208413,2.8794367279800426,298291.2870995852,11075.458256677412,29426.668878233548,22.7046098606257,0.0700391701571369,395.5991458627309,75.53549865974313,101.50128438657956,53.14385909313528,151.92964524722316,213.39928186465295,163.62838800227834,54.46581305372688,Non-Fatigue
