emg_rms,emg_mav,emg_variance,emg_std,emg_waveform_length,emg_zero_crossing,emg_ssc,emg_kurtosis,emg_skewness,emg_peak,emg_median_freq,emg_mean_freq,emg_peak_freq,emg_total_power,emg_power_low,emg_power_mid,emg_power_high,class_name
77.11491781175967,19.19391073286416,-1145.3322695138042,5.862164584767029,271632.40648842155,10501.123021349144,28845.1629483864,24.06670315101201,-1.3634219058964394,497.20488551839526,84.29976478638588,104.74132317177556,62.95339530024733,315.9144044601583,-15.530444832496713,133.1172480865875,45.2026541652513,Non-Fatigue
