emg_rms,emg_mav,emg_variance,emg_std,emg_waveform_length,emg_zero_crossing,emg_ssc,emg_kurtosis,emg_skewness,emg_peak,emg_median_freq,emg_mean_freq,emg_peak_freq,emg_total_power,emg_power_low,emg_power_mid,emg_power_high,class_name
38.90914183740555,5.652462384859021,1272.066494139323,3.8392862298867385,350714.7142522724,822.9173634457038,28917.978283734217,21.132584009966283,1.297699984748484,334.86067616586075,80.01680898190736,88.95748886043208,54.76124643922033,543.001266093715,-38.76246660646456,414.1817054492807,49.37134531148985,Non-Fatigue
