emg_rms,emg_mav,emg_variance,emg_std,emg_waveform_length,emg_zero_crossing,emg_ssc,emg_kurtosis,emg_skewness,emg_peak,emg_median_freq,emg_mean_freq,emg_peak_freq,emg_total_power,emg_power_low,emg_power_mid,emg_power_high,class_name
23.152066015583998,10.960210467196188,579.0316290780816,48.20167461117431,571587.3676814648,10908.691675757756,31742.16307810901,11.160927827544008,0.2009687939826763,382.6766227202181,66.72041107463885,93.87014549826536,53.12815016818941,117.52889757387533,-6.653616266692225,-31.13589182601021,75.61450544881215,Non-Fatigue
