emg_rms,emg_mav,emg_variance,emg_std,emg_waveform_length,emg_zero_crossing,emg_ssc,emg_kurtosis,emg_skewness,emg_peak,emg_median_freq,emg_mean_freq,emg_peak_freq,emg_total_power,emg_power_low,emg_power_mid,emg_power_high,class_name
66.50573047584618,10.55986973538077,3084.0003652804544,54.56753345547376,385095.4729284554,13119.50970057411,24089.773183952853,17.967491114066238,0.6993576445037428,396.80872351852975,80.26068267986902,74.43864399503437,47.85834760348686,132.81528040896012,-279.6859139905662,405.7619849958968,38.94627420799208,Non-Fatigue
