emg_rms,emg_mav,emg_variance,emg_std,emg_waveform_length,emg_zero_crossing,emg_ssc,emg_kurtosis,emg_skewness,emg_peak,emg_median_freq,emg_mean_freq,emg_peak_freq,emg_total_power,emg_power_low,emg_power_mid,emg_power_high,class_name
-6.208262669069505,14.082011774040396,2860.1322262026715,7.739846140248627,706012.4467951368,10961.697240652287,36796.18453374656,4.86672054895622,0.1879064568916098,447.2388861457442,76.62650761203493,121.59182126111784,58.76496086849907,175.3745602885453,14.900745586022502,834.3547538295531,4.904353887353416,Non-Fatigue
