emg_rms,emg_mav,emg_variance,emg_std,emg_waveform_length,emg_zero_crossing,emg_ssc,emg_kurtosis,emg_skewness,emg_peak,emg_median_freq,emg_mean_freq,emg_peak_freq,emg_total_power,emg_power_low,emg_power_mid,emg_power_high,class_name
32.59682645716184,12.643163449358834,2602.905179178248,-16.511727265958363,571302.4062121579,10033.846465656,25635.030367094216,16.191355643636882,-1.137042279472051,454.42563677066937,80.6809630736777,93.17358400559507,59.78152472550318,479.2856589362747,78.66256364103911,770.3307230780348,36.674204969228256,Non-Fatigue
