emg_rms,emg_mav,emg_variance,emg_std,emg_waveform_length,emg_zero_crossing,emg_ssc,emg_kurtosis,emg_skewness,emg_peak,emg_median_freq,emg_mean_freq,emg_peak_freq,emg_total_power,emg_power_low,emg_power_mid,emg_power_high,class_name
27.60468993039518,10.68360080308167,-2047.9226253177785,10.913847656513362,639299.0672326107,12259.605776509776,30548.066919920013,14.919020476610386,-0.1787261554143345,541.5032311791429,99.85274925783833,89.70738729774318,46.89948476842078,337.33024801831107,-39.29811714738139,492.7488403866995,86.9598825297881,Non-Fatigue
