emg_rms,emg_mav,emg_variance,emg_std,emg_waveform_length,emg_zero_crossing,emg_ssc,emg_kurtosis,emg_skewness,emg_peak,emg_median_freq,emg_mean_freq,emg_peak_freq,emg_total_power,emg_power_low,emg_power_mid,emg_power_high,class_name
22.09082793910353,21.969413914047934,5456.3319869907855,61.457208419912526,217220.0638596072,9426.840011326703,21875.491138936595,21.09323153560161,-0.6845394268874604,377.2488998986208,74.77494462944459,85.67279891557907,53.63270239160049,355.15513960167243,26.50168062101858,806.0608705366569,25.80070311604857,Non-Fatigue
