emg_rms,emg_mav,emg_variance,emg_std,emg_waveform_length,emg_zero_crossing,emg_ssc,emg_kurtosis,emg_skewness,emg_peak,emg_median_freq,emg_mean_freq,emg_peak_freq,emg_total_power,emg_power_low,emg_power_mid,emg_power_high,class_name
61.29780657175854,26.128550917477703,3358.618083750386,44.82753418612194,602027.0114488099,11363.012658450378,27550.21324835091,20.05808710074681,0.2128647694840498,277.2915059546125,70.74366733747692,81.6600421708637,63.13545093221464,551.0151629636766,121.9153217457706,687.1448554763142,29.321897166268457,Non-Fatigue
