emg_rms,emg_mav,emg_variance,emg_std,emg_waveform_length,emg_zero_crossing,emg_ssc,emg_kurtosis,emg_skewness,emg_peak,emg_median_freq,emg_mean_freq,emg_peak_freq,emg_total_power,emg_power_low,emg_power_mid,emg_power_high,class_name
70.20305580688509,19.68517850277275,1483.322728387615,6.7756912307764665,412119.749643378,18306.366007143264,32985.196249268774,20.241919505226647,0.963796626888879,207.0884861432167,64.18689587890489,57.23815585239096,50.142269407363656,418.94116420724174,-41.970459704644654,190.89298999833375,57.82150920798197,Non-Fatigue
