emg_rms,emg_mav,emg_variance,emg_std,emg_waveform_length,emg_zero_crossing,emg_ssc,emg_kurtosis,emg_skewness,emg_peak,emg_median_freq,emg_mean_freq,emg_peak_freq,emg_total_power,emg_power_low,emg_power_mid,emg_power_high,class_name
-11.577835559852709,23.177204986472056,484.0864480798475,37.55320727245916,540575.5514178434,10630.009009368474,27603.04419905799,18.1323366422342,-1.4467298244670994,661.1409139962724,87.09497367506866,91.04937597059156,54.51025735489711,272.43465767015675,15.208848269671265,32.04272570679507,47.768017228451264,Non-Fatigue
