emg_rms,emg_mav,emg_variance,emg_std,emg_waveform_length,emg_zero_crossing,emg_ssc,emg_kurtosis,emg_skewness,emg_peak,emg_median_freq,emg_mean_freq,emg_peak_freq,emg_total_power,emg_power_low,emg_power_mid,emg_power_high,class_name
29.60804607700934,22.73480769033275,2789.645227246924,27.306015522904097,431291.7026702756,10615.86874353365,24090.61658744476,14.570416201294114,-0.5371087704648516,234.21620824887648,61.20520141051949,102.45918298518954,50.3185908863064,129.72438553696725,39.08079929285717,665.4362147969505,54.30951488438365,Non-Fatigue
