emg_rms,emg_mav,emg_variance,emg_std,emg_waveform_length,emg_zero_crossing,emg_ssc,emg_kurtosis,emg_skewness,emg_peak,emg_median_freq,emg_mean_freq,emg_peak_freq,emg_total_power,emg_power_low,emg_power_mid,emg_power_high,class_name
37.67413608545498,23.055207730684167,-369.5148052409948,20.401466872738062,800236.1190731239,15334.342439372564,29452.6352173331,15.453727765517636,1.4284103502725118,639.6622980040238,84.83798763784759,93.35983357393349,63.52528552318616,456.2707565752463,107.85827841349354,252.9998155974096,19.37713619312184,Non-Fatigue
