emg_rms,emg_mav,emg_variance,emg_std,emg_waveform_length,emg_zero_crossing,emg_ssc,emg_kurtosis,emg_skewness,emg_peak,emg_median_freq,emg_mean_freq,emg_peak_freq,emg_total_power,emg_power_low,emg_power_mid,emg_power_high,class_name
65.25769916561518,17.95270015236301,3302.9647285235037,61.73727871050821,640338.8925120038,14736.98124933744,27380.84210224077,14.156415887556346,0.3223996496678815,507.5243477115096,67.20925714553046,55.92795786287308,71.61992464686851,1161.913297058505,-23.72748402325101,-163.00498326536405,53.57062799847064,Non-Fatigue
