emg_rms,emg_mav,emg_variance,emg_std,emg_waveform_length,emg_zero_crossing,emg_ssc,emg_kurtosis,emg_skewness,emg_peak,emg_median_freq,emg_mean_freq,emg_peak_freq,emg_total_power,emg_power_low,emg_power_mid,emg_power_high,class_name
37.95556092344847,0.1636043074163389,81.72042774865668,8.715243278764426,275498.8485716815,12520.468352205058,33022.720310100325,19.930397686543497,1.1414560649432657,216.74233697257057,64.88236910164979,70.18438582031638,58.11691176453145,13.212484475404096,229.56540089134603,577.5736797734007,60.74934112521826,Non-Fatigue
