emg_rms,emg_mav,emg_variance,emg_std,emg_waveform_length,emg_zero_crossing,emg_ssc,emg_kurtosis,emg_skewness,emg_peak,emg_median_freq,emg_mean_freq,emg_peak_freq,emg_total_power,emg_power_low,emg_power_mid,emg_power_high,class_name
45.47132218137765,14.252963273922727,1837.051829643704,47.45061680826391,327049.29647276213,14341.888892531082,24564.890835204184,15.269530590585424,0.4018196405241869,487.698278651062,84.63851979832671,105.68934175562563,57.355455586508334,488.23185554712336,7.535561045271493,224.50106764724308,37.96769775574416,Non-Fatigue
