emg_rms,emg_mav,emg_variance,emg_std,emg_waveform_length,emg_zero_crossing,emg_ssc,emg_kurtosis,emg_skewness,emg_peak,emg_median_freq,emg_mean_freq,emg_peak_freq,emg_total_power,emg_power_low,emg_power_mid,emg_power_high,class_name
56.32414393600557,28.614558849200463,-112.86292917952892,52.01461827671549,825378.0633184866,16177.721366283013,30464.18285739684,19.035123644826587,2.2813319324592616,489.08708399453405,84.94500857772509,95.92653332925504,46.059953501899095,854.1279229006925,16.94890398064404,-83.90247934202483,23.202832692164115,Non-Fatigue
