emg_rms,emg_mav,emg_variance,emg_std,emg_waveform_length,emg_zero_crossing,emg_ssc,emg_kurtosis,emg_skewness,emg_peak,emg_median_freq,emg_mean_freq,emg_peak_freq,emg_total_power,emg_power_low,emg_power_mid,emg_power_high,class_name
28.000526851708827,24.023249945310837,4154.609217945913,35.486826475370826,523789.72119125206,13923.684839290416,26196.94902602165,23.69468491885146,0.7158583521779385,446.7688765451871,56.13230366600321,97.1309956318976,38.65411256491001,-11.973905044926257,36.67735353421149,492.6976191726978,63.6840103287423,Non-Fatigue
