emg_rms,emg_mav,emg_variance,emg_std,emg_waveform_length,emg_zero_crossing,emg_ssc,emg_kurtosis,emg_skewness,emg_peak,emg_median_freq,emg_mean_freq,emg_peak_freq,emg_total_power,emg_power_low,emg_power_mid,emg_power_high,class_name
19.51234049832106,15.332409109731,1096.5849559816852,31.523539923859985,606561.1845307981,14180.167958034122,21459.11462902072,13.71659008072759,0.5462605051261396,625.4870154140946,84.84829687747312,89.5009470268329,62.86733587804688,712.7795792778802,-4.147010323999027,349.66043978474806,49.57331444995926,Non-Fatigue
