emg_rms,emg_mav,emg_variance,emg_std,emg_waveform_length,emg_zero_crossing,emg_ssc,emg_kurtosis,emg_skewness,emg_peak,emg_median_freq,emg_mean_freq,emg_peak_freq,emg_total_power,emg_power_low,emg_power_mid,emg_power_high,class_name
51.62386210046253,5.010223641133116,1036.8214237335403,45.10344375996399,595322.9376623217,11311.470379530145,27658.250299442898,20.135689555036457,2.0675508524992114,456.20919050495104,80.61632103861807,108.13185142915096,56.433513896723504,-412.0563472516941,77.5914829075194,720.9039368261288,18.6409724513632,Non-Fatigue
