emg_rms,emg_mav,emg_variance,emg_std,emg_waveform_length,emg_zero_crossing,emg_ssc,emg_kurtosis,emg_skewness,emg_peak,emg_median_freq,emg_mean_freq,emg_peak_freq,emg_total_power,emg_power_low,emg_power_mid,emg_power_high,class_name
42.57514552760529,13.782235461810044,1835.422109334396,56.199566615651975,827837.5766181833,8295.312021722253,31280.08051994322,22.08154974670457,-0.512079460832887,362.4651438319986,58.87765974562937,84.37293183008175,68.49843069000076,1182.671126094995,84.1473003211375,352.4865232000271,64.21894270651251,Non-Fatigue
