emg_rms,emg_mav,emg_variance,emg_std,emg_waveform_length,emg_zero_crossing,emg_ssc,emg_kurtosis,emg_skewness,emg_peak,emg_median_freq,emg_mean_freq,emg_peak_freq,emg_total_power,emg_power_low,emg_power_mid,emg_power_high,class_name
68.86893370056015,28.12593281919807,3807.7322366812778,35.51098167703343,341431.69846170425,15445.453858871584,24650.452374343637,8.200442991409453,0.6836616160241582,408.11717121274,102.14161315911282,94.94718793576956,71.67349793998252,723.4949900654283,159.85889755391395,343.51750664249295,108.14539811710014,Non-Fatigue
