emg_rms,emg_mav,emg_variance,emg_std,emg_waveform_length,emg_zero_crossing,emg_ssc,emg_kurtosis,emg_skewness,emg_peak,emg_median_freq,emg_mean_freq,emg_peak_freq,emg_total_power,emg_power_low,emg_power_mid,emg_power_high,class_name
52.451742419537936,16.747145859140396,-1117.5337695443648,23.035482363561098,145886.5270816204,14690.503492885313,26917.986691164115,7.998709078648428,0.2891368862396725,499.94455647541446,71.23044952368889,98.46791832192837,39.557094425912894,593.1195039093642,103.53136035379676,136.32660660230889,80.61907750130794,Non-Fatigue
