emg_rms,emg_mav,emg_variance,emg_std,emg_waveform_length,emg_zero_crossing,emg_ssc,emg_kurtosis,emg_skewness,emg_peak,emg_median_freq,emg_mean_freq,emg_peak_freq,emg_total_power,emg_power_low,emg_power_mid,emg_power_high,class_name
38.01915685878675,15.056940204096126,-371.606931910804,47.82475548599603,498179.57737380505,14304.731046775169,29271.464694608017,11.720243248850872,-2.1659804983740627,731.5812191237436,61.77986783222814,98.02518820964566,48.91822459807759,485.70988071473823,122.51899329311934,-527.6090537995108,19.533438429033986,Non-Fatigue
