emg_rms,emg_mav,emg_variance,emg_std,emg_waveform_length,emg_zero_crossing,emg_ssc,emg_kurtosis,emg_skewness,emg_peak,emg_median_freq,emg_mean_freq,emg_peak_freq,emg_total_power,emg_power_low,emg_power_mid,emg_power_high,class_name
49.16127685189012,21.0797788766636,1625.066383198743,37.85027543163107,578092.3063067253,10434.97189244763,27514.562098946983,9.635060632875645,0.8705974361146936,204.942356463486,76.06529660670661,81.33853347341508,52.946016554388045,388.4581900044094,80.62902272806218,-354.0749508956532,72.58972289630901,Non-Fatigue
