emg_rms,emg_mav,emg_variance,emg_std,emg_waveform_length,emg_zero_crossing,emg_ssc,emg_kurtosis,emg_skewness,emg_peak,emg_median_freq,emg_mean_freq,emg_peak_freq,emg_total_power,emg_power_low,emg_power_mid,emg_power_high,class_name
29.666830541324977,30.375938640046726,2350.730296714113,48.836480545568335,517724.37662879785,18550.158974453014,22917.9610272938,13.372786460827136,-0.668656252140165,596.4056326243589,96.57968878189,108.61417733036456,82.73246227830383,-89.35750224052282,74.65427526645225,860.883449702834,76.48125986580425,Non-Fatigue
