emg_rms,emg_mav,emg_variance,emg_std,emg_waveform_length,emg_zero_crossing,emg_ssc,emg_kurtosis,emg_skewness,emg_peak,emg_median_freq,emg_mean_freq,emg_peak_freq,emg_total_power,emg_power_low,emg_power_mid,emg_power_high,class_name
41.77764466142197,19.93128994502366,875.3144318586384,12.629395241916184,504250.7973125769,9578.459792230557,25432.577191987788,14.523337914119432,-0.9075313519054512,237.9126094297744,77.52737956106368,104.52076327967036,72.68734239839262,145.84011023207057,28.71107506000139,179.37720930210685,8.944753848822465,Non-Fatigue
