emg_rms,emg_mav,emg_variance,emg_std,emg_waveform_length,emg_zero_crossing,emg_ssc,emg_kurtosis,emg_skewness,emg_peak,emg_median_freq,emg_mean_freq,emg_peak_freq,emg_total_power,emg_power_low,emg_power_mid,emg_power_high,class_name
13.251986072877177,9.392699580231062,1765.5728773020376,29.784208403773125,391986.788440126,10699.166647819273,24215.117442832256,15.324489494679447,0.8015981488795394,317.91642919245464,87.80814648099471,107.6201902728349,58.663021913465336,770.86535349633,234.6462846603358,320.70225138211134,88.31256605594115,Non-Fatigue
