emg_rms,emg_mav,emg_variance,emg_std,emg_waveform_length,emg_zero_crossing,emg_ssc,emg_kurtosis,emg_skewness,emg_peak,emg_median_freq,emg_mean_freq,emg_peak_freq,emg_total_power,emg_power_low,emg_power_mid,emg_power_high,class_name
24.852735416524844,9.020001702710012,-449.0099043672556,31.133407599995323,677119.2947968743,15541.96585948452,32217.878463731624,12.586034265973876,-0.0237985975596231,542.2164453763845,56.18990288228824,102.2011490780691,49.43016672383779,405.716860351914,53.762144570591744,517.524486055483,67.93525954714497,Non-Fatigue
