emg_rms,emg_mav,emg_variance,emg_std,emg_waveform_length,emg_zero_crossing,emg_ssc,emg_kurtosis,emg_skewness,emg_peak,emg_median_freq,emg_mean_freq,emg_peak_freq,emg_total_power,emg_power_low,emg_power_mid,emg_power_high,class_name
47.68994102054038,24.068756363611488,1528.1280051842714,75.7616202711959,646879.7811755026,15826.166358679213,26268.57337701749,16.694168571461496,0.1243697385741775,520.9973875342523,98.62361620770793,85.32638041451203,50.28849547709128,458.6916605342195,-25.734338260978745,-139.40316045365955,76.71542317765663,Non-Fatigue
