emg_rms,emg_mav,emg_variance,emg_std,emg_waveform_length,emg_zero_crossing,emg_ssc,emg_kurtosis,emg_skewness,emg_peak,emg_median_freq,emg_mean_freq,emg_peak_freq,emg_total_power,emg_power_low,emg_power_mid,emg_power_high,class_name
25.46888580815248,37.57096935017792,-460.19347033721147,15.086909011368116,164971.6726611129,17005.735625336278,28229.78381567789,17.788322882719708,-0.2451036456500011,110.25206100826016,88.39740170618286,91.62318358777588,70.08388965029974,102.1184470559204,422.0601007266716,-102.65132020889796,21.9284240626454,Non-Fatigue
