emg_rms,emg_mav,emg_variance,emg_std,emg_waveform_length,emg_zero_crossing,emg_ssc,emg_kurtosis,emg_skewness,emg_peak,emg_median_freq,emg_mean_freq,emg_peak_freq,emg_total_power,emg_power_low,emg_power_mid,emg_power_high,class_name
42.373706638174994,16.925202670308582,1217.6824807831026,28.97332216976048,763846.5594011638,15168.688298598205,22456.06261618684,16.331133035226287,-0.251037420619007,530.6547504741179,64.89557504824722,91.58632186046545,56.53099987079613,362.7567899970962,-84.0715064879225,15.08784101651338,127.90764901485312,Non-Fatigue
