emg_rms,emg_mav,emg_variance,emg_std,emg_waveform_length,emg_zero_crossing,emg_ssc,emg_kurtosis,emg_skewness,emg_peak,emg_median_freq,emg_mean_freq,emg_peak_freq,emg_total_power,emg_power_low,emg_power_mid,emg_power_high,class_name
40.82320808064377,13.719897374248111,1089.9882210847943,35.967764123298,561439.2671899416,10418.337018985856,22603.116679920968,15.508475920469328,-1.0430310549591053,502.38972504763774,88.732220184659,110.07812164943056,53.58300988402912,-48.3455352593441,61.86584604478018,459.8745842078365,7.121424584603695,Non-Fatigue
