emg_rms,emg_mav,emg_variance,emg_std,emg_waveform_length,emg_zero_crossing,emg_ssc,emg_kurtosis,emg_skewness,emg_peak,emg_median_freq,emg_mean_freq,emg_peak_freq,emg_total_power,emg_power_low,emg_power_mid,emg_power_high,class_name
9.600293637971737,21.722211245294204,2670.279340901958,47.04618802324594,300175.4571452491,12269.28799876347,34593.52916423493,8.401021741441296,2.74028613091852,517.1232817201545,93.07923235003145,87.63094383099445,56.27767574244629,853.5894956981809,104.12493998910968,963.445194455443,13.587463752476076,Non-Fatigue
