emg_rms,emg_mav,emg_variance,emg_std,emg_waveform_length,emg_zero_crossing,emg_ssc,emg_kurtosis,emg_skewness,emg_peak,emg_median_freq,emg_mean_freq,emg_peak_freq,emg_total_power,emg_power_low,emg_power_mid,emg_power_high,class_name
36.29755335669217,21.010306228116907,173.6545257646826,32.15340028030943,485630.407828366,14848.695163556316,34140.8580770518,13.417827655861329,-0.3198784757951923,183.78412556075872,64.98591427028387,89.02080750199387,59.24309393330667,1093.1085529072573,161.556618720799,318.4449602589054,14.066291874657068,Non-Fatigue
