emg_rms,emg_mav,emg_variance,emg_std,emg_waveform_length,emg_zero_crossing,emg_ssc,emg_kurtosis,emg_skewness,emg_peak,emg_median_freq,emg_mean_freq,emg_peak_freq,emg_total_power,emg_power_low,emg_power_mid,emg_power_high,class_name
24.175523151084747,11.6423085126517,1625.1803593622408,47.95695390435427,643831.2126171417,18204.751027065893,29643.323122203477,12.361341127817404,-0.195289026927891,272.8058676061661,73.80272956990703,98.0633457046303,55.70319262576067,1085.4030078655949,131.3477170575856,197.0850246057815,20.48801822493625,Non-Fatigue
