emg_rms,emg_mav,emg_variance,emg_std,emg_waveform_length,emg_zero_crossing,emg_ssc,emg_kurtosis,emg_skewness,emg_peak,emg_median_freq,emg_mean_freq,emg_peak_freq,emg_total_power,emg_power_low,emg_power_mid,emg_power_high,class_name
36.33298005394519,13.085622665060942,-1047.3453047770174,28.194607573254714,596683.6479702208,16729.946134181693,23824.234208095168,23.743676840717093,0.0748203917220235,472.8787162246055,88.77789685293925,83.99377113921716,57.75436089953999,109.01035762796688,126.98005128210671,508.6769467674517,42.85938508873955,Non-Fatigue
