emg_rms,emg_mav,emg_variance,emg_std,emg_waveform_length,emg_zero_crossing,emg_ssc,emg_kurtosis,emg_skewness,emg_peak,emg_median_freq,emg_mean_freq,emg_peak_freq,emg_total_power,emg_power_low,emg_power_mid,emg_power_high,class_name
0.4753899360018678,15.66455571963898,2178.3101259595637,41.14880071637963,754724.7278484417,13700.482384722663,23547.9677923832,16.757892816202,-1.023029409004784,372.5928054939204,85.26420184661032,105.13846038824715,55.9061713612068,788.4046118646902,73.03743401701882,436.0487321771727,47.49689107307398,Non-Fatigue
