emg_rms,emg_mav,emg_variance,emg_std,emg_waveform_length,emg_zero_crossing,emg_ssc,emg_kurtosis,emg_skewness,emg_peak,emg_median_freq,emg_mean_freq,emg_peak_freq,emg_total_power,emg_power_low,emg_power_mid,emg_power_high,class_name
42.87762742077597,13.290651714804056,3582.345527322831,38.94927189600404,713712.2918336296,16669.945889583116,25179.446164192148,8.420263852675376,0.086392351170939,383.7549965157713,59.319734148437945,101.9190628113278,51.69390535860796,864.1760466608398,142.21064640112462,19.235048149893657,28.210085047783963,Non-Fatigue
