emg_rms,emg_mav,emg_variance,emg_std,emg_waveform_length,emg_zero_crossing,emg_ssc,emg_kurtosis,emg_skewness,emg_peak,emg_median_freq,emg_mean_freq,emg_peak_freq,emg_total_power,emg_power_low,emg_power_mid,emg_power_high,class_name
31.4576554108789,17.34060556710253,2415.1970724586245,50.7145242796672,648843.0985666811,16913.181417613465,29241.627632124,15.44873834103836,-2.4595637057138005,254.0928504330153,81.61867356272438,86.42337140231291,62.61766277541492,661.7653972559441,12.221567945551657,55.09887544093226,107.01285829818558,Non-Fatigue
