emg_rms,emg_mav,emg_variance,emg_std,emg_waveform_length,emg_zero_crossing,emg_ssc,emg_kurtosis,emg_skewness,emg_peak,emg_median_freq,emg_mean_freq,emg_peak_freq,emg_total_power,emg_power_low,emg_power_mid,emg_power_high,class_name
38.39770323153522,16.895115477047895,1899.1965152731727,84.05059722601116,722436.8685154109,6709.052600093806,29288.91361286089,20.396209062761532,2.418006184249237,376.78462341849416,77.31216480746947,67.5783881995019,44.8161267353474,507.8582234711602,237.05015285843356,899.0256861144844,-58.09199055958111,Non-Fatigue
