emg_rms,emg_mav,emg_variance,emg_std,emg_waveform_length,emg_zero_crossing,emg_ssc,emg_kurtosis,emg_skewness,emg_peak,emg_median_freq,emg_mean_freq,emg_peak_freq,emg_total_power,emg_power_low,emg_power_mid,emg_power_high,class_name
46.655508919352926,30.09711454279376,3595.561737368018,28.752350705262096,1082047.8830796485,14257.344361771666,28492.99118809068,9.702521475596022,0.1506527040552155,216.28657724926228,85.50516048569803,65.18029518132076,64.33921966374379,179.82672812000283,196.0259120151149,332.8810959746197,123.52687979134642,Non-Fatigue
