emg_rms,emg_mav,emg_variance,emg_std,emg_waveform_length,emg_zero_crossing,emg_ssc,emg_kurtosis,emg_skewness,emg_peak,emg_median_freq,emg_mean_freq,emg_peak_freq,emg_total_power,emg_power_low,emg_power_mid,emg_power_high,class_name
56.69264884150829,18.258751346148458,183.3132987668148,33.26759144502188,465371.0743519139,13682.883277798825,22953.949083608142,31.774323444287567,0.8414321012401655,320.747003126676,87.52181425745495,106.8584017158458,47.82435185419559,1229.3647415469948,139.16037063174954,-1.6212770496437088,31.50090677366916,Non-Fatigue
