emg_rms,emg_mav,emg_variance,emg_std,emg_waveform_length,emg_zero_crossing,emg_ssc,emg_kurtosis,emg_skewness,emg_peak,emg_median_freq,emg_mean_freq,emg_peak_freq,emg_total_power,emg_power_low,emg_power_mid,emg_power_high,class_name
61.85338405660509,20.34658911092187,2567.851186966637,26.37396482281233,426590.4975076612,14618.54508654015,30042.478700816,13.124310905317689,1.1969807804431083,336.60903709043964,78.36909979987381,127.17703427848264,50.19014422938973,559.5323060628716,227.15100640216264,261.81789268839174,107.83727289372496,Non-Fatigue
