emg_rms,emg_mav,emg_variance,emg_std,emg_waveform_length,emg_zero_crossing,emg_ssc,emg_kurtosis,emg_skewness,emg_peak,emg_median_freq,emg_mean_freq,emg_peak_freq,emg_total_power,emg_power_low,emg_power_mid,emg_power_high,class_name
27.269060157421837,9.435799911572408,2559.1566440605466,57.14922221087238,756682.8616393724,11991.359181874845,22572.881687346315,22.753840423181305,-1.212374271818118,459.3352514054676,68.07680299150338,98.60963335326426,41.06961159411214,304.5539599624784,-120.81663751520162,167.1133384374649,-7.202184963243724,Non-Fatigue
