emg_rms,emg_mav,emg_variance,emg_std,emg_waveform_length,emg_zero_crossing,emg_ssc,emg_kurtosis,emg_skewness,emg_peak,emg_median_freq,emg_mean_freq,emg_peak_freq,emg_total_power,emg_power_low,emg_power_mid,emg_power_high,class_name
48.0960618717042,18.149692680225662,-710.7233529149714,41.01451903411585,403527.2273951589,12625.184183276191,27170.75075466413,11.510402543388098,0.1474252245848971,438.6727297302993,75.86583423957727,124.88786097692964,58.068153692001786,245.67391013780784,22.02229684232487,93.61290181633272,-1.6000282360635367,Non-Fatigue
