emg_rms,emg_mav,emg_variance,emg_std,emg_waveform_length,emg_zero_crossing,emg_ssc,emg_kurtosis,emg_skewness,emg_peak,emg_median_freq,emg_mean_freq,emg_peak_freq,emg_total_power,emg_power_low,emg_power_mid,emg_power_high,class_name
33.71711457076488,17.77558458702201,4390.637664065141,68.29020224730891,431788.70860442775,7757.691834565219,27885.66409378732,13.781664597848485,-0.2757736059856746,463.2910273332703,82.7437037304638,96.29087286426956,60.57762241541393,161.32420875701513,161.9770113637628,430.1678920370016,19.274883890420817,Non-Fatigue
