emg_rms,emg_mav,emg_variance,emg_std,emg_waveform_length,emg_zero_crossing,emg_ssc,emg_kurtosis,emg_skewness,emg_peak,emg_median_freq,emg_mean_freq,emg_peak_freq,emg_total_power,emg_power_low,emg_power_mid,emg_power_high,class_name
37.64552102652239,5.639521250763727,2210.1429512986992,63.0405985815224,400850.6341546703,14677.91679357172,28955.016169287093,14.1153419026627,2.814049712299962,337.11954773875823,101.10957074395168,99.26856087929032,67.33423102092105,324.9575575924238,130.2099899052458,382.9788708529948,16.61922405046996,Non-Fatigue
