emg_rms,emg_mav,emg_variance,emg_std,emg_waveform_length,emg_zero_crossing,emg_ssc,emg_kurtosis,emg_skewness,emg_peak,emg_median_freq,emg_mean_freq,emg_peak_freq,emg_total_power,emg_power_low,emg_power_mid,emg_power_high,class_name
45.03518325398306,20.619392353720617,462.3300352872129,27.95140870714655,748966.8459303424,17164.804476665133,28552.665675118988,8.803131911527615,-1.505689698860412,390.233101671013,87.08980959147675,83.59044357477302,50.611350957172334,76.185736766827,166.8424829763688,311.75059961428866,96.56978960750403,Non-Fatigue
