emg_rms,emg_mav,emg_variance,emg_std,emg_waveform_length,emg_zero_crossing,emg_ssc,emg_kurtosis,emg_skewness,emg_peak,emg_median_freq,emg_mean_freq,emg_peak_freq,emg_total_power,emg_power_low,emg_power_mid,emg_power_high,class_name
17.8108659704285,26.036083913233973,2543.9117596036804,20.803872920010992,299628.87944085384,15324.293722863707,25645.50812123209,23.18471071394426,2.657990263551328,463.15241308872186,83.90050946961523,107.0009023704016,66.05948591394665,359.25566755918794,94.50378551101284,-212.35853382148952,-0.0666271803179441,Non-Fatigue
