emg_rms,emg_mav,emg_variance,emg_std,emg_waveform_length,emg_zero_crossing,emg_ssc,emg_kurtosis,emg_skewness,emg_peak,emg_median_freq,emg_mean_freq,emg_peak_freq,emg_total_power,emg_power_low,emg_power_mid,emg_power_high,class_name
45.7963068639453,23.56760792612284,1129.7356755378269,-5.548658694914366,489519.5668506658,9906.467963694273,27303.379775949263,15.987073254932607,-0.3948659904914362,611.5597830283008,98.41487587574348,81.9035313186313,52.77666090169292,245.79054762140723,38.315998346621136,144.46929208415213,29.341649088368204,Non-Fatigue
