emg_rms,emg_mav,emg_variance,emg_std,emg_waveform_length,emg_zero_crossing,emg_ssc,emg_kurtosis,emg_skewness,emg_peak,emg_median_freq,emg_mean_freq,emg_peak_freq,emg_total_power,emg_power_low,emg_power_mid,emg_power_high,class_name
27.250808035619063,16.155214788832,2037.9835890015747,43.92809937249599,683988.8812786008,14791.68952352063,25019.1763560494,9.258661144875356,2.736667417610015,372.5564068814866,69.50117191730074,102.2517218594656,46.48912073726052,558.994371776146,163.5304872449529,348.13013323167894,20.939532094275144,Non-Fatigue
