emg_rms,emg_mav,emg_variance,emg_std,emg_waveform_length,emg_zero_crossing,emg_ssc,emg_kurtosis,emg_skewness,emg_peak,emg_median_freq,emg_mean_freq,emg_peak_freq,emg_total_power,emg_power_low,emg_power_mid,emg_power_high,class_name
49.79984404602455,16.95559867494579,-176.17297187639974,18.787005370912517,531863.364541771,15869.36678534216,27350.16777664259,11.373334558984627,0.1023722020787575,414.9155316830661,91.47135896480242,109.96822621953348,70.59632018073717,-478.41607683905846,107.49072963250796,472.8099722326248,55.73033319850232,Non-Fatigue
