emg_rms,emg_mav,emg_variance,emg_std,emg_waveform_length,emg_zero_crossing,emg_ssc,emg_kurtosis,emg_skewness,emg_peak,emg_median_freq,emg_mean_freq,emg_peak_freq,emg_total_power,emg_power_low,emg_power_mid,emg_power_high,class_name
17.897458285598198,5.399476151023984,2432.5195222885072,28.158604771422517,573404.075893941,9578.9865725814,28357.128107250443,10.112924913052208,-0.5294849197721947,542.4729301539971,94.18130490994358,92.02272980603796,53.439687407967504,272.361665246459,169.009173588462,944.269530391382,61.29986959336996,Non-Fatigue
