emg_rms,emg_mav,emg_variance,emg_std,emg_waveform_length,emg_zero_crossing,emg_ssc,emg_kurtosis,emg_skewness,emg_peak,emg_median_freq,emg_mean_freq,emg_peak_freq,emg_total_power,emg_power_low,emg_power_mid,emg_power_high,class_name
24.91038374104404,17.17012411400544,2844.563591609796,25.18911572150593,407341.4238236374,12973.468799115648,23202.871571828684,9.800666961404556,-0.1212951662710929,616.8792218352273,93.2288474405464,61.71048666059637,57.41363747800459,928.3911105080916,48.7271135202425,-224.49276962015185,39.74981786188128,Non-Fatigue
