emg_rms,emg_mav,emg_variance,emg_std,emg_waveform_length,emg_zero_crossing,emg_ssc,emg_kurtosis,emg_skewness,emg_peak,emg_median_freq,emg_mean_freq,emg_peak_freq,emg_total_power,emg_power_low,emg_power_mid,emg_power_high,class_name
18.41715423162753,10.12133732632092,3834.210960462362,43.70491293444394,577248.446872399,15730.635494704373,32242.62980343274,19.012098354141408,-0.4628968941614093,453.9265353050239,62.82219872732995,71.36702880077492,64.85324135418328,-539.5484329124206,31.249970646916296,394.4399226806037,37.89027506785724,Non-Fatigue
