emg_rms,emg_mav,emg_variance,emg_std,emg_waveform_length,emg_zero_crossing,emg_ssc,emg_kurtosis,emg_skewness,emg_peak,emg_median_freq,emg_mean_freq,emg_peak_freq,emg_total_power,emg_power_low,emg_power_mid,emg_power_high,class_name
26.0798736543045,10.141311196601777,2840.3494690099424,71.37523483725242,618398.6811693271,15312.753689100084,23084.197884902493,13.74550474431195,1.3749837342310405,438.4285681313821,72.98561748879818,97.22954474362028,54.69313287851864,234.91277119495197,165.67130487892638,239.6993679894557,81.67878726566552,Non-Fatigue
