emg_rms,emg_mav,emg_variance,emg_std,emg_waveform_length,emg_zero_crossing,emg_ssc,emg_kurtosis,emg_skewness,emg_peak,emg_median_freq,emg_mean_freq,emg_peak_freq,emg_total_power,emg_power_low,emg_power_mid,emg_power_high,class_name
32.5464541821411,36.014824647653086,-1557.90719314511,17.777187921679904,564845.8898795444,17943.919038957734,24779.85211919472,24.685336790975377,-0.6129980093012066,471.4167524221091,74.3366294479128,105.38964975856726,51.31840407072024,90.00298389027904,-5.576627244025346,462.01748616877774,72.6641832300322,Non-Fatigue
