emg_rms,emg_mav,emg_variance,emg_std,emg_waveform_length,emg_zero_crossing,emg_ssc,emg_kurtosis,emg_skewness,emg_peak,emg_median_freq,emg_mean_freq,emg_peak_freq,emg_total_power,emg_power_low,emg_power_mid,emg_power_high,class_name
42.42234569564899,19.216645617534788,-718.002042255285,36.01760753165298,109210.56135609752,15256.652435560743,22916.695568022835,19.0685164297684,1.2287617900447965,330.71323120448665,75.88400004603898,98.03482747594497,60.07278803176499,171.46731477680163,125.30091970950323,322.21209745000806,43.965891053746034,Non-Fatigue
