emg_rms,emg_mav,emg_variance,emg_std,emg_waveform_length,emg_zero_crossing,emg_ssc,emg_kurtosis,emg_skewness,emg_peak,emg_median_freq,emg_mean_freq,emg_peak_freq,emg_total_power,emg_power_low,emg_power_mid,emg_power_high,class_name
30.945548787972555,18.03050641699593,2226.7899282790786,20.54786024961367,570065.3936548302,8047.554850999803,26429.33042561634,13.7695392981336,-0.3608274836797256,439.6025248369767,99.18590006180132,107.30098698731771,57.83849206528695,127.69736021930646,249.66369182093837,290.5205743359925,140.70200954849594,Non-Fatigue
