emg_rms,emg_mav,emg_variance,emg_std,emg_waveform_length,emg_zero_crossing,emg_ssc,emg_kurtosis,emg_skewness,emg_peak,emg_median_freq,emg_mean_freq,emg_peak_freq,emg_total_power,emg_power_low,emg_power_mid,emg_power_high,class_name
38.95116747029735,15.651371507653598,-1594.5872783122516,90.71463289084546,818156.2165384796,9712.289175913054,19686.37956174331,15.039144183587762,1.1590410316425817,522.9833760779159,69.34652311465568,86.61107135041078,60.97998992543396,1.4856525930472912,143.53498198694456,509.1519526326661,78.59120206129977,Non-Fatigue
