emg_rms,emg_mav,emg_variance,emg_std,emg_waveform_length,emg_zero_crossing,emg_ssc,emg_kurtosis,emg_skewness,emg_peak,emg_median_freq,emg_mean_freq,emg_peak_freq,emg_total_power,emg_power_low,emg_power_mid,emg_power_high,class_name
44.40478837407875,13.9005338665747,2230.082717231321,63.35870142951747,744511.5906370326,15090.032390906374,28071.403283069936,13.699561277145406,0.7578264413506255,359.5029154771623,80.21364526502899,88.5550794633802,65.14337458749901,312.6005740154826,193.65508312605965,351.13993453263816,42.52536916039581,Non-Fatigue
