emg_rms,emg_mav,emg_variance,emg_std,emg_waveform_length,emg_zero_crossing,emg_ssc,emg_kurtosis,emg_skewness,emg_peak,emg_median_freq,emg_mean_freq,emg_peak_freq,emg_total_power,emg_power_low,emg_power_mid,emg_power_high,class_name
14.596726193983653,7.819412759844118,391.75451943880216,52.93530196506154,328285.00294903765,10498.128242961046,26850.428506400505,15.26680350339334,-0.5985921138467503,453.4356912595584,78.37912135126547,94.68314217067932,63.26006266634944,1039.4635093641637,241.7396008859239,-451.3450961255068,84.76663469315707,Non-Fatigue
