emg_rms,emg_mav,emg_variance,emg_std,emg_waveform_length,emg_zero_crossing,emg_ssc,emg_kurtosis,emg_skewness,emg_peak,emg_median_freq,emg_mean_freq,emg_peak_freq,emg_total_power,emg_power_low,emg_power_mid,emg_power_high,class_name
26.111198994538668,10.105183664873929,1443.3664633091885,16.17116098840837,791200.8854751926,12037.039561449164,24262.69952372153,6.11178494448238,1.1627836617074163,385.19242936951736,84.38041626627357,119.94143141822931,47.704024862165575,956.5135865343464,-46.05847949002616,413.8111010297162,44.942288872940296,Non-Fatigue
