emg_rms,emg_mav,emg_variance,emg_std,emg_waveform_length,emg_zero_crossing,emg_ssc,emg_kurtosis,emg_skewness,emg_peak,emg_median_freq,emg_mean_freq,emg_peak_freq,emg_total_power,emg_power_low,emg_power_mid,emg_power_high,class_name
28.05426696745065,23.70542978142985,2040.8125415229667,35.24260568919646,943739.9991773752,12671.96944979313,26838.93305547542,10.63051137934715,0.1957879489173642,558.7344165321376,83.14055061223175,84.13540682636537,48.87098300101557,534.6719570826739,248.3039458989066,107.49737597021723,22.702951847536056,Non-Fatigue
