emg_rms,emg_mav,emg_variance,emg_std,emg_waveform_length,emg_zero_crossing,emg_ssc,emg_kurtosis,emg_skewness,emg_peak,emg_median_freq,emg_mean_freq,emg_peak_freq,emg_total_power,emg_power_low,emg_power_mid,emg_power_high,class_name
4.300073112187171,14.46247383513963,2055.237858372854,63.84678704367426,738158.6670631241,15259.074196885114,28871.54080489594,11.468046900880395,-0.7705720174638745,437.1946423099876,80.7745083938538,123.0146072515722,52.01097753226514,157.53756863226886,-120.0551644565463,420.0380559688971,32.535081981158406,Non-Fatigue
