emg_rms,emg_mav,emg_variance,emg_std,emg_waveform_length,emg_zero_crossing,emg_ssc,emg_kurtosis,emg_skewness,emg_peak,emg_median_freq,emg_mean_freq,emg_peak_freq,emg_total_power,emg_power_low,emg_power_mid,emg_power_high,class_name
58.57486948862024,16.549369459151375,1512.105329124589,72.5986147131022,275225.3832504134,11927.098402531265,25402.58993853832,6.754662913849755,-0.2327862310143211,385.0801627660841,76.4825469240363,122.497535155466,44.67673343372058,1010.9273346029792,-47.14665341337057,252.7131840165295,49.03626406801053,Non-Fatigue
