emg_rms,emg_mav,emg_variance,emg_std,emg_waveform_length,emg_zero_crossing,emg_ssc,emg_kurtosis,emg_skewness,emg_peak,emg_median_freq,emg_mean_freq,emg_peak_freq,emg_total_power,emg_power_low,emg_power_mid,emg_power_high,class_name
80.09707463744863,22.32135515013227,52.812090533443325,57.09437845283568,761948.5410008169,12607.667482605417,27934.98827767561,14.926731547534438,1.0438461064946278,579.3140135953407,79.84129706709716,81.61743082069391,62.29891332794703,669.7019519175722,130.51122245002173,457.6631241443541,-6.1157330226107405,Non-Fatigue
