emg_rms,emg_mav,emg_variance,emg_std,emg_waveform_length,emg_zero_crossing,emg_ssc,emg_kurtosis,emg_skewness,emg_peak,emg_median_freq,emg_mean_freq,emg_peak_freq,emg_total_power,emg_power_low,emg_power_mid,emg_power_high,class_name
25.566986132930538,25.518635315782404,3066.673947117707,47.239286295127805,545926.0175071239,15923.946208012534,28231.899240408293,12.70841098196224,-1.5094189473655266,560.7034351745932,64.10791178751032,92.05352158165331,55.08625641844287,415.6677179890538,22.777106592299468,233.6330577037608,35.19415894150115,Non-Fatigue
