emg_rms,emg_mav,emg_variance,emg_std,emg_waveform_length,emg_zero_crossing,emg_ssc,emg_kurtosis,emg_skewness,emg_peak,emg_median_freq,emg_mean_freq,emg_peak_freq,emg_total_power,emg_power_low,emg_power_mid,emg_power_high,class_name
26.207573634170032,13.845361477998171,1488.4374889056398,43.09466835356751,448341.4358060264,13191.732994847667,23364.95432321587,15.753452516598712,0.1626993187043383,385.2582527243223,94.1033872976409,87.24426139496089,48.34778653433087,428.77488909593205,-14.167306183613505,660.352682203707,-12.39685173888344,Non-Fatigue
