emg_rms,emg_mav,emg_variance,emg_std,emg_waveform_length,emg_zero_crossing,emg_ssc,emg_kurtosis,emg_skewness,emg_peak,emg_median_freq,emg_mean_freq,emg_peak_freq,emg_total_power,emg_power_low,emg_power_mid,emg_power_high,class_name
42.85741476409068,20.83432440092431,801.5574887425736,12.652565247332417,629382.9955301472,13960.886289407114,26986.050497001223,23.07077897985149,-1.268920674091084,481.9757049650767,79.32489243635261,91.58018082165792,60.99034924237094,467.17947756844296,72.9922829648149,371.8053608017656,43.37121942517807,Non-Fatigue
