emg_rms,emg_mav,emg_variance,emg_std,emg_waveform_length,emg_zero_crossing,emg_ssc,emg_kurtosis,emg_skewness,emg_peak,emg_median_freq,emg_mean_freq,emg_peak_freq,emg_total_power,emg_power_low,emg_power_mid,emg_power_high,class_name
42.30396826862857,0.9146122030464596,4279.5318750326,33.578935821429205,969174.502740008,6515.067504732037,25154.64950194548,16.3663665188105,3.02233269979449,286.81831032337834,91.38183271768648,89.6514160345363,61.64812584263738,742.5363803890539,87.5223343222343,141.9132178959856,-9.19141115859206,Non-Fatigue
