emg_rms,emg_mav,emg_variance,emg_std,emg_waveform_length,emg_zero_crossing,emg_ssc,emg_kurtosis,emg_skewness,emg_peak,emg_median_freq,emg_mean_freq,emg_peak_freq,emg_total_power,emg_power_low,emg_power_mid,emg_power_high,class_name
23.809381405272653,28.068529537484206,2077.074073102205,32.57522208295092,477488.9971708854,8605.803911319219,33664.92889226622,17.97186389049389,0.159858230018229,497.9199721023866,77.6709156664919,97.44889035118835,44.57491620477265,335.01996793974536,78.13637340928133,305.5126245092619,16.019574896733054,Non-Fatigue
