emg_rms,emg_mav,emg_variance,emg_std,emg_waveform_length,emg_zero_crossing,emg_ssc,emg_kurtosis,emg_skewness,emg_peak,emg_median_freq,emg_mean_freq,emg_peak_freq,emg_total_power,emg_power_low,emg_power_mid,emg_power_high,class_name
75.64335284829666,20.271332016957807,442.2238239931744,59.653980391662216,475715.8048971911,17096.114524240693,21060.47717243676,15.494460818409133,-1.4154396270220988,582.6645404796242,85.31147942643979,82.41649190890544,59.82604576197463,1044.99389740837,-60.36748408712401,511.4032256356756,60.11746180485472,Non-Fatigue
