emg_rms,emg_mav,emg_variance,emg_std,emg_waveform_length,emg_zero_crossing,emg_ssc,emg_kurtosis,emg_skewness,emg_peak,emg_median_freq,emg_mean_freq,emg_peak_freq,emg_total_power,emg_power_low,emg_power_mid,emg_power_high,class_name
35.54596067722364,14.323943633076226,-156.59615568763502,52.68439505737623,530949.3226255536,15118.276882260105,34279.94950529834,12.47320024955132,2.376182959331172,667.8614455286651,77.06239799157683,97.42758816666245,50.32759858334053,1260.062934516323,-66.57397315188655,606.5813777296572,49.80085616244017,Non-Fatigue
