emg_rms,emg_mav,emg_variance,emg_std,emg_waveform_length,emg_zero_crossing,emg_ssc,emg_kurtosis,emg_skewness,emg_peak,emg_median_freq,emg_mean_freq,emg_peak_freq,emg_total_power,emg_power_low,emg_power_mid,emg_power_high,class_name
65.16055912615226,28.0047311029706,3630.1348447908185,30.795461672206496,603457.6925154786,16486.76225862189,27556.11969585368,13.897712715313274,-0.3847332010558528,380.9772798026065,86.78154972292941,95.53435953132742,56.29075774809178,469.5933157513834,-2.430440197677996,46.59100701254539,78.25980104759522,Non-Fatigue
