emg_rms,emg_mav,emg_variance,emg_std,emg_waveform_length,emg_zero_crossing,emg_ssc,emg_kurtosis,emg_skewness,emg_peak,emg_median_freq,emg_mean_freq,emg_peak_freq,emg_total_power,emg_power_low,emg_power_mid,emg_power_high,class_name
48.69637074253147,13.994568517382016,3120.10826861196,36.3780229723428,269668.4049058148,8351.77721179731,29860.300107272447,14.777998343334556,-0.0473824287565191,589.4986323201753,78.73281764919369,90.03572015275218,51.33255897589596,-657.8868997468016,-26.25056602968192,621.0143629076765,35.99336603804828,Non-Fatigue
