emg_rms,emg_mav,emg_variance,emg_std,emg_waveform_length,emg_zero_crossing,emg_ssc,emg_kurtosis,emg_skewness,emg_peak,emg_median_freq,emg_mean_freq,emg_peak_freq,emg_total_power,emg_power_low,emg_power_mid,emg_power_high,class_name
71.8632339117182,14.164072618854014,1066.8732297329257,52.66992465122925,262457.3750472781,13814.570494727292,26077.11618903108,9.3019153244767,-1.114179332144858,383.5078073191522,84.92192713060588,103.68585359292618,56.635951768798215,-82.1147603298146,-5.947897702892391,942.4191613320622,64.47857339824581,Non-Fatigue
