emg_rms,emg_mav,emg_variance,emg_std,emg_waveform_length,emg_zero_crossing,emg_ssc,emg_kurtosis,emg_skewness,emg_peak,emg_median_freq,emg_mean_freq,emg_peak_freq,emg_total_power,emg_power_low,emg_power_mid,emg_power_high,class_name
60.97381283452371,17.608382284875287,2093.8879640283403,35.931172876990274,681834.3495356715,10985.38305684015,27015.3230008553,13.01028052761609,0.0834438159462089,556.0936037966386,64.3449217813483,80.59620964831161,78.11267861971552,-599.9435127196996,60.353413574542365,30.99873038489721,74.04284224258329,Non-Fatigue
