emg_rms,emg_mav,emg_variance,emg_std,emg_waveform_length,emg_zero_crossing,emg_ssc,emg_kurtosis,emg_skewness,emg_peak,emg_median_freq,emg_mean_freq,emg_peak_freq,emg_total_power,emg_power_low,emg_power_mid,emg_power_high,class_name
46.50038582132295,26.23862998270581,-1231.2341136412108,41.0964130400796,729795.9629442228,17849.193755958084,20331.053016444723,15.082975204425823,0.0237272581537068,506.5753811914837,67.39517065596712,94.94175524879724,52.10075735388192,640.0874047730496,102.56236427829658,176.55317572301894,43.21183141537073,Non-Fatigue
