emg_rms,emg_mav,emg_variance,emg_std,emg_waveform_length,emg_zero_crossing,emg_ssc,emg_kurtosis,emg_skewness,emg_peak,emg_median_freq,emg_mean_freq,emg_peak_freq,emg_total_power,emg_power_low,emg_power_mid,emg_power_high,class_name
32.196381581760406,13.523552833096204,1804.2767150247785,35.77122922101365,679842.5041286369,13486.921756588556,27225.722465845647,14.294906389737877,-0.184897747151346,503.4077796349132,81.3070622991032,109.2865110720992,53.05723246145035,-278.35363466128734,54.72997605834925,386.648259035962,52.12793538240548,Non-Fatigue
