emg_rms,emg_mav,emg_variance,emg_std,emg_waveform_length,emg_zero_crossing,emg_ssc,emg_kurtosis,emg_skewness,emg_peak,emg_median_freq,emg_mean_freq,emg_peak_freq,emg_total_power,emg_power_low,emg_power_mid,emg_power_high,class_name
85.14665900892598,30.41296600822641,2193.6041561139928,53.61868322989928,732301.889569361,11353.001270221986,31423.202099443653,1.7137497665873769,0.4535018827454964,342.4558225595105,67.86830544707938,102.1257259932896,42.71206546565574,777.1546084812892,-54.95801381154561,-334.1851567175242,12.540048569831328,Non-Fatigue
