emg_rms,emg_mav,emg_variance,emg_std,emg_waveform_length,emg_zero_crossing,emg_ssc,emg_kurtosis,emg_skewness,emg_peak,emg_median_freq,emg_mean_freq,emg_peak_freq,emg_total_power,emg_power_low,emg_power_mid,emg_power_high,class_name
56.538231483691725,16.02541664323493,1093.1658763358255,50.90602857487602,661632.8047551293,12468.408823030728,31288.52257575187,22.2715262110588,0.7044385234326556,494.4134638343857,64.48256613443887,77.659623122418,57.80718953735938,168.56115176126548,-37.68179982686858,225.74349362521167,65.58927250914014,Non-Fatigue
