emg_rms,emg_mav,emg_variance,emg_std,emg_waveform_length,emg_zero_crossing,emg_ssc,emg_kurtosis,emg_skewness,emg_peak,emg_median_freq,emg_mean_freq,emg_peak_freq,emg_total_power,emg_power_low,emg_power_mid,emg_power_high,class_name
42.01983562486865,17.671122155211314,5390.903271155422,30.455861544715983,548307.7613453353,6322.39012583902,22694.34964075069,15.238103175972537,-1.437779630599676,389.87274348834177,65.37509976684332,104.5896467357098,45.86037179478149,443.9684495911357,-70.90983979835656,392.05090253892575,-4.37135842025544,Non-Fatigue
