emg_rms,emg_mav,emg_variance,emg_std,emg_waveform_length,emg_zero_crossing,emg_ssc,emg_kurtosis,emg_skewness,emg_peak,emg_median_freq,emg_mean_freq,emg_peak_freq,emg_total_power,emg_power_low,emg_power_mid,emg_power_high,class_name
50.13673581019098,11.563698751569516,476.2710329303384,22.37813122926397,704399.2565760044,9316.144039232884,25526.05185799732,8.939809660565837,-0.4637041725147823,525.2632108914802,74.28072435796125,96.33071426731084,60.38230218264486,190.65574955545705,89.00518484457747,84.05791151415988,72.7940908364601,Non-Fatigue
