emg_rms,emg_mav,emg_variance,emg_std,emg_waveform_length,emg_zero_crossing,emg_ssc,emg_kurtosis,emg_skewness,emg_peak,emg_median_freq,emg_mean_freq,emg_peak_freq,emg_total_power,emg_power_low,emg_power_mid,emg_power_high,class_name
41.08203389641766,17.14829182158828,2033.9323191415065,36.59054984810811,767639.5200832227,15191.75439082002,25085.227795257717,11.163746703298155,1.1237003408697013,468.1571468321182,86.12325721182152,74.68877168171302,58.16129699272501,62.32620880509313,97.33950112756064,727.7227611867148,20.93660427898982,Non-Fatigue
