emg_rms,emg_mav,emg_variance,emg_std,emg_waveform_length,emg_zero_crossing,emg_ssc,emg_kurtosis,emg_skewness,emg_peak,emg_median_freq,emg_mean_freq,emg_peak_freq,emg_total_power,emg_power_low,emg_power_mid,emg_power_high,class_name
16.84917501209931,30.11680467804464,888.2834594885622,59.78050587514991,492851.0407999695,15236.239629260876,32862.973730947924,17.96139133094981,-0.4159999861419088,292.1796131405116,61.713355320697175,119.1488124714352,76.27888934799708,462.59586302041606,175.48406658146783,728.2299655202478,10.315018906956093,Non-Fatigue
