emg_rms,emg_mav,emg_variance,emg_std,emg_waveform_length,emg_zero_crossing,emg_ssc,emg_kurtosis,emg_skewness,emg_peak,emg_median_freq,emg_mean_freq,emg_peak_freq,emg_total_power,emg_power_low,emg_power_mid,emg_power_high,class_name
56.48561689559035,18.47622892113985,514.5024411396566,51.67159718004347,366913.4887244965,11881.99061015027,26001.655617123062,19.53442198534774,1.247807026467704,181.02181077952696,85.43230532684635,103.17130490674782,51.423550897528656,333.8963217774416,75.73704846477368,-60.15615147270006,29.899431935267504,Non-Fatigue
