emg_rms,emg_mav,emg_variance,emg_std,emg_waveform_length,emg_zero_crossing,emg_ssc,emg_kurtosis,emg_skewness,emg_peak,emg_median_freq,emg_mean_freq,emg_peak_freq,emg_total_power,emg_power_low,emg_power_mid,emg_power_high,class_name
50.429995169593866,18.353375259285908,3049.106001821545,20.892121690403798,580377.4853429167,9331.077762375866,29176.65728029473,13.029388433963156,0.2645473492382409,274.4761350912323,88.14798254195577,95.88860492216148,58.738283196532784,215.14218737434496,-17.389741475969373,821.0944027121582,52.37576635566936,Non-Fatigue
