emg_rms,emg_mav,emg_variance,emg_std,emg_waveform_length,emg_zero_crossing,emg_ssc,emg_kurtosis,emg_skewness,emg_peak,emg_median_freq,emg_mean_freq,emg_peak_freq,emg_total_power,emg_power_low,emg_power_mid,emg_power_high,class_name
18.30149177528912,19.994250250770364,-140.35041968025712,48.22639827824972,582554.3802662488,11909.178554896062,26044.41123165829,16.46788586909188,0.2933353192311394,438.2621304599912,84.76492940626218,106.9507374520554,65.99830998078929,672.1660154539337,52.27365250787702,-280.37314790260126,24.029034936963804,Non-Fatigue
