emg_rms,emg_mav,emg_variance,emg_std,emg_waveform_length,emg_zero_crossing,emg_ssc,emg_kurtosis,emg_skewness,emg_peak,emg_median_freq,emg_mean_freq,emg_peak_freq,emg_total_power,emg_power_low,emg_power_mid,emg_power_high,class_name
4.408563530354485,11.697190741533817,1327.084268960216,54.00611948370424,784867.9317819546,8395.365206562927,20299.45810617284,14.570681605322982,1.2514765748923844,280.9147423071953,72.68984076701933,127.1631233878273,57.480628720291485,514.0191974233146,-18.074480357571105,281.9635128597319,105.60057315027616,Non-Fatigue
