emg_rms,emg_mav,emg_variance,emg_std,emg_waveform_length,emg_zero_crossing,emg_ssc,emg_kurtosis,emg_skewness,emg_peak,emg_median_freq,emg_mean_freq,emg_peak_freq,emg_total_power,emg_power_low,emg_power_mid,emg_power_high,class_name
53.92812085930405,15.614398726720374,526.0557313077848,22.43980674067883,517899.24931572017,10695.85365561382,25361.862340616448,13.430486429286294,-0.054949385252901,537.8878037409162,86.06709167009359,89.39967818338678,53.17267896146832,885.8281488615282,94.55578727628044,504.1493279303362,61.44578397906781,Non-Fatigue
