emg_rms,emg_mav,emg_variance,emg_std,emg_waveform_length,emg_zero_crossing,emg_ssc,emg_kurtosis,emg_skewness,emg_peak,emg_median_freq,emg_mean_freq,emg_peak_freq,emg_total_power,emg_power_low,emg_power_mid,emg_power_high,class_name
47.50532134251101,7.604662403451611,3876.816364524708,53.144298468451424,575938.6353170342,15203.40766616376,19590.334642055528,16.859740283775686,1.623958357828593,357.02638368905764,36.99542103264702,94.55499154950344,54.83369551305532,441.66758555720565,79.88212991027552,589.4669786788002,56.640696476400166,Non-Fatigue
