emg_rms,emg_mav,emg_variance,emg_std,emg_waveform_length,emg_zero_crossing,emg_ssc,emg_kurtosis,emg_skewness,emg_peak,emg_median_freq,emg_mean_freq,emg_peak_freq,emg_total_power,emg_power_low,emg_power_mid,emg_power_high,class_name
45.330718793768376,18.20628555497416,5099.769470093329,21.89550979468076,513794.8051219802,10847.079192572495,32508.49326571789,20.032274517953585,0.7838354194142785,346.80491534899886,76.73261840785847,111.14764303272813,61.38856868304432,556.4482625866497,20.4889398212175,484.6476919505187,82.61731623078323,Non-Fatigue
