emg_rms,emg_mav,emg_variance,emg_std,emg_waveform_length,emg_zero_crossing,emg_ssc,emg_kurtosis,emg_skewness,emg_peak,emg_median_freq,emg_mean_freq,emg_peak_freq,emg_total_power,emg_power_low,emg_power_mid,emg_power_high,class_name
10.742461052162412,32.65688342157932,1407.5054112030582,21.22035245750481,505217.3967732231,9357.103888113234,22217.105945842348,16.860518298487822,-0.9723090563587006,392.0966319364759,75.95559003694085,90.50139951173212,42.56514741724246,1215.176228619369,153.09680745103486,-49.982856115274046,70.90200930082455,Non-Fatigue
