emg_rms,emg_mav,emg_variance,emg_std,emg_waveform_length,emg_zero_crossing,emg_ssc,emg_kurtosis,emg_skewness,emg_peak,emg_median_freq,emg_mean_freq,emg_peak_freq,emg_total_power,emg_power_low,emg_power_mid,emg_power_high,class_name
58.35268413327351,16.459794028030636,-846.5186823135912,60.908363162959375,638722.7369579461,10892.37500702416,25820.390154592653,17.137354048574508,2.5035022710390837,438.1529935787782,65.1932400263189,120.89939437635758,49.3118569592038,588.5288648168813,100.08589426446918,124.22087764880187,77.01671752565989,Non-Fatigue
