emg_rms,emg_mav,emg_variance,emg_std,emg_waveform_length,emg_zero_crossing,emg_ssc,emg_kurtosis,emg_skewness,emg_peak,emg_median_freq,emg_mean_freq,emg_peak_freq,emg_total_power,emg_power_low,emg_power_mid,emg_power_high,class_name
29.765591571052862,12.438461510008697,2083.056898667183,0.2565547590316654,612915.8658924965,13880.885928969972,28762.191253702396,14.718399086788414,-0.29271330953615,413.34113887037387,65.98528776638379,63.61038084372693,64.64090205728056,575.2245379737819,233.88845245565903,322.2646812734427,-11.685433573047192,Non-Fatigue
