emg_rms,emg_mav,emg_variance,emg_std,emg_waveform_length,emg_zero_crossing,emg_ssc,emg_kurtosis,emg_skewness,emg_peak,emg_median_freq,emg_mean_freq,emg_peak_freq,emg_total_power,emg_power_low,emg_power_mid,emg_power_high,class_name
51.44888038743856,24.13335404291247,3900.809298774604,39.83661359365132,547303.6668141338,13738.04602721003,30464.13522360456,15.961577895620644,1.5201739940367562,378.7871420321882,68.27429718858214,88.73484579360368,63.87253532814403,554.4525703352472,27.67644058851297,569.5158464018672,53.13665827351069,Non-Fatigue
