emg_rms,emg_mav,emg_variance,emg_std,emg_waveform_length,emg_zero_crossing,emg_ssc,emg_kurtosis,emg_skewness,emg_peak,emg_median_freq,emg_mean_freq,emg_peak_freq,emg_total_power,emg_power_low,emg_power_mid,emg_power_high,class_name
41.12313682039094,23.303300346638892,3756.1245665261913,42.10820877271938,110756.42989909748,20292.637391026776,26047.25861469058,9.554079821241086,1.452434116644358,383.2540042705492,86.94163300149079,96.9227061061154,56.2753322701196,48.152074739355385,79.16449384490117,659.8240699102657,100.93224251106956,Non-Fatigue
