emg_rms,emg_mav,emg_variance,emg_std,emg_waveform_length,emg_zero_crossing,emg_ssc,emg_kurtosis,emg_skewness,emg_peak,emg_median_freq,emg_mean_freq,emg_peak_freq,emg_total_power,emg_power_low,emg_power_mid,emg_power_high,class_name
12.534929955679242,9.12856269173857,3122.857831186529,47.02745625055321,603654.1333790047,18293.58233193,23004.6732023747,27.85030400912273,0.682621087297258,536.1354074470529,93.66959994232307,83.43544196354047,47.00721366642462,247.0066973024784,-3.407678695421424,523.7337984861215,120.21793623028437,Non-Fatigue
