emg_rms,emg_mav,emg_variance,emg_std,emg_waveform_length,emg_zero_crossing,emg_ssc,emg_kurtosis,emg_skewness,emg_peak,emg_median_freq,emg_mean_freq,emg_peak_freq,emg_total_power,emg_power_low,emg_power_mid,emg_power_high,class_name
30.40294678556993,17.593797313625288,3544.579190981213,33.28988452766562,783451.080816414,22020.893354964574,25075.395211551237,18.747053609877337,-0.6325574074401824,357.7127040929637,102.80023928497933,55.87595147513198,60.00209248159226,880.177616112941,211.45954999332105,254.88562586995727,55.454070287062976,Non-Fatigue
