emg_rms,emg_mav,emg_variance,emg_std,emg_waveform_length,emg_zero_crossing,emg_ssc,emg_kurtosis,emg_skewness,emg_peak,emg_median_freq,emg_mean_freq,emg_peak_freq,emg_total_power,emg_power_low,emg_power_mid,emg_power_high,class_name
54.03976012957671,30.830539980347545,2057.040880045593,17.681811004283997,438854.5163453644,14996.007481539064,30678.930812756967,22.794704795651917,0.4730188086529409,415.7151028489326,45.97432611393445,91.64507126512268,45.68430006800307,-236.10222382998276,-66.48766908933621,-43.67132406389163,66.07128936965144,Non-Fatigue
