emg_rms,emg_mav,emg_variance,emg_std,emg_waveform_length,emg_zero_crossing,emg_ssc,emg_kurtosis,emg_skewness,emg_peak,emg_median_freq,emg_mean_freq,emg_peak_freq,emg_total_power,emg_power_low,emg_power_mid,emg_power_high,class_name
56.09627601644686,14.397977181457687,3091.843068059094,43.37790132473485,702415.6186132699,15143.251373809291,30805.94541608205,22.046074768269328,-0.3231428790500511,363.23996479647286,78.68440203704381,89.51788739240232,49.42190777310824,353.607547115923,23.19659377665114,-25.85536493723157,83.85174398267738,Non-Fatigue
