emg_rms,emg_mav,emg_variance,emg_std,emg_waveform_length,emg_zero_crossing,emg_ssc,emg_kurtosis,emg_skewness,emg_peak,emg_median_freq,emg_mean_freq,emg_peak_freq,emg_total_power,emg_power_low,emg_power_mid,emg_power_high,class_name
54.32253264531643,23.59168917062598,2259.4891080407024,44.024833154503,634624.4216935331,11675.429033989449,28402.7956207986,17.920651879966034,2.335332784097961,458.8652101677102,66.81910883584091,123.00070108413252,59.04140618026619,467.76054386986135,111.56801028782668,849.7430025367864,33.88941553072972,Non-Fatigue
