emg_rms,emg_mav,emg_variance,emg_std,emg_waveform_length,emg_zero_crossing,emg_ssc,emg_kurtosis,emg_skewness,emg_peak,emg_median_freq,emg_mean_freq,emg_peak_freq,emg_total_power,emg_power_low,emg_power_mid,emg_power_high,class_name
43.94768003878943,9.672955477701777,2409.295642784758,50.5879645693369,660405.5864850035,16352.40991585426,25162.241751807476,12.121567623532888,-0.0831543526335519,588.425169559983,70.10658644828379,118.80347261770652,79.69154166215992,1089.3475770091522,155.15843099017465,580.0126065382781,74.1481386279433,Non-Fatigue
