emg_rms,emg_mav,emg_variance,emg_std,emg_waveform_length,emg_zero_crossing,emg_ssc,emg_kurtosis,emg_skewness,emg_peak,emg_median_freq,emg_mean_freq,emg_peak_freq,emg_total_power,emg_power_low,emg_power_mid,emg_power_high,class_name
35.1315632786711,10.846689035598445,2541.285370919041,31.602207971746125,339503.4642604701,7300.781477057689,30188.37471933472,13.09414257862584,1.16221067389719,413.18435950848914,80.94212802238965,93.72943477368884,51.69534323866386,628.8465940584583,55.38424138687386,446.1556547871468,37.399293509651145,Non-Fatigue
