emg_rms,emg_mav,emg_variance,emg_std,emg_waveform_length,emg_zero_crossing,emg_ssc,emg_kurtosis,emg_skewness,emg_peak,emg_median_freq,emg_mean_freq,emg_peak_freq,emg_total_power,emg_power_low,emg_power_mid,emg_power_high,class_name
50.78826294640879,6.564027351403116,3314.385394608401,53.50539056828052,471932.4988647219,16186.461490631296,23808.581813016623,12.577646833916692,1.58304260214335,362.5300966914219,69.05835818000884,83.53187785929148,54.56097956534317,939.8455812298567,-14.770346168246904,315.5290394009704,72.03688227287529,Non-Fatigue
