emg_rms,emg_mav,emg_variance,emg_std,emg_waveform_length,emg_zero_crossing,emg_ssc,emg_kurtosis,emg_skewness,emg_peak,emg_median_freq,emg_mean_freq,emg_peak_freq,emg_total_power,emg_power_low,emg_power_mid,emg_power_high,class_name
11.745990392428038,24.07764023421855,792.3637543463167,40.21698132953922,406488.4723920211,15970.008326246552,29223.545820189825,16.20574416436842,0.5529703039592196,580.6535603036815,66.9776923834223,71.36959441030163,68.82143721735144,973.3860490131462,103.983001559541,134.18284249973638,68.20477994364818,Non-Fatigue
