emg_rms,emg_mav,emg_variance,emg_std,emg_waveform_length,emg_zero_crossing,emg_ssc,emg_kurtosis,emg_skewness,emg_peak,emg_median_freq,emg_mean_freq,emg_peak_freq,emg_total_power,emg_power_low,emg_power_mid,emg_power_high,class_name
28.953690029122427,18.211724782655605,2235.566698677509,57.82141156052271,773509.1477960041,13525.173117610617,26356.0106291739,13.636531522301873,0.3468859202148136,423.2151554220097,81.19029312050084,102.09819569851668,57.98477764718978,-380.5319897980176,95.95226062418294,312.91191451579994,38.758873241109455,Non-Fatigue
