emg_rms,emg_mav,emg_variance,emg_std,emg_waveform_length,emg_zero_crossing,emg_ssc,emg_kurtosis,emg_skewness,emg_peak,emg_median_freq,emg_mean_freq,emg_peak_freq,emg_total_power,emg_power_low,emg_power_mid,emg_power_high,class_name
42.02145460860429,20.451232547790447,825.6828058621146,31.0334438497596,773405.2365596374,14777.054738968302,28245.89251192604,20.93968237667405,0.2588532115222498,271.3320881762183,89.42110252093997,123.088164457795,45.89712571200042,36.39007030883397,122.31133727543752,291.83090363852426,68.1210568593271,Non-Fatigue
