emg_rms,emg_mav,emg_variance,emg_std,emg_waveform_length,emg_zero_crossing,emg_ssc,emg_kurtosis,emg_skewness,emg_peak,emg_median_freq,emg_mean_freq,emg_peak_freq,emg_total_power,emg_power_low,emg_power_mid,emg_power_high,class_name
46.319000187259135,13.623160859136778,2386.1152426688977,60.90672993623159,500557.7217723611,14178.199499182148,31314.90198067807,23.1230549144033,0.424584706502787,758.8500282948928,56.30281886763392,91.46253341052866,65.0926819197308,500.9405824732267,44.53220740285181,480.6195959982269,73.63879218177404,Non-Fatigue
