emg_rms,emg_mav,emg_variance,emg_std,emg_waveform_length,emg_zero_crossing,emg_ssc,emg_kurtosis,emg_skewness,emg_peak,emg_median_freq,emg_mean_freq,emg_peak_freq,emg_total_power,emg_power_low,emg_power_mid,emg_power_high,class_name
56.08097545269456,19.9423612798943,682.6935389125831,52.05999959210752,486530.5708525332,14642.839348745953,29217.997028039976,16.174999532976177,0.5161428715643999,457.6819699246732,66.28520209799882,63.279783066306834,65.54300518007223,1104.592516309393,-41.98274562887302,145.8718541586313,117.0213890394606,Non-Fatigue
