emg_rms,emg_mav,emg_variance,emg_std,emg_waveform_length,emg_zero_crossing,emg_ssc,emg_kurtosis,emg_skewness,emg_peak,emg_median_freq,emg_mean_freq,emg_peak_freq,emg_total_power,emg_power_low,emg_power_mid,emg_power_high,class_name
58.6255615350409,23.967774697813,716.3038009030522,41.09665725746387,635262.5281502187,14126.718042790915,34731.93155801809,20.44345204649555,-1.420682795875071,194.75328575890984,83.31457680820589,55.34928674039393,48.50116443300957,860.4305603903409,125.40504017149624,467.1648007981329,43.53604690786376,Non-Fatigue
