emg_rms,emg_mav,emg_variance,emg_std,emg_waveform_length,emg_zero_crossing,emg_ssc,emg_kurtosis,emg_skewness,emg_peak,emg_median_freq,emg_mean_freq,emg_peak_freq,emg_total_power,emg_power_low,emg_power_mid,emg_power_high,class_name
93.54193404740494,11.997242293756962,3555.9442566817715,46.229857034969015,521116.20099410566,13470.846674659302,27292.588469591083,20.97721537521138,1.0138389912137116,395.439228186334,99.50534658411344,87.36586590075416,55.4670073434184,737.270581509672,131.01726757826344,679.9007811037959,50.216070330799326,Non-Fatigue
