emg_rms,emg_mav,emg_variance,emg_std,emg_waveform_length,emg_zero_crossing,emg_ssc,emg_kurtosis,emg_skewness,emg_peak,emg_median_freq,emg_mean_freq,emg_peak_freq,emg_total_power,emg_power_low,emg_power_mid,emg_power_high,class_name
36.58660737452198,15.730903728404098,5057.116232224787,28.82301955117064,689350.4386084569,17446.949379518406,29327.945920821847,10.51111851278301,1.6739438629302237,417.8092850002454,90.22795427866927,92.5661768759398,55.97017174793342,-224.36998647923755,-35.55227603178024,487.0566586518908,69.56856772538661,Non-Fatigue
