emg_rms,emg_mav,emg_variance,emg_std,emg_waveform_length,emg_zero_crossing,emg_ssc,emg_kurtosis,emg_skewness,emg_peak,emg_median_freq,emg_mean_freq,emg_peak_freq,emg_total_power,emg_power_low,emg_power_mid,emg_power_high,class_name
20.686630122192227,13.035510051109704,-1029.826887872424,46.17317510385206,873627.9178749181,16419.488646850215,27771.092826210155,14.272706624296124,-0.9373336663497364,573.7558459829036,68.19907864283536,111.1492905744428,81.76630476595642,820.8712148329381,128.8120558487058,430.8827503939889,50.75274662608362,Non-Fatigue
