emg_rms,emg_mav,emg_variance,emg_std,emg_waveform_length,emg_zero_crossing,emg_ssc,emg_kurtosis,emg_skewness,emg_peak,emg_median_freq,emg_mean_freq,emg_peak_freq,emg_total_power,emg_power_low,emg_power_mid,emg_power_high,class_name
3.499658670145621,22.18964013532768,3862.1646101768592,0.8251617575280079,124975.29935373086,17695.074819990303,23607.96966303528,24.57000900936935,2.256172258947247,217.5070295035121,85.43950292136378,104.88734001532606,65.01122461496132,112.17995742181176,62.32562361912117,332.36121049535944,19.604926716801465,Non-Fatigue
