emg_rms,emg_mav,emg_variance,emg_std,emg_waveform_length,emg_zero_crossing,emg_ssc,emg_kurtosis,emg_skewness,emg_peak,emg_median_freq,emg_mean_freq,emg_peak_freq,emg_total_power,emg_power_low,emg_power_mid,emg_power_high,class_name
51.37202242106113,18.46534734228977,1620.2941458227144,54.19402080622256,591918.376485629,13597.919393427565,28935.19426783456,14.87948884877432,0.5208050363493882,608.500338449335,70.60174996953815,69.756819566238,39.3024816067497,188.13421565088348,162.5305242411229,640.5743204157743,42.78765474696524,Non-Fatigue
