emg_rms,emg_mav,emg_variance,emg_std,emg_waveform_length,emg_zero_crossing,emg_ssc,emg_kurtosis,emg_skewness,emg_peak,emg_median_freq,emg_mean_freq,emg_peak_freq,emg_total_power,emg_power_low,emg_power_mid,emg_power_high,class_name
39.312217905327984,13.79010078346096,2108.248723359213,-2.571192683733514,352566.4196640633,19832.52004629907,22201.47826837195,13.0412139159872,1.360980497429909,470.7471459201208,67.8341449457659,112.82273318415938,59.17730359031752,937.0077500931028,256.4588470735788,420.3739240204127,100.221782026751,Non-Fatigue
