emg_rms,emg_mav,emg_variance,emg_std,emg_waveform_length,emg_zero_crossing,emg_ssc,emg_kurtosis,emg_skewness,emg_peak,emg_median_freq,emg_mean_freq,emg_peak_freq,emg_total_power,emg_power_low,emg_power_mid,emg_power_high,class_name
55.48014358472901,19.61855240788085,1632.199373837437,57.34698020237519,510042.9934359001,9701.369394183015,34714.09406594193,19.735785774031665,1.3311056863369186,360.21817523794306,46.71287094556772,82.30411444448681,62.63303819219684,-39.0908463364558,21.93692812166893,176.4331401557486,53.81913650076305,Non-Fatigue
