emg_rms,emg_mav,emg_variance,emg_std,emg_waveform_length,emg_zero_crossing,emg_ssc,emg_kurtosis,emg_skewness,emg_peak,emg_median_freq,emg_mean_freq,emg_peak_freq,emg_total_power,emg_power_low,emg_power_mid,emg_power_high,class_name
17.357431646360762,17.662727279717874,5194.07520216498,69.36425698724915,317390.23410759063,10215.836826249144,23376.30436045117,7.285598705251585,2.97347523548696,422.14433221951583,65.60858807236022,113.0293349895834,50.53060906801238,416.2693459848582,73.3783063768815,280.79172372880504,90.6583388813823,Non-Fatigue
