emg_rms,emg_mav,emg_variance,emg_std,emg_waveform_length,emg_zero_crossing,emg_ssc,emg_kurtosis,emg_skewness,emg_peak,emg_median_freq,emg_mean_freq,emg_peak_freq,emg_total_power,emg_power_low,emg_power_mid,emg_power_high,class_name
27.915287316376705,18.89161192737938,957.8034049142018,48.252637085135326,555978.3788712654,10076.218480180594,22663.77009039517,14.376190471221198,-1.8023898361790744,547.9441266669297,61.57504982989367,95.39696578723267,59.489960063808994,982.2732665674224,101.74885990607883,668.2791334666413,33.83424116474359,Non-Fatigue
