emg_rms,emg_mav,emg_variance,emg_std,emg_waveform_length,emg_zero_crossing,emg_ssc,emg_kurtosis,emg_skewness,emg_peak,emg_median_freq,emg_mean_freq,emg_peak_freq,emg_total_power,emg_power_low,emg_power_mid,emg_power_high,class_name
38.93530096357016,17.264628658689098,1792.6689015708816,58.78435568523906,486705.6855251116,13667.710929943274,27208.79530077645,12.017710282749167,-0.3748534967527118,347.7517234056191,79.86920637516363,107.26037632828115,47.22668137309802,-628.3551027922088,162.21918386185482,-207.46012049032748,23.863768116580424,Non-Fatigue
