emg_rms,emg_mav,emg_variance,emg_std,emg_waveform_length,emg_zero_crossing,emg_ssc,emg_kurtosis,emg_skewness,emg_peak,emg_median_freq,emg_mean_freq,emg_peak_freq,emg_total_power,emg_power_low,emg_power_mid,emg_power_high,class_name
48.06700370538381,33.22250110099261,2453.819264019979,36.33855568409648,737044.7377197089,14950.40057622738,24224.41669917144,21.386448134695627,0.6483106014406329,632.3572315516507,56.09228678927592,86.82929308391114,55.92345068740407,608.8897456923457,202.25810908449145,-202.57668648808107,54.83300792352895,Non-Fatigue
