emg_rms,emg_mav,emg_variance,emg_std,emg_waveform_length,emg_zero_crossing,emg_ssc,emg_kurtosis,emg_skewness,emg_peak,emg_median_freq,emg_mean_freq,emg_peak_freq,emg_total_power,emg_power_low,emg_power_mid,emg_power_high,class_name
20.3567141573113,11.535085879490392,1734.6811539097555,62.64646290529622,528429.14932166,16141.5551101054,24535.231771769555,7.480477357385077,3.4504794598315067,441.59924331959866,73.19509492938975,91.31638078031602,65.2253470335512,349.7926685939189,-40.75093335004647,264.0611415806133,45.96120654805363,Non-Fatigue
