emg_rms,emg_mav,emg_variance,emg_std,emg_waveform_length,emg_zero_crossing,emg_ssc,emg_kurtosis,emg_skewness,emg_peak,emg_median_freq,emg_mean_freq,emg_peak_freq,emg_total_power,emg_power_low,emg_power_mid,emg_power_high,class_name
48.414564223067984,33.454650188950374,3041.8580295536917,30.85856514222744,583390.642595873,13024.057506870227,19682.434800054983,11.620937672074971,1.0803016012884068,475.9092954342519,83.600149349785,81.72037992521311,59.34240728934114,856.3456219908148,-76.1815546744671,500.1321763511024,64.6390672929125,Non-Fatigue
