emg_rms,emg_mav,emg_variance,emg_std,emg_waveform_length,emg_zero_crossing,emg_ssc,emg_kurtosis,emg_skewness,emg_peak,emg_median_freq,emg_mean_freq,emg_peak_freq,emg_total_power,emg_power_low,emg_power_mid,emg_power_high,class_name
63.83333186178561,32.16186691715306,2508.556865539899,43.22779969885463,599198.7698719061,13468.675372676398,24628.26732142577,14.497240108107627,1.152500936731505,344.8259445452867,49.91057743395632,88.14891549170542,43.19471893009143,-730.5383835846453,-37.99673609568855,468.84459495809097,57.106391998107725,Non-Fatigue
