emg_rms,emg_mav,emg_variance,emg_std,emg_waveform_length,emg_zero_crossing,emg_ssc,emg_kurtosis,emg_skewness,emg_peak,emg_median_freq,emg_mean_freq,emg_peak_freq,emg_total_power,emg_power_low,emg_power_mid,emg_power_high,class_name
19.26747372622276,19.64376272769762,2417.323684742079,31.12224068934461,502058.22236974654,16035.389201898692,25049.12732703803,6.004174557720118,0.3746887312619916,485.8684508971119,94.32616977841514,108.90462034779333,43.50157506527388,393.97263367560856,65.61490973319817,355.8660556195459,30.58699115931257,Non-Fatigue
