emg_rms,emg_mav,emg_variance,emg_std,emg_waveform_length,emg_zero_crossing,emg_ssc,emg_kurtosis,emg_skewness,emg_peak,emg_median_freq,emg_mean_freq,emg_peak_freq,emg_total_power,emg_power_low,emg_power_mid,emg_power_high,class_name
54.72462166374711,29.29261557742014,3677.761042259823,28.23524185255647,722815.1394217953,17874.31963532706,33807.17572373244,12.471140426470626,0.8382155375526271,502.755270734802,92.07053493630336,76.04929518094809,52.72957157962147,1170.4263749229249,192.24815236059877,216.07186261211268,74.72132029214359,Non-Fatigue
