emg_rms,emg_mav,emg_variance,emg_std,emg_waveform_length,emg_zero_crossing,emg_ssc,emg_kurtosis,emg_skewness,emg_peak,emg_median_freq,emg_mean_freq,emg_peak_freq,emg_total_power,emg_power_low,emg_power_mid,emg_power_high,class_name
40.56344048096892,14.412016625083607,876.1997564076979,62.11869140106421,523610.29695854126,14751.689359352002,25856.54269338749,14.49016941271364,0.1425619103413767,676.9807491862848,72.50628973519282,99.01812704409582,52.42472279922871,-256.64645536774213,-149.78302062331687,245.346379365346,82.95102001351805,Non-Fatigue
