emg_rms,emg_mav,emg_variance,emg_std,emg_waveform_length,emg_zero_crossing,emg_ssc,emg_kurtosis,emg_skewness,emg_peak,emg_median_freq,emg_mean_freq,emg_peak_freq,emg_total_power,emg_power_low,emg_power_mid,emg_power_high,class_name
37.39942457849658,22.66254230727371,2000.7968472673397,27.840170778091355,360308.9460696688,11310.249573802754,28905.53609786918,17.20313547503356,0.6726077627027338,455.0155710422703,79.2746593678822,88.78584384256358,69.50967951991798,738.1486957824072,59.1491877321959,317.88218651073817,57.92525188729441,Non-Fatigue
