emg_rms,emg_mav,emg_variance,emg_std,emg_waveform_length,emg_zero_crossing,emg_ssc,emg_kurtosis,emg_skewness,emg_peak,emg_median_freq,emg_mean_freq,emg_peak_freq,emg_total_power,emg_power_low,emg_power_mid,emg_power_high,class_name
40.424665993399735,15.542242092795062,1750.7948057923393,42.28552130580955,681096.3291683006,19535.73148679274,24509.7968691874,18.630150419099905,-1.6402349764977364,529.5435742965425,64.82757787624317,117.6722129221104,53.57910597139541,806.5282053978249,184.72258024810893,272.65944791146865,42.04517947725186,Non-Fatigue
