emg_rms,emg_mav,emg_variance,emg_std,emg_waveform_length,emg_zero_crossing,emg_ssc,emg_kurtosis,emg_skewness,emg_peak,emg_median_freq,emg_mean_freq,emg_peak_freq,emg_total_power,emg_power_low,emg_power_mid,emg_power_high,class_name
34.43023713798042,24.73060848632268,1767.391741917946,16.93268293668342,512132.7674019825,15668.743036905713,31867.688895722444,15.566737941273791,-0.320346486834639,167.14057646018546,83.84259767866172,101.79513430232898,56.17101059508797,262.65758958685194,179.56779816867888,92.00827378310936,36.34155805421229,Non-Fatigue
