emg_rms,emg_mav,emg_variance,emg_std,emg_waveform_length,emg_zero_crossing,emg_ssc,emg_kurtosis,emg_skewness,emg_peak,emg_median_freq,emg_mean_freq,emg_peak_freq,emg_total_power,emg_power_low,emg_power_mid,emg_power_high,class_name
23.63689060009178,25.328308761047424,3011.029937553889,22.15674061797517,344114.0232627492,12295.904304436206,26030.797657162468,10.502045969584366,0.6286986837963701,434.9884034873268,77.85155646392805,92.5907445048264,56.8982608968342,859.3985795798131,155.8695816388608,-198.12176068454613,49.04095674103915,Non-Fatigue
