emg_rms,emg_mav,emg_variance,emg_std,emg_waveform_length,emg_zero_crossing,emg_ssc,emg_kurtosis,emg_skewness,emg_peak,emg_median_freq,emg_mean_freq,emg_peak_freq,emg_total_power,emg_power_low,emg_power_mid,emg_power_high,class_name
34.64507422009606,18.36972759064485,2429.183362576949,48.49049065369824,436787.69561435154,11493.711281880886,27572.516726997783,10.064416931757483,2.2205662388414398,574.2278622988665,84.30914880767426,73.28754583806516,50.56856289056428,1007.293789319285,90.83822390616834,35.02731596787157,29.134901696720927,Non-Fatigue
