emg_rms,emg_mav,emg_variance,emg_std,emg_waveform_length,emg_zero_crossing,emg_ssc,emg_kurtosis,emg_skewness,emg_peak,emg_median_freq,emg_mean_freq,emg_peak_freq,emg_total_power,emg_power_low,emg_power_mid,emg_power_high,class_name
42.754291243148565,17.70619259603492,1613.8630139302302,39.88914151341759,548053.2228700086,17062.68998709868,27357.33757906273,14.198532565643374,-0.6728092108610194,418.590689984816,98.2849678915667,89.28109519299691,49.61886021448599,200.5680574404596,-105.11110672094924,265.1995279929024,51.12142338519811,Non-Fatigue
