emg_rms,emg_mav,emg_variance,emg_std,emg_waveform_length,emg_zero_crossing,emg_ssc,emg_kurtosis,emg_skewness,emg_peak,emg_median_freq,emg_mean_freq,emg_peak_freq,emg_total_power,emg_power_low,emg_power_mid,emg_power_high,class_name
17.614088923175387,16.699618268514765,597.2863140140958,14.87338851008629,572454.9648415754,6906.986417134897,25864.05966364016,25.10206505798301,1.6812099265350238,436.1236541251311,59.94218100895227,114.940953578194,61.73488792017206,146.35654000231483,82.19547171873674,-188.7857800045262,41.552375149807865,Non-Fatigue
