emg_rms,emg_mav,emg_variance,emg_std,emg_waveform_length,emg_zero_crossing,emg_ssc,emg_kurtosis,emg_skewness,emg_peak,emg_median_freq,emg_mean_freq,emg_peak_freq,emg_total_power,emg_power_low,emg_power_mid,emg_power_high,class_name
49.76690811616742,25.348724316470214,1949.550119675033,15.964679977537235,456167.254447273,11209.40508131581,27817.13074583448,18.6930498742309,0.5025573185995573,445.8800203658279,92.66675870676136,120.452354157742,53.560527059575605,668.3723658944226,123.2302132308445,513.0496972773647,134.82397547733808,Non-Fatigue
