emg_rms,emg_mav,emg_variance,emg_std,emg_waveform_length,emg_zero_crossing,emg_ssc,emg_kurtosis,emg_skewness,emg_peak,emg_median_freq,emg_mean_freq,emg_peak_freq,emg_total_power,emg_power_low,emg_power_mid,emg_power_high,class_name
71.00205487185404,15.962481059348956,-1580.8117419578164,37.11409919455144,690154.4409942643,14978.811929845304,19080.124609547733,13.59470286733291,0.2564757879014147,354.7579579683004,93.74354359027402,85.51554720107801,59.007944546027744,912.5980409233118,-102.80228995402392,-131.33623290552805,46.74077764186216,Non-Fatigue
