emg_rms,emg_mav,emg_variance,emg_std,emg_waveform_length,emg_zero_crossing,emg_ssc,emg_kurtosis,emg_skewness,emg_peak,emg_median_freq,emg_mean_freq,emg_peak_freq,emg_total_power,emg_power_low,emg_power_mid,emg_power_high,class_name
36.83588352558386,22.679293875207247,5239.275423190843,19.49251407265791,611739.7065705541,10630.653190999828,27348.946433322653,24.357169662348944,1.115812502896508,362.9815504568472,67.25440444327894,93.5726579471605,53.78420616848518,400.06121751299406,66.33948593363627,233.51822752570664,108.83441527585596,Non-Fatigue
