emg_rms,emg_mav,emg_variance,emg_std,emg_waveform_length,emg_zero_crossing,emg_ssc,emg_kurtosis,emg_skewness,emg_peak,emg_median_freq,emg_mean_freq,emg_peak_freq,emg_total_power,emg_power_low,emg_power_mid,emg_power_high,class_name
70.15566589987279,30.753418296206696,-67.86236446898056,72.77978678038275,754505.6581330766,10254.42708666885,24155.89647040031,15.372802809512674,1.9083086560656053,432.0620584950918,65.40079501695622,103.36965307526084,66.19883297076211,305.7949827791737,130.99813215508237,383.87569736247065,65.85301420905436,Non-Fatigue
