emg_rms,emg_mav,emg_variance,emg_std,emg_waveform_length,emg_zero_crossing,emg_ssc,emg_kurtosis,emg_skewness,emg_peak,emg_median_freq,emg_mean_freq,emg_peak_freq,emg_total_power,emg_power_low,emg_power_mid,emg_power_high,class_name
63.45374833714303,10.821057641964533,3413.4343360032626,30.557452454476785,646880.8080232053,15197.574748436427,26914.592872482128,10.710942550161873,-0.3985867329519027,362.6881384425881,66.70525740755596,91.90039858498052,57.45798289033064,750.847282933529,81.40939106042669,56.8238099280818,56.46991827790036,Non-Fatigue
