emg_rms,emg_mav,emg_variance,emg_std,emg_waveform_length,emg_zero_crossing,emg_ssc,emg_kurtosis,emg_skewness,emg_peak,emg_median_freq,emg_mean_freq,emg_peak_freq,emg_total_power,emg_power_low,emg_power_mid,emg_power_high,class_name
68.67606543735948,14.934284281733046,1133.062501823853,42.54080626755832,1051633.660903242,18599.754206156875,30402.464219463687,16.60918186869534,3.1669501306280723,553.3404099117108,78.28047688131046,86.0008911317989,71.24506516824059,680.0668453600342,123.46924927300734,590.0285799606686,34.00001129047972,Non-Fatigue
