emg_rms,emg_mav,emg_variance,emg_std,emg_waveform_length,emg_zero_crossing,emg_ssc,emg_kurtosis,emg_skewness,emg_peak,emg_median_freq,emg_mean_freq,emg_peak_freq,emg_total_power,emg_power_low,emg_power_mid,emg_power_high,class_name
56.41683830604927,-5.251094410633549,2929.8211922128785,42.82803744372425,577439.784956533,15221.753889077045,25478.156460577957,14.08798619698191,-1.2685912660112155,616.3289434630376,69.53417216915992,113.92018011705026,50.56850516145138,47.4461644831772,3.2375647384557737,334.8642217368267,53.60365470790307,Non-Fatigue
