emg_rms,emg_mav,emg_variance,emg_std,emg_waveform_length,emg_zero_crossing,emg_ssc,emg_kurtosis,emg_skewness,emg_peak,emg_median_freq,emg_mean_freq,emg_peak_freq,emg_total_power,emg_power_low,emg_power_mid,emg_power_high,class_name
58.1204502395526,9.369805562905157,-160.02410076248066,48.88081023391187,471128.8069347245,11532.26762090554,31121.012362026333,12.075505555607814,1.9165505519812824,600.8385854851898,87.59160201758324,64.0629348381242,49.47615624685199,1051.733149986346,247.6485850000806,-95.31076490305946,55.45093899957405,Non-Fatigue
