emg_rms,emg_mav,emg_variance,emg_std,emg_waveform_length,emg_zero_crossing,emg_ssc,emg_kurtosis,emg_skewness,emg_peak,emg_median_freq,emg_mean_freq,emg_peak_freq,emg_total_power,emg_power_low,emg_power_mid,emg_power_high,class_name
33.3462663645402,13.016127228880896,4344.230156711172,68.14110069287021,372712.9772755001,14810.90865348111,29666.608365392152,11.800649047990888,0.167673104375061,652.5702765736403,89.9893435282496,86.18266507079375,68.59188281039033,377.2770262065252,31.83570119444364,-265.864893489242,16.69489838887617,Non-Fatigue
