emg_rms,emg_mav,emg_variance,emg_std,emg_waveform_length,emg_zero_crossing,emg_ssc,emg_kurtosis,emg_skewness,emg_peak,emg_median_freq,emg_mean_freq,emg_peak_freq,emg_total_power,emg_power_low,emg_power_mid,emg_power_high,class_name
33.960895680968974,24.77534520071087,-527.6063778337068,30.1123955344032,209788.9179615311,12693.332607064123,27671.25678459838,12.808485037558771,0.557760380921003,470.778317266573,64.06667201201705,66.56786052252046,64.36481688536229,843.5742734299101,90.45635076636488,530.0013784634843,81.90276642846442,Non-Fatigue
