emg_rms,emg_mav,emg_variance,emg_std,emg_waveform_length,emg_zero_crossing,emg_ssc,emg_kurtosis,emg_skewness,emg_peak,emg_median_freq,emg_mean_freq,emg_peak_freq,emg_total_power,emg_power_low,emg_power_mid,emg_power_high,class_name
24.412504604655908,9.719807043792146,3570.645590714982,15.176418281751644,369666.11570952507,12418.541730368204,23547.436302170558,11.167158778658033,-1.0168389581292296,428.8896882079972,90.51870903876376,104.86473906980896,62.13682914880549,747.5192897238841,-62.45900618161844,249.81418278342824,124.67330046875809,Non-Fatigue
