emg_rms,emg_mav,emg_variance,emg_std,emg_waveform_length,emg_zero_crossing,emg_ssc,emg_kurtosis,emg_skewness,emg_peak,emg_median_freq,emg_mean_freq,emg_peak_freq,emg_total_power,emg_power_low,emg_power_mid,emg_power_high,class_name
12.00293344964192,16.560514264660295,1630.7221813595108,22.19792178110808,316363.7740281927,12143.977455064967,26848.811548768823,8.026741642683021,-1.5883857988376513,307.44271144522065,91.77038642230536,101.70113157535138,75.62654486317291,886.6132724915115,-2.724694734016168,637.0568218707524,54.102728665575846,Non-Fatigue
