emg_rms,emg_mav,emg_variance,emg_std,emg_waveform_length,emg_zero_crossing,emg_ssc,emg_kurtosis,emg_skewness,emg_peak,emg_median_freq,emg_mean_freq,emg_peak_freq,emg_total_power,emg_power_low,emg_power_mid,emg_power_high,class_name
42.94559438427896,9.938062354948547,1003.7191399054902,38.56172950112937,424036.8625320625,15380.230306421305,29171.39549605334,22.110769794061994,2.382307193585898,491.0248786971291,104.26327216675227,79.41552130671747,56.28949609579146,-2.629119075959295,145.22105039183845,420.18527815838354,21.30064732942523,Non-Fatigue
