emg_rms,emg_mav,emg_variance,emg_std,emg_waveform_length,emg_zero_crossing,emg_ssc,emg_kurtosis,emg_skewness,emg_peak,emg_median_freq,emg_mean_freq,emg_peak_freq,emg_total_power,emg_power_low,emg_power_mid,emg_power_high,class_name
38.69812255285056,15.72549018440053,2198.485532410338,35.89888650532403,307819.26984577987,13153.557874296594,27307.122251325545,20.14892171985152,-0.8534056290072761,458.9550835556604,73.75956398181013,93.02343690033796,55.65371945323136,619.9835564892606,62.26603967328798,-128.0732014808566,44.64035030314283,Non-Fatigue
