emg_rms,emg_mav,emg_variance,emg_std,emg_waveform_length,emg_zero_crossing,emg_ssc,emg_kurtosis,emg_skewness,emg_peak,emg_median_freq,emg_mean_freq,emg_peak_freq,emg_total_power,emg_power_low,emg_power_mid,emg_power_high,class_name
29.14216258243845,18.551390803134478,784.439948163848,39.73479337704666,419366.4250208848,13623.692449337112,24970.330182039008,15.32558392813156,-1.0906332967129375,491.7043399705688,75.4682283115001,79.9828725763193,43.91139198659205,817.5597843376627,-81.60485373271567,206.62189565153489,52.43446673845045,Non-Fatigue
