emg_rms,emg_mav,emg_variance,emg_std,emg_waveform_length,emg_zero_crossing,emg_ssc,emg_kurtosis,emg_skewness,emg_peak,emg_median_freq,emg_mean_freq,emg_peak_freq,emg_total_power,emg_power_low,emg_power_mid,emg_power_high,class_name
44.47356708813627,25.033213051307133,2092.2009096885195,34.00645046269169,511295.3954170584,13537.088880581798,25596.06248637085,10.265137685321044,0.2447896852923846,564.139851714654,37.82641491817032,107.69513686146264,51.29369661347111,628.769800853972,166.65717711666855,302.3060602662806,71.77645793059754,Non-Fatigue
