emg_rms,emg_mav,emg_variance,emg_std,emg_waveform_length,emg_zero_crossing,emg_ssc,emg_kurtosis,emg_skewness,emg_peak,emg_median_freq,emg_mean_freq,emg_peak_freq,emg_total_power,emg_power_low,emg_power_mid,emg_power_high,class_name
25.94768091191043,-6.03915445188656,797.3323551597783,79.43607427299685,748664.5918742897,2665.7089679136952,23250.31970366144,16.424842218890355,-0.6022876092616093,212.982792032394,72.00636975830847,86.6515028216273,62.04629652027871,58.13111430232578,-54.388029012581526,176.7392772706789,12.069087537328208,Non-Fatigue
