emg_rms,emg_mav,emg_variance,emg_std,emg_waveform_length,emg_zero_crossing,emg_ssc,emg_kurtosis,emg_skewness,emg_peak,emg_median_freq,emg_mean_freq,emg_peak_freq,emg_total_power,emg_power_low,emg_power_mid,emg_power_high,class_name
37.017850852154346,7.216961069516181,3780.7113448615855,51.44180151491968,355516.9384212473,10975.57476266016,24898.721680112543,11.280592490101457,-1.569030224028629,589.5193181911172,85.97188499915042,100.78479461456536,41.86902855056224,350.77573651027905,59.79039772152835,506.0056574949425,104.47898725965923,Non-Fatigue
