emg_rms,emg_mav,emg_variance,emg_std,emg_waveform_length,emg_zero_crossing,emg_ssc,emg_kurtosis,emg_skewness,emg_peak,emg_median_freq,emg_mean_freq,emg_peak_freq,emg_total_power,emg_power_low,emg_power_mid,emg_power_high,class_name
5.618912227724671,15.859332223409382,-124.65990360829414,40.56907076994206,735527.17664051,13973.369912541311,33987.707080242806,14.878782298973372,0.9615723183695624,441.78418278895566,102.3786068339266,128.1882338030833,57.675111160771934,298.30248926692445,99.44692192410452,313.88946105075223,67.4004671422862,Non-Fatigue
