emg_rms,emg_mav,emg_variance,emg_std,emg_waveform_length,emg_zero_crossing,emg_ssc,emg_kurtosis,emg_skewness,emg_peak,emg_median_freq,emg_mean_freq,emg_peak_freq,emg_total_power,emg_power_low,emg_power_mid,emg_power_high,class_name
45.15927107590215,15.255479701496942,3659.875424538431,55.541942694907874,303569.83046267816,15925.670248465643,34545.74644458264,17.355591539785564,0.997174123894785,485.04072333945305,87.44319659562869,72.21147066030515,55.62050960187903,127.0301426092131,47.21881041197142,777.8959276118201,29.84174837926295,Non-Fatigue
