emg_rms,emg_mav,emg_variance,emg_std,emg_waveform_length,emg_zero_crossing,emg_ssc,emg_kurtosis,emg_skewness,emg_peak,emg_median_freq,emg_mean_freq,emg_peak_freq,emg_total_power,emg_power_low,emg_power_mid,emg_power_high,class_name
47.67007647096808,24.50099518620832,2280.879928128941,31.70237270270039,593980.1958399777,9228.777519574827,24848.867934680395,16.095694554385904,0.3178724572225088,398.0576500392409,67.1232145563753,85.62861843928852,56.2660570106058,343.0888737267876,189.0495735861383,101.84132751593256,66.46787407676851,Non-Fatigue
