emg_rms,emg_mav,emg_variance,emg_std,emg_waveform_length,emg_zero_crossing,emg_ssc,emg_kurtosis,emg_skewness,emg_peak,emg_median_freq,emg_mean_freq,emg_peak_freq,emg_total_power,emg_power_low,emg_power_mid,emg_power_high,class_name
50.50804340055623,6.6105137810263965,4774.841494269317,40.86160973754504,516790.62271646137,11411.62211997356,20885.20474238875,18.385521112283108,0.233529441921367,475.04264067710847,78.89405984260621,86.51299201665972,50.99146215113468,-749.351477710911,122.53394295916068,-141.87304429826833,119.08174010658357,Non-Fatigue
