emg_rms,emg_mav,emg_variance,emg_std,emg_waveform_length,emg_zero_crossing,emg_ssc,emg_kurtosis,emg_skewness,emg_peak,emg_median_freq,emg_mean_freq,emg_peak_freq,emg_total_power,emg_power_low,emg_power_mid,emg_power_high,class_name
30.874962261230564,14.851349113680351,435.5329322104333,36.55336021913512,829702.728211795,17428.284277961564,19163.54217485032,20.420832074814253,2.9143523289575795,405.6196938500982,69.6305612373628,77.84415545010508,61.9070564756713,103.80299017116543,215.67871025356612,33.40657408254867,34.434785294668835,Non-Fatigue
