emg_rms,emg_mav,emg_variance,emg_std,emg_waveform_length,emg_zero_crossing,emg_ssc,emg_kurtosis,emg_skewness,emg_peak,emg_median_freq,emg_mean_freq,emg_peak_freq,emg_total_power,emg_power_low,emg_power_mid,emg_power_high,class_name
48.85385881505061,25.39012582290556,2929.5073851820566,22.111261296708456,626339.957012018,9204.240174588616,29115.919274174557,7.639645235431933,-0.0437491251526994,172.85291762376596,72.50273659879164,105.33014380915556,53.92511791716684,879.4820727816311,-42.62029272822343,145.9530770851483,109.8799339513044,Non-Fatigue
