emg_rms,emg_mav,emg_variance,emg_std,emg_waveform_length,emg_zero_crossing,emg_ssc,emg_kurtosis,emg_skewness,emg_peak,emg_median_freq,emg_mean_freq,emg_peak_freq,emg_total_power,emg_power_low,emg_power_mid,emg_power_high,class_name
24.756802932966195,25.72903328896968,873.9238044602342,36.88568496324235,799546.5856969836,16639.318575696627,30038.55521666384,15.467245720400369,1.0362890250308576,662.8358670992101,88.65829819452212,109.88621464477067,52.94732969151697,1336.031894937698,10.676152482539344,256.4790949663401,62.09338284772311,Non-Fatigue
