emg_rms,emg_mav,emg_variance,emg_std,emg_waveform_length,emg_zero_crossing,emg_ssc,emg_kurtosis,emg_skewness,emg_peak,emg_median_freq,emg_mean_freq,emg_peak_freq,emg_total_power,emg_power_low,emg_power_mid,emg_power_high,class_name
21.16271755025314,43.3924719453524,1123.973017812551,58.02561351817815,728021.7735609595,20420.419732707927,27028.027588588247,16.896848714093558,-0.0281601976768801,532.918543183476,75.09677061424017,101.74540996188207,50.296413535115335,-634.5081699142522,105.7625121876645,101.51756670429752,44.31145502821892,Non-Fatigue
