emg_rms,emg_mav,emg_variance,emg_std,emg_waveform_length,emg_zero_crossing,emg_ssc,emg_kurtosis,emg_skewness,emg_peak,emg_median_freq,emg_mean_freq,emg_peak_freq,emg_total_power,emg_power_low,emg_power_mid,emg_power_high,class_name
22.163215825231337,24.5493353855065,405.6231962989059,48.28036064421916,414353.0098193536,6989.92552123715,31307.57562979462,13.058381962099904,1.059130464233518,409.1072536415147,58.17297792176855,114.32846647233087,48.528826014591445,-91.53509815385344,239.02663669921543,60.08765448194137,49.93224280827189,Non-Fatigue
