emg_rms,emg_mav,emg_variance,emg_std,emg_waveform_length,emg_zero_crossing,emg_ssc,emg_kurtosis,emg_skewness,emg_peak,emg_median_freq,emg_mean_freq,emg_peak_freq,emg_total_power,emg_power_low,emg_power_mid,emg_power_high,class_name
39.69990260466044,29.598882202117004,2512.0030976872267,31.83093284994426,427080.610908122,11734.29499124588,26833.510952049724,28.64652384675784,1.361222102822143,651.0769391462069,96.22715733336814,72.09566331395067,48.42560579718526,159.69030174917555,128.37035124394868,-203.29595978628737,18.358009724119384,Non-Fatigue
