emg_rms,emg_mav,emg_variance,emg_std,emg_waveform_length,emg_zero_crossing,emg_ssc,emg_kurtosis,emg_skewness,emg_peak,emg_median_freq,emg_mean_freq,emg_peak_freq,emg_total_power,emg_power_low,emg_power_mid,emg_power_high,class_name
24.82223384229195,20.291958821036843,164.75354728896832,36.8857532934215,311682.5770581096,15009.389310478738,28022.811288204757,13.319361255592522,0.5371907965792133,439.0921438748766,64.52943658877874,104.49616428932252,71.85506159048657,315.5074721868309,-27.8972454158842,287.8207754133317,93.41214054094986,Non-Fatigue
