emg_rms,emg_mav,emg_variance,emg_std,emg_waveform_length,emg_zero_crossing,emg_ssc,emg_kurtosis,emg_skewness,emg_peak,emg_median_freq,emg_mean_freq,emg_peak_freq,emg_total_power,emg_power_low,emg_power_mid,emg_power_high,class_name
64.94479508520908,23.570828567908187,3584.7605124196048,39.21405298075151,462139.7820380806,18757.469496502126,20879.28869327202,20.148428997316795,0.9490432670857184,408.9839657985661,55.93783671570586,93.31405359988344,48.02739066747215,667.7150617508946,209.5744922333008,574.4976120156339,95.06231302675744,Non-Fatigue
