emg_rms,emg_mav,emg_variance,emg_std,emg_waveform_length,emg_zero_crossing,emg_ssc,emg_kurtosis,emg_skewness,emg_peak,emg_median_freq,emg_mean_freq,emg_peak_freq,emg_total_power,emg_power_low,emg_power_mid,emg_power_high,class_name
44.34698806460596,30.024919271305496,2828.3253322716573,47.14718798292617,610882.6606951645,13020.81866997099,27520.398002277238,17.07030338120569,1.7974586884745372,371.5458373190699,79.85356003047893,81.0773832028734,52.551779598247016,501.5984230665272,97.61479712680458,72.74043802451041,64.04445948670788,Non-Fatigue
