emg_rms,emg_mav,emg_variance,emg_std,emg_waveform_length,emg_zero_crossing,emg_ssc,emg_kurtosis,emg_skewness,emg_peak,emg_median_freq,emg_mean_freq,emg_peak_freq,emg_total_power,emg_power_low,emg_power_mid,emg_power_high,class_name
32.78142469234459,16.061312839398717,2143.051116644743,43.13710633035807,407424.46060853184,15303.089148548352,20920.08740561994,18.4256824274506,0.1796754306969396,411.9968492045278,81.4133858124914,83.68785163638641,55.89156861925107,767.7182214462248,125.33658591627557,601.7328412041776,58.42039821817825,Non-Fatigue
