emg_rms,emg_mav,emg_variance,emg_std,emg_waveform_length,emg_zero_crossing,emg_ssc,emg_kurtosis,emg_skewness,emg_peak,emg_median_freq,emg_mean_freq,emg_peak_freq,emg_total_power,emg_power_low,emg_power_mid,emg_power_high,class_name
45.05314124471145,20.519732797058296,2450.475446673954,41.674808965998295,231125.8124256808,3632.547769482932,25293.97727264016,20.531820072836247,-0.3350414785269596,447.0464106256423,66.79657986041542,89.86786267427003,57.24490644243843,-413.2614458778875,77.71617974087823,376.7026588051938,18.005607934065594,Non-Fatigue
