emg_rms,emg_mav,emg_variance,emg_std,emg_waveform_length,emg_zero_crossing,emg_ssc,emg_kurtosis,emg_skewness,emg_peak,emg_median_freq,emg_mean_freq,emg_peak_freq,emg_total_power,emg_power_low,emg_power_mid,emg_power_high,class_name
55.69896383327025,33.04302025637504,2690.0929223762605,23.65610569887176,267622.5252046795,14637.312595285215,26070.59604555189,17.062806987705237,1.5613828595074155,284.1381434486408,66.3926158994997,108.15557484793332,59.08181780099408,35.610133545465885,-68.02621915081843,2.4029420113719766,108.64053131946184,Non-Fatigue
