emg_rms,emg_mav,emg_variance,emg_std,emg_waveform_length,emg_zero_crossing,emg_ssc,emg_kurtosis,emg_skewness,emg_peak,emg_median_freq,emg_mean_freq,emg_peak_freq,emg_total_power,emg_power_low,emg_power_mid,emg_power_high,class_name
37.68562795913287,9.603430181439744,3030.870624583052,46.720004231469176,840031.4507233212,12894.897659155671,28085.646202993623,9.386999879815866,0.4480678269335472,542.9952702136547,72.48435153662507,105.5893333643602,47.28285773693614,-501.9095381444204,-66.42280994385007,421.97222361306416,84.52696550323705,Non-Fatigue
