emg_rms,emg_mav,emg_variance,emg_std,emg_waveform_length,emg_zero_crossing,emg_ssc,emg_kurtosis,emg_skewness,emg_peak,emg_median_freq,emg_mean_freq,emg_peak_freq,emg_total_power,emg_power_low,emg_power_mid,emg_power_high,class_name
49.419197085011966,27.08989515498586,3603.479682167792,28.67296347522232,725999.2189639233,14299.342852348984,21200.57542398977,21.38055448878362,-1.3617393122376025,358.3600030773798,90.25022735670112,78.04837379115412,34.42026008817318,152.553898306856,-30.152424351293448,-244.51639179074576,28.778492331379866,Non-Fatigue
