emg_rms,emg_mav,emg_variance,emg_std,emg_waveform_length,emg_zero_crossing,emg_ssc,emg_kurtosis,emg_skewness,emg_peak,emg_median_freq,emg_mean_freq,emg_peak_freq,emg_total_power,emg_power_low,emg_power_mid,emg_power_high,class_name
50.61026837816114,24.68177632912789,4102.527125644646,17.62842561080147,658434.0320760183,11793.68666510006,29961.46658482653,12.991686239130903,0.3535174212949241,568.2504239686382,96.05380631789656,95.54849400432629,63.34397285123228,270.02322810505325,-28.019162249592767,917.5728542928584,60.90299625433061,Non-Fatigue
