emg_rms,emg_mav,emg_variance,emg_std,emg_waveform_length,emg_zero_crossing,emg_ssc,emg_kurtosis,emg_skewness,emg_peak,emg_median_freq,emg_mean_freq,emg_peak_freq,emg_total_power,emg_power_low,emg_power_mid,emg_power_high,class_name
42.6238356043572,21.833771361782777,763.8885854531247,63.81251622820476,675853.427573694,13210.153419623171,25309.05548471155,14.855725596612723,2.336386493642988,276.13167944650024,81.65424158514041,77.75425218780174,56.55762642747944,587.2434177767055,95.29400536636808,13.14744321696378,94.31799163773351,Non-Fatigue
