emg_rms,emg_mav,emg_variance,emg_std,emg_waveform_length,emg_zero_crossing,emg_ssc,emg_kurtosis,emg_skewness,emg_peak,emg_median_freq,emg_mean_freq,emg_peak_freq,emg_total_power,emg_power_low,emg_power_mid,emg_power_high,class_name
48.81434261910638,17.435642390643025,-356.0886779337068,60.08565407764739,637963.9028216122,14525.398431678368,27750.31723242005,16.178907454382227,-1.9518724420966924,495.412266251535,70.68237558773046,84.31731783302924,64.19858990268064,-5.866617107098932,-77.92141743866947,464.916927088291,10.211634798420668,Non-Fatigue
