emg_rms,emg_mav,emg_variance,emg_std,emg_waveform_length,emg_zero_crossing,emg_ssc,emg_kurtosis,emg_skewness,emg_peak,emg_median_freq,emg_mean_freq,emg_peak_freq,emg_total_power,emg_power_low,emg_power_mid,emg_power_high,class_name
45.65652245771189,19.91362892427537,-196.57158437254,36.73460950116203,363119.3342804906,13431.802745023278,34394.460824905924,19.86255622744764,1.5632453942823976,336.8338649599983,47.89015484020979,108.17147278785512,55.97815232174546,375.9918066810431,94.82176765008388,469.4211266663342,11.758843966698812,Non-Fatigue
