emg_rms,emg_mav,emg_variance,emg_std,emg_waveform_length,emg_zero_crossing,emg_ssc,emg_kurtosis,emg_skewness,emg_peak,emg_median_freq,emg_mean_freq,emg_peak_freq,emg_total_power,emg_power_low,emg_power_mid,emg_power_high,class_name
42.560284897917576,23.34393713117568,2599.4528069612684,39.395124000441534,577046.7735089579,12697.123918712918,26487.805880918,19.552400580809667,0.4303724344673197,343.2061089232003,82.23756573654961,86.848186520016,63.23368359081449,307.5334563254151,-51.55849712835922,379.9833205633501,64.90525876099134,Non-Fatigue
