emg_rms,emg_mav,emg_variance,emg_std,emg_waveform_length,emg_zero_crossing,emg_ssc,emg_kurtosis,emg_skewness,emg_peak,emg_median_freq,emg_mean_freq,emg_peak_freq,emg_total_power,emg_power_low,emg_power_mid,emg_power_high,class_name
31.76565870440393,25.221804893894543,1917.804168247611,39.71792337221298,747398.6056045219,12218.516081256395,29669.59712988104,12.648339646736176,0.3435849677484006,345.91543342625926,93.26733264965344,89.7475182481643,54.90306920494346,900.0450540157108,170.55966336225012,-38.68621166500526,67.56684796270264,Non-Fatigue
