emg_rms,emg_mav,emg_variance,emg_std,emg_waveform_length,emg_zero_crossing,emg_ssc,emg_kurtosis,emg_skewness,emg_peak,emg_median_freq,emg_mean_freq,emg_peak_freq,emg_total_power,emg_power_low,emg_power_mid,emg_power_high,class_name
35.818448674163825,25.3875799515577,1721.655896282941,31.99653753921107,566636.0058643506,6740.198831009029,30826.24757374647,18.23483497546552,2.700219516545617,548.7498362565821,71.22360803059473,73.19899675032008,57.91744509622117,562.922170183034,-21.08093765301436,286.6985149962143,13.038975508991795,Non-Fatigue
