emg_rms,emg_mav,emg_variance,emg_std,emg_waveform_length,emg_zero_crossing,emg_ssc,emg_kurtosis,emg_skewness,emg_peak,emg_median_freq,emg_mean_freq,emg_peak_freq,emg_total_power,emg_power_low,emg_power_mid,emg_power_high,class_name
80.17925044443612,16.14538862031616,770.856083370175,47.328765744177055,385847.5489924843,12033.58646379752,27283.73374727954,9.086050045435003,-0.0295166665211593,579.5878329860318,75.09316853337143,102.2776070858466,70.28991880069856,498.5537806297177,3.016643707128239,183.00774375927304,23.107170294105963,Non-Fatigue
