emg_rms,emg_mav,emg_variance,emg_std,emg_waveform_length,emg_zero_crossing,emg_ssc,emg_kurtosis,emg_skewness,emg_peak,emg_median_freq,emg_mean_freq,emg_peak_freq,emg_total_power,emg_power_low,emg_power_mid,emg_power_high,class_name
46.93381260558869,32.162254774367334,2653.945286123814,67.06209191104908,547060.1379458329,12888.0760392171,30013.49278318197,19.30885235919328,0.9086179741449606,266.56675872132723,93.77441367918964,120.45695596290572,65.4253916956692,49.93375558965744,160.5743317859735,851.567529577303,87.30806196701747,Non-Fatigue
