emg_rms,emg_mav,emg_variance,emg_std,emg_waveform_length,emg_zero_crossing,emg_ssc,emg_kurtosis,emg_skewness,emg_peak,emg_median_freq,emg_mean_freq,emg_peak_freq,emg_total_power,emg_power_low,emg_power_mid,emg_power_high,class_name
40.72711411926533,15.796187506900106,-722.0469510138562,33.32252584447138,332890.6996785683,14559.62894336242,30653.672502580117,13.857201360156722,1.2173125473462656,458.1035439022097,59.2432582615148,91.48902237333088,63.49335238570063,-471.66315360622247,211.8266185069144,99.78345034444112,70.11307201361929,Non-Fatigue
