emg_rms,emg_mav,emg_variance,emg_std,emg_waveform_length,emg_zero_crossing,emg_ssc,emg_kurtosis,emg_skewness,emg_peak,emg_median_freq,emg_mean_freq,emg_peak_freq,emg_total_power,emg_power_low,emg_power_mid,emg_power_high,class_name
82.57136297399744,11.275523768222088,986.2488080487268,0.6494156723632685,641299.5597288765,14243.536476912896,27797.651146678167,22.180361753630844,-1.095039252341091,213.30272602153417,98.95858006035078,104.9149356794512,59.35817647863547,78.01096821726048,78.19596949538128,119.19150649188668,87.38725867164919,Non-Fatigue
