emg_rms,emg_mav,emg_variance,emg_std,emg_waveform_length,emg_zero_crossing,emg_ssc,emg_kurtosis,emg_skewness,emg_peak,emg_median_freq,emg_mean_freq,emg_peak_freq,emg_total_power,emg_power_low,emg_power_mid,emg_power_high,class_name
25.779386536505772,20.867246432423787,-911.274797648268,81.39390505883667,563874.1520989471,10791.10715473058,31501.181073199503,16.056062567583943,-0.1056461000093725,547.6177861458643,65.21331182578959,106.47969010528504,47.44030269537804,318.3136584823152,212.5239636930612,593.1198717916126,75.71807114523287,Non-Fatigue
