emg_rms,emg_mav,emg_variance,emg_std,emg_waveform_length,emg_zero_crossing,emg_ssc,emg_kurtosis,emg_skewness,emg_peak,emg_median_freq,emg_mean_freq,emg_peak_freq,emg_total_power,emg_power_low,emg_power_mid,emg_power_high,class_name
24.73207692184844,15.237421904220838,-496.6434473337433,10.663777889370229,587098.2370956476,12993.93025110154,23500.75826837881,16.089903168771674,1.2420427217221668,438.6632483124916,69.57916687253649,60.64542231924317,44.520525614482935,709.7193575969203,-33.70972331472727,736.8284781250086,72.74583042183578,Non-Fatigue
