emg_rms,emg_mav,emg_variance,emg_std,emg_waveform_length,emg_zero_crossing,emg_ssc,emg_kurtosis,emg_skewness,emg_peak,emg_median_freq,emg_mean_freq,emg_peak_freq,emg_total_power,emg_power_low,emg_power_mid,emg_power_high,class_name
38.79279850129623,27.1727311423398,546.8224768828106,46.96923426658523,337033.0208284473,12566.620238384396,28060.64364814717,10.602907320926828,-1.222273904881371,524.1019211184686,90.54001403315928,63.69690812080823,63.93890943791647,313.36015207745857,-17.698578469333,398.9921364234845,41.71120653620644,Non-Fatigue
