emg_rms,emg_mav,emg_variance,emg_std,emg_waveform_length,emg_zero_crossing,emg_ssc,emg_kurtosis,emg_skewness,emg_peak,emg_median_freq,emg_mean_freq,emg_peak_freq,emg_total_power,emg_power_low,emg_power_mid,emg_power_high,class_name
23.473270979016316,21.85279106186394,-1450.0163582089478,37.969778201228685,574922.8411303448,13812.51279442742,26341.681788111702,10.93729476179184,1.303206908825433,672.8835879700912,92.57781773799682,95.26705038003917,46.47973308777282,489.74974615542936,-9.914987824457526,-55.545916390548086,40.118862349989605,Non-Fatigue
