emg_rms,emg_mav,emg_variance,emg_std,emg_waveform_length,emg_zero_crossing,emg_ssc,emg_kurtosis,emg_skewness,emg_peak,emg_median_freq,emg_mean_freq,emg_peak_freq,emg_total_power,emg_power_low,emg_power_mid,emg_power_high,class_name
53.68769619694697,34.76037811633114,2474.802906259812,3.884825961994224,569147.7745608974,17995.484483355318,24457.010014247586,13.665908745059102,-0.7748277592836011,635.8274815507466,81.58133341383713,80.91221914295704,47.66593458636688,460.5889335375213,88.76379206361746,66.33354511268135,77.14956210068382,Non-Fatigue
