emg_rms,emg_mav,emg_variance,emg_std,emg_waveform_length,emg_zero_crossing,emg_ssc,emg_kurtosis,emg_skewness,emg_peak,emg_median_freq,emg_mean_freq,emg_peak_freq,emg_total_power,emg_power_low,emg_power_mid,emg_power_high,class_name
68.11233878097183,21.491698435244984,2211.248672044448,69.56332972686111,785789.4565711628,16609.301192922678,25741.3617506024,26.110618849508825,0.7858801527953881,208.62848519127323,88.69913185927015,64.70222658769565,50.22158399987198,359.5727997249453,73.1705364817241,-279.008497046052,99.11273535831982,Non-Fatigue
