emg_rms,emg_mav,emg_variance,emg_std,emg_waveform_length,emg_zero_crossing,emg_ssc,emg_kurtosis,emg_skewness,emg_peak,emg_median_freq,emg_mean_freq,emg_peak_freq,emg_total_power,emg_power_low,emg_power_mid,emg_power_high,class_name
55.63188032021941,13.052071580281083,3205.489303777705,24.48439174199909,373308.8578533336,20579.10314765812,31489.71812770692,18.12079558347848,-1.3624356311648724,445.614405225162,93.51718040508848,106.38545327889076,51.32373719721576,-523.0516198471128,-18.632218698713743,283.6079390971055,95.88086488980252,Non-Fatigue
