emg_rms,emg_mav,emg_variance,emg_std,emg_waveform_length,emg_zero_crossing,emg_ssc,emg_kurtosis,emg_skewness,emg_peak,emg_median_freq,emg_mean_freq,emg_peak_freq,emg_total_power,emg_power_low,emg_power_mid,emg_power_high,class_name
56.53074758929603,13.285286609509772,3947.001763392638,5.75005514376425,542719.2639926388,13913.923423162065,28799.75395759172,23.60080968330632,-2.561949535306704,287.802779971252,48.93734169562138,103.83430361349016,54.217868884490336,392.8275672738658,-24.07483893128717,217.4735530200415,41.7129913327115,Non-Fatigue
