emg_rms,emg_mav,emg_variance,emg_std,emg_waveform_length,emg_zero_crossing,emg_ssc,emg_kurtosis,emg_skewness,emg_peak,emg_median_freq,emg_mean_freq,emg_peak_freq,emg_total_power,emg_power_low,emg_power_mid,emg_power_high,class_name
43.87989367209411,18.316633829336062,994.3418493639537,14.784192569939243,697274.970508061,16247.728991739808,28447.07194364575,9.640821594631792,-0.5992661926698061,475.58749418250505,83.32901377494302,71.21005220708392,59.75288478005008,387.0862700823229,250.3980617494887,31.096930550305785,17.891384732438873,Non-Fatigue
