emg_rms,emg_mav,emg_variance,emg_std,emg_waveform_length,emg_zero_crossing,emg_ssc,emg_kurtosis,emg_skewness,emg_peak,emg_median_freq,emg_mean_freq,emg_peak_freq,emg_total_power,emg_power_low,emg_power_mid,emg_power_high,class_name
30.176990555370768,15.094339073824756,2497.198343146922,43.20736424617856,559782.4346239008,12368.478722037977,24496.74799736875,19.025816702230983,-1.4631906894009497,117.8344434376928,73.77371702200175,89.9461627584318,54.4672150080871,904.0388943853014,-16.86544012461843,-91.26396959686826,46.39564485593519,Non-Fatigue
