emg_rms,emg_mav,emg_variance,emg_std,emg_waveform_length,emg_zero_crossing,emg_ssc,emg_kurtosis,emg_skewness,emg_peak,emg_median_freq,emg_mean_freq,emg_peak_freq,emg_total_power,emg_power_low,emg_power_mid,emg_power_high,class_name
38.21886136711128,15.520013271126516,1995.9764443290464,8.166387342903164,382517.6120792172,11397.922427890082,28947.90300946372,18.497444897174816,-2.4057449071941317,559.3433404045486,69.00131551311496,107.22813623806552,48.76068452525744,357.03666736504084,171.02236247596008,517.2748594649414,70.10715897446306,Non-Fatigue
