emg_rms,emg_mav,emg_variance,emg_std,emg_waveform_length,emg_zero_crossing,emg_ssc,emg_kurtosis,emg_skewness,emg_peak,emg_median_freq,emg_mean_freq,emg_peak_freq,emg_total_power,emg_power_low,emg_power_mid,emg_power_high,class_name
42.83895021403245,-4.85700470808138,1393.7176152568063,52.85600679159033,698209.4867165716,12142.16528902374,26796.05498554764,24.65373472836456,-0.9714099867405218,389.1987954031305,77.59086889139348,72.39909662707286,52.688122700454734,1156.3523261824903,81.41327172014337,561.340994481689,17.201543325356774,Non-Fatigue
