emg_rms,emg_mav,emg_variance,emg_std,emg_waveform_length,emg_zero_crossing,emg_ssc,emg_kurtosis,emg_skewness,emg_peak,emg_median_freq,emg_mean_freq,emg_peak_freq,emg_total_power,emg_power_low,emg_power_mid,emg_power_high,class_name
52.08435524224036,20.32164899559542,-176.70317724751294,21.81016086847852,524208.9217860664,12154.536429803298,31113.30966606035,9.566129818122633,2.9643345706988784,289.444910288577,57.04690832493485,107.2794587326506,40.1837937516269,1478.9120539526343,181.54049038524244,504.3558797485545,57.30020695244153,Non-Fatigue
