emg_rms,emg_mav,emg_variance,emg_std,emg_waveform_length,emg_zero_crossing,emg_ssc,emg_kurtosis,emg_skewness,emg_peak,emg_median_freq,emg_mean_freq,emg_peak_freq,emg_total_power,emg_power_low,emg_power_mid,emg_power_high,class_name
39.03011172951711,26.886670154840964,3466.463350025296,32.3402099969362,636947.0879778741,21045.47344784435,27881.23757999319,12.867615369962,2.0184281689101096,466.9196628128352,74.51033769430154,79.64926700611643,64.61452855811493,-401.5673448855888,210.0994028222425,-60.21272230436784,42.97607368320988,Non-Fatigue
