emg_rms,emg_mav,emg_variance,emg_std,emg_waveform_length,emg_zero_crossing,emg_ssc,emg_kurtosis,emg_skewness,emg_peak,emg_median_freq,emg_mean_freq,emg_peak_freq,emg_total_power,emg_power_low,emg_power_mid,emg_power_high,class_name
40.8159976465097,14.705881962696203,2869.0446509634494,41.34246448931936,790448.4489022875,9042.868803910287,25222.65778959944,16.788214662332283,0.5104805679391033,249.23367683923607,89.48657643037077,104.21036061417809,60.22950658918919,589.2870478375224,85.67080055671268,444.0869876136648,67.34638988622032,Non-Fatigue
