emg_rms,emg_mav,emg_variance,emg_std,emg_waveform_length,emg_zero_crossing,emg_ssc,emg_kurtosis,emg_skewness,emg_peak,emg_median_freq,emg_mean_freq,emg_peak_freq,emg_total_power,emg_power_low,emg_power_mid,emg_power_high,class_name
39.465557249358525,18.368982730681395,1516.2691317858832,46.79591717385691,600719.8700029288,16516.587113037935,27240.633296653235,17.197526422525595,1.230538790450996,598.2939858964346,86.77819594784454,92.80782168941668,51.23988305800848,786.0462941391921,-80.07245374129099,400.9843109207644,56.42363472000073,Non-Fatigue
