emg_rms,emg_mav,emg_variance,emg_std,emg_waveform_length,emg_zero_crossing,emg_ssc,emg_kurtosis,emg_skewness,emg_peak,emg_median_freq,emg_mean_freq,emg_peak_freq,emg_total_power,emg_power_low,emg_power_mid,emg_power_high,class_name
35.25645680887142,14.56344848777521,-400.7762106330231,46.05042517048842,701521.3524810296,5670.606188528015,22345.908155857756,19.441638520332923,0.5764581808659338,596.3941705826655,65.73490871344039,112.76872175826212,54.15062328723793,270.9420641668222,110.63266325389998,694.0716894954285,34.271871746347095,Non-Fatigue
