emg_rms,emg_mav,emg_variance,emg_std,emg_waveform_length,emg_zero_crossing,emg_ssc,emg_kurtosis,emg_skewness,emg_peak,emg_median_freq,emg_mean_freq,emg_peak_freq,emg_total_power,emg_power_low,emg_power_mid,emg_power_high,class_name
58.2638562831314,26.610107049226208,4671.730990951524,39.972042963467565,604779.5767629112,14147.030558205392,22834.61684339507,16.707172143574205,-1.0519967315390684,449.9016049600215,79.19846528530482,99.14079139160168,56.647153053649774,20.39757014043397,110.86211702107654,904.2421986015244,44.86264339620183,Non-Fatigue
