emg_rms,emg_mav,emg_variance,emg_std,emg_waveform_length,emg_zero_crossing,emg_ssc,emg_kurtosis,emg_skewness,emg_peak,emg_median_freq,emg_mean_freq,emg_peak_freq,emg_total_power,emg_power_low,emg_power_mid,emg_power_high,class_name
49.64856714634652,16.352347502500457,-1768.8912190499157,63.14383584143272,315506.7627676618,18647.537283178543,26281.386350698856,19.852966860748705,0.8095992029499157,331.1479645337166,104.54352080138928,98.52171694709072,62.32608564615831,644.3212926516579,111.5689396467148,71.75746663855739,53.34027387236885,Non-Fatigue
