emg_rms,emg_mav,emg_variance,emg_std,emg_waveform_length,emg_zero_crossing,emg_ssc,emg_kurtosis,emg_skewness,emg_peak,emg_median_freq,emg_mean_freq,emg_peak_freq,emg_total_power,emg_power_low,emg_power_mid,emg_power_high,class_name
54.67445722213525,11.22023111302364,4980.611392073481,43.74434782185346,714113.5109287521,11573.63733797303,27562.29030443066,11.28127260632164,-0.1006312499676231,554.6452763881256,106.84017170161044,65.85642351052411,52.40299807203883,1086.390435767622,56.705222005599566,679.3074567305457,71.93201815347723,Non-Fatigue
