emg_rms,emg_mav,emg_variance,emg_std,emg_waveform_length,emg_zero_crossing,emg_ssc,emg_kurtosis,emg_skewness,emg_peak,emg_median_freq,emg_mean_freq,emg_peak_freq,emg_total_power,emg_power_low,emg_power_mid,emg_power_high,class_name
54.606711917171495,27.529820679402093,3405.14842113169,46.67264073494066,716835.264345089,15193.27709979778,22535.717440965916,13.987499986690782,1.4921065094913892,283.6245583305463,85.94139093770241,101.25651622248728,50.01631615160795,456.3760876703648,36.8756913078828,135.00736919474096,60.96056093454944,Non-Fatigue
