emg_rms,emg_mav,emg_variance,emg_std,emg_waveform_length,emg_zero_crossing,emg_ssc,emg_kurtosis,emg_skewness,emg_peak,emg_median_freq,emg_mean_freq,emg_peak_freq,emg_total_power,emg_power_low,emg_power_mid,emg_power_high,class_name
31.521550182758094,21.33862603980087,3231.665057634378,29.342137982563912,853992.3980809601,11341.213540442695,26100.075075311703,14.411553409394315,-0.676430883131094,550.5221494112384,69.30671009347645,65.44621347259738,39.684217293392976,-170.21847619520491,159.53964281515272,209.2450703831377,41.41557974107133,Non-Fatigue
