emg_rms,emg_mav,emg_variance,emg_std,emg_waveform_length,emg_zero_crossing,emg_ssc,emg_kurtosis,emg_skewness,emg_peak,emg_median_freq,emg_mean_freq,emg_peak_freq,emg_total_power,emg_power_low,emg_power_mid,emg_power_high,class_name
30.953036596379874,16.73131070222972,-1407.0523413594171,24.392418475611024,677829.1617812531,19590.88766636436,30609.664307867653,10.508273386185342,-0.0441612311146369,399.6909085876875,69.03100893958536,113.73645142345184,66.47218818466054,-394.6285514138274,128.74809745487164,875.0804991788218,87.21562979446587,Non-Fatigue
