emg_rms,emg_mav,emg_variance,emg_std,emg_waveform_length,emg_zero_crossing,emg_ssc,emg_kurtosis,emg_skewness,emg_peak,emg_median_freq,emg_mean_freq,emg_peak_freq,emg_total_power,emg_power_low,emg_power_mid,emg_power_high,class_name
52.43118124989316,-3.855429487759405,756.4941800116961,13.359669271123238,520291.0323687313,19009.00695640937,25526.144232427243,16.02922350316874,-1.6010637544741706,505.7801887239642,67.25149395247557,99.44958747224813,65.50487583833288,-520.1823294241024,-26.980890944715185,106.15859588267702,76.12503431766473,Non-Fatigue
