emg_rms,emg_mav,emg_variance,emg_std,emg_waveform_length,emg_zero_crossing,emg_ssc,emg_kurtosis,emg_skewness,emg_peak,emg_median_freq,emg_mean_freq,emg_peak_freq,emg_total_power,emg_power_low,emg_power_mid,emg_power_high,class_name
47.80222473086905,23.197240911727985,5384.103601839231,14.887059771620883,807081.3612702526,12837.504471380767,31678.727942068213,15.546577516191318,-0.6650438129418431,253.6179170536078,68.22684720192933,102.31110243036744,55.33776714853108,-100.06252513886471,-10.011817790982448,752.7742472962086,-1.473952931792688,Non-Fatigue
