emg_rms,emg_mav,emg_variance,emg_std,emg_waveform_length,emg_zero_crossing,emg_ssc,emg_kurtosis,emg_skewness,emg_peak,emg_median_freq,emg_mean_freq,emg_peak_freq,emg_total_power,emg_power_low,emg_power_mid,emg_power_high,class_name
65.80636302909943,39.43132394811676,5334.500522833088,31.2870196650582,584392.2754466847,12548.50740677732,32803.45035146949,17.00737356690383,-0.6081193596171001,458.5278802649621,60.93235135300685,87.82638421718515,53.09917677013272,949.3835976079606,-106.72048316540662,-32.82020215588847,68.58312678528617,Non-Fatigue
