emg_rms,emg_mav,emg_variance,emg_std,emg_waveform_length,emg_zero_crossing,emg_ssc,emg_kurtosis,emg_skewness,emg_peak,emg_median_freq,emg_mean_freq,emg_peak_freq,emg_total_power,emg_power_low,emg_power_mid,emg_power_high,class_name
46.74734212962409,12.114418458619012,3986.5855908618814,33.544769225659564,670106.3701346526,14169.852274674977,25808.7175840208,23.992282454718577,0.8211177031323501,335.41046647590383,42.02935511708127,94.29267544207326,51.79840786189831,396.5605274267221,196.32862197918743,542.0919080073375,66.94989708752497,Non-Fatigue
