emg_rms,emg_mav,emg_variance,emg_std,emg_waveform_length,emg_zero_crossing,emg_ssc,emg_kurtosis,emg_skewness,emg_peak,emg_median_freq,emg_mean_freq,emg_peak_freq,emg_total_power,emg_power_low,emg_power_mid,emg_power_high,class_name
14.422478769699168,17.216917013787132,2390.9141636618724,25.352084822575737,766880.3904287029,10910.855758232432,25885.681048578437,16.203038082705334,1.053134072481443,571.3464859430235,70.82775043722846,111.0901693811022,51.29006985027505,624.7526173729377,-122.05746687806254,488.5357667127556,40.41764166734372,Non-Fatigue
