emg_rms,emg_mav,emg_variance,emg_std,emg_waveform_length,emg_zero_crossing,emg_ssc,emg_kurtosis,emg_skewness,emg_peak,emg_median_freq,emg_mean_freq,emg_peak_freq,emg_total_power,emg_power_low,emg_power_mid,emg_power_high,class_name
21.70988304808393,6.016276131256815,3369.1576455145114,43.8823720033973,369613.3150715776,13687.424543730092,25060.29160259486,18.23294556972168,0.1535582718710471,278.0851201540926,73.24384940313035,96.08589243442124,54.36204582678798,72.67184049197306,-80.63090036699484,343.9962890167821,28.260357538645312,Non-Fatigue
