emg_rms,emg_mav,emg_variance,emg_std,emg_waveform_length,emg_zero_crossing,emg_ssc,emg_kurtosis,emg_skewness,emg_peak,emg_median_freq,emg_mean_freq,emg_peak_freq,emg_total_power,emg_power_low,emg_power_mid,emg_power_high,class_name
50.501461433526245,12.777337704061612,479.0529429259675,18.268991198623407,191809.3806413492,11400.805308956642,21303.12812394064,12.448234136632028,1.220814844479948,266.6682099538717,66.3199674649127,98.20109275859362,51.9713808431061,783.2432821332027,-2.63659232800282,31.80761993877576,56.566238607594535,Non-Fatigue
