emg_rms,emg_mav,emg_variance,emg_std,emg_waveform_length,emg_zero_crossing,emg_ssc,emg_kurtosis,emg_skewness,emg_peak,emg_median_freq,emg_mean_freq,emg_peak_freq,emg_total_power,emg_power_low,emg_power_mid,emg_power_high,class_name
11.350271774497603,20.882336497499285,-2072.197189880476,69.4774972667351,686552.5072036209,13068.41385601751,25528.234319622294,13.46411458731066,-0.8885047207862752,501.0329817116256,102.52089179883828,105.04445119924672,47.95009432851912,179.43098703931804,21.27548979966548,650.440467321209,4.3834183387020005,Non-Fatigue
