emg_rms,emg_mav,emg_variance,emg_std,emg_waveform_length,emg_zero_crossing,emg_ssc,emg_kurtosis,emg_skewness,emg_peak,emg_median_freq,emg_mean_freq,emg_peak_freq,emg_total_power,emg_power_low,emg_power_mid,emg_power_high,class_name
41.95671110208739,10.142091734941884,2851.6695680076,52.272122556463785,374008.813155962,13749.4788546809,25777.569614718333,12.04778765144476,0.1227945530673855,298.7332646569012,66.19920733017389,83.23103676403571,54.97457939752399,713.6398890715993,24.30282964829384,456.92403721857096,86.81325778760805,Non-Fatigue
