emg_rms,emg_mav,emg_variance,emg_std,emg_waveform_length,emg_zero_crossing,emg_ssc,emg_kurtosis,emg_skewness,emg_peak,emg_median_freq,emg_mean_freq,emg_peak_freq,emg_total_power,emg_power_low,emg_power_mid,emg_power_high,class_name
15.10941869421055,19.486702884976204,-22.262610594537136,20.089939730913645,336587.2200955223,14020.80507099247,25585.19338440261,16.960329866398773,0.6397810699722128,628.6037695686016,71.32823541920045,98.18892739542136,54.72667037705119,1095.288985607297,-8.858500260632198,509.3732157097104,2.1363248583425545,Non-Fatigue
