emg_rms,emg_mav,emg_variance,emg_std,emg_waveform_length,emg_zero_crossing,emg_ssc,emg_kurtosis,emg_skewness,emg_peak,emg_median_freq,emg_mean_freq,emg_peak_freq,emg_total_power,emg_power_low,emg_power_mid,emg_power_high,class_name
22.84999528306262,28.212324064993314,775.4702354945538,37.457562486106816,758436.7042012392,9559.961342565028,27362.35154730434,23.76787740618451,-2.56509883445351,487.561790507772,88.81171901745239,85.89892295870055,61.21124492556731,996.2478059163434,131.8536464295944,639.4246724837726,26.531411611193807,Non-Fatigue
