emg_rms,emg_mav,emg_variance,emg_std,emg_waveform_length,emg_zero_crossing,emg_ssc,emg_kurtosis,emg_skewness,emg_peak,emg_median_freq,emg_mean_freq,emg_peak_freq,emg_total_power,emg_power_low,emg_power_mid,emg_power_high,class_name
43.48856108555983,21.3035219741225,2505.823969378528,39.06077296179677,241907.51061982568,6633.55186679325,29921.97136767656,17.252466661261348,1.9539357222840352,446.8596796158073,83.7306514392044,115.9072362093452,47.922225070548485,346.8965477462732,25.54072095679908,543.620575297893,26.480748938129476,Non-Fatigue
