emg_rms,emg_mav,emg_variance,emg_std,emg_waveform_length,emg_zero_crossing,emg_ssc,emg_kurtosis,emg_skewness,emg_peak,emg_median_freq,emg_mean_freq,emg_peak_freq,emg_total_power,emg_power_low,emg_power_mid,emg_power_high,class_name
42.60142337072075,19.76037892729716,2803.4578819921044,28.26680994980888,886129.9433553892,7101.778841473089,27299.78234856822,15.971651350835964,1.5803834497664102,431.5594426942988,91.2535335084238,102.55271396021536,56.65395728891955,439.88386345933264,185.01166788228636,330.8590516067954,-4.945033540066,Non-Fatigue
