emg_rms,emg_mav,emg_variance,emg_std,emg_waveform_length,emg_zero_crossing,emg_ssc,emg_kurtosis,emg_skewness,emg_peak,emg_median_freq,emg_mean_freq,emg_peak_freq,emg_total_power,emg_power_low,emg_power_mid,emg_power_high,class_name
71.26176130609697,17.547567922383678,843.2111762788677,52.11523426660656,456844.7948654444,15840.977584046108,19950.482937716133,21.671785401328933,0.4957140877456099,332.6168212908404,74.57171517463729,97.5518297252329,58.99698808222316,337.6285999129095,60.00496517500139,544.1671313099539,38.65634987189734,Non-Fatigue
