emg_rms,emg_mav,emg_variance,emg_std,emg_waveform_length,emg_zero_crossing,emg_ssc,emg_kurtosis,emg_skewness,emg_peak,emg_median_freq,emg_mean_freq,emg_peak_freq,emg_total_power,emg_power_low,emg_power_mid,emg_power_high,class_name
39.99598383306238,20.494527874109828,4738.154571311765,21.25825514890062,350012.7620622447,18670.83798199011,26667.671767117023,9.866772663824158,3.055759086433332,476.8945950036367,88.04648334635274,101.17142882114769,53.67161344222439,168.2548753350399,7.390513942899673,277.3979089562764,50.17361097068729,Non-Fatigue
