emg_rms,emg_mav,emg_variance,emg_std,emg_waveform_length,emg_zero_crossing,emg_ssc,emg_kurtosis,emg_skewness,emg_peak,emg_median_freq,emg_mean_freq,emg_peak_freq,emg_total_power,emg_power_low,emg_power_mid,emg_power_high,class_name
51.71123491373568,21.396678879546887,1728.8784616131666,43.45023612461433,787606.3896949433,11119.527879942974,21801.9924479163,18.70889588081409,0.1743426046481155,363.0839684963736,73.19231940045135,69.21355284421688,77.92980032880294,829.8387952561598,-42.55273943402639,-50.97615890491886,54.5404086905216,Non-Fatigue
