emg_rms,emg_mav,emg_variance,emg_std,emg_waveform_length,emg_zero_crossing,emg_ssc,emg_kurtosis,emg_skewness,emg_peak,emg_median_freq,emg_mean_freq,emg_peak_freq,emg_total_power,emg_power_low,emg_power_mid,emg_power_high,class_name
51.33166894868634,32.95932517388732,1660.1276554398842,39.71591453597375,456437.7630500229,13742.245640272293,26900.80129999317,10.608155036521929,-0.5415640860652081,478.85528750838193,76.34326318377997,78.08757571101401,63.05146142828941,637.151304779498,32.27988771254284,-122.45971404995952,15.9576561063775,Non-Fatigue
