emg_rms,emg_mav,emg_variance,emg_std,emg_waveform_length,emg_zero_crossing,emg_ssc,emg_kurtosis,emg_skewness,emg_peak,emg_median_freq,emg_mean_freq,emg_peak_freq,emg_total_power,emg_power_low,emg_power_mid,emg_power_high,class_name
27.81894393844425,20.508776533607797,3220.845898176907,58.58358180093184,789685.0034495433,15273.348421589144,19578.587198318484,20.73140428659406,1.805564877716646,328.2260321846401,87.14829993539345,89.74155951882612,55.89831833718152,-118.03598167575166,-131.0084167622123,-233.21299168101356,30.014082329568502,Non-Fatigue
