emg_rms,emg_mav,emg_variance,emg_std,emg_waveform_length,emg_zero_crossing,emg_ssc,emg_kurtosis,emg_skewness,emg_peak,emg_median_freq,emg_mean_freq,emg_peak_freq,emg_total_power,emg_power_low,emg_power_mid,emg_power_high,class_name
23.376865357999318,6.655285665360955,749.0314238442242,69.74486900584351,586488.9540393172,11493.003930246088,21312.938031893867,17.95137060440053,0.2548828719290352,473.7763842621428,79.39027652111857,97.4498949345498,55.174158557811616,1262.076931150047,-49.31591630912402,313.10056471444955,18.3667775248932,Non-Fatigue
