emg_rms,emg_mav,emg_variance,emg_std,emg_waveform_length,emg_zero_crossing,emg_ssc,emg_kurtosis,emg_skewness,emg_peak,emg_median_freq,emg_mean_freq,emg_peak_freq,emg_total_power,emg_power_low,emg_power_mid,emg_power_high,class_name
44.15344695380087,18.886996815159836,2131.0074863032173,13.05387554200054,710348.7383725692,15881.94013881386,27523.85075931754,21.39209935717452,2.4351303669285107,330.94997081153133,45.5182522112718,101.1667956682593,70.26743651977216,869.8786534074977,43.781253731855536,443.9172318181078,27.68901878785533,Non-Fatigue
