emg_rms,emg_mav,emg_variance,emg_std,emg_waveform_length,emg_zero_crossing,emg_ssc,emg_kurtosis,emg_skewness,emg_peak,emg_median_freq,emg_mean_freq,emg_peak_freq,emg_total_power,emg_power_low,emg_power_mid,emg_power_high,class_name
66.2847705349603,18.3595331559652,713.8703564902808,54.22115221837221,638124.6840671486,15144.917979605496,26447.90227522351,17.700499141500888,0.2259648996426078,520.8293930214385,70.11832584115605,121.476772578613,50.84960235436448,1174.245101839024,-1.092972537702508,348.14129129890944,87.31764306066043,Non-Fatigue
