emg_rms,emg_mav,emg_variance,emg_std,emg_waveform_length,emg_zero_crossing,emg_ssc,emg_kurtosis,emg_skewness,emg_peak,emg_median_freq,emg_mean_freq,emg_peak_freq,emg_total_power,emg_power_low,emg_power_mid,emg_power_high,class_name
42.655862646795846,9.629527867816975,-272.71681178352924,39.973896768534495,570599.0427025253,14926.570583950985,20348.23496063966,11.11876722624734,-0.5910988258617745,568.1716694938905,79.58379292690199,80.47135283318453,72.32418568998447,804.6921078877946,130.32109734568826,696.5537653291858,16.441253482024194,Non-Fatigue
