emg_rms,emg_mav,emg_variance,emg_std,emg_waveform_length,emg_zero_crossing,emg_ssc,emg_kurtosis,emg_skewness,emg_peak,emg_median_freq,emg_mean_freq,emg_peak_freq,emg_total_power,emg_power_low,emg_power_mid,emg_power_high,class_name
52.30420322805704,15.051216453441167,2517.200324176535,78.63405796819947,667101.85213089,12670.610234308351,24269.726023924875,23.664572142254205,-0.1819040950906966,424.507339098376,87.21902760463708,99.85292406718732,41.86469084755038,1050.7228304755004,79.59252889777366,-160.10492090647114,78.34745400947514,Non-Fatigue
