emg_rms,emg_mav,emg_variance,emg_std,emg_waveform_length,emg_zero_crossing,emg_ssc,emg_kurtosis,emg_skewness,emg_peak,emg_median_freq,emg_mean_freq,emg_peak_freq,emg_total_power,emg_power_low,emg_power_mid,emg_power_high,class_name
35.444246078729385,8.736497727303187,481.9212254911331,21.13063254084319,551639.869589303,16516.763710915748,26161.61351479089,8.396684140650603,0.9885237223405658,517.4237918545507,73.50684276136118,133.74406598423195,54.16945677952404,-164.94365865772596,188.08630104338224,144.46035263499704,65.45014006964098,Non-Fatigue
