emg_rms,emg_mav,emg_variance,emg_std,emg_waveform_length,emg_zero_crossing,emg_ssc,emg_kurtosis,emg_skewness,emg_peak,emg_median_freq,emg_mean_freq,emg_peak_freq,emg_total_power,emg_power_low,emg_power_mid,emg_power_high,class_name
50.18054928048896,16.617777706327228,1067.504913367776,22.847746067402262,420050.9085856562,16637.074302403384,32381.33728779785,18.83512053662113,-0.0057430267740193,553.5759312541531,89.36537549323067,89.01255435911537,57.292303607317486,707.832825772661,-85.43269629179179,298.3315794929728,46.1546714832576,Non-Fatigue
