emg_rms,emg_mav,emg_variance,emg_std,emg_waveform_length,emg_zero_crossing,emg_ssc,emg_kurtosis,emg_skewness,emg_peak,emg_median_freq,emg_mean_freq,emg_peak_freq,emg_total_power,emg_power_low,emg_power_mid,emg_power_high,class_name
21.523117818178505,22.682894145114407,2832.816015752672,13.590193281454711,454513.574826407,16149.751034204226,28823.577950792147,15.29041527620311,-2.1401273547909208,509.6852155449197,42.06664533585055,76.52789300190776,61.82073379776213,631.5719790071339,-6.123862683800979,770.0804437180379,87.9684691713637,Non-Fatigue
