emg_rms,emg_mav,emg_variance,emg_std,emg_waveform_length,emg_zero_crossing,emg_ssc,emg_kurtosis,emg_skewness,emg_peak,emg_median_freq,emg_mean_freq,emg_peak_freq,emg_total_power,emg_power_low,emg_power_mid,emg_power_high,class_name
28.162130641583797,23.68986782294437,3782.4241419635873,42.32363529097205,567197.9175767999,14621.221655196978,29486.756992489594,23.171130216032083,-0.6146987360701412,500.60328851050974,62.11138306703484,100.71609566059574,45.85375322277248,568.3149600419033,65.19540847539527,696.6458102885988,20.285709248626752,Non-Fatigue
