emg_rms,emg_mav,emg_variance,emg_std,emg_waveform_length,emg_zero_crossing,emg_ssc,emg_kurtosis,emg_skewness,emg_peak,emg_median_freq,emg_mean_freq,emg_peak_freq,emg_total_power,emg_power_low,emg_power_mid,emg_power_high,class_name
44.32255990377358,22.87466381635829,1466.8093728431058,40.18498108435654,520666.3369655335,18444.770520336744,30351.761608878234,15.874238617540422,1.77334549855548,352.06372639720496,84.3588434650094,109.42724370301627,57.92037110233524,438.30281009938665,-50.08392354234165,-79.56822085194727,81.40913590738946,Non-Fatigue
