emg_rms,emg_mav,emg_variance,emg_std,emg_waveform_length,emg_zero_crossing,emg_ssc,emg_kurtosis,emg_skewness,emg_peak,emg_median_freq,emg_mean_freq,emg_peak_freq,emg_total_power,emg_power_low,emg_power_mid,emg_power_high,class_name
38.7134946198354,14.428461799079672,3331.880277328952,45.71594955867111,234241.96174186707,11486.29739133428,28587.331770893597,18.22811363131799,0.5503467701450158,519.7657951852292,89.85519584840134,132.02401324703422,57.64849178351984,1272.0981277967655,21.154846834424973,569.5074816812165,15.805781971886589,Non-Fatigue
