emg_rms,emg_mav,emg_variance,emg_std,emg_waveform_length,emg_zero_crossing,emg_ssc,emg_kurtosis,emg_skewness,emg_peak,emg_median_freq,emg_mean_freq,emg_peak_freq,emg_total_power,emg_power_low,emg_power_mid,emg_power_high,class_name
14.50430734136424,24.78792029929346,2506.736016883882,33.766175720621995,452270.867465562,11658.772736144829,28378.172993489647,19.260557489735262,1.746662752248997,486.46491352787245,90.67029375524184,83.35579191562266,67.16241374334057,383.199952713066,60.44654323295909,366.305909522221,76.32233804114321,Non-Fatigue
