emg_rms,emg_mav,emg_variance,emg_std,emg_waveform_length,emg_zero_crossing,emg_ssc,emg_kurtosis,emg_skewness,emg_peak,emg_median_freq,emg_mean_freq,emg_peak_freq,emg_total_power,emg_power_low,emg_power_mid,emg_power_high,class_name
64.83208475789961,20.04909756514468,360.633350315743,25.211665343715037,422105.8106337787,13995.53927251285,28318.004778326,11.832910323542436,0.5640191308620254,388.7777829886616,70.08513675389968,105.2578487863454,49.52886978806186,507.4255603327755,91.36019392703592,39.67614400249551,6.085367387563984,Non-Fatigue
