emg_rms,emg_mav,emg_variance,emg_std,emg_waveform_length,emg_zero_crossing,emg_ssc,emg_kurtosis,emg_skewness,emg_peak,emg_median_freq,emg_mean_freq,emg_peak_freq,emg_total_power,emg_power_low,emg_power_mid,emg_power_high,class_name
21.381744459406903,9.123065708120953,2997.247488729201,37.440284906582846,615647.3665802481,11690.324282552489,26502.850055624454,11.35544984403604,0.7638754384239648,358.2411558404488,97.53838898074088,99.56254361134984,59.669286030162965,-235.74207061778012,61.51124145862892,-34.36639620602904,39.1936873869992,Non-Fatigue
