emg_rms,emg_mav,emg_variance,emg_std,emg_waveform_length,emg_zero_crossing,emg_ssc,emg_kurtosis,emg_skewness,emg_peak,emg_median_freq,emg_mean_freq,emg_peak_freq,emg_total_power,emg_power_low,emg_power_mid,emg_power_high,class_name
67.76540283442844,19.78594576286676,3423.646437694052,42.03921041039133,660670.0933853689,18263.072944033644,23509.48038638827,27.284727370478137,0.8950190442759419,408.3160640071548,62.89959362830238,105.37292721042743,62.57937856034517,72.59886531057998,162.56167870824515,512.3055825629394,38.912122810451166,Non-Fatigue
