emg_rms,emg_mav,emg_variance,emg_std,emg_waveform_length,emg_zero_crossing,emg_ssc,emg_kurtosis,emg_skewness,emg_peak,emg_median_freq,emg_mean_freq,emg_peak_freq,emg_total_power,emg_power_low,emg_power_mid,emg_power_high,class_name
21.93416424388026,10.914412677403083,1626.1345272190615,36.27727446016397,676394.5907548118,9535.562756721863,26957.614109479327,22.873349194071377,1.333266481157633,583.7715219780574,76.65107786604777,86.04366612008612,57.23089933141485,1037.585978683679,-121.6116827160387,576.629755171617,79.04183574098862,Non-Fatigue
