emg_rms,emg_mav,emg_variance,emg_std,emg_waveform_length,emg_zero_crossing,emg_ssc,emg_kurtosis,emg_skewness,emg_peak,emg_median_freq,emg_mean_freq,emg_peak_freq,emg_total_power,emg_power_low,emg_power_mid,emg_power_high,class_name
20.53552879122679,10.946961502735158,-32.279722484270906,65.25531292775564,273304.7118106328,12463.312763620332,25987.89808208589,14.990541705105956,0.2237575753057837,349.4881939077514,71.99263221939398,78.6763800199279,52.11892243781261,153.89912675628705,84.79724167061771,138.23518273436238,87.42287141307843,Non-Fatigue
