emg_rms,emg_mav,emg_variance,emg_std,emg_waveform_length,emg_zero_crossing,emg_ssc,emg_kurtosis,emg_skewness,emg_peak,emg_median_freq,emg_mean_freq,emg_peak_freq,emg_total_power,emg_power_low,emg_power_mid,emg_power_high,class_name
23.4089510993168,10.656331256629851,-1055.9528977948723,35.19406617278547,510773.34171610296,12997.068584252176,25857.465868394414,12.173599444496524,1.390233392662933,306.4122921490307,58.615734005222016,88.98066017273764,55.52059263299422,12.037936203787185,149.1910122187516,802.9168343849858,6.1638052469212,Non-Fatigue
