emg_rms,emg_mav,emg_variance,emg_std,emg_waveform_length,emg_zero_crossing,emg_ssc,emg_kurtosis,emg_skewness,emg_peak,emg_median_freq,emg_mean_freq,emg_peak_freq,emg_total_power,emg_power_low,emg_power_mid,emg_power_high,class_name
28.749766502867583,19.447946485939436,1665.2048612697413,36.09137894391465,658910.1013388635,13465.3475378017,18866.414096249824,26.08170925317148,1.786788246875882,317.630896134818,74.34549599999974,100.54067702365955,58.5181061155204,-223.4702086191399,-82.08085875097629,0.5279863937851701,62.4638899232656,Non-Fatigue
