emg_rms,emg_mav,emg_variance,emg_std,emg_waveform_length,emg_zero_crossing,emg_ssc,emg_kurtosis,emg_skewness,emg_peak,emg_median_freq,emg_mean_freq,emg_peak_freq,emg_total_power,emg_power_low,emg_power_mid,emg_power_high,class_name
51.8949420080849,32.11099750967074,649.2545252832724,30.258047719697053,635166.7709039014,14307.168540532732,26689.62638980864,15.4861088176479,2.320364608104642,329.81270670164423,77.26476483984196,77.12673660684166,66.34030260194956,206.64028995846812,171.55507082169777,-98.03112902865008,86.65134062847982,Non-Fatigue
