emg_rms,emg_mav,emg_variance,emg_std,emg_waveform_length,emg_zero_crossing,emg_ssc,emg_kurtosis,emg_skewness,emg_peak,emg_median_freq,emg_mean_freq,emg_peak_freq,emg_total_power,emg_power_low,emg_power_mid,emg_power_high,class_name
25.867837298731168,15.335750616876568,-539.8588748792511,60.36935738496051,580036.0241383337,15572.094022512563,25453.607894999685,21.029682502054616,2.051098783279334,304.35735077062907,61.16804008261328,98.01079666648552,52.150775138963525,898.1652516148265,3.1861495385724936,469.5956750802484,92.35587651105016,Non-Fatigue
