emg_rms,emg_mav,emg_variance,emg_std,emg_waveform_length,emg_zero_crossing,emg_ssc,emg_kurtosis,emg_skewness,emg_peak,emg_median_freq,emg_mean_freq,emg_peak_freq,emg_total_power,emg_power_low,emg_power_mid,emg_power_high,class_name
45.86161697270119,12.407804581223584,838.1276616215878,18.479402317529622,719817.9623017766,13968.038796049152,30447.460270893567,15.087170453428769,-0.4535632885924302,426.91906849552953,85.07228017330675,103.85452741748672,54.14419321608469,223.0407516525636,96.64728833826726,413.5554728422375,73.64287898370958,Non-Fatigue
