emg_rms,emg_mav,emg_variance,emg_std,emg_waveform_length,emg_zero_crossing,emg_ssc,emg_kurtosis,emg_skewness,emg_peak,emg_median_freq,emg_mean_freq,emg_peak_freq,emg_total_power,emg_power_low,emg_power_mid,emg_power_high,class_name
3.0033652907052115,20.362647810480176,1946.265818216669,40.83285919687603,331011.6014133885,8345.02341937457,23057.26919007586,19.083553753118863,-0.4254106519897774,77.22666222566869,98.54289353915568,82.44431641277171,52.49092744119865,838.7676004004312,76.14140906071684,663.0647036500818,45.12708056245873,Non-Fatigue
