emg_rms,emg_mav,emg_variance,emg_std,emg_waveform_length,emg_zero_crossing,emg_ssc,emg_kurtosis,emg_skewness,emg_peak,emg_median_freq,emg_mean_freq,emg_peak_freq,emg_total_power,emg_power_low,emg_power_mid,emg_power_high,class_name
46.011834822604754,17.702766029185145,2457.3355393063057,39.02200224796904,373105.7272579098,10148.528462444963,25915.89742409673,13.05337344303875,0.8148024579259326,335.98441236447684,78.50186644866287,117.2089821720737,52.62513459835971,376.0854396419268,-6.805706879418054,339.50384558468414,94.34342970619782,Non-Fatigue
