emg_rms,emg_mav,emg_variance,emg_std,emg_waveform_length,emg_zero_crossing,emg_ssc,emg_kurtosis,emg_skewness,emg_peak,emg_median_freq,emg_mean_freq,emg_peak_freq,emg_total_power,emg_power_low,emg_power_mid,emg_power_high,class_name
34.88981690127689,11.692333094098444,2884.7835323926247,30.51636412060151,352675.7081137375,19035.39614842363,26384.818156032296,9.843881903092663,0.5223251083637661,486.2863546027186,86.91807348016825,78.66929215887473,53.84928348166525,366.9994797022567,130.16045452680416,467.34293438233897,96.41449600447004,Non-Fatigue
