emg_rms,emg_mav,emg_variance,emg_std,emg_waveform_length,emg_zero_crossing,emg_ssc,emg_kurtosis,emg_skewness,emg_peak,emg_median_freq,emg_mean_freq,emg_peak_freq,emg_total_power,emg_power_low,emg_power_mid,emg_power_high,class_name
15.906265266239624,16.242523866089712,2141.104607858432,8.650242007644138,567414.8879172293,13860.368925996445,25794.785343889947,24.153372589863476,-0.5974698486303479,452.225375936669,56.63358780226843,93.45742617633836,72.628703584643,332.7000898591829,69.13506649127235,631.9339476142852,38.89800225921929,Non-Fatigue
