emg_rms,emg_mav,emg_variance,emg_std,emg_waveform_length,emg_zero_crossing,emg_ssc,emg_kurtosis,emg_skewness,emg_peak,emg_median_freq,emg_mean_freq,emg_peak_freq,emg_total_power,emg_power_low,emg_power_mid,emg_power_high,class_name
39.84859585218814,2.790556237376096,490.79801064509456,32.61189858001253,552164.9694166423,10759.531544040006,23837.62965074111,21.53502815969393,0.916330254580299,198.07913620978448,74.85825297121846,95.35272324077116,44.12294627702497,526.6277590887199,146.72576826136478,486.058259299934,124.0126026557534,Non-Fatigue
