emg_rms,emg_mav,emg_variance,emg_std,emg_waveform_length,emg_zero_crossing,emg_ssc,emg_kurtosis,emg_skewness,emg_peak,emg_median_freq,emg_mean_freq,emg_peak_freq,emg_total_power,emg_power_low,emg_power_mid,emg_power_high,class_name
38.36191712344728,18.860322479672888,-1282.2753182433974,33.64010277498478,500905.52072692994,15619.114255225792,28506.44983046505,20.09865864939817,0.277192534440708,618.6495967878229,70.27744661403605,108.56558084188984,56.96723996269853,496.3350537173776,97.6788552985763,844.5941135579401,72.64648763730304,Non-Fatigue
