emg_rms,emg_mav,emg_variance,emg_std,emg_waveform_length,emg_zero_crossing,emg_ssc,emg_kurtosis,emg_skewness,emg_peak,emg_median_freq,emg_mean_freq,emg_peak_freq,emg_total_power,emg_power_low,emg_power_mid,emg_power_high,class_name
25.42669148645632,29.23628994943281,4985.63453124533,14.933850650417453,394259.5635048384,20220.293046384184,23986.89747672357,15.12374423885687,-0.2687472072390083,463.9965937275279,99.90329676719526,103.02482465767524,61.07218578305052,46.99053981043153,-72.16162112923095,582.1984986113048,50.19629926178839,Non-Fatigue
