emg_rms,emg_mav,emg_variance,emg_std,emg_waveform_length,emg_zero_crossing,emg_ssc,emg_kurtosis,emg_skewness,emg_peak,emg_median_freq,emg_mean_freq,emg_peak_freq,emg_total_power,emg_power_low,emg_power_mid,emg_power_high,class_name
27.55981705156939,22.494148082291524,2050.194800698833,13.8496170877755,273834.0339386428,13791.71565301974,28505.31181928893,18.2373026111706,0.3287714059960526,271.738993938205,70.0481395892878,103.22160488937077,74.88400816253954,419.66080158979327,-96.91461956556483,150.944665809971,45.80969684908139,Non-Fatigue
