emg_rms,emg_mav,emg_variance,emg_std,emg_waveform_length,emg_zero_crossing,emg_ssc,emg_kurtosis,emg_skewness,emg_peak,emg_median_freq,emg_mean_freq,emg_peak_freq,emg_total_power,emg_power_low,emg_power_mid,emg_power_high,class_name
42.38160963066368,12.988760277445923,733.3450646816201,91.02223266750316,478548.686348533,16271.017063626368,23915.86703743721,19.89707953338027,1.2041209119315233,296.06261666138914,79.53145576152755,113.14927615280452,61.93095443692121,446.2446644447288,184.0282664230122,79.14381928489175,51.27533216167424,Non-Fatigue
