emg_rms,emg_mav,emg_variance,emg_std,emg_waveform_length,emg_zero_crossing,emg_ssc,emg_kurtosis,emg_skewness,emg_peak,emg_median_freq,emg_mean_freq,emg_peak_freq,emg_total_power,emg_power_low,emg_power_mid,emg_power_high,class_name
39.93864159485574,15.111020764758203,1953.9815508935828,-0.4907537001103961,635110.7205584092,12955.396690040763,33846.038471948006,14.984988285949512,1.5009361142111597,590.3804900741874,84.49395800487797,60.31081978637312,44.9008424320408,606.8714629262089,139.71933815480185,133.2715480543752,10.889096715544284,Non-Fatigue
