emg_rms,emg_mav,emg_variance,emg_std,emg_waveform_length,emg_zero_crossing,emg_ssc,emg_kurtosis,emg_skewness,emg_peak,emg_median_freq,emg_mean_freq,emg_peak_freq,emg_total_power,emg_power_low,emg_power_mid,emg_power_high,class_name
12.57837395087786,22.330579195961075,1187.421433080327,50.914619310930846,341320.986807531,13075.318985494088,24806.239642062104,14.092206399439682,0.3057809752862485,675.0207129921808,70.5678366120207,70.39860253980643,44.07558181566475,1406.8782972734684,-19.070498334394458,373.9183089980292,61.138259413632,Non-Fatigue
