emg_rms,emg_mav,emg_variance,emg_std,emg_waveform_length,emg_zero_crossing,emg_ssc,emg_kurtosis,emg_skewness,emg_peak,emg_median_freq,emg_mean_freq,emg_peak_freq,emg_total_power,emg_power_low,emg_power_mid,emg_power_high,class_name
39.59713331060195,27.24744400611205,2004.7126432039445,38.73643737741497,177813.13622970652,15899.792101080477,32001.276973078016,12.088840081475864,1.0753726796106489,468.54685349926586,64.4523706670713,89.13600524592363,58.7946673680188,-391.2239153218296,47.22295445252772,374.8048330559647,75.98015426758752,Non-Fatigue
