emg_rms,emg_mav,emg_variance,emg_std,emg_waveform_length,emg_zero_crossing,emg_ssc,emg_kurtosis,emg_skewness,emg_peak,emg_median_freq,emg_mean_freq,emg_peak_freq,emg_total_power,emg_power_low,emg_power_mid,emg_power_high,class_name
35.40354471677257,22.875234912390923,985.896147015008,58.27619336672616,628449.3830730383,7869.386683727741,33057.384317417826,16.5250565160986,1.0072241937342423,327.9629161142163,79.22457556867525,129.84654230910076,75.46711113070116,382.49858050214,-172.5779141439877,394.9758833284332,33.9100315817835,Non-Fatigue
