emg_rms,emg_mav,emg_variance,emg_std,emg_waveform_length,emg_zero_crossing,emg_ssc,emg_kurtosis,emg_skewness,emg_peak,emg_median_freq,emg_mean_freq,emg_peak_freq,emg_total_power,emg_power_low,emg_power_mid,emg_power_high,class_name
72.20101802338911,28.57981387404228,3419.274615152881,-7.013482945528018,628927.809825313,15252.358448361509,29528.12559634411,7.173538821729236,-1.2863575381542285,375.320053829826,66.02906333237365,90.1754454791527,59.591667445337386,-362.8925038081844,274.57611860128816,-103.36029029694106,31.238472287819505,Fatigue
