emg_rms,emg_mav,emg_variance,emg_std,emg_waveform_length,emg_zero_crossing,emg_ssc,emg_kurtosis,emg_skewness,emg_peak,emg_median_freq,emg_mean_freq,emg_peak_freq,emg_total_power,emg_power_low,emg_power_mid,emg_power_high,class_name
39.001956991589466,23.528946481347223,4087.5901622978495,51.53531061007348,477152.906910024,9788.00390685715,36090.8664587243,6.857181580237051,-0.903965244576618,467.8272949528752,83.9069105420541,89.46512733083549,71.78689121489917,163.05639815102717,86.36129848663505,-226.41121867075597,29.22008182237781,Fatigue
