emg_rms,emg_mav,emg_variance,emg_std,emg_waveform_length,emg_zero_crossing,emg_ssc,emg_kurtosis,emg_skewness,emg_peak,emg_median_freq,emg_mean_freq,emg_peak_freq,emg_total_power,emg_power_low,emg_power_mid,emg_power_high,class_name
-6.575272623434387,11.50012633131329,2236.116871082176,19.36685899471425,464571.5902906127,15708.133019501469,29039.89187419896,9.282554046532953,0.7094198866180459,551.059259013678,100.54008484850232,48.92592325240793,51.50495482272593,700.0423465536093,28.488560363433933,430.2513936085239,37.124233736483454,Fatigue
