emg_rms,emg_mav,emg_variance,emg_std,emg_waveform_length,emg_zero_crossing,emg_ssc,emg_kurtosis,emg_skewness,emg_peak,emg_median_freq,emg_mean_freq,emg_peak_freq,emg_total_power,emg_power_low,emg_power_mid,emg_power_high,class_name
40.8482090603557,4.3160815733966125,-360.7868217013897,60.56271907367226,247536.01574811348,14308.794484277798,31779.51462334073,11.258856104301453,-0.8886072299756599,219.9866386493869,89.88840499533187,95.68841052652854,54.88971799838146,970.5419303126243,305.105176207646,413.672162214574,1.8636124350668977,Fatigue
