emg_rms,emg_mav,emg_variance,emg_std,emg_waveform_length,emg_zero_crossing,emg_ssc,emg_kurtosis,emg_skewness,emg_peak,emg_median_freq,emg_mean_freq,emg_peak_freq,emg_total_power,emg_power_low,emg_power_mid,emg_power_high,class_name
16.025658117220694,9.26857383955558,3156.5683732897837,69.52870820883108,-32890.53266639012,13768.980599799295,29281.578372489334,12.897936128621875,-0.6519256885621427,197.59257051595196,85.8595203243303,86.33344521578596,90.3229434729699,-6.389660771280205,-47.21946205810255,179.4689630597752,-27.136235141657732,Fatigue
