emg_rms,emg_mav,emg_variance,emg_std,emg_waveform_length,emg_zero_crossing,emg_ssc,emg_kurtosis,emg_skewness,emg_peak,emg_median_freq,emg_mean_freq,emg_peak_freq,emg_total_power,emg_power_low,emg_power_mid,emg_power_high,class_name
45.78399938835793,16.1791638475947,2575.342744939529,37.99980880184175,555018.0913416992,11359.69662565494,21400.121644102568,12.131411527563078,0.5150969471538691,222.53097823624907,85.42121515570801,72.79551604563866,29.55795453557305,1470.5747520167922,64.02400393941072,393.0120315695042,23.846263247488157,Fatigue
