emg_rms,emg_mav,emg_variance,emg_std,emg_waveform_length,emg_zero_crossing,emg_ssc,emg_kurtosis,emg_skewness,emg_peak,emg_median_freq,emg_mean_freq,emg_peak_freq,emg_total_power,emg_power_low,emg_power_mid,emg_power_high,class_name
24.40707187101595,23.65823502765421,-475.630084857004,35.668097785551616,588043.7309253382,16603.958808678395,27354.65670063928,13.047533435320949,-0.1887118987880166,87.92096828004375,87.35657116943543,80.8267012224233,56.33323919663865,727.8912310323718,98.10286014560135,620.4079176428265,1.079205846838775,Fatigue
