emg_rms,emg_mav,emg_variance,emg_std,emg_waveform_length,emg_zero_crossing,emg_ssc,emg_kurtosis,emg_skewness,emg_peak,emg_median_freq,emg_mean_freq,emg_peak_freq,emg_total_power,emg_power_low,emg_power_mid,emg_power_high,class_name
3.0554273329615853,11.531460136491752,-986.8900784550306,55.85624105737078,658273.7368054909,12669.133004943587,28487.837566152444,16.556180782590413,1.5422356826488817,244.2285761660609,85.62422564467856,59.85608570769616,75.45880624444119,1396.0865178287893,230.3104689761964,-32.57930936645465,4.549847251749743,Fatigue
