emg_rms,emg_mav,emg_variance,emg_std,emg_waveform_length,emg_zero_crossing,emg_ssc,emg_kurtosis,emg_skewness,emg_peak,emg_median_freq,emg_mean_freq,emg_peak_freq,emg_total_power,emg_power_low,emg_power_mid,emg_power_high,class_name
64.20914176167598,25.0116772463227,3934.880407060477,57.583604481806574,667045.3816119969,17273.683993921644,32461.745418264545,15.660214816472134,0.2888250745575533,195.0169772966422,82.68867759460815,47.59965226136617,67.93481290376825,213.17334109801385,60.41340697764073,-209.60052825989567,-1.75167045810068,Fatigue
