emg_rms,emg_mav,emg_variance,emg_std,emg_waveform_length,emg_zero_crossing,emg_ssc,emg_kurtosis,emg_skewness,emg_peak,emg_median_freq,emg_mean_freq,emg_peak_freq,emg_total_power,emg_power_low,emg_power_mid,emg_power_high,class_name
75.69692461358903,32.053259403718485,4065.3444433934415,26.00563498171812,636479.7047803164,11186.30590510118,29351.648720806137,16.673620374179897,0.6748991949766043,267.69540946495874,62.27337170427344,86.4361966732627,64.77331955575787,1427.126208727998,91.14927684577933,474.4790726407893,27.541525139252908,Fatigue
