emg_rms,emg_mav,emg_variance,emg_std,emg_waveform_length,emg_zero_crossing,emg_ssc,emg_kurtosis,emg_skewness,emg_peak,emg_median_freq,emg_mean_freq,emg_peak_freq,emg_total_power,emg_power_low,emg_power_mid,emg_power_high,class_name
49.6927841874464,22.11530813737714,2466.084820307736,43.0224858524824,269639.3739682883,14087.640891418096,27714.156737766563,7.091927532930923,-1.7580642709149594,488.06902701700176,63.87141895164058,80.34525572554936,39.531560873713616,300.8426907091224,265.59303484185995,18.15211462210209,1.1959270768107988,Fatigue
