emg_rms,emg_mav,emg_variance,emg_std,emg_waveform_length,emg_zero_crossing,emg_ssc,emg_kurtosis,emg_skewness,emg_peak,emg_median_freq,emg_mean_freq,emg_peak_freq,emg_total_power,emg_power_low,emg_power_mid,emg_power_high,class_name
42.72396914363885,8.387889057126475,736.3892760953897,14.93778836023154,509232.1799276514,12468.395588384716,28404.194755227974,12.646417944373615,0.8827563809876121,242.56559371269051,83.76133156818379,68.3346791817185,46.25084932182569,565.6791379243263,-87.28072794134582,950.9498335021416,57.43869352583322,Fatigue
