emg_rms,emg_mav,emg_variance,emg_std,emg_waveform_length,emg_zero_crossing,emg_ssc,emg_kurtosis,emg_skewness,emg_peak,emg_median_freq,emg_mean_freq,emg_peak_freq,emg_total_power,emg_power_low,emg_power_mid,emg_power_high,class_name
42.89476954716954,8.190918356701008,3157.530477164024,43.05668702331256,385546.6365298554,15359.724105269705,32099.80771569236,16.547155525598974,-0.4323027725349357,404.6811906912399,37.61495629003976,70.42208531816539,54.88391802556803,148.32105722394067,230.939825365113,324.34580052819814,45.14464314441337,Fatigue
