emg_rms,emg_mav,emg_variance,emg_std,emg_waveform_length,emg_zero_crossing,emg_ssc,emg_kurtosis,emg_skewness,emg_peak,emg_median_freq,emg_mean_freq,emg_peak_freq,emg_total_power,emg_power_low,emg_power_mid,emg_power_high,class_name
54.87373635147471,23.750898340183063,3089.664150170596,40.220419587851495,441934.9291948943,13639.56459490508,26829.028942312416,5.396939326130225,1.1880842262371851,238.72720344789457,50.34120995552601,75.61414912504304,65.65705051087045,582.2719862357006,51.420896789951,268.559165999888,4.271898532523771,Fatigue
