emg_rms,emg_mav,emg_variance,emg_std,emg_waveform_length,emg_zero_crossing,emg_ssc,emg_kurtosis,emg_skewness,emg_peak,emg_median_freq,emg_mean_freq,emg_peak_freq,emg_total_power,emg_power_low,emg_power_mid,emg_power_high,class_name
61.23053449151604,22.442896123589136,3184.1095811936693,14.700333967407712,293760.9627961513,19383.95455026212,27927.99338140911,15.58187426566428,0.8888067901256116,338.371959778453,53.64022595036784,106.09434221643778,74.33415324455729,-147.09329750243836,276.8967092525815,505.0261042597714,60.94244338158863,Fatigue
