emg_rms,emg_mav,emg_variance,emg_std,emg_waveform_length,emg_zero_crossing,emg_ssc,emg_kurtosis,emg_skewness,emg_peak,emg_median_freq,emg_mean_freq,emg_peak_freq,emg_total_power,emg_power_low,emg_power_mid,emg_power_high,class_name
52.71881621737408,-2.0423318954841854,195.00022619990276,51.81092143773564,217798.31359054756,10977.85571620604,27904.527224698515,8.169925394090598,-1.756537700004802,165.02410659966543,39.97516042294177,42.24631877651841,66.39720666344596,198.3562446042004,13.735867138161607,731.6680775557604,39.496567116029695,Fatigue
