emg_rms,emg_mav,emg_variance,emg_std,emg_waveform_length,emg_zero_crossing,emg_ssc,emg_kurtosis,emg_skewness,emg_peak,emg_median_freq,emg_mean_freq,emg_peak_freq,emg_total_power,emg_power_low,emg_power_mid,emg_power_high,class_name
21.02640889748329,29.51408209677509,731.5977357363447,43.64195520634421,269443.6055875231,10310.64843302686,28626.870303325864,17.879627999498798,-0.6726357074894548,475.52253994157945,61.64871864227111,71.45670843703331,47.1550338861444,951.459844114052,117.66204425342804,744.2862323824183,-9.004635465070638,Fatigue
