emg_rms,emg_mav,emg_variance,emg_std,emg_waveform_length,emg_zero_crossing,emg_ssc,emg_kurtosis,emg_skewness,emg_peak,emg_median_freq,emg_mean_freq,emg_peak_freq,emg_total_power,emg_power_low,emg_power_mid,emg_power_high,class_name
81.41301669790886,10.169624891582648,-291.5117544754921,48.51566817222794,438592.4383066238,20292.29126947414,27596.93922695168,14.462644301443548,0.4064154482788371,114.20288903702225,55.72690001368086,77.67155989116803,43.76834469719728,-83.80554020726021,368.6783293052673,-282.77403542253035,26.031450143930535,Fatigue
