emg_rms,emg_mav,emg_variance,emg_std,emg_waveform_length,emg_zero_crossing,emg_ssc,emg_kurtosis,emg_skewness,emg_peak,emg_median_freq,emg_mean_freq,emg_peak_freq,emg_total_power,emg_power_low,emg_power_mid,emg_power_high,class_name
59.45472917991856,16.859855423076258,1448.9322851398474,35.23760090050413,243432.66821347785,16315.24304954723,27556.11076739069,11.274771639193442,0.2900839669105511,369.44675476341774,43.38227224000866,64.67396107322702,56.52208786168682,-31.555251828311384,194.1778179635291,616.3275622381799,44.05959156184381,Fatigue
