emg_rms,emg_mav,emg_variance,emg_std,emg_waveform_length,emg_zero_crossing,emg_ssc,emg_kurtosis,emg_skewness,emg_peak,emg_median_freq,emg_mean_freq,emg_peak_freq,emg_total_power,emg_power_low,emg_power_mid,emg_power_high,class_name
35.86896132775967,6.362914531476278,-828.6419891900682,31.76456119485554,443389.8202686587,13131.1793263479,31591.02454052925,19.5271848361441,0.3282832443909459,335.3299551506898,69.70428666216684,69.91548674311207,83.48535225407073,74.80738967709806,-79.7038510557177,1142.330911197345,28.331305302621296,Fatigue
