emg_rms,emg_mav,emg_variance,emg_std,emg_waveform_length,emg_zero_crossing,emg_ssc,emg_kurtosis,emg_skewness,emg_peak,emg_median_freq,emg_mean_freq,emg_peak_freq,emg_total_power,emg_power_low,emg_power_mid,emg_power_high,class_name
11.048243406657493,22.140510070675276,1686.143815175622,28.20550255577517,832328.2367035472,20835.24265843249,28907.952627741764,14.524096325259237,-1.507099840852019,373.7661918703586,56.179691836547946,92.23928263798145,55.41535077692238,439.55692507022906,102.10548617326272,1094.411794460281,30.345227686999444,Fatigue
