emg_rms,emg_mav,emg_variance,emg_std,emg_waveform_length,emg_zero_crossing,emg_ssc,emg_kurtosis,emg_skewness,emg_peak,emg_median_freq,emg_mean_freq,emg_peak_freq,emg_total_power,emg_power_low,emg_power_mid,emg_power_high,class_name
32.776517760653704,21.96523477476435,5181.763025598809,65.18578781506613,231091.6221605496,13737.072806326118,33219.68984808689,16.577756899812663,0.0472749521485295,468.97317513790347,59.92053278257429,99.72586323844632,45.78753471155385,-326.8108887607595,164.13621242470222,936.3301286303572,10.89217217103838,Fatigue
