emg_rms,emg_mav,emg_variance,emg_std,emg_waveform_length,emg_zero_crossing,emg_ssc,emg_kurtosis,emg_skewness,emg_peak,emg_median_freq,emg_mean_freq,emg_peak_freq,emg_total_power,emg_power_low,emg_power_mid,emg_power_high,class_name
34.77082870891366,22.901102053433533,-1238.4460365004038,-14.71210647915352,61988.62590172101,6765.870755344727,23680.712405613936,12.942951138057303,-1.0122242292617645,570.7591894134034,59.31760950396434,42.76442517471197,64.00711275551775,595.7236092051237,20.77538971141442,397.0944412664129,28.043220341620508,Fatigue
