emg_rms,emg_mav,emg_variance,emg_std,emg_waveform_length,emg_zero_crossing,emg_ssc,emg_kurtosis,emg_skewness,emg_peak,emg_median_freq,emg_mean_freq,emg_peak_freq,emg_total_power,emg_power_low,emg_power_mid,emg_power_high,class_name
51.60466281243502,17.873944677138912,840.6380076319072,38.28300474046374,665839.1438744237,16087.331739944246,25978.480889137725,10.667244448291816,-0.336401452464762,321.50637972028954,49.94757984358941,71.3218116464657,60.86832193605312,190.4968247172991,-275.9121000711763,1024.586520432896,9.369473175196468,Fatigue
