emg_rms,emg_mav,emg_variance,emg_std,emg_waveform_length,emg_zero_crossing,emg_ssc,emg_kurtosis,emg_skewness,emg_peak,emg_median_freq,emg_mean_freq,emg_peak_freq,emg_total_power,emg_power_low,emg_power_mid,emg_power_high,class_name
45.222563027443165,0.3395650377430996,800.5085981469965,46.20898144884581,448242.57216030016,11450.545345588498,30042.718000207416,8.54976656705626,0.3305398496997451,255.3703192898437,67.4596453941909,71.5799842318363,67.0238346307798,938.6754721009444,145.78255577437702,333.9768107896919,36.46129480313834,Fatigue
