emg_rms,emg_mav,emg_variance,emg_std,emg_waveform_length,emg_zero_crossing,emg_ssc,emg_kurtosis,emg_skewness,emg_peak,emg_median_freq,emg_mean_freq,emg_peak_freq,emg_total_power,emg_power_low,emg_power_mid,emg_power_high,class_name
35.75663242532137,7.081408187475288,80.4569554729485,35.78603812951819,396157.8841371484,16201.544463888711,31503.79204317567,19.073423063561144,0.4377771921954672,251.6003539402473,44.182839967979824,75.11583940467983,46.57443299723319,103.70191708059508,-157.05529508540036,277.1669361767009,49.83587966908399,Fatigue
