emg_rms,emg_mav,emg_variance,emg_std,emg_waveform_length,emg_zero_crossing,emg_ssc,emg_kurtosis,emg_skewness,emg_peak,emg_median_freq,emg_mean_freq,emg_peak_freq,emg_total_power,emg_power_low,emg_power_mid,emg_power_high,class_name
38.05949334300311,-0.0995787676601125,1226.1270109435663,37.75627370087197,532807.5985610131,14055.793839950888,29332.022739011827,8.361299522564826,-0.3225898842228647,315.7911068901215,82.78764643264148,95.34957219189054,69.31200612597488,1106.3642588681744,106.47079024385494,489.38467084228193,26.23730539516448,Fatigue
