emg_rms,emg_mav,emg_variance,emg_std,emg_waveform_length,emg_zero_crossing,emg_ssc,emg_kurtosis,emg_skewness,emg_peak,emg_median_freq,emg_mean_freq,emg_peak_freq,emg_total_power,emg_power_low,emg_power_mid,emg_power_high,class_name
32.68081270395123,6.134249448867051,3920.356409513821,11.443474637915312,96390.40574311232,7681.80259420189,28699.507058073374,13.27232634778934,-0.4250641257376893,209.848946140139,66.16435313808488,75.63479181891842,53.25619619540133,323.319331465714,-228.3691633427975,235.0579852853045,-11.747724280331283,Fatigue
