emg_rms,emg_mav,emg_variance,emg_std,emg_waveform_length,emg_zero_crossing,emg_ssc,emg_kurtosis,emg_skewness,emg_peak,emg_median_freq,emg_mean_freq,emg_peak_freq,emg_total_power,emg_power_low,emg_power_mid,emg_power_high,class_name
17.920232069219868,1.474227260861337,4049.692010414769,5.520206416118519,271876.10546616325,15157.547581307632,31084.49480315231,16.084865802561918,0.3324270138363017,408.048123576674,57.08308002299242,75.23675275080963,50.55268970770644,-489.4316972712778,223.94142427897435,545.1765827735572,-3.67634004809312,Fatigue
