emg_rms,emg_mav,emg_variance,emg_std,emg_waveform_length,emg_zero_crossing,emg_ssc,emg_kurtosis,emg_skewness,emg_peak,emg_median_freq,emg_mean_freq,emg_peak_freq,emg_total_power,emg_power_low,emg_power_mid,emg_power_high,class_name
46.281465403949525,26.52940603509598,2410.118965716368,26.416173237564024,541018.5535065492,13818.66391681496,30604.34967245305,10.56843654093216,0.7806353304111112,290.1210841803494,82.35635728413637,50.59471373988821,42.130160065529566,166.23759408115546,240.7954757742312,663.1098651492025,26.724149990884293,Fatigue
