emg_rms,emg_mav,emg_variance,emg_std,emg_waveform_length,emg_zero_crossing,emg_ssc,emg_kurtosis,emg_skewness,emg_peak,emg_median_freq,emg_mean_freq,emg_peak_freq,emg_total_power,emg_power_low,emg_power_mid,emg_power_high,class_name
36.79211332462555,22.609530015702976,-649.1484591433141,49.16763989425444,317983.46960927185,13462.435138731056,27922.56788989969,6.4722947665562085,-1.3306858144817424,529.7623823159789,69.33473497687864,94.57982949788682,54.88344056875373,1112.2161165486568,343.68418923835407,1071.567468493389,31.298888619567016,Fatigue
