emg_rms,emg_mav,emg_variance,emg_std,emg_waveform_length,emg_zero_crossing,emg_ssc,emg_kurtosis,emg_skewness,emg_peak,emg_median_freq,emg_mean_freq,emg_peak_freq,emg_total_power,emg_power_low,emg_power_mid,emg_power_high,class_name
7.811728700771887,7.8829544277152195,4853.756140252833,23.56815312837694,600064.1028128488,18851.127082807387,25026.77705236142,11.809949359031592,-1.0146729749385248,52.21411606677785,60.59336144667407,99.75567304744683,61.97659549624771,1327.9530824837764,439.4107114280435,910.6400902169744,-9.746590874828154,Fatigue
