emg_rms,emg_mav,emg_variance,emg_std,emg_waveform_length,emg_zero_crossing,emg_ssc,emg_kurtosis,emg_skewness,emg_peak,emg_median_freq,emg_mean_freq,emg_peak_freq,emg_total_power,emg_power_low,emg_power_mid,emg_power_high,class_name
29.745648584910025,8.067991348089055,4347.99846016264,34.688605661105214,855235.4912176686,11680.691019431808,36904.61315201679,11.952097648465628,-0.1329211537102159,362.5265865891545,66.10302670493837,104.2767361600827,70.7790493636313,-248.74555324126715,-26.1650557378552,104.55794864856064,55.29814117144726,Fatigue
