emg_rms,emg_mav,emg_variance,emg_std,emg_waveform_length,emg_zero_crossing,emg_ssc,emg_kurtosis,emg_skewness,emg_peak,emg_median_freq,emg_mean_freq,emg_peak_freq,emg_total_power,emg_power_low,emg_power_mid,emg_power_high,class_name
41.18471879396185,14.459156493832868,2547.3414279820754,30.61602483355677,766646.6090456928,13285.432195842,30624.37091059832,5.8333933165426295,0.0235702517951779,255.3755201189213,48.83876795848301,79.08077943635004,61.94669729278293,1036.686344919426,167.26364162259048,618.7434056353035,23.898909116126504,Fatigue
