emg_rms,emg_mav,emg_variance,emg_std,emg_waveform_length,emg_zero_crossing,emg_ssc,emg_kurtosis,emg_skewness,emg_peak,emg_median_freq,emg_mean_freq,emg_peak_freq,emg_total_power,emg_power_low,emg_power_mid,emg_power_high,class_name
62.44031833393649,1.9915824721129065,1324.8957099973088,1.068495021035936,76720.0838465087,15974.145014776564,19262.989720975707,13.239864729167072,-0.0832621681870768,466.22568988615774,101.108263543023,78.74328906093436,31.782874639470343,1080.659118807027,43.21041556545822,540.6086926945588,18.959023459902,Fatigue
