emg_rms,emg_mav,emg_variance,emg_std,emg_waveform_length,emg_zero_crossing,emg_ssc,emg_kurtosis,emg_skewness,emg_peak,emg_median_freq,emg_mean_freq,emg_peak_freq,emg_total_power,emg_power_low,emg_power_mid,emg_power_high,class_name
15.438237202429868,21.55482102607976,1355.6492482575318,26.151675903745076,405535.2654734049,8270.085919977377,32260.628204363267,11.179569754925954,1.856174377000948,366.5754211051111,53.24093377286204,78.6249431912362,72.17444897284929,60.47003319114288,-138.3064730383233,-307.00668454590664,5.0870775463732425,Fatigue
