emg_rms,emg_mav,emg_variance,emg_std,emg_waveform_length,emg_zero_crossing,emg_ssc,emg_kurtosis,emg_skewness,emg_peak,emg_median_freq,emg_mean_freq,emg_peak_freq,emg_total_power,emg_power_low,emg_power_mid,emg_power_high,class_name
41.31402360199634,15.063231671891046,761.9984780114032,58.61030180756277,568710.5147626366,13903.558440481258,24582.83193326448,5.789267924876993,-1.33801624068582,447.94884492811207,52.021660376437616,76.42979926390299,64.85108896132208,498.7369975401585,15.4203490544121,-73.77511899325748,-2.526220751128367,Fatigue
