emg_rms,emg_mav,emg_variance,emg_std,emg_waveform_length,emg_zero_crossing,emg_ssc,emg_kurtosis,emg_skewness,emg_peak,emg_median_freq,emg_mean_freq,emg_peak_freq,emg_total_power,emg_power_low,emg_power_mid,emg_power_high,class_name
61.69017529784509,20.316903736598288,2872.121939470351,26.39953050564188,427402.8546049656,12488.211974633525,32689.788241096605,7.750182671701902,1.0098269176828685,429.7759565910112,54.6653676318824,85.37839062157266,40.042796368102486,248.2650261424041,336.0432597840256,370.896584708392,15.823387852078708,Fatigue
