emg_rms,emg_mav,emg_variance,emg_std,emg_waveform_length,emg_zero_crossing,emg_ssc,emg_kurtosis,emg_skewness,emg_peak,emg_median_freq,emg_mean_freq,emg_peak_freq,emg_total_power,emg_power_low,emg_power_mid,emg_power_high,class_name
51.12817699477007,4.009060030269888,548.2384612006908,15.472165824752263,453676.4707068824,13713.4901009231,31747.91611317294,17.193060871121965,-1.0051036885173767,515.3391643823641,71.21208127251987,62.81865965139396,49.74092406945656,1027.5117059052852,-21.452454900778637,1214.8318163081217,31.20450230238985,Fatigue
