emg_rms,emg_mav,emg_variance,emg_std,emg_waveform_length,emg_zero_crossing,emg_ssc,emg_kurtosis,emg_skewness,emg_peak,emg_median_freq,emg_mean_freq,emg_peak_freq,emg_total_power,emg_power_low,emg_power_mid,emg_power_high,class_name
44.83376232180182,6.210804161778155,4076.501371740897,4.523108894985114,601416.7727255541,10735.85422055335,24648.24388807364,15.272022172499538,-0.5746094109190818,107.33229236858348,57.95396057916762,92.47021020226944,48.004213045010175,-98.3950668748609,99.39452782175114,353.81162256598014,-17.340028884678013,Fatigue
