emg_rms,emg_mav,emg_variance,emg_std,emg_waveform_length,emg_zero_crossing,emg_ssc,emg_kurtosis,emg_skewness,emg_peak,emg_median_freq,emg_mean_freq,emg_peak_freq,emg_total_power,emg_power_low,emg_power_mid,emg_power_high,class_name
75.38771290171402,16.161575028355365,3953.1797569046894,62.43493136498975,111917.7797109816,12914.124473689226,27301.15858951573,19.88213936090549,1.7569129649883255,333.56569122577065,85.94539954065795,87.06864425464809,49.62962192976621,1114.4792331271074,9.554220811803347,896.68527250297,13.0481814173137,Fatigue
