emg_rms,emg_mav,emg_variance,emg_std,emg_waveform_length,emg_zero_crossing,emg_ssc,emg_kurtosis,emg_skewness,emg_peak,emg_median_freq,emg_mean_freq,emg_peak_freq,emg_total_power,emg_power_low,emg_power_mid,emg_power_high,class_name
10.57752680855416,15.080708289652598,727.2609791075652,9.414499691683831,553893.2909813756,11798.655134453644,25989.936878687426,5.877329412731163,0.6111509426098779,227.03663504546037,61.87020063032844,100.16206056527032,71.32800446368259,832.6882622852579,216.14069402152117,402.19737052703806,3.0526798688116763,Fatigue
