emg_rms,emg_mav,emg_variance,emg_std,emg_waveform_length,emg_zero_crossing,emg_ssc,emg_kurtosis,emg_skewness,emg_peak,emg_median_freq,emg_mean_freq,emg_peak_freq,emg_total_power,emg_power_low,emg_power_mid,emg_power_high,class_name
57.81295282159953,17.938078416134083,973.918668181629,17.886479985945737,544849.0309722242,15697.758121290131,29353.9448895187,19.909715402058943,0.8174213549051672,177.3119206868206,76.44913074476139,89.40863718409041,32.80167730013498,-389.8697996415905,375.13149985250107,532.9631224539828,44.45911686406591,Fatigue
