emg_rms,emg_mav,emg_variance,emg_std,emg_waveform_length,emg_zero_crossing,emg_ssc,emg_kurtosis,emg_skewness,emg_peak,emg_median_freq,emg_mean_freq,emg_peak_freq,emg_total_power,emg_power_low,emg_power_mid,emg_power_high,class_name
-10.56555401747697,13.901792662836684,2509.2122741407406,11.216662930752287,589083.8117864421,11913.639245137092,27717.87385282743,8.41848477760968,0.1447286219096756,320.7906097469615,76.04585660440503,100.1602724677769,45.736591217676505,355.60423532231704,117.36905536516956,-86.80586374442424,5.695872916114746,Fatigue
