emg_rms,emg_mav,emg_variance,emg_std,emg_waveform_length,emg_zero_crossing,emg_ssc,emg_kurtosis,emg_skewness,emg_peak,emg_median_freq,emg_mean_freq,emg_peak_freq,emg_total_power,emg_power_low,emg_power_mid,emg_power_high,class_name
33.04019754513524,-5.82476908035391,340.6046982471523,7.992457935922737,494032.57759422704,7374.420921373183,30494.17407939164,10.423725357648758,-0.1802708052440388,263.41259116387454,80.8338267195141,69.74333159404488,48.570081564353245,530.3006715230406,168.30315760475312,418.8631603811232,29.727191637463584,Fatigue
