emg_rms,emg_mav,emg_variance,emg_std,emg_waveform_length,emg_zero_crossing,emg_ssc,emg_kurtosis,emg_skewness,emg_peak,emg_median_freq,emg_mean_freq,emg_peak_freq,emg_total_power,emg_power_low,emg_power_mid,emg_power_high,class_name
51.42956650432451,16.633645574148726,-451.55414844227926,20.238632580321752,244237.43389972375,16410.286491731804,29826.573969174948,19.52108550816044,1.5419762596849662,344.4648110991472,97.40611013605265,82.61546697577552,53.87596483799994,1240.7856170328143,134.51560898785775,265.3119343977549,28.88661384877885,Fatigue
