emg_rms,emg_mav,emg_variance,emg_std,emg_waveform_length,emg_zero_crossing,emg_ssc,emg_kurtosis,emg_skewness,emg_peak,emg_median_freq,emg_mean_freq,emg_peak_freq,emg_total_power,emg_power_low,emg_power_mid,emg_power_high,class_name
28.96158083152265,26.24139452985681,-699.1677635831543,36.62840841463486,282569.78288926464,8873.120085347142,21581.63620177841,15.533143549172864,0.2586369056825116,238.07742841488823,53.41285871713851,100.21379507219808,56.39918364571374,1677.6108769427838,31.295926372945203,264.8801036123205,-3.8250449398388646,Fatigue
