emg_rms,emg_mav,emg_variance,emg_std,emg_waveform_length,emg_zero_crossing,emg_ssc,emg_kurtosis,emg_skewness,emg_peak,emg_median_freq,emg_mean_freq,emg_peak_freq,emg_total_power,emg_power_low,emg_power_mid,emg_power_high,class_name
24.87645710117089,21.572899667082584,3802.675108300428,29.51509306203022,429396.2990711151,16926.780832231874,33902.29950797986,16.873476829752704,1.270821196308637,430.65856420146406,69.35915303262296,53.21839539475675,39.14193693348328,895.3561322380451,188.9991443447556,30.953372332388824,27.013926952418142,Fatigue
