emg_rms,emg_mav,emg_variance,emg_std,emg_waveform_length,emg_zero_crossing,emg_ssc,emg_kurtosis,emg_skewness,emg_peak,emg_median_freq,emg_mean_freq,emg_peak_freq,emg_total_power,emg_power_low,emg_power_mid,emg_power_high,class_name
26.36570916123893,3.6805570618877343,2914.8740662752816,8.239540765057527,21993.49675927416,10749.23136994595,28221.8683721873,6.913018662945003,1.1950782304087488,258.24998986868434,82.1703240314055,88.55850385673583,55.584804803011885,938.021046361967,-384.1170758758823,-230.30293912762383,-13.8695875930303,Fatigue
