emg_rms,emg_mav,emg_variance,emg_std,emg_waveform_length,emg_zero_crossing,emg_ssc,emg_kurtosis,emg_skewness,emg_peak,emg_median_freq,emg_mean_freq,emg_peak_freq,emg_total_power,emg_power_low,emg_power_mid,emg_power_high,class_name
10.518833748555933,15.435441199589231,578.7768876493697,52.66589359082392,138219.8663007262,7675.347496917491,24131.072031831187,17.127789902171877,-0.1780675756425649,193.7021922600111,62.56624676525598,67.38003576609012,65.22046959768119,591.4210429531051,128.21893435536953,853.6378300742846,59.30099460483401,Fatigue
