emg_rms,emg_mav,emg_variance,emg_std,emg_waveform_length,emg_zero_crossing,emg_ssc,emg_kurtosis,emg_skewness,emg_peak,emg_median_freq,emg_mean_freq,emg_peak_freq,emg_total_power,emg_power_low,emg_power_mid,emg_power_high,class_name
56.4463809767382,23.787539719907805,246.81215899193128,39.77938807173931,574474.0034128223,12058.934760168064,26221.533837890223,18.68387160140486,0.4347025465860567,355.2954368154498,94.75582229347556,69.49029410444089,48.18369768772558,-33.55008036110519,62.4696769396614,403.9828866045361,28.322803278331666,Fatigue
