emg_rms,emg_mav,emg_variance,emg_std,emg_waveform_length,emg_zero_crossing,emg_ssc,emg_kurtosis,emg_skewness,emg_peak,emg_median_freq,emg_mean_freq,emg_peak_freq,emg_total_power,emg_power_low,emg_power_mid,emg_power_high,class_name
24.602590024526805,23.77285424269281,2015.0409547656257,44.27707909341653,407652.1932792018,9889.74046018417,24879.72574905258,11.937774439084103,0.8233288202237903,188.37407432075003,71.10284760011689,90.02817449084799,55.37933683527741,1243.6444291629762,325.73605919422243,84.7669206736922,-20.82717629527468,Fatigue
