emg_rms,emg_mav,emg_variance,emg_std,emg_waveform_length,emg_zero_crossing,emg_ssc,emg_kurtosis,emg_skewness,emg_peak,emg_median_freq,emg_mean_freq,emg_peak_freq,emg_total_power,emg_power_low,emg_power_mid,emg_power_high,class_name
43.69113068644768,14.68551170568951,2009.135214161408,6.649964799181518,489449.6810397131,15845.67778553394,31963.658257337356,19.259739447890095,0.8657513895133487,316.3837862194182,61.76772030169347,67.39384130156981,78.90303058072593,19.632230179597173,324.5330330413992,785.6794940343482,-30.87072832700199,Fatigue
