emg_rms,emg_mav,emg_variance,emg_std,emg_waveform_length,emg_zero_crossing,emg_ssc,emg_kurtosis,emg_skewness,emg_peak,emg_median_freq,emg_mean_freq,emg_peak_freq,emg_total_power,emg_power_low,emg_power_mid,emg_power_high,class_name
32.37514493860504,31.58296181648928,3488.031371121865,58.86546963913027,288555.9632815276,14385.324931714018,28837.27459455643,10.63613806914825,2.42413175349776,361.819599176559,106.08959167615654,72.68265268339549,58.15577467639572,999.4570984050896,147.5639658138182,1115.441162716965,35.82210541407992,Fatigue
