emg_rms,emg_mav,emg_variance,emg_std,emg_waveform_length,emg_zero_crossing,emg_ssc,emg_kurtosis,emg_skewness,emg_peak,emg_median_freq,emg_mean_freq,emg_peak_freq,emg_total_power,emg_power_low,emg_power_mid,emg_power_high,class_name
17.059247878743875,7.727584293457767,4469.114381397769,17.212415668619208,153417.69264540036,16412.714779497517,31706.596654279456,16.123946722030322,2.4403377358884994,553.1446933296975,68.30940940064552,59.83966273684673,56.58490278879578,1173.8698067370078,53.41806574289309,802.8577322460843,4.4521497760161175,Fatigue
