emg_rms,emg_mav,emg_variance,emg_std,emg_waveform_length,emg_zero_crossing,emg_ssc,emg_kurtosis,emg_skewness,emg_peak,emg_median_freq,emg_mean_freq,emg_peak_freq,emg_total_power,emg_power_low,emg_power_mid,emg_power_high,class_name
63.65323251122557,19.45162993984433,2493.361666246067,51.469020744115575,600033.6497116053,17339.321014470614,25420.79234674151,18.49796259524077,-1.1542733115764932,389.6775284171396,60.24142181315244,71.3861956568107,60.91825551118743,657.306371157703,305.62134563420784,469.7646385413199,-15.587253864842502,Fatigue
