emg_rms,emg_mav,emg_variance,emg_std,emg_waveform_length,emg_zero_crossing,emg_ssc,emg_kurtosis,emg_skewness,emg_peak,emg_median_freq,emg_mean_freq,emg_peak_freq,emg_total_power,emg_power_low,emg_power_mid,emg_power_high,class_name
16.577917768730916,-4.409699536075337,2367.6580048033256,33.264676728883806,298944.6441053752,2692.752466466396,21405.31959318252,12.104953925286775,0.1249692689520358,171.93710569421978,71.37385938047689,49.63384484438775,39.38547387766521,736.6940580539499,202.7216552591322,434.4872507584325,32.03406324400315,Fatigue
