emg_rms,emg_mav,emg_variance,emg_std,emg_waveform_length,emg_zero_crossing,emg_ssc,emg_kurtosis,emg_skewness,emg_peak,emg_median_freq,emg_mean_freq,emg_peak_freq,emg_total_power,emg_power_low,emg_power_mid,emg_power_high,class_name
38.59614225718263,23.20750259913814,-1951.0108618846143,43.85116921379345,617474.4240359173,17715.44934440674,32240.001830258203,9.258945215759407,0.3209908898145363,541.0891924380855,69.33783657221754,65.79694713375146,56.59067188140742,647.5987895686831,53.46176589836735,333.3238332754828,67.43571990516533,Fatigue
