emg_rms,emg_mav,emg_variance,emg_std,emg_waveform_length,emg_zero_crossing,emg_ssc,emg_kurtosis,emg_skewness,emg_peak,emg_median_freq,emg_mean_freq,emg_peak_freq,emg_total_power,emg_power_low,emg_power_mid,emg_power_high,class_name
-4.660330494871332,17.886714644489643,689.025198012233,56.16548598117109,397373.9844489478,19320.309564614327,29045.00113631393,6.8673822751261655,-0.6481179939555806,381.263272439178,54.00447578389865,89.98510693281754,60.948977775888864,99.46398775887104,152.46635637687285,-487.6044627989264,44.77720356871818,Fatigue
