emg_rms,emg_mav,emg_variance,emg_std,emg_waveform_length,emg_zero_crossing,emg_ssc,emg_kurtosis,emg_skewness,emg_peak,emg_median_freq,emg_mean_freq,emg_peak_freq,emg_total_power,emg_power_low,emg_power_mid,emg_power_high,class_name
102.13325780993284,10.14342471440952,-1266.5154649690976,60.88064211259121,529740.8052255535,14501.837717362863,39963.50692713173,11.873865103674454,0.922964248688678,247.27889331502897,76.0448084011471,100.5122753362345,79.97419099001606,761.7632049238107,365.5335536202607,922.661855184232,75.92382851720329,Fatigue
