emg_rms,emg_mav,emg_variance,emg_std,emg_waveform_length,emg_zero_crossing,emg_ssc,emg_kurtosis,emg_skewness,emg_peak,emg_median_freq,emg_mean_freq,emg_peak_freq,emg_total_power,emg_power_low,emg_power_mid,emg_power_high,class_name
30.398161910513053,22.340421521936957,-731.5995241579408,58.08535409802745,628436.4010992448,13830.528921377096,18643.479507013515,13.986126226654038,-0.6978915613071621,382.83625094437446,53.335604299875925,82.24026736303895,46.99757732531243,465.68731811428586,190.0317410052606,171.6971672742186,-35.59272484580529,Fatigue
