emg_rms,emg_mav,emg_variance,emg_std,emg_waveform_length,emg_zero_crossing,emg_ssc,emg_kurtosis,emg_skewness,emg_peak,emg_median_freq,emg_mean_freq,emg_peak_freq,emg_total_power,emg_power_low,emg_power_mid,emg_power_high,class_name
46.3123209019054,7.670702285189659,-2069.672800350339,50.29958580460056,318764.4992301547,18111.923055593197,29560.15949662486,7.686853510900802,2.0532824112902333,200.2449864230557,67.85682065393375,55.84361936128258,84.73601060396662,407.5564038193484,417.4174750548877,679.9966467138349,6.38176984441623,Fatigue
