emg_rms,emg_mav,emg_variance,emg_std,emg_waveform_length,emg_zero_crossing,emg_ssc,emg_kurtosis,emg_skewness,emg_peak,emg_median_freq,emg_mean_freq,emg_peak_freq,emg_total_power,emg_power_low,emg_power_mid,emg_power_high,class_name
82.30668923013152,36.527633950963065,1625.9214486357662,52.0887988546323,462232.1352194062,14426.978502369922,32325.245978833133,17.53319783080562,-0.2268908110687164,328.4565884578081,63.84933288543046,109.16384558735382,54.65664050037754,538.4367116798202,190.8964906319716,210.26733334549036,-45.97594957946889,Fatigue
