emg_rms,emg_mav,emg_variance,emg_std,emg_waveform_length,emg_zero_crossing,emg_ssc,emg_kurtosis,emg_skewness,emg_peak,emg_median_freq,emg_mean_freq,emg_peak_freq,emg_total_power,emg_power_low,emg_power_mid,emg_power_high,class_name
33.38536190706376,16.832367466115937,5191.528266175979,18.01738860492123,488344.04031066434,11475.346401926236,24758.75619105954,21.798580369714458,-1.7683158830309544,280.85189951954914,73.54402271820037,85.42272242615266,79.5449605189906,678.4368938381153,86.05510829008963,397.9189830904565,31.40578317495237,Fatigue
