emg_rms,emg_mav,emg_variance,emg_std,emg_waveform_length,emg_zero_crossing,emg_ssc,emg_kurtosis,emg_skewness,emg_peak,emg_median_freq,emg_mean_freq,emg_peak_freq,emg_total_power,emg_power_low,emg_power_mid,emg_power_high,class_name
59.13296230709729,30.13153821990425,-412.6901599931671,36.40938078856741,693507.5069795287,7325.715842087064,30474.402719895512,11.934168018055855,0.402835115580314,204.13294462840344,63.78892812672685,96.63174807355978,61.42142608113749,205.32251184644664,73.68413339056862,221.0961058657559,10.088926876202152,Fatigue
