emg_rms,emg_mav,emg_variance,emg_std,emg_waveform_length,emg_zero_crossing,emg_ssc,emg_kurtosis,emg_skewness,emg_peak,emg_median_freq,emg_mean_freq,emg_peak_freq,emg_total_power,emg_power_low,emg_power_mid,emg_power_high,class_name
63.89137019253042,25.56349046715988,2800.844210723785,27.996431910042013,76864.53346814291,12943.13232407928,30262.92247936011,11.083659160705528,-1.6275387578143825,359.08072078387306,73.78960999828374,91.95493180139697,52.059201164834654,972.7563580194276,-5.877457575689732,535.6235215524373,6.455260280728799,Fatigue
