emg_rms,emg_mav,emg_variance,emg_std,emg_waveform_length,emg_zero_crossing,emg_ssc,emg_kurtosis,emg_skewness,emg_peak,emg_median_freq,emg_mean_freq,emg_peak_freq,emg_total_power,emg_power_low,emg_power_mid,emg_power_high,class_name
41.52041445865689,20.083597894060144,-57.45380179180847,64.1751689646664,210967.47424682503,14091.64276147416,31782.96503201734,12.243622479535086,0.369009213530965,52.852824254929175,71.85581741265733,78.30517872636182,68.0162195868899,215.69851949695757,223.8155034974056,770.2500330604001,19.570876062720668,Fatigue
