emg_rms,emg_mav,emg_variance,emg_std,emg_waveform_length,emg_zero_crossing,emg_ssc,emg_kurtosis,emg_skewness,emg_peak,emg_median_freq,emg_mean_freq,emg_peak_freq,emg_total_power,emg_power_low,emg_power_mid,emg_power_high,class_name
59.531922542471634,12.076047399804825,900.1294761997318,54.17006792330109,442326.82165568194,14326.791894608206,31425.64404958539,11.872542136645654,0.4609685383445636,-91.33526273070623,54.34432637179631,75.09916546583679,40.78064078293254,-82.25422768248899,52.79751852011789,760.1230837753237,13.572023405058044,Fatigue
