emg_rms,emg_mav,emg_variance,emg_std,emg_waveform_length,emg_zero_crossing,emg_ssc,emg_kurtosis,emg_skewness,emg_peak,emg_median_freq,emg_mean_freq,emg_peak_freq,emg_total_power,emg_power_low,emg_power_mid,emg_power_high,class_name
54.942211118553416,20.42905418957431,83.93683242849693,29.641753814794463,315163.79075046675,7531.180708620081,27270.77119781992,17.096420869346108,0.5491788066389346,224.12176123481464,51.915063184103566,71.00017804467598,64.83411375903508,486.2038980261728,507.47829565656247,50.99340713292435,-35.94665897184914,Fatigue
