emg_rms,emg_mav,emg_variance,emg_std,emg_waveform_length,emg_zero_crossing,emg_ssc,emg_kurtosis,emg_skewness,emg_peak,emg_median_freq,emg_mean_freq,emg_peak_freq,emg_total_power,emg_power_low,emg_power_mid,emg_power_high,class_name
46.54468290247728,21.15996162874436,3364.9713755651364,19.43030116497209,554678.3440374803,13971.644562125168,30193.220260661437,9.849350435447615,-2.4351940357807056,338.9843933559413,65.71157252566431,108.02243803341092,38.110270148180994,-48.953541848996736,149.8297127346865,521.6221189362834,17.343069308376414,Fatigue
