emg_rms,emg_mav,emg_variance,emg_std,emg_waveform_length,emg_zero_crossing,emg_ssc,emg_kurtosis,emg_skewness,emg_peak,emg_median_freq,emg_mean_freq,emg_peak_freq,emg_total_power,emg_power_low,emg_power_mid,emg_power_high,class_name
33.44048352359597,16.786128426213285,1673.1092519621889,45.12459803257032,610878.6959860591,15455.744175482938,28479.83764555312,14.248242289303995,-0.156618064382076,298.94839731791666,59.33884355014672,66.53544677572867,43.17210592811288,-397.05170815299374,192.96821836246733,1115.4213869142409,40.97682606171401,Fatigue
