emg_rms,emg_mav,emg_variance,emg_std,emg_waveform_length,emg_zero_crossing,emg_ssc,emg_kurtosis,emg_skewness,emg_peak,emg_median_freq,emg_mean_freq,emg_peak_freq,emg_total_power,emg_power_low,emg_power_mid,emg_power_high,class_name
19.254969486575533,2.6335745593798983,3945.011104425329,79.6322848417246,381526.01068047696,10073.197035513847,25408.064942697063,6.846828764931464,-0.5500709045385141,10.91834528507826,72.2192308428223,102.76658585217136,43.94615071705956,468.42257712437646,289.95474913314524,350.93460536497264,-7.007355471176915,Fatigue
