emg_rms,emg_mav,emg_variance,emg_std,emg_waveform_length,emg_zero_crossing,emg_ssc,emg_kurtosis,emg_skewness,emg_peak,emg_median_freq,emg_mean_freq,emg_peak_freq,emg_total_power,emg_power_low,emg_power_mid,emg_power_high,class_name
93.76539079564772,33.06629243109721,1536.810012120387,54.80105871506152,190408.76460680287,10399.722133236528,32485.294237918984,2.117398983873386,-0.1923967625748223,67.28319284453957,64.3246351281185,87.78766332016372,51.989523386927104,860.7074299598905,174.56242466305855,655.0989511662624,18.611268369416106,Fatigue
