emg_rms,emg_mav,emg_variance,emg_std,emg_waveform_length,emg_zero_crossing,emg_ssc,emg_kurtosis,emg_skewness,emg_peak,emg_median_freq,emg_mean_freq,emg_peak_freq,emg_total_power,emg_power_low,emg_power_mid,emg_power_high,class_name
54.80313144383069,18.66706100954072,-1108.9007878682464,82.84939451802826,323924.3074333821,13026.617147306755,24529.479053285027,23.48117980185468,1.1633961991286317,609.7068765638613,86.34367318920735,85.82957093114746,60.82748675876586,928.6649500304924,92.30112316791708,-260.8511535716434,38.73737490828282,Fatigue
