emg_rms,emg_mav,emg_variance,emg_std,emg_waveform_length,emg_zero_crossing,emg_ssc,emg_kurtosis,emg_skewness,emg_peak,emg_median_freq,emg_mean_freq,emg_peak_freq,emg_total_power,emg_power_low,emg_power_mid,emg_power_high,class_name
18.90398964724884,8.237494674762857,2284.1067057421337,54.30696770928835,435511.35815477296,16587.500877261224,30086.6079824155,14.550385844102951,0.1397990107905279,113.93198044071482,62.69890074023152,98.17150627618987,58.46830285987494,-243.3744712916062,76.82228175959409,659.4647313529858,33.24291742655927,Fatigue
