emg_rms,emg_mav,emg_variance,emg_std,emg_waveform_length,emg_zero_crossing,emg_ssc,emg_kurtosis,emg_skewness,emg_peak,emg_median_freq,emg_mean_freq,emg_peak_freq,emg_total_power,emg_power_low,emg_power_mid,emg_power_high,class_name
10.030862812713064,-10.775484622153424,2103.418653161435,32.70958616191708,533287.340762337,13358.482771196002,29684.331181242294,8.78628073097194,-0.4486301159158019,158.86543629812832,82.22641072955096,52.44401383420077,50.850722832621415,819.8308689181528,345.4880483858584,653.3977731180753,45.46106138771948,Fatigue
