emg_rms,emg_mav,emg_variance,emg_std,emg_waveform_length,emg_zero_crossing,emg_ssc,emg_kurtosis,emg_skewness,emg_peak,emg_median_freq,emg_mean_freq,emg_peak_freq,emg_total_power,emg_power_low,emg_power_mid,emg_power_high,class_name
76.88133268295833,14.833095508556148,1310.3560743728444,40.83680799196736,75893.13804247114,19073.8444566535,30454.372686018323,0.4610058811263986,1.2247868371794244,217.92161164745357,55.684537053112,73.45964071118657,52.51717298219493,362.4390352485616,392.3893217775844,934.87513870691,2.9463691929017983,Fatigue
