emg_rms,emg_mav,emg_variance,emg_std,emg_waveform_length,emg_zero_crossing,emg_ssc,emg_kurtosis,emg_skewness,emg_peak,emg_median_freq,emg_mean_freq,emg_peak_freq,emg_total_power,emg_power_low,emg_power_mid,emg_power_high,class_name
46.94850538615522,9.923811998221108,7554.73394586146,51.33677719526989,315838.9305110576,14362.434981688371,28694.05166198864,2.60059185324428,-1.417314335123801,137.13239946436258,67.99044378092998,99.06471012519138,55.88463378582233,198.2694266001697,9.32298345525642,64.86333108885589,10.51300765869199,Fatigue
