emg_rms,emg_mav,emg_variance,emg_std,emg_waveform_length,emg_zero_crossing,emg_ssc,emg_kurtosis,emg_skewness,emg_peak,emg_median_freq,emg_mean_freq,emg_peak_freq,emg_total_power,emg_power_low,emg_power_mid,emg_power_high,class_name
27.172789652866665,35.39809393801728,1508.9199568301196,46.6270857145672,741653.7605776024,7101.5402682300855,30349.318371909965,5.946538580979409,-1.3283874008594798,226.18620496940773,56.72524345053966,61.94150917053361,52.81925639974595,98.39827800568251,54.51422020645988,420.9011963253758,-4.2687349415482245,Fatigue
