emg_rms,emg_mav,emg_variance,emg_std,emg_waveform_length,emg_zero_crossing,emg_ssc,emg_kurtosis,emg_skewness,emg_peak,emg_median_freq,emg_mean_freq,emg_peak_freq,emg_total_power,emg_power_low,emg_power_mid,emg_power_high,class_name
38.43350930295556,26.725197668880227,-138.72001239949986,59.93365636319173,532622.0592035726,12645.319383144892,26796.37723220494,15.97555606159597,0.389797842648047,552.1738312605132,61.84820650132917,103.57827008066012,56.603694929746986,3.753668363756958,242.307122171042,-43.8882141048083,13.592429220500511,Fatigue
