emg_rms,emg_mav,emg_variance,emg_std,emg_waveform_length,emg_zero_crossing,emg_ssc,emg_kurtosis,emg_skewness,emg_peak,emg_median_freq,emg_mean_freq,emg_peak_freq,emg_total_power,emg_power_low,emg_power_mid,emg_power_high,class_name
14.299200698374456,11.196780678744704,2094.8291278196725,18.920742710725392,123423.67042745178,12193.752700277,23427.985533150382,0.4026053546583696,-2.459580878763961,329.99283969414114,48.38152333216236,95.03151904918109,67.29640231516346,-197.423371642507,115.54232322621108,187.57456459565012,15.506159925971891,Fatigue
