emg_rms,emg_mav,emg_variance,emg_std,emg_waveform_length,emg_zero_crossing,emg_ssc,emg_kurtosis,emg_skewness,emg_peak,emg_median_freq,emg_mean_freq,emg_peak_freq,emg_total_power,emg_power_low,emg_power_mid,emg_power_high,class_name
39.77066656754232,7.16004419086323,4212.480766447453,42.974891848798976,401555.8329993229,11828.127313863606,25941.024888364187,13.124463351239507,1.6612975810834625,198.29595879261663,42.686153440743794,68.92460727886214,41.70011887476052,-505.2444983982903,-84.66720633996096,155.6793021196534,60.19077530575616,Fatigue
