emg_rms,emg_mav,emg_variance,emg_std,emg_waveform_length,emg_zero_crossing,emg_ssc,emg_kurtosis,emg_skewness,emg_peak,emg_median_freq,emg_mean_freq,emg_peak_freq,emg_total_power,emg_power_low,emg_power_mid,emg_power_high,class_name
10.19196639003021,24.539427815845627,504.9349352829802,52.37735113764565,508880.7908864748,18520.12404649171,30458.96390333772,11.660546524480326,-0.2708372930632501,412.0075840534802,58.39655948543936,86.37445115704318,72.36325197797805,335.1801898638006,202.6497737137222,837.928465904393,18.34284116385287,Fatigue
