emg_rms,emg_mav,emg_variance,emg_std,emg_waveform_length,emg_zero_crossing,emg_ssc,emg_kurtosis,emg_skewness,emg_peak,emg_median_freq,emg_mean_freq,emg_peak_freq,emg_total_power,emg_power_low,emg_power_mid,emg_power_high,class_name
35.5705713898145,-7.935516995914295,3240.213468913267,44.36540001609841,468183.0301153254,10032.062217881328,24299.57556752858,18.224626231777627,-0.4144361572218675,479.38623022640166,69.2918985518233,83.70937326058694,58.000430091501705,894.4568543422212,306.6608472975695,-91.5473979831753,37.64845239864253,Fatigue
