emg_rms,emg_mav,emg_variance,emg_std,emg_waveform_length,emg_zero_crossing,emg_ssc,emg_kurtosis,emg_skewness,emg_peak,emg_median_freq,emg_mean_freq,emg_peak_freq,emg_total_power,emg_power_low,emg_power_mid,emg_power_high,class_name
41.79359279653639,16.12099439202549,2039.1115937619784,35.0648828440964,938832.4869776104,15508.1624175582,34579.870900939844,6.731425442246483,-0.4517568105768375,572.7325856363549,64.18267437945883,78.26394988852532,47.08120949294012,247.24844738527395,92.90731146111548,-1.324219254179866,-9.307473538243414,Fatigue
