emg_rms,emg_mav,emg_variance,emg_std,emg_waveform_length,emg_zero_crossing,emg_ssc,emg_kurtosis,emg_skewness,emg_peak,emg_median_freq,emg_mean_freq,emg_peak_freq,emg_total_power,emg_power_low,emg_power_mid,emg_power_high,class_name
38.38704764548123,9.481406259840927,3399.4270083236106,40.51444689690931,672125.7970098283,14741.748047960042,24547.95030300669,12.140394254178604,1.1221823559076305,426.4179090773042,75.88398303666155,56.931167111943694,56.03633518576427,182.5732230356757,185.78861119927348,1155.501421628595,58.39562059808515,Fatigue
