emg_rms,emg_mav,emg_variance,emg_std,emg_waveform_length,emg_zero_crossing,emg_ssc,emg_kurtosis,emg_skewness,emg_peak,emg_median_freq,emg_mean_freq,emg_peak_freq,emg_total_power,emg_power_low,emg_power_mid,emg_power_high,class_name
59.52498077316798,29.392773821644035,1201.877576164224,74.03719342229365,303057.54150973004,11744.536329298828,30855.832518786632,11.17529942551571,-2.20005076947033,431.1281991800256,67.83120091168156,60.47049251862758,63.554974079234455,1372.177796446932,-46.57595917041243,873.7060631626042,74.07961075089324,Fatigue
