emg_rms,emg_mav,emg_variance,emg_std,emg_waveform_length,emg_zero_crossing,emg_ssc,emg_kurtosis,emg_skewness,emg_peak,emg_median_freq,emg_mean_freq,emg_peak_freq,emg_total_power,emg_power_low,emg_power_mid,emg_power_high,class_name
22.22505037760486,21.40407043602044,1765.892989692659,29.708655767441183,713230.5731961504,10461.434660255334,23649.52339932531,10.487921578494726,0.3534676434704269,464.8647114639722,74.2610935130433,81.73920489576948,56.10448991188753,28.07970611616065,100.07791817950184,287.6571706542198,38.747774521940855,Fatigue
