emg_rms,emg_mav,emg_variance,emg_std,emg_waveform_length,emg_zero_crossing,emg_ssc,emg_kurtosis,emg_skewness,emg_peak,emg_median_freq,emg_mean_freq,emg_peak_freq,emg_total_power,emg_power_low,emg_power_mid,emg_power_high,class_name
13.14725827167111,13.980032540171578,4282.140307418899,64.06966669966391,353940.62184398586,21243.162255909672,32603.597047316627,24.241431814624995,-0.3509191319091284,453.973089333142,64.2141906058566,76.11582750188451,55.71358676658679,299.77147980800834,-163.05552817360052,40.80851929563482,23.844382837595923,Fatigue
