emg_rms,emg_mav,emg_variance,emg_std,emg_waveform_length,emg_zero_crossing,emg_ssc,emg_kurtosis,emg_skewness,emg_peak,emg_median_freq,emg_mean_freq,emg_peak_freq,emg_total_power,emg_power_low,emg_power_mid,emg_power_high,class_name
54.17334322635869,6.801773782426251,4401.672255274482,39.11683718780127,309522.9648659255,16341.447154399724,33058.6940513382,10.238466152960497,0.1943208507373999,298.29343083892974,48.580195956212734,50.41655719919829,56.88085119692508,670.20189698674,120.34679494169823,182.3654155055194,33.929359272263184,Fatigue
