emg_rms,emg_mav,emg_variance,emg_std,emg_waveform_length,emg_zero_crossing,emg_ssc,emg_kurtosis,emg_skewness,emg_peak,emg_median_freq,emg_mean_freq,emg_peak_freq,emg_total_power,emg_power_low,emg_power_mid,emg_power_high,class_name
53.88567316173983,27.86288569635648,5063.751915132232,34.995165221228795,625184.2989243523,19070.94213484077,30098.18599001737,10.043121178915628,-1.6041192456045903,359.03160151037366,66.21721020518815,84.63456106877621,33.343506716358135,-1025.3725784194278,246.5722811267516,226.78286925811955,26.12561534705233,Fatigue
