emg_rms,emg_mav,emg_variance,emg_std,emg_waveform_length,emg_zero_crossing,emg_ssc,emg_kurtosis,emg_skewness,emg_peak,emg_median_freq,emg_mean_freq,emg_peak_freq,emg_total_power,emg_power_low,emg_power_mid,emg_power_high,class_name
65.83378192039126,17.050524089932612,2687.572956369543,52.66895228473293,561926.1637334417,14376.635277374296,28354.494164788102,5.300669272510705,-0.3624399894883371,317.87977717140507,74.39585186352016,88.7909530225989,47.06008369977471,278.2688518206378,106.73058022203855,349.87849586607655,-31.124526879365675,Fatigue
