emg_rms,emg_mav,emg_variance,emg_std,emg_waveform_length,emg_zero_crossing,emg_ssc,emg_kurtosis,emg_skewness,emg_peak,emg_median_freq,emg_mean_freq,emg_peak_freq,emg_total_power,emg_power_low,emg_power_mid,emg_power_high,class_name
51.47512668547045,27.28181739555241,-1118.278385323587,38.34701343841882,390884.43359491904,15712.423726652549,33676.729830683806,16.84512319419421,-0.112846196958922,218.56010571685331,53.02008131478761,95.41853657303096,55.46011470276983,526.4529246348699,-36.24362667524159,556.1025612381857,26.08311573373633,Fatigue
