emg_rms,emg_mav,emg_variance,emg_std,emg_waveform_length,emg_zero_crossing,emg_ssc,emg_kurtosis,emg_skewness,emg_peak,emg_median_freq,emg_mean_freq,emg_peak_freq,emg_total_power,emg_power_low,emg_power_mid,emg_power_high,class_name
89.73452549980816,5.078547454000857,2255.888593893937,25.89030879627279,565009.3825206718,6918.042124978056,24412.631988282683,4.828088421420529,-1.726916642708896,269.6657869648829,52.98733759040928,112.0236339855679,52.0925766607034,575.2899421290687,198.85760931424485,533.5255433026387,34.15066797685936,Fatigue
