emg_rms,emg_mav,emg_variance,emg_std,emg_waveform_length,emg_zero_crossing,emg_ssc,emg_kurtosis,emg_skewness,emg_peak,emg_median_freq,emg_mean_freq,emg_peak_freq,emg_total_power,emg_power_low,emg_power_mid,emg_power_high,class_name
50.03438232471575,24.4366845310373,1809.833395560348,12.484862365555175,367535.7087966135,9291.473195897815,30407.65640212511,12.301249137989153,0.4794395977880263,206.93755049371123,71.87356136042355,98.46360192438657,44.800507997847085,563.9045896710476,170.0573806787403,-14.27712148432471,-2.608201168111279,Fatigue
