emg_rms,emg_mav,emg_variance,emg_std,emg_waveform_length,emg_zero_crossing,emg_ssc,emg_kurtosis,emg_skewness,emg_peak,emg_median_freq,emg_mean_freq,emg_peak_freq,emg_total_power,emg_power_low,emg_power_mid,emg_power_high,class_name
37.07600333666839,19.528560815388992,1413.2768887812256,12.0283371601324,399150.273994731,12728.120100452348,22635.58339972541,10.4876062538658,0.287381245189025,454.518629835148,64.98835734705163,80.57313813960413,65.35514186443447,307.137636036189,-116.15707454880628,383.0101087147085,26.75233140207269,Fatigue
