emg_rms,emg_mav,emg_variance,emg_std,emg_waveform_length,emg_zero_crossing,emg_ssc,emg_kurtosis,emg_skewness,emg_peak,emg_median_freq,emg_mean_freq,emg_peak_freq,emg_total_power,emg_power_low,emg_power_mid,emg_power_high,class_name
26.94516201256866,39.46537020643157,-313.1943532722539,53.99739026202265,414933.3222149048,16475.00837147102,32273.00827991646,14.055276509903653,0.6203384629988359,359.14826757518125,54.5345021813385,101.28511216714158,60.39953511606311,-345.37773760886427,272.2084333307464,1152.0776047059492,38.71598952337837,Fatigue
