emg_rms,emg_mav,emg_variance,emg_std,emg_waveform_length,emg_zero_crossing,emg_ssc,emg_kurtosis,emg_skewness,emg_peak,emg_median_freq,emg_mean_freq,emg_peak_freq,emg_total_power,emg_power_low,emg_power_mid,emg_power_high,class_name
22.800023498378927,14.0622112656704,-172.69944208237666,45.13880020688791,60723.87518149521,20375.0683727843,22426.37451048989,7.363323069211847,-0.0340024394762209,197.1435612542031,81.42117218656531,58.58375030645988,61.75201640003222,994.8924629985644,-75.92155455346358,-347.19960756208536,-19.288493252846337,Fatigue
