emg_rms,emg_mav,emg_variance,emg_std,emg_waveform_length,emg_zero_crossing,emg_ssc,emg_kurtosis,emg_skewness,emg_peak,emg_median_freq,emg_mean_freq,emg_peak_freq,emg_total_power,emg_power_low,emg_power_mid,emg_power_high,class_name
39.69093854942802,1.6484941857336466,5823.486678719546,61.06122058800917,993668.9263740284,13638.37155449044,32391.42873752088,14.584296054257203,-0.7722536522913358,196.97775997879089,63.27966590921905,62.91237576362555,48.43178382787018,527.3920016874993,18.153891443638614,-249.87330965470244,14.829016894510309,Fatigue
