emg_rms,emg_mav,emg_variance,emg_std,emg_waveform_length,emg_zero_crossing,emg_ssc,emg_kurtosis,emg_skewness,emg_peak,emg_median_freq,emg_mean_freq,emg_peak_freq,emg_total_power,emg_power_low,emg_power_mid,emg_power_high,class_name
42.74874774409422,11.08667330112025,165.20979540751136,43.86387833941443,191312.80332020743,4859.333655030732,24976.148921831835,13.639033552164332,-0.3808570880124062,234.24679519885143,52.47583909807157,72.66227956339283,44.69148830950754,641.5087909422258,150.39266896349946,-412.46496698229873,0.6234520891429334,Fatigue
