emg_rms,emg_mav,emg_variance,emg_std,emg_waveform_length,emg_zero_crossing,emg_ssc,emg_kurtosis,emg_skewness,emg_peak,emg_median_freq,emg_mean_freq,emg_peak_freq,emg_total_power,emg_power_low,emg_power_mid,emg_power_high,class_name
35.85148350549552,-4.712595148974291,1640.6808122255268,33.56378049617273,441724.6696696461,12224.69872361991,26112.5942445112,9.739366024030414,0.6877793784754606,460.8758121325663,71.5128677179413,74.17236317259805,40.4738751375196,398.2468512279711,-119.90389162621238,445.8988178734191,9.857470492596748,Fatigue
