emg_rms,emg_mav,emg_variance,emg_std,emg_waveform_length,emg_zero_crossing,emg_ssc,emg_kurtosis,emg_skewness,emg_peak,emg_median_freq,emg_mean_freq,emg_peak_freq,emg_total_power,emg_power_low,emg_power_mid,emg_power_high,class_name
67.0513639360332,13.79770964272161,-1474.3970377344085,60.93859500222791,383313.8839010192,12902.776781434372,34593.70604407689,12.06008557629509,-0.8638034766264288,221.41616334958087,56.2471417818771,80.7828303245885,38.58331926772877,625.1767022942838,124.05904326053133,735.2347067134039,-10.727977160414987,Fatigue
