emg_rms,emg_mav,emg_variance,emg_std,emg_waveform_length,emg_zero_crossing,emg_ssc,emg_kurtosis,emg_skewness,emg_peak,emg_median_freq,emg_mean_freq,emg_peak_freq,emg_total_power,emg_power_low,emg_power_mid,emg_power_high,class_name
28.085131439124677,11.316546379499902,2551.260611315696,0.6003916332281563,672274.969275626,14239.145369251552,32636.91356601228,23.35680117327807,-0.5814511815333776,362.7695694706654,58.30165474864146,81.0201152642749,64.01644162593264,573.3367819466496,203.4424053363055,202.38139018248236,41.530135828858576,Fatigue
