emg_rms,emg_mav,emg_variance,emg_std,emg_waveform_length,emg_zero_crossing,emg_ssc,emg_kurtosis,emg_skewness,emg_peak,emg_median_freq,emg_mean_freq,emg_peak_freq,emg_total_power,emg_power_low,emg_power_mid,emg_power_high,class_name
45.596732338878994,5.972894547881234,3926.947491565285,31.35677960277119,268503.4789418652,17113.02961874084,30196.776992283136,18.04676249051075,0.316962693983661,340.2205456467622,47.71444819217036,98.67424453411232,44.21735274440208,530.4369206025929,57.41235700746087,756.5525371971182,17.56545054758491,Fatigue
