emg_rms,emg_mav,emg_variance,emg_std,emg_waveform_length,emg_zero_crossing,emg_ssc,emg_kurtosis,emg_skewness,emg_peak,emg_median_freq,emg_mean_freq,emg_peak_freq,emg_total_power,emg_power_low,emg_power_mid,emg_power_high,class_name
31.287368387358104,26.543961787698784,-573.2876627031101,52.492434834322914,434072.96786,14665.409448905888,26746.795679737865,13.539865946544886,1.2773314992220066,397.9238250308131,68.8750327397252,48.76045161893149,43.486002491627886,873.153892079147,199.6081035532283,14.89303891722335,-3.742767960283292,Fatigue
