emg_rms,emg_mav,emg_variance,emg_std,emg_waveform_length,emg_zero_crossing,emg_ssc,emg_kurtosis,emg_skewness,emg_peak,emg_median_freq,emg_mean_freq,emg_peak_freq,emg_total_power,emg_power_low,emg_power_mid,emg_power_high,class_name
45.93506141760948,12.983713398724916,599.617093450292,-3.377848633521665,575271.8450261764,15218.003009043412,28277.96851369272,18.72054954803949,-0.6913789643772482,429.7996068212923,58.462766365446754,99.1798769269448,44.95361125578619,562.2975101684553,434.0514708785,620.5388246021628,35.47039387962928,Fatigue
