emg_rms,emg_mav,emg_variance,emg_std,emg_waveform_length,emg_zero_crossing,emg_ssc,emg_kurtosis,emg_skewness,emg_peak,emg_median_freq,emg_mean_freq,emg_peak_freq,emg_total_power,emg_power_low,emg_power_mid,emg_power_high,class_name
42.3417471607095,8.762974835352411,5880.885587935936,58.57699231498101,511432.0809762367,15889.188063086262,31735.274435312316,8.373880587394378,-0.5934564281590535,120.00915210170498,79.17924963110013,111.31908010732349,43.404539841662,633.1982096234186,103.91621507400076,309.1763914315828,55.13169045035819,Fatigue
