emg_rms,emg_mav,emg_variance,emg_std,emg_waveform_length,emg_zero_crossing,emg_ssc,emg_kurtosis,emg_skewness,emg_peak,emg_median_freq,emg_mean_freq,emg_peak_freq,emg_total_power,emg_power_low,emg_power_mid,emg_power_high,class_name
20.64072107794532,11.449513339351816,2307.178395000501,42.69532819807602,92736.05254672548,14139.635485473107,27461.841435058115,7.076202827664222,2.2261666306734527,185.6605476901594,56.5256615691145,60.10434783519428,39.252298038370526,696.3827050866032,220.629522255021,283.740659268337,57.83291095525789,Fatigue
