emg_rms,emg_mav,emg_variance,emg_std,emg_waveform_length,emg_zero_crossing,emg_ssc,emg_kurtosis,emg_skewness,emg_peak,emg_median_freq,emg_mean_freq,emg_peak_freq,emg_total_power,emg_power_low,emg_power_mid,emg_power_high,class_name
42.57947754906205,5.171831692837575,1986.792461346677,49.77437421278577,9059.062324593137,12489.83763961992,28617.97895522984,17.753590650521502,1.0781737665479123,117.52813394729662,70.69650054775676,59.33778494410603,49.61234029187663,72.78979404320683,-85.90268082519341,512.7724872475833,2.0787554357037443,Fatigue
