emg_rms,emg_mav,emg_variance,emg_std,emg_waveform_length,emg_zero_crossing,emg_ssc,emg_kurtosis,emg_skewness,emg_peak,emg_median_freq,emg_mean_freq,emg_peak_freq,emg_total_power,emg_power_low,emg_power_mid,emg_power_high,class_name
5.0604167640063125,18.33244499313439,1906.448164685424,38.91125996453973,322696.6747835332,22214.142203817017,31573.42013177027,5.764742067421451,1.5832626056517085,273.6314114231443,74.02848995086536,81.47533026543825,48.56323075278411,673.4863709233297,-81.52683878126189,433.5579714338479,12.835394308782575,Fatigue
