emg_rms,emg_mav,emg_variance,emg_std,emg_waveform_length,emg_zero_crossing,emg_ssc,emg_kurtosis,emg_skewness,emg_peak,emg_median_freq,emg_mean_freq,emg_peak_freq,emg_total_power,emg_power_low,emg_power_mid,emg_power_high,class_name
55.024415947199145,1.092958565892923,2235.592486004261,30.4992639698907,573387.85542283,11456.42909061923,30190.094021248227,3.271420455840076,-0.058898040169664,-1.7415822186991363,72.85010078918144,81.53289924551001,60.0682473528928,1.8099992961366524,342.2123516708467,220.55172089752892,12.351151498606889,Fatigue
