emg_rms,emg_mav,emg_variance,emg_std,emg_waveform_length,emg_zero_crossing,emg_ssc,emg_kurtosis,emg_skewness,emg_peak,emg_median_freq,emg_mean_freq,emg_peak_freq,emg_total_power,emg_power_low,emg_power_mid,emg_power_high,class_name
14.896428703341485,24.91659026888925,2634.9581176542965,13.928375899868897,556549.7275576112,13160.48180951102,28674.083746272176,3.2242691871183897,0.4768180518366682,208.1649609585917,54.27833169720597,87.7826558225882,73.88944323790678,986.68698904025,67.55527028418184,863.6842169255867,7.85761327984514,Fatigue
