emg_rms,emg_mav,emg_variance,emg_std,emg_waveform_length,emg_zero_crossing,emg_ssc,emg_kurtosis,emg_skewness,emg_peak,emg_median_freq,emg_mean_freq,emg_peak_freq,emg_total_power,emg_power_low,emg_power_mid,emg_power_high,class_name
61.2618688653275,11.422078539515148,-119.7664984546227,26.781114681986065,382142.40895340673,17096.91691643697,23286.34830472974,13.925524903695312,0.1367057170874813,343.8627275089865,89.40394373781085,76.64193094523243,51.4878093723901,1896.764134192076,-14.607392601229606,-473.3806821182603,17.004558404192856,Fatigue
