emg_rms,emg_mav,emg_variance,emg_std,emg_waveform_length,emg_zero_crossing,emg_ssc,emg_kurtosis,emg_skewness,emg_peak,emg_median_freq,emg_mean_freq,emg_peak_freq,emg_total_power,emg_power_low,emg_power_mid,emg_power_high,class_name
37.99870219313812,24.909136271721643,1118.7773144974335,32.10460342460483,496897.4818492304,10150.455180976533,28212.18786147265,13.669351390251547,0.4538603524924113,138.68067263313688,67.81242002592057,78.56379337805105,54.50063612051315,527.2874529466335,145.08401083275913,10.91128490111828,31.249962496426267,Fatigue
