emg_rms,emg_mav,emg_variance,emg_std,emg_waveform_length,emg_zero_crossing,emg_ssc,emg_kurtosis,emg_skewness,emg_peak,emg_median_freq,emg_mean_freq,emg_peak_freq,emg_total_power,emg_power_low,emg_power_mid,emg_power_high,class_name
-1.4180533755585358,21.588356249339014,4867.50154621378,51.486782511997326,291176.5395102204,13107.766537845288,21674.44199719943,8.157477954447783,-0.5895127925894793,223.3240235419022,61.87823798789261,65.87887457957909,62.98296802730231,735.9300699291532,23.573836288222992,457.73202723668,-10.374155140422433,Fatigue
