emg_rms,emg_mav,emg_variance,emg_std,emg_waveform_length,emg_zero_crossing,emg_ssc,emg_kurtosis,emg_skewness,emg_peak,emg_median_freq,emg_mean_freq,emg_peak_freq,emg_total_power,emg_power_low,emg_power_mid,emg_power_high,class_name
47.70353585371564,33.22465616250825,2706.658202799867,23.91289488334089,454221.017889856,12359.345868173614,23845.21478387752,12.968216465345368,-0.4667145948717225,263.57029797411684,64.17222870460289,97.5162007509648,80.30771379443249,1163.6398001680104,267.0234926149104,382.3774433091418,24.12976736971325,Fatigue
