emg_rms,emg_mav,emg_variance,emg_std,emg_waveform_length,emg_zero_crossing,emg_ssc,emg_kurtosis,emg_skewness,emg_peak,emg_median_freq,emg_mean_freq,emg_peak_freq,emg_total_power,emg_power_low,emg_power_mid,emg_power_high,class_name
63.77172698010223,24.94330708374058,3284.653923464726,18.6501411385361,209366.25316098225,13571.458386583574,29116.949632114112,12.124410939605683,-1.4606045027850096,442.3381354250529,93.15806150500866,84.7892329262871,59.85426398528662,114.59747253589887,269.31681271151604,927.067314638194,37.232222830159856,Fatigue
