emg_rms,emg_mav,emg_variance,emg_std,emg_waveform_length,emg_zero_crossing,emg_ssc,emg_kurtosis,emg_skewness,emg_peak,emg_median_freq,emg_mean_freq,emg_peak_freq,emg_total_power,emg_power_low,emg_power_mid,emg_power_high,class_name
40.1523338465835,6.050423763824634,-1659.1749824938338,55.36674528630903,525804.7352405018,10087.64119503941,33768.01037786946,11.49557749175379,-1.236669070915205,292.3995519432104,72.43475449832013,68.3246821441493,58.01114133124257,264.8420031729468,-58.96017453065829,152.11278177050195,-1.589490729846581,Fatigue
