emg_rms,emg_mav,emg_variance,emg_std,emg_waveform_length,emg_zero_crossing,emg_ssc,emg_kurtosis,emg_skewness,emg_peak,emg_median_freq,emg_mean_freq,emg_peak_freq,emg_total_power,emg_power_low,emg_power_mid,emg_power_high,class_name
66.79602096415161,14.944514115790165,-97.5554005681438,54.48933619135281,92969.92859989288,17066.123204166444,23336.10001525085,11.437484583741734,-1.0620114640770912,410.05398989596296,57.12020942334956,57.73975453071722,65.9239385168608,418.61463863232086,77.07389644070622,283.7462421884253,20.340170225158552,Fatigue
