emg_rms,emg_mav,emg_variance,emg_std,emg_waveform_length,emg_zero_crossing,emg_ssc,emg_kurtosis,emg_skewness,emg_peak,emg_median_freq,emg_mean_freq,emg_peak_freq,emg_total_power,emg_power_low,emg_power_mid,emg_power_high,class_name
60.0120580048194,15.567730299627277,3871.698892816884,58.03857561790655,566070.150977715,14262.148555666872,27921.425893457246,10.60971089667956,2.33619058881226,266.8570612875882,85.48918003184353,67.15865904061876,38.44859661177144,273.5065924942928,134.65889544331625,666.434106483044,28.48100656338361,Fatigue
