emg_rms,emg_mav,emg_variance,emg_std,emg_waveform_length,emg_zero_crossing,emg_ssc,emg_kurtosis,emg_skewness,emg_peak,emg_median_freq,emg_mean_freq,emg_peak_freq,emg_total_power,emg_power_low,emg_power_mid,emg_power_high,class_name
40.144738043956345,16.947678319622675,1156.8705446234485,20.38502431566388,331981.19005916186,10140.71242458888,39249.72254226326,2.361128927443156,0.4366929242992176,451.14208190602506,66.1081765073049,80.51583782112945,70.5994237467949,188.44368495372817,123.55892642237669,591.3994404527964,-21.692361220470765,Fatigue
