emg_rms,emg_mav,emg_variance,emg_std,emg_waveform_length,emg_zero_crossing,emg_ssc,emg_kurtosis,emg_skewness,emg_peak,emg_median_freq,emg_mean_freq,emg_peak_freq,emg_total_power,emg_power_low,emg_power_mid,emg_power_high,class_name
24.51297626914456,16.81502998883805,-960.8081545812396,43.487470249181584,394856.2740487931,17986.713203394902,21133.273685929744,14.877622714369078,-0.2008293699990094,355.30361561136334,66.07537634582812,85.21370352739052,59.04069424611617,-447.03170471254526,-45.43014769036449,450.1056753262499,20.78047093962145,Fatigue
