emg_rms,emg_mav,emg_variance,emg_std,emg_waveform_length,emg_zero_crossing,emg_ssc,emg_kurtosis,emg_skewness,emg_peak,emg_median_freq,emg_mean_freq,emg_peak_freq,emg_total_power,emg_power_low,emg_power_mid,emg_power_high,class_name
51.87853512614004,6.596502065227179,2321.6423946054697,77.42549459363632,234631.57616003416,19014.255489822976,31394.885147318884,17.293621221354506,-1.434334322595839,292.1446059158236,41.13345759601158,122.65925580450389,27.469496830481685,322.31382180530363,318.84798885790804,-81.05258620198191,-27.416148063243213,Fatigue
