emg_rms,emg_mav,emg_variance,emg_std,emg_waveform_length,emg_zero_crossing,emg_ssc,emg_kurtosis,emg_skewness,emg_peak,emg_median_freq,emg_mean_freq,emg_peak_freq,emg_total_power,emg_power_low,emg_power_mid,emg_power_high,class_name
31.23612924578046,13.617770005061578,1099.739723930134,-1.5343064754261064,568796.8607179903,9755.79834028274,32943.24996733281,16.065766931287634,0.2139179571157843,634.3548815499778,73.24582776945122,64.32445965961527,40.17940056177183,-380.80665525725504,200.4532354126045,707.5096330036373,48.30003978578162,Fatigue
