emg_rms,emg_mav,emg_variance,emg_std,emg_waveform_length,emg_zero_crossing,emg_ssc,emg_kurtosis,emg_skewness,emg_peak,emg_median_freq,emg_mean_freq,emg_peak_freq,emg_total_power,emg_power_low,emg_power_mid,emg_power_high,class_name
47.48655946278037,19.870056423572308,1299.497441941028,53.66065557471544,498961.3126628531,14915.567111215596,27225.37398922171,10.486971086655794,-0.5141123047091769,393.3926226895263,60.98370446693277,113.3646262773692,68.99477724695998,613.611499593032,445.1892227672655,653.1749627117125,29.43984506356996,Fatigue
