emg_rms,emg_mav,emg_variance,emg_std,emg_waveform_length,emg_zero_crossing,emg_ssc,emg_kurtosis,emg_skewness,emg_peak,emg_median_freq,emg_mean_freq,emg_peak_freq,emg_total_power,emg_power_low,emg_power_mid,emg_power_high,class_name
17.081509858800434,24.711793146583457,1633.099221721613,29.741589893240626,480738.6802826659,18898.06134815496,24956.62072487142,14.713588315937471,0.0369912515965916,156.5962487172232,71.82488923580809,63.07931751723328,52.56177417623532,464.1419351721578,394.0242663900647,774.2377387804256,20.06037166848192,Fatigue
