emg_rms,emg_mav,emg_variance,emg_std,emg_waveform_length,emg_zero_crossing,emg_ssc,emg_kurtosis,emg_skewness,emg_peak,emg_median_freq,emg_mean_freq,emg_peak_freq,emg_total_power,emg_power_low,emg_power_mid,emg_power_high,class_name
32.21944958803971,21.53202439659662,3198.2686607524424,44.4824147482932,400358.3216944465,8134.799341789256,33988.243736523014,5.6513978153783935,0.7712018469195184,538.7299537723321,61.38171660621696,50.89247443339476,58.17416665434876,440.7506729896551,63.72982867091764,509.30345188409206,20.88174360415936,Fatigue
