emg_rms,emg_mav,emg_variance,emg_std,emg_waveform_length,emg_zero_crossing,emg_ssc,emg_kurtosis,emg_skewness,emg_peak,emg_median_freq,emg_mean_freq,emg_peak_freq,emg_total_power,emg_power_low,emg_power_mid,emg_power_high,class_name
65.50581460569595,12.94603770383253,832.571581402611,48.78642759879784,590316.9946900825,13431.138901029772,32879.340729651616,12.820809994963508,-0.7291277056973022,272.4999190724644,85.15095367625705,80.15534619414787,57.65364774101248,716.2558772273993,51.440848486975256,-423.88905112944985,51.70726641215665,Fatigue
