emg_rms,emg_mav,emg_variance,emg_std,emg_waveform_length,emg_zero_crossing,emg_ssc,emg_kurtosis,emg_skewness,emg_peak,emg_median_freq,emg_mean_freq,emg_peak_freq,emg_total_power,emg_power_low,emg_power_mid,emg_power_high,class_name
74.93164670041203,16.286136528321478,5926.766447119612,44.57327631557689,359702.2566862524,19519.08951560292,30917.505329814227,11.499114366595478,0.7819567349754354,547.8098141587462,63.73196544118914,81.98938881143475,59.720776160812655,404.5080324253943,110.75611342062278,195.84995235469904,48.437993004490245,Fatigue
