emg_rms,emg_mav,emg_variance,emg_std,emg_waveform_length,emg_zero_crossing,emg_ssc,emg_kurtosis,emg_skewness,emg_peak,emg_median_freq,emg_mean_freq,emg_peak_freq,emg_total_power,emg_power_low,emg_power_mid,emg_power_high,class_name
18.230400513960134,23.52903765170187,3477.940953574086,35.090649693946446,273410.6713479471,17184.521167760755,33709.719708548415,13.879114841330669,0.8832078241389703,254.0699982423504,65.11390159435331,103.27064375975752,57.96487061946264,747.8403426620868,17.666239331179383,189.21091867924116,23.58222253803308,Fatigue
