emg_rms,emg_mav,emg_variance,emg_std,emg_waveform_length,emg_zero_crossing,emg_ssc,emg_kurtosis,emg_skewness,emg_peak,emg_median_freq,emg_mean_freq,emg_peak_freq,emg_total_power,emg_power_low,emg_power_mid,emg_power_high,class_name
27.30396199605274,17.391195874417928,-1311.865443131538,53.37350742034516,628732.4707297501,10904.068989827028,26483.01182260739,14.20489759647961,0.4956617815952281,279.5816020858888,63.01863292331989,112.1494477426941,60.950356308927,1019.212120087304,-103.32425835156248,431.6235526752568,56.9735586204003,Fatigue
