emg_rms,emg_mav,emg_variance,emg_std,emg_waveform_length,emg_zero_crossing,emg_ssc,emg_kurtosis,emg_skewness,emg_peak,emg_median_freq,emg_mean_freq,emg_peak_freq,emg_total_power,emg_power_low,emg_power_mid,emg_power_high,class_name
18.800612532241733,18.017913445897253,917.4575235392712,19.919458264828467,517038.4383530224,20749.136561498435,28745.38548654495,13.698163134006045,-2.541819882097267,573.9840284224226,68.76645894021713,108.7593837742274,45.55991033462166,919.542801275874,76.59965047184336,777.4444814352357,41.16754945856263,Fatigue
