emg_rms,emg_mav,emg_variance,emg_std,emg_waveform_length,emg_zero_crossing,emg_ssc,emg_kurtosis,emg_skewness,emg_peak,emg_median_freq,emg_mean_freq,emg_peak_freq,emg_total_power,emg_power_low,emg_power_mid,emg_power_high,class_name
48.49903536517424,23.454305121063896,2391.090590149578,52.31571829360101,503337.415544425,9707.660313758166,30696.05012078038,7.7619602078606365,0.4471597109942865,158.86885774583635,74.2171443477201,92.11923948450308,47.26099219354103,46.78914189295927,189.24408837797256,218.4342676049698,-4.748923210458724,Fatigue
