emg_rms,emg_mav,emg_variance,emg_std,emg_waveform_length,emg_zero_crossing,emg_ssc,emg_kurtosis,emg_skewness,emg_peak,emg_median_freq,emg_mean_freq,emg_peak_freq,emg_total_power,emg_power_low,emg_power_mid,emg_power_high,class_name
42.72014649067671,25.42328670053561,2075.937346387505,59.22312501244976,591170.6999106801,14868.198468069026,24865.816266554168,21.688563574338453,-0.8930979858962119,269.07462065820187,85.77772145015506,83.42408395358015,38.70662739486491,1079.4205206095462,220.27003781286905,482.5601759511616,42.2215360190142,Fatigue
