emg_rms,emg_mav,emg_variance,emg_std,emg_waveform_length,emg_zero_crossing,emg_ssc,emg_kurtosis,emg_skewness,emg_peak,emg_median_freq,emg_mean_freq,emg_peak_freq,emg_total_power,emg_power_low,emg_power_mid,emg_power_high,class_name
44.57703192198756,12.77189145065347,71.22009244515857,43.1997255644281,526219.6103952599,13890.228616567463,19635.828463858503,10.26666051562835,-0.6385164847875382,198.59447609803067,83.56955711080903,61.74771030951108,45.06954550271215,119.22005912573798,404.9349698004746,86.34614385501143,24.137949402073104,Fatigue
