emg_rms,emg_mav,emg_variance,emg_std,emg_waveform_length,emg_zero_crossing,emg_ssc,emg_kurtosis,emg_skewness,emg_peak,emg_median_freq,emg_mean_freq,emg_peak_freq,emg_total_power,emg_power_low,emg_power_mid,emg_power_high,class_name
6.038971894784613,35.31747476414411,1760.759386742524,31.585718364231308,358924.67920682783,13884.35730245152,22167.444094356822,9.760135763528687,-0.8034719861054475,402.38492002044313,52.41561665571485,74.30051431436989,63.70963293572385,504.3612501851972,111.78497862578766,-120.80352669421887,32.23198658481522,Fatigue
