emg_rms,emg_mav,emg_variance,emg_std,emg_waveform_length,emg_zero_crossing,emg_ssc,emg_kurtosis,emg_skewness,emg_peak,emg_median_freq,emg_mean_freq,emg_peak_freq,emg_total_power,emg_power_low,emg_power_mid,emg_power_high,class_name
5.564333907607551,41.31740441401351,-165.2041112114523,17.58703435902612,589833.0714873392,13865.064246946418,23887.01257507386,13.877218851652511,0.380057212402309,190.02621996561436,53.85673535995278,90.63632586826638,51.84846402135693,375.0960397594073,439.1199615170779,355.5460349457156,33.60794809249553,Fatigue
