emg_rms,emg_mav,emg_variance,emg_std,emg_waveform_length,emg_zero_crossing,emg_ssc,emg_kurtosis,emg_skewness,emg_peak,emg_median_freq,emg_mean_freq,emg_peak_freq,emg_total_power,emg_power_low,emg_power_mid,emg_power_high,class_name
38.95142016803187,-4.389297239657065,3969.347819992887,27.30044656245676,307425.6290331818,11591.758796906388,33337.979026383226,15.45442093849735,1.433631044741071,407.9450116990885,54.39753891552616,66.81464745755969,53.104563031154605,177.54893991589256,-142.1608882246113,504.16446265278125,45.8164812210383,Fatigue
