emg_rms,emg_mav,emg_variance,emg_std,emg_waveform_length,emg_zero_crossing,emg_ssc,emg_kurtosis,emg_skewness,emg_peak,emg_median_freq,emg_mean_freq,emg_peak_freq,emg_total_power,emg_power_low,emg_power_mid,emg_power_high,class_name
12.699365509157252,15.870626361690125,4369.716527434506,37.52420912477733,600982.1012826627,16748.48532893352,35290.11092126206,13.20719847062432,0.2709413791695896,227.79227226894577,77.34169679187359,80.212379163011,55.28348981047013,269.7222223775997,-35.12116567962252,855.6268457663355,22.740136463023973,Fatigue
