emg_rms,emg_mav,emg_variance,emg_std,emg_waveform_length,emg_zero_crossing,emg_ssc,emg_kurtosis,emg_skewness,emg_peak,emg_median_freq,emg_mean_freq,emg_peak_freq,emg_total_power,emg_power_low,emg_power_mid,emg_power_high,class_name
74.93994345494954,19.08369905623996,1069.5365102491985,24.249138108057377,577110.3040716348,10288.65130529213,34965.74196038119,17.09020548298556,0.877298522873886,339.42502524164126,35.99796079235662,101.27895478432389,54.20155428784294,124.50736596284976,271.484338766458,112.87192874626558,-22.561560457327303,Fatigue
