emg_rms,emg_mav,emg_variance,emg_std,emg_waveform_length,emg_zero_crossing,emg_ssc,emg_kurtosis,emg_skewness,emg_peak,emg_median_freq,emg_mean_freq,emg_peak_freq,emg_total_power,emg_power_low,emg_power_mid,emg_power_high,class_name
8.394503833994463,20.512089952306336,1346.1327385040377,19.3956009036908,696960.4438172255,15488.372504468349,27261.85856590904,5.865077466187489,-0.5641765450041419,248.4992623158435,54.88545498630232,84.72312918609344,66.94081995864238,1126.622154182414,-22.243168087006893,328.46291491162407,62.197163753794456,Fatigue
