emg_rms,emg_mav,emg_variance,emg_std,emg_waveform_length,emg_zero_crossing,emg_ssc,emg_kurtosis,emg_skewness,emg_peak,emg_median_freq,emg_mean_freq,emg_peak_freq,emg_total_power,emg_power_low,emg_power_mid,emg_power_high,class_name
41.95725900474949,13.093024357914848,-1386.5679493055432,14.646511110830849,664946.5039179593,20207.909856305127,28358.83755033833,10.82392254566776,0.157990524235051,432.25980123329487,56.32372243650852,87.12765448250187,57.67487654824143,22.41681832055008,212.2124931517919,521.9632298835365,-9.252766087592375,Fatigue
