emg_rms,emg_mav,emg_variance,emg_std,emg_waveform_length,emg_zero_crossing,emg_ssc,emg_kurtosis,emg_skewness,emg_peak,emg_median_freq,emg_mean_freq,emg_peak_freq,emg_total_power,emg_power_low,emg_power_mid,emg_power_high,class_name
38.14995660575866,14.56231082117562,1096.7576780394377,41.38460961474645,564564.5893325568,15148.677369034129,31814.91377154171,4.12801991606216,2.292801595870347,319.3781388447527,68.69369199048532,65.40997081566154,59.91881763043283,938.8443753580876,-130.1371984695498,22.97434994235033,30.877976628437068,Fatigue
