emg_rms,emg_mav,emg_variance,emg_std,emg_waveform_length,emg_zero_crossing,emg_ssc,emg_kurtosis,emg_skewness,emg_peak,emg_median_freq,emg_mean_freq,emg_peak_freq,emg_total_power,emg_power_low,emg_power_mid,emg_power_high,class_name
44.82280523040677,8.083197392424866,-163.54904148939022,4.975376226502618,608983.1181872818,14869.873803365928,29135.826024377067,9.934564142276988,-0.4653823088895995,326.608473984891,69.78353593179419,75.55845688317507,32.62094754079463,1481.018172129226,-91.9576392893058,262.94203782398233,-22.7441156920596,Fatigue
