emg_rms,emg_mav,emg_variance,emg_std,emg_waveform_length,emg_zero_crossing,emg_ssc,emg_kurtosis,emg_skewness,emg_peak,emg_median_freq,emg_mean_freq,emg_peak_freq,emg_total_power,emg_power_low,emg_power_mid,emg_power_high,class_name
50.31981861411641,17.39582350234955,825.7918842941971,59.4943384047811,286561.27846324374,14745.58889533558,33221.68114676604,4.625312746982609,-0.8113057152236421,331.53139519920774,48.97594089375092,91.1672431023812,82.95453442570054,377.6515128446703,251.48951122950385,77.1395025193049,1.020068367535259,Fatigue
