emg_rms,emg_mav,emg_variance,emg_std,emg_waveform_length,emg_zero_crossing,emg_ssc,emg_kurtosis,emg_skewness,emg_peak,emg_median_freq,emg_mean_freq,emg_peak_freq,emg_total_power,emg_power_low,emg_power_mid,emg_power_high,class_name
46.46377505164149,0.0761508856151564,-519.6840177004087,74.30914863377686,472389.0509361509,18075.19767799254,29231.298406079524,4.722076042136528,-0.0368143129739649,179.49343357807317,62.803231371480685,91.47539584398778,67.60614682777447,-44.65154266547421,-19.067695965776863,430.8515746036483,40.32149967562247,Fatigue
