emg_rms,emg_mav,emg_variance,emg_std,emg_waveform_length,emg_zero_crossing,emg_ssc,emg_kurtosis,emg_skewness,emg_peak,emg_median_freq,emg_mean_freq,emg_peak_freq,emg_total_power,emg_power_low,emg_power_mid,emg_power_high,class_name
13.773654382557377,24.11293106101056,2609.4466823436937,42.04243274229075,583651.644691285,12119.489429224051,20101.036424552574,4.199762988536948,-0.081901762650193,122.89846576915173,74.17176339687907,47.99049916197847,58.56945562397428,608.6922868457696,264.36714036943965,591.2206172327681,-3.741033922125656,Fatigue
