emg_rms,emg_mav,emg_variance,emg_std,emg_waveform_length,emg_zero_crossing,emg_ssc,emg_kurtosis,emg_skewness,emg_peak,emg_median_freq,emg_mean_freq,emg_peak_freq,emg_total_power,emg_power_low,emg_power_mid,emg_power_high,class_name
32.54508832471818,11.0718994074758,2181.683443195325,10.07643037947084,283869.0372464288,16545.806898849238,18848.921708058297,9.07006975566606,0.4911323456329424,426.5910682026088,73.91567011812938,67.06578582635734,70.17943320299858,702.3643014587677,361.7909876994901,-44.18572923157359,0.4298543073906291,Fatigue
