emg_rms,emg_mav,emg_variance,emg_std,emg_waveform_length,emg_zero_crossing,emg_ssc,emg_kurtosis,emg_skewness,emg_peak,emg_median_freq,emg_mean_freq,emg_peak_freq,emg_total_power,emg_power_low,emg_power_mid,emg_power_high,class_name
51.885222596229866,31.12053031581194,1220.290078256588,31.91850268953202,473315.2343564036,14699.26299901325,29912.6906999608,1.4808534041566563,0.5470258910076693,307.47224824385586,40.89946277516739,62.59930428138564,58.49657913969689,486.7000062613864,-19.82709889107932,243.1316034778144,20.547800471603423,Fatigue
