emg_rms,emg_mav,emg_variance,emg_std,emg_waveform_length,emg_zero_crossing,emg_ssc,emg_kurtosis,emg_skewness,emg_peak,emg_median_freq,emg_mean_freq,emg_peak_freq,emg_total_power,emg_power_low,emg_power_mid,emg_power_high,class_name
15.644177269649228,22.72860889088248,203.15800533843407,36.50526669349108,455507.9292496269,12307.358719753724,24323.47827227408,13.718484792795667,-0.2806066549952279,314.39842875006946,63.05732222519909,85.61048859644822,53.19409934998929,129.69068452636924,141.8333355052574,-291.357412640917,-6.109193722791776,Fatigue
