emg_rms,emg_mav,emg_variance,emg_std,emg_waveform_length,emg_zero_crossing,emg_ssc,emg_kurtosis,emg_skewness,emg_peak,emg_median_freq,emg_mean_freq,emg_peak_freq,emg_total_power,emg_power_low,emg_power_mid,emg_power_high,class_name
6.43307791533066,15.946151787333296,-372.9452403062592,55.95258064691278,419055.0968238185,13326.320220167228,29830.8112839786,15.35373792469911,-1.335618638660346,514.7712871841093,86.381068225113,88.12959696841041,46.712823230067926,257.1276041451764,-128.7293383653946,933.7556609637716,17.990076565582005,Fatigue
