emg_rms,emg_mav,emg_variance,emg_std,emg_waveform_length,emg_zero_crossing,emg_ssc,emg_kurtosis,emg_skewness,emg_peak,emg_median_freq,emg_mean_freq,emg_peak_freq,emg_total_power,emg_power_low,emg_power_mid,emg_power_high,class_name
24.808330748609546,10.936712554296111,5060.657654668174,21.56672598856664,131000.65098350616,7638.396537031509,27470.413552698526,4.389606267394698,-0.3807697864370666,522.9228344989548,63.7284457959329,94.9798323690526,66.79580413213658,-289.57174049851056,284.8185909924728,330.87589737210595,1.4746469811018326,Fatigue
