emg_rms,emg_mav,emg_variance,emg_std,emg_waveform_length,emg_zero_crossing,emg_ssc,emg_kurtosis,emg_skewness,emg_peak,emg_median_freq,emg_mean_freq,emg_peak_freq,emg_total_power,emg_power_low,emg_power_mid,emg_power_high,class_name
-1.9199959555020956,26.108463474720825,2411.948555543313,20.31442010507001,306698.2762562024,11022.459629772668,31998.69138902225,15.746868918427552,-0.4518064957573949,294.50407930173293,61.637296588280336,78.31851977149068,58.75255598724835,858.1668179344797,192.67650653028048,309.7149245151262,21.392841654948967,Fatigue
