emg_rms,emg_mav,emg_variance,emg_std,emg_waveform_length,emg_zero_crossing,emg_ssc,emg_kurtosis,emg_skewness,emg_peak,emg_median_freq,emg_mean_freq,emg_peak_freq,emg_total_power,emg_power_low,emg_power_mid,emg_power_high,class_name
49.96376687270115,9.446367161894996,1248.543003250801,55.71498650012511,167109.80661743245,13423.759829455166,29067.753064945064,19.92848382645561,-0.8177026079778876,415.53277097025466,64.15031267592687,82.69401306866813,51.157078142703874,1232.0939076500497,-105.17958763271756,185.18367008883683,19.112808619798137,Fatigue
