emg_rms,emg_mav,emg_variance,emg_std,emg_waveform_length,emg_zero_crossing,emg_ssc,emg_kurtosis,emg_skewness,emg_peak,emg_median_freq,emg_mean_freq,emg_peak_freq,emg_total_power,emg_power_low,emg_power_mid,emg_power_high,class_name
81.3397984730731,17.90734595757511,-1637.9779705977007,56.593038395511726,529830.5554102173,12572.273737099007,32982.643817133234,12.207708698584277,-0.1168782099887888,447.3349374212122,86.05589600467786,56.12630522390032,25.20483318108648,836.9683512315418,164.84880349813724,842.011714099544,18.110506683279745,Fatigue
