emg_rms,emg_mav,emg_variance,emg_std,emg_waveform_length,emg_zero_crossing,emg_ssc,emg_kurtosis,emg_skewness,emg_peak,emg_median_freq,emg_mean_freq,emg_peak_freq,emg_total_power,emg_power_low,emg_power_mid,emg_power_high,class_name
76.30034780298482,7.417753530139523,1715.6380183507017,33.63222802862787,635934.2627595107,16779.209907024313,26848.64591822542,19.898604511581723,0.9494829349943996,461.8798853343144,66.76850089765672,87.1744357737053,50.27341584019808,566.7580985618825,183.4560873724486,591.7617037938091,50.72760680260117,Fatigue
