emg_rms,emg_mav,emg_variance,emg_std,emg_waveform_length,emg_zero_crossing,emg_ssc,emg_kurtosis,emg_skewness,emg_peak,emg_median_freq,emg_mean_freq,emg_peak_freq,emg_total_power,emg_power_low,emg_power_mid,emg_power_high,class_name
25.591978490312457,25.774512258839916,3243.3067646615496,44.43867520346559,784500.9433076568,16214.32685343322,28947.174850194595,24.79736157126041,1.0079217578217388,375.6816858764737,82.05973734949949,85.08640562304468,42.28022342791616,459.0660708734874,166.6251549770302,285.50079619775494,2.9063594843961558,Fatigue
