emg_rms,emg_mav,emg_variance,emg_std,emg_waveform_length,emg_zero_crossing,emg_ssc,emg_kurtosis,emg_skewness,emg_peak,emg_median_freq,emg_mean_freq,emg_peak_freq,emg_total_power,emg_power_low,emg_power_mid,emg_power_high,class_name
17.420571638813055,2.576957991205808,610.4082843296189,4.086024900172106,387019.05749600346,17788.114760005137,28223.622489320416,7.373098877858935,0.4362884106221046,292.70810748509047,65.63231336936364,100.85503968201886,53.65725737708957,185.3422579698137,244.6840367932038,685.5200875974216,26.078090555298907,Fatigue
