emg_rms,emg_mav,emg_variance,emg_std,emg_waveform_length,emg_zero_crossing,emg_ssc,emg_kurtosis,emg_skewness,emg_peak,emg_median_freq,emg_mean_freq,emg_peak_freq,emg_total_power,emg_power_low,emg_power_mid,emg_power_high,class_name
34.04563628615303,18.64347361655608,3177.307284927366,31.282693348006752,471305.2086558177,15365.07877585609,40578.16072560706,-0.0138715241889464,-0.9963022068705792,421.7834358571328,79.72069223188089,66.18741519709741,46.42550143745413,-240.41920386156863,-27.18469556762949,-296.8422673940888,23.58796189289499,Fatigue
