emg_rms,emg_mav,emg_variance,emg_std,emg_waveform_length,emg_zero_crossing,emg_ssc,emg_kurtosis,emg_skewness,emg_peak,emg_median_freq,emg_mean_freq,emg_peak_freq,emg_total_power,emg_power_low,emg_power_mid,emg_power_high,class_name
38.21325652689979,33.245300110382125,1511.6568495329475,64.6234039845333,317826.7447589417,13787.49355300938,30731.574937569527,11.891342717073066,-2.5040037547781298,439.0387894200162,78.41250478261826,78.49753701896914,23.64382858344516,483.7865208924048,21.966291824635817,547.0387183904154,13.07989739710575,Fatigue
