emg_rms,emg_mav,emg_variance,emg_std,emg_waveform_length,emg_zero_crossing,emg_ssc,emg_kurtosis,emg_skewness,emg_peak,emg_median_freq,emg_mean_freq,emg_peak_freq,emg_total_power,emg_power_low,emg_power_mid,emg_power_high,class_name
30.77665450507274,31.32795077116128,6342.010758979562,51.47464801130021,226122.77544388885,7547.519020616198,30663.691576364283,16.893560097258344,0.8418858098211444,321.9189126833915,63.50027262239082,69.70462298998365,54.32828445430039,448.3199011751926,-204.3130211606256,820.0299458836663,-8.007059977317816,Fatigue
