emg_rms,emg_mav,emg_variance,emg_std,emg_waveform_length,emg_zero_crossing,emg_ssc,emg_kurtosis,emg_skewness,emg_peak,emg_median_freq,emg_mean_freq,emg_peak_freq,emg_total_power,emg_power_low,emg_power_mid,emg_power_high,class_name
36.20823995399255,7.751309413976903,566.8474988318033,0.1253051288919451,332975.9032172535,10608.684949382696,25596.583711826715,14.192209460095658,0.3411077162282196,260.3605326650095,57.38682387925956,91.1847845040627,62.19575686784337,318.7071906007378,109.69747315651094,250.39677599773933,61.06767661626124,Fatigue
