emg_rms,emg_mav,emg_variance,emg_std,emg_waveform_length,emg_zero_crossing,emg_ssc,emg_kurtosis,emg_skewness,emg_peak,emg_median_freq,emg_mean_freq,emg_peak_freq,emg_total_power,emg_power_low,emg_power_mid,emg_power_high,class_name
51.18426017752294,25.465736703614997,1002.306717664034,35.11826736166235,651321.4009281753,10385.71967769092,25399.72475088435,20.639241088902917,-1.6758848699160602,457.21318215226086,85.0513746560978,101.0161193251347,49.24036103091392,38.01747988594775,194.1232461995337,407.3666698007983,30.52998580360503,Fatigue
