emg_rms,emg_mav,emg_variance,emg_std,emg_waveform_length,emg_zero_crossing,emg_ssc,emg_kurtosis,emg_skewness,emg_peak,emg_median_freq,emg_mean_freq,emg_peak_freq,emg_total_power,emg_power_low,emg_power_mid,emg_power_high,class_name
68.49713998009771,12.277785074740136,5192.925813838427,62.23608048106112,257819.70598130743,10366.013475339274,29470.76201669852,10.937895123051325,1.9774945600259903,331.50008483914235,67.38161033998936,94.25145895984424,76.32715815337018,368.6709100972319,251.5389348011912,262.9337945191687,3.587561946353801,Fatigue
