emg_rms,emg_mav,emg_variance,emg_std,emg_waveform_length,emg_zero_crossing,emg_ssc,emg_kurtosis,emg_skewness,emg_peak,emg_median_freq,emg_mean_freq,emg_peak_freq,emg_total_power,emg_power_low,emg_power_mid,emg_power_high,class_name
54.6036654564793,24.64475092172853,2884.6033638378585,44.3793515029824,320469.76447280624,10613.814209067998,34133.37753189798,15.190228027255747,1.9548451671345128,13.57728213719497,79.29680159848854,74.64972160598047,72.72316042542474,712.4553767038082,259.50887610681383,360.6916234481585,11.74203671858265,Fatigue
