emg_rms,emg_mav,emg_variance,emg_std,emg_waveform_length,emg_zero_crossing,emg_ssc,emg_kurtosis,emg_skewness,emg_peak,emg_median_freq,emg_mean_freq,emg_peak_freq,emg_total_power,emg_power_low,emg_power_mid,emg_power_high,class_name
60.23586444228175,-6.3212279850122535,1207.4798519926374,38.35901004782552,-63683.33514099562,8102.34384324493,36802.06418021992,15.346666815985296,0.6756074613428945,400.21094452826674,70.33686410332267,99.4086973008686,42.13231942858528,251.1934273453245,145.80698211109345,430.2404987169909,3.772033499488282,Fatigue
