emg_rms,emg_mav,emg_variance,emg_std,emg_waveform_length,emg_zero_crossing,emg_ssc,emg_kurtosis,emg_skewness,emg_peak,emg_median_freq,emg_mean_freq,emg_peak_freq,emg_total_power,emg_power_low,emg_power_mid,emg_power_high,class_name
70.70412971164781,4.82249354085563,-691.8545575887078,41.3651789864108,226899.38691735067,11095.48429412362,33130.74614407817,19.441729771048134,0.3160401697347204,341.47583425610225,72.32421102098677,70.40674788173077,64.58768791084086,-105.31772955907246,334.29504837318643,649.3934505803766,3.546208223021315,Fatigue
