emg_rms,emg_mav,emg_variance,emg_std,emg_waveform_length,emg_zero_crossing,emg_ssc,emg_kurtosis,emg_skewness,emg_peak,emg_median_freq,emg_mean_freq,emg_peak_freq,emg_total_power,emg_power_low,emg_power_mid,emg_power_high,class_name
35.685304552021215,8.654711817251432,5819.064000525732,47.618287682645146,391169.2031070052,9235.076752909565,28233.873289246683,7.973022682212879,1.469643542338847,314.1283648876873,72.8192217095426,94.66161102361409,51.21923432843544,-543.6032781220729,267.7875703434896,152.47558952042738,19.82207989019938,Fatigue
