emg_rms,emg_mav,emg_variance,emg_std,emg_waveform_length,emg_zero_crossing,emg_ssc,emg_kurtosis,emg_skewness,emg_peak,emg_median_freq,emg_mean_freq,emg_peak_freq,emg_total_power,emg_power_low,emg_power_mid,emg_power_high,class_name
36.94984257453164,12.09090407049106,2752.211795916491,47.510287710214754,388093.70911009575,16987.052797140845,31831.088747731064,9.69314521692186,-1.2102182887600272,389.4599046753101,71.65328881671137,86.34107813859109,63.713667107529794,1083.4285492000251,219.17110681092535,280.65801178525135,19.0494872097296,Fatigue
