emg_rms,emg_mav,emg_variance,emg_std,emg_waveform_length,emg_zero_crossing,emg_ssc,emg_kurtosis,emg_skewness,emg_peak,emg_median_freq,emg_mean_freq,emg_peak_freq,emg_total_power,emg_power_low,emg_power_mid,emg_power_high,class_name
61.65815381792049,23.08473979269823,2595.4251717345205,30.59611389190354,564548.6072259608,12969.079549408229,28148.068249112395,16.38586831704395,0.011063103535809,368.44818868374966,45.596853129862325,89.23474784393366,47.40060839341328,460.7155607891318,-160.5505287963283,68.86677129398467,27.463323081189795,Fatigue
