emg_rms,emg_mav,emg_variance,emg_std,emg_waveform_length,emg_zero_crossing,emg_ssc,emg_kurtosis,emg_skewness,emg_peak,emg_median_freq,emg_mean_freq,emg_peak_freq,emg_total_power,emg_power_low,emg_power_mid,emg_power_high,class_name
14.643951215530262,3.617014549642452,-96.96307090760683,42.00218519822829,483434.2244418677,16812.10470939668,26530.084436213547,4.141576531201719,1.7263306563943437,436.9495084726087,72.31996112392439,78.5551616792077,28.880495714737208,-310.40216279448697,237.7643243633474,533.272136532955,47.11337608034254,Fatigue
