emg_rms,emg_mav,emg_variance,emg_std,emg_waveform_length,emg_zero_crossing,emg_ssc,emg_kurtosis,emg_skewness,emg_peak,emg_median_freq,emg_mean_freq,emg_peak_freq,emg_total_power,emg_power_low,emg_power_mid,emg_power_high,class_name
24.94596758910029,21.34190181926176,2822.8290715155954,53.18818035557937,149113.62440032332,13527.284642619064,29406.207172309,9.68949770916756,0.8219433546976582,414.7506290649619,71.90108325474763,89.27265246013778,58.89027402848472,741.1917623565871,191.70152414292977,350.9769091146388,-8.337480733851347,Fatigue
