emg_rms,emg_mav,emg_variance,emg_std,emg_waveform_length,emg_zero_crossing,emg_ssc,emg_kurtosis,emg_skewness,emg_peak,emg_median_freq,emg_mean_freq,emg_peak_freq,emg_total_power,emg_power_low,emg_power_mid,emg_power_high,class_name
31.071171732120384,26.197050857836157,187.25777188504023,25.294278992758837,353287.3229961925,15285.182225356812,28898.34766998801,7.323750841198392,0.45641947762157,363.39060445147527,46.23508197079717,65.54564202436475,55.98617352945438,677.6241329109475,9.280182015910285,326.84079031438216,13.280176317163969,Fatigue
