emg_rms,emg_mav,emg_variance,emg_std,emg_waveform_length,emg_zero_crossing,emg_ssc,emg_kurtosis,emg_skewness,emg_peak,emg_median_freq,emg_mean_freq,emg_peak_freq,emg_total_power,emg_power_low,emg_power_mid,emg_power_high,class_name
24.309275044631555,11.555779920066229,1488.1568141320342,31.4101838882044,643749.3937239599,21482.37175629669,25928.052762262352,3.1481684242528782,1.308399728757612,433.791322007564,67.15446786237054,84.20573965737377,41.50438863855112,268.3437259624883,210.7670054152705,-26.738355410157567,45.43392053707687,Fatigue
