emg_rms,emg_mav,emg_variance,emg_std,emg_waveform_length,emg_zero_crossing,emg_ssc,emg_kurtosis,emg_skewness,emg_peak,emg_median_freq,emg_mean_freq,emg_peak_freq,emg_total_power,emg_power_low,emg_power_mid,emg_power_high,class_name
21.19165273723512,7.780749747300053,1117.8263465474822,28.41203988654805,444288.1938196838,19185.043200496904,31027.411986759464,17.436391720542424,-0.4746908178869279,444.3450469772741,34.00932473475751,83.67219663925277,53.54095508822102,114.54942936425311,241.42757624254887,604.9515666386405,-6.247309885560533,Fatigue
