emg_rms,emg_mav,emg_variance,emg_std,emg_waveform_length,emg_zero_crossing,emg_ssc,emg_kurtosis,emg_skewness,emg_peak,emg_median_freq,emg_mean_freq,emg_peak_freq,emg_total_power,emg_power_low,emg_power_mid,emg_power_high,class_name
36.011296121636725,8.379581605090056,240.4208421933629,52.6836699321,189357.5253848165,19085.18412732746,24663.145470505784,21.71553037303184,1.7382592118714046,283.2558881814219,80.4796035630904,93.6750947577248,64.51996481627721,424.2661230202559,202.36586099173735,43.121246118940405,48.00800800984937,Fatigue
