emg_rms,emg_mav,emg_variance,emg_std,emg_waveform_length,emg_zero_crossing,emg_ssc,emg_kurtosis,emg_skewness,emg_peak,emg_median_freq,emg_mean_freq,emg_peak_freq,emg_total_power,emg_power_low,emg_power_mid,emg_power_high,class_name
27.193031249443656,22.25332202858373,5060.943163170157,32.09332873643882,577157.1536634227,12443.844002046706,30057.620438616024,11.681244265122409,1.019329441775915,307.68952190548083,73.53470070474877,83.14114531437204,33.33893906526032,91.6169078560876,-17.869988662015174,627.7152460375669,-6.966969931351162,Fatigue
