emg_rms,emg_mav,emg_variance,emg_std,emg_waveform_length,emg_zero_crossing,emg_ssc,emg_kurtosis,emg_skewness,emg_peak,emg_median_freq,emg_mean_freq,emg_peak_freq,emg_total_power,emg_power_low,emg_power_mid,emg_power_high,class_name
5.659582309831318,25.3252798020678,4624.847572626949,-12.886972920423323,208100.21753838664,19825.478683941823,26718.879117667995,17.862371187172972,-0.0986641241928761,339.0655101737564,75.27622703462485,101.60568799888736,59.08021488796197,259.6292933185095,381.2417327171155,-152.46468995258738,-32.92814481293384,Fatigue
