emg_rms,emg_mav,emg_variance,emg_std,emg_waveform_length,emg_zero_crossing,emg_ssc,emg_kurtosis,emg_skewness,emg_peak,emg_median_freq,emg_mean_freq,emg_peak_freq,emg_total_power,emg_power_low,emg_power_mid,emg_power_high,class_name
39.93627367567671,25.82085379061936,3513.499598930547,35.49102598655589,369027.43839287513,11156.139311182958,29910.86545351671,8.644843947177282,0.2850567808677315,96.16155848641128,69.08864351642019,104.05131148649927,52.50009894254636,557.9530995770863,77.42537240637395,-9.23683774175305,30.163353440671777,Fatigue
