emg_rms,emg_mav,emg_variance,emg_std,emg_waveform_length,emg_zero_crossing,emg_ssc,emg_kurtosis,emg_skewness,emg_peak,emg_median_freq,emg_mean_freq,emg_peak_freq,emg_total_power,emg_power_low,emg_power_mid,emg_power_high,class_name
59.40302002857709,25.819540527803422,485.25780723721846,24.39199114317511,352368.41734161496,15762.166186137492,29757.11133438592,18.284747277887625,-0.2094509225384313,201.98576470676213,77.17623403898854,71.22101246625122,72.83244885201259,-58.918414721862575,56.43740843898964,316.9975561779005,22.577697100011225,Fatigue
