emg_rms,emg_mav,emg_variance,emg_std,emg_waveform_length,emg_zero_crossing,emg_ssc,emg_kurtosis,emg_skewness,emg_peak,emg_median_freq,emg_mean_freq,emg_peak_freq,emg_total_power,emg_power_low,emg_power_mid,emg_power_high,class_name
29.787012348932336,24.341264140784396,446.49305003028894,25.91416755468716,567897.7663369909,15447.527829583058,29354.49334557545,12.034007239715702,0.4559576655913953,268.9666608104468,65.04276755709738,80.18294610837786,59.10684170441106,536.3573104522636,216.5157168878049,131.2102334377404,58.43435552782496,Fatigue
