emg_rms,emg_mav,emg_variance,emg_std,emg_waveform_length,emg_zero_crossing,emg_ssc,emg_kurtosis,emg_skewness,emg_peak,emg_median_freq,emg_mean_freq,emg_peak_freq,emg_total_power,emg_power_low,emg_power_mid,emg_power_high,class_name
33.24203417444321,10.527071089742346,3021.664614561624,29.971320433521505,586414.9192101802,12224.125958148306,32413.652662478977,18.622261325151413,0.6953197042327017,364.158076394407,59.49962482873996,86.3700723143377,65.73515279145893,-405.8590382354392,-34.038960994352266,8.764353297309526,18.17248982243795,Fatigue
