emg_rms,emg_mav,emg_variance,emg_std,emg_waveform_length,emg_zero_crossing,emg_ssc,emg_kurtosis,emg_skewness,emg_peak,emg_median_freq,emg_mean_freq,emg_peak_freq,emg_total_power,emg_power_low,emg_power_mid,emg_power_high,class_name
13.83636551774131,15.529523910298838,1972.610973699453,46.81599356916978,660969.6207551146,13983.210839748454,32858.47400257985,10.360574020485169,-0.9622739262290542,431.1776960092,59.60650348678214,77.42284402688473,39.05922228653226,686.1092614236237,259.2290933331433,143.31761156224545,39.463274282673545,Fatigue
