emg_rms,emg_mav,emg_variance,emg_std,emg_waveform_length,emg_zero_crossing,emg_ssc,emg_kurtosis,emg_skewness,emg_peak,emg_median_freq,emg_mean_freq,emg_peak_freq,emg_total_power,emg_power_low,emg_power_mid,emg_power_high,class_name
52.914724910285216,12.41675632606106,5742.256772447885,50.21539265809945,-82088.24328839564,14623.39038111299,26305.299337420263,18.24352696983084,0.2223745263730712,448.6599088388764,81.46960187206838,80.12833750463122,62.323574000792895,987.4162101504328,56.40057937481368,293.45960531522144,57.61880393965766,Fatigue
