emg_rms,emg_mav,emg_variance,emg_std,emg_waveform_length,emg_zero_crossing,emg_ssc,emg_kurtosis,emg_skewness,emg_peak,emg_median_freq,emg_mean_freq,emg_peak_freq,emg_total_power,emg_power_low,emg_power_mid,emg_power_high,class_name
37.44362534782883,19.67206715021876,-138.73285715770135,83.57866322087528,250291.8320057382,12559.788524267648,30994.75182731913,8.116033591784788,-0.5568559172214738,211.4358278024328,66.64971039487124,92.7793608543588,80.77747894967364,539.3832551356842,193.05622340615608,111.22155411816595,37.39724643868424,Fatigue
