emg_rms,emg_mav,emg_variance,emg_std,emg_waveform_length,emg_zero_crossing,emg_ssc,emg_kurtosis,emg_skewness,emg_peak,emg_median_freq,emg_mean_freq,emg_peak_freq,emg_total_power,emg_power_low,emg_power_mid,emg_power_high,class_name
26.01847417978305,6.140335545455324,3314.7196770453315,59.454867930754745,639079.5541510347,16004.60049960882,33311.06580829465,16.489065350159848,0.3858368011292923,369.81900198826736,81.2121167590813,108.5528937811582,77.06771185495171,195.27777107045392,-122.9082078828844,-174.34816187422115,-14.598243392718537,Fatigue
