emg_rms,emg_mav,emg_variance,emg_std,emg_waveform_length,emg_zero_crossing,emg_ssc,emg_kurtosis,emg_skewness,emg_peak,emg_median_freq,emg_mean_freq,emg_peak_freq,emg_total_power,emg_power_low,emg_power_mid,emg_power_high,class_name
-3.9786804478602775,1.2053086109171236,-2320.122927061573,55.21491884835153,664025.4700070794,19060.37977519344,22118.781239173324,15.535226656594189,-1.116617148731212,371.1478943344498,54.028546750347374,85.57775719096179,87.43466865134397,430.8420507481217,188.54590872801168,118.25302371764909,29.57877366920292,Fatigue
