emg_rms,emg_mav,emg_variance,emg_std,emg_waveform_length,emg_zero_crossing,emg_ssc,emg_kurtosis,emg_skewness,emg_peak,emg_median_freq,emg_mean_freq,emg_peak_freq,emg_total_power,emg_power_low,emg_power_mid,emg_power_high,class_name
25.31342177056042,13.161117032145851,-1424.856538128879,37.0804733379374,815614.347547703,13069.228014685968,23974.496907596527,16.967414950756268,-0.3878195610201836,214.74065980481976,44.93407777674163,75.12121513159835,49.9165993913255,-437.9497149113982,78.3358022069309,1127.6990037150945,-6.440143120118986,Fatigue
