emg_rms,emg_mav,emg_variance,emg_std,emg_waveform_length,emg_zero_crossing,emg_ssc,emg_kurtosis,emg_skewness,emg_peak,emg_median_freq,emg_mean_freq,emg_peak_freq,emg_total_power,emg_power_low,emg_power_mid,emg_power_high,class_name
47.16131334114221,28.155159831685022,2318.940596856321,65.61771857424347,501385.8481971204,15803.832030308473,29606.51891255384,7.234011271211742,-0.6771742534475654,252.2395630557852,64.28246544119376,113.38691402578696,68.46517509724477,601.5164572221219,176.19992848306453,353.77459620987213,-21.02288835529716,Fatigue
