emg_rms,emg_mav,emg_variance,emg_std,emg_waveform_length,emg_zero_crossing,emg_ssc,emg_kurtosis,emg_skewness,emg_peak,emg_median_freq,emg_mean_freq,emg_peak_freq,emg_total_power,emg_power_low,emg_power_mid,emg_power_high,class_name
41.21722425371882,21.6754671404904,4630.082270530555,34.41758482958261,340393.57917884627,9205.496584445136,25270.34945583456,4.062561456885607,0.2681274501026442,206.87694714001543,68.4888297372373,66.36003058903935,35.973970942224625,749.8209601790869,118.33747320567667,706.9977962260548,12.387558440108943,Fatigue
