emg_rms,emg_mav,emg_variance,emg_std,emg_waveform_length,emg_zero_crossing,emg_ssc,emg_kurtosis,emg_skewness,emg_peak,emg_median_freq,emg_mean_freq,emg_peak_freq,emg_total_power,emg_power_low,emg_power_mid,emg_power_high,class_name
59.49801498605169,13.166039455436348,5216.835882248344,55.19462930738639,285600.485643705,21134.477637428132,30417.701154911,10.55022221664691,-0.1986598082030033,370.3956292029866,72.17840823772971,93.04200526701112,70.19129649528142,869.8332606693107,-96.93188558507762,225.155000124572,-18.324731187767988,Fatigue
