emg_rms,emg_mav,emg_variance,emg_std,emg_waveform_length,emg_zero_crossing,emg_ssc,emg_kurtosis,emg_skewness,emg_peak,emg_median_freq,emg_mean_freq,emg_peak_freq,emg_total_power,emg_power_low,emg_power_mid,emg_power_high,class_name
14.756110675098633,31.95228126144709,2338.009437707654,45.1964386421719,213941.0105005559,13606.971338610589,31434.52926820437,-0.0886504114249184,1.202141043655293,196.02450101828072,63.11697316147976,57.8281549304002,55.6807670168177,191.17868782551835,70.1375799084732,847.1181030564486,-43.51814911308758,Fatigue
