emg_rms,emg_mav,emg_variance,emg_std,emg_waveform_length,emg_zero_crossing,emg_ssc,emg_kurtosis,emg_skewness,emg_peak,emg_median_freq,emg_mean_freq,emg_peak_freq,emg_total_power,emg_power_low,emg_power_mid,emg_power_high,class_name
90.91740036226892,6.822484609792102,-3174.828150806041,39.24070446936189,529225.4393655371,18140.89063672074,23212.00643530883,6.15750913600631,-1.5403886786089194,442.2165917783017,64.9425345927001,116.18811600715394,53.77575143348189,668.8327639025005,321.05489827128184,651.312831300844,55.782110005347015,Fatigue
