emg_rms,emg_mav,emg_variance,emg_std,emg_waveform_length,emg_zero_crossing,emg_ssc,emg_kurtosis,emg_skewness,emg_peak,emg_median_freq,emg_mean_freq,emg_peak_freq,emg_total_power,emg_power_low,emg_power_mid,emg_power_high,class_name
56.00154242350622,7.771084375325129,1835.7614737942276,15.677911472695104,56185.52825622022,5439.119102689956,16259.064703765387,11.078649454949936,0.2971843033866418,502.26169817056194,62.00897719976721,64.51279958748509,72.72653578527778,-859.0436691031962,-166.257271923048,96.6737833781167,92.2622336402847,Fatigue
