emg_rms,emg_mav,emg_variance,emg_std,emg_waveform_length,emg_zero_crossing,emg_ssc,emg_kurtosis,emg_skewness,emg_peak,emg_median_freq,emg_mean_freq,emg_peak_freq,emg_total_power,emg_power_low,emg_power_mid,emg_power_high,class_name
43.65095959654471,13.753915597593508,1826.5204524954547,35.474714591996765,321004.95233944384,13867.45954731087,29050.1326742,19.03230538099208,-0.7249212801135784,424.1996514704919,64.14022249837961,74.20028777886864,51.89841974197068,455.3944074038101,157.887959832076,360.7183590027641,3.2186401269801834,Fatigue
