emg_rms,emg_mav,emg_variance,emg_std,emg_waveform_length,emg_zero_crossing,emg_ssc,emg_kurtosis,emg_skewness,emg_peak,emg_median_freq,emg_mean_freq,emg_peak_freq,emg_total_power,emg_power_low,emg_power_mid,emg_power_high,class_name
56.7654207963521,19.20436294698544,49.32711650213696,47.77822190006904,218761.58971302267,13812.80199333441,32209.372997758983,10.904237630579368,0.0020876994317655,533.2596621487196,60.37780918836895,98.88499511364446,60.42501785556959,605.8722571648918,33.368364760689744,106.50116090875512,9.22613609242676,Fatigue
