emg_rms,emg_mav,emg_variance,emg_std,emg_waveform_length,emg_zero_crossing,emg_ssc,emg_kurtosis,emg_skewness,emg_peak,emg_median_freq,emg_mean_freq,emg_peak_freq,emg_total_power,emg_power_low,emg_power_mid,emg_power_high,class_name
10.660622071600798,15.010081344108531,6963.503648179774,8.547079388904582,252671.31780910675,15045.05397018124,27890.45321610578,6.744000690528068,-0.121134994293969,333.7997801528064,85.54420532183387,89.51421610533976,67.00241173590975,926.8193416704232,259.1755707775864,622.0748150610655,8.364475728703653,Fatigue
