emg_rms,emg_mav,emg_variance,emg_std,emg_waveform_length,emg_zero_crossing,emg_ssc,emg_kurtosis,emg_skewness,emg_peak,emg_median_freq,emg_mean_freq,emg_peak_freq,emg_total_power,emg_power_low,emg_power_mid,emg_power_high,class_name
-17.80329101435946,18.827669356331462,1979.0150094543849,28.213712636992778,241284.22698952377,10696.861022980607,26019.290992943363,8.65869204056764,-0.4972319140303406,308.6274875643568,80.18387405821746,78.62149434887816,72.73572133196292,738.3789281997604,120.90707382258438,-14.685115252658363,37.59341112188069,Fatigue
