emg_rms,emg_mav,emg_variance,emg_std,emg_waveform_length,emg_zero_crossing,emg_ssc,emg_kurtosis,emg_skewness,emg_peak,emg_median_freq,emg_mean_freq,emg_peak_freq,emg_total_power,emg_power_low,emg_power_mid,emg_power_high,class_name
34.066386818522226,21.797164640858767,2476.1717049452045,34.88409117155605,517000.6662820438,13032.693500015748,29551.556586399827,13.223804896858049,-1.84549650281203,367.8352356774283,64.22883303051287,94.3933079491844,58.41566147540826,756.2327992812777,437.2723579418892,262.9378193338804,36.56951827035991,Fatigue
