emg_rms,emg_mav,emg_variance,emg_std,emg_waveform_length,emg_zero_crossing,emg_ssc,emg_kurtosis,emg_skewness,emg_peak,emg_median_freq,emg_mean_freq,emg_peak_freq,emg_total_power,emg_power_low,emg_power_mid,emg_power_high,class_name
28.289552289581028,13.803803667718164,737.3853682621341,36.98503820491874,668351.8897640316,15863.981489774464,30263.623076009768,11.998056023180752,0.932190095985226,435.2748567388065,74.79233748573094,81.77008445071036,81.06889354540068,1018.4812447266428,77.11909288536512,819.7735541389222,58.444273365293895,Fatigue
