emg_rms,emg_mav,emg_variance,emg_std,emg_waveform_length,emg_zero_crossing,emg_ssc,emg_kurtosis,emg_skewness,emg_peak,emg_median_freq,emg_mean_freq,emg_peak_freq,emg_total_power,emg_power_low,emg_power_mid,emg_power_high,class_name
35.7511101580379,26.48086130338234,2545.616897934874,1.9550667088767355,278113.73831211985,14997.30121068992,31885.288057338184,6.840623780931168,1.044950802103801,335.0144024229131,66.83756017253624,75.81507430096401,42.05009720906348,-423.86664581250926,195.66011794153712,260.3590534116656,45.14547855776547,Fatigue
