emg_rms,emg_mav,emg_variance,emg_std,emg_waveform_length,emg_zero_crossing,emg_ssc,emg_kurtosis,emg_skewness,emg_peak,emg_median_freq,emg_mean_freq,emg_peak_freq,emg_total_power,emg_power_low,emg_power_mid,emg_power_high,class_name
51.85997236138542,27.179302947154323,-582.8077303164346,63.01864455213004,193211.77255573383,12933.007334539669,25419.09046195962,10.434770985155804,0.6492981361582915,272.04751476205445,94.20171708852172,99.0334754793209,70.5909492540994,-263.4371815256476,65.43184125232884,-97.72942628031086,18.214039484951925,Fatigue
