emg_rms,emg_mav,emg_variance,emg_std,emg_waveform_length,emg_zero_crossing,emg_ssc,emg_kurtosis,emg_skewness,emg_peak,emg_median_freq,emg_mean_freq,emg_peak_freq,emg_total_power,emg_power_low,emg_power_mid,emg_power_high,class_name
11.077925329504293,9.513844210487992,88.89470209336855,50.814228017735694,474473.8546565566,12625.686942636636,27562.97711461378,9.201846191572972,0.2117050021814381,125.84501893399604,81.84811192940512,66.64449355812204,60.88574464071946,1248.9694593073468,279.25567480435257,477.0460142235137,63.7473611523894,Fatigue
