emg_rms,emg_mav,emg_variance,emg_std,emg_waveform_length,emg_zero_crossing,emg_ssc,emg_kurtosis,emg_skewness,emg_peak,emg_median_freq,emg_mean_freq,emg_peak_freq,emg_total_power,emg_power_low,emg_power_mid,emg_power_high,class_name
18.511149166710343,-5.296530592126896,-3586.892726312053,36.79439672084197,314129.91416861454,16081.499789054413,31310.0885186708,14.924524811964464,0.953244815550372,396.0636917491902,68.21870091537077,61.49595991731246,87.34572546596061,816.3416855977132,259.28943813138244,759.8656512055334,11.923364202846138,Fatigue
