emg_rms,emg_mav,emg_variance,emg_std,emg_waveform_length,emg_zero_crossing,emg_ssc,emg_kurtosis,emg_skewness,emg_peak,emg_median_freq,emg_mean_freq,emg_peak_freq,emg_total_power,emg_power_low,emg_power_mid,emg_power_high,class_name
23.667892787341387,21.3300564617136,3458.4995423336386,37.65415538333185,184881.29761601015,12192.388390703018,29536.114565763208,15.031109217605849,-1.463350462511483,320.207237856627,78.85900661570673,73.08721777823887,58.187942082192045,-348.61392118381235,354.1196818048395,908.4961452881648,7.039173076422836,Fatigue
