emg_rms,emg_mav,emg_variance,emg_std,emg_waveform_length,emg_zero_crossing,emg_ssc,emg_kurtosis,emg_skewness,emg_peak,emg_median_freq,emg_mean_freq,emg_peak_freq,emg_total_power,emg_power_low,emg_power_mid,emg_power_high,class_name
25.689642918942,16.393423782712517,2034.8158322939544,48.94673797424905,463397.3035647474,18718.40422731416,21110.278141178947,3.831399826778494,-0.1160311898627269,391.2303922398679,51.60252512820262,80.08936351665425,50.57906948424875,723.5073808060487,306.55977664881704,397.9142406986453,19.14353433989412,Fatigue
