emg_rms,emg_mav,emg_variance,emg_std,emg_waveform_length,emg_zero_crossing,emg_ssc,emg_kurtosis,emg_skewness,emg_peak,emg_median_freq,emg_mean_freq,emg_peak_freq,emg_total_power,emg_power_low,emg_power_mid,emg_power_high,class_name
86.9128024077551,5.134222435893262,4079.241847118168,44.1141378768425,670108.3697680132,15917.794377561691,25655.165693318988,20.678508202676447,1.4275421076720487,278.8052092252323,81.50273105432926,68.55363025018335,70.2467686134743,595.0050810088022,132.4880361385516,580.2757184516428,68.23897189689649,Fatigue
