emg_rms,emg_mav,emg_variance,emg_std,emg_waveform_length,emg_zero_crossing,emg_ssc,emg_kurtosis,emg_skewness,emg_peak,emg_median_freq,emg_mean_freq,emg_peak_freq,emg_total_power,emg_power_low,emg_power_mid,emg_power_high,class_name
29.656192102004564,24.07762114809677,414.63199819960414,43.39208197043697,34437.06281181617,12799.808999396497,29882.561383508604,9.76745008845092,-2.358735112919535,166.07120751906606,70.71343069880417,61.79682768580094,61.69840088322295,409.6001914498641,-39.33406145842508,562.5919211738152,-20.002433373823337,Fatigue
