emg_rms,emg_mav,emg_variance,emg_std,emg_waveform_length,emg_zero_crossing,emg_ssc,emg_kurtosis,emg_skewness,emg_peak,emg_median_freq,emg_mean_freq,emg_peak_freq,emg_total_power,emg_power_low,emg_power_mid,emg_power_high,class_name
45.45187268745196,6.310848482016919,2117.0921466792706,-7.852834566777439,147093.94710432494,13169.479334808037,31888.906322577317,18.37478702512576,1.2017680921067295,319.531353787022,63.59723782912421,96.58499771823656,52.21499272091411,-313.36994834842204,137.611246532332,-35.09263238509698,47.99230631157806,Fatigue
