emg_rms,emg_mav,emg_variance,emg_std,emg_waveform_length,emg_zero_crossing,emg_ssc,emg_kurtosis,emg_skewness,emg_peak,emg_median_freq,emg_mean_freq,emg_peak_freq,emg_total_power,emg_power_low,emg_power_mid,emg_power_high,class_name
14.47858991218128,23.078483283341768,-630.1707907347177,36.58331334936952,101788.38515136752,17086.933748078693,22782.935775518254,21.30552090284573,0.9251413727733724,398.907821665802,56.0084934293767,77.487864538448,44.30638022944628,981.7679546384578,163.44115545909588,935.5154885923916,16.163219704183202,Fatigue
