emg_rms,emg_mav,emg_variance,emg_std,emg_waveform_length,emg_zero_crossing,emg_ssc,emg_kurtosis,emg_skewness,emg_peak,emg_median_freq,emg_mean_freq,emg_peak_freq,emg_total_power,emg_power_low,emg_power_mid,emg_power_high,class_name
61.23529260626778,14.750937335513422,1544.5519405776497,29.83332181764344,229976.49002925432,19813.417607475512,34659.72184506195,9.579454131083866,0.0724689797097514,248.13528819807485,50.40115409690238,60.428536517649206,67.34537231403814,897.6302451472409,-282.4122100668437,270.7787054025505,26.98598563591615,Fatigue
