emg_rms,emg_mav,emg_variance,emg_std,emg_waveform_length,emg_zero_crossing,emg_ssc,emg_kurtosis,emg_skewness,emg_peak,emg_median_freq,emg_mean_freq,emg_peak_freq,emg_total_power,emg_power_low,emg_power_mid,emg_power_high,class_name
20.498920585966623,16.128506475039895,-300.9860236604609,23.28469798572783,800771.5597088151,8492.172226314393,29545.289113820792,4.943898119076413,1.818949346629695,143.48314114480928,73.35767414693066,100.62572648011933,56.25445075973442,534.04977475747,-53.19715797949988,741.5254258126968,18.921951413676112,Fatigue
