emg_rms,emg_mav,emg_variance,emg_std,emg_waveform_length,emg_zero_crossing,emg_ssc,emg_kurtosis,emg_skewness,emg_peak,emg_median_freq,emg_mean_freq,emg_peak_freq,emg_total_power,emg_power_low,emg_power_mid,emg_power_high,class_name
34.23607919059147,8.138925399891546,-1322.2771296019732,45.31550425183917,218218.97533902657,12174.923993411634,22917.5348382806,6.628027873874827,1.370109488703492,292.2559045981626,59.324630505497154,62.52732281048101,65.08443802843776,350.7190423392745,262.9132741881223,-209.2722240066913,2.290523859708077,Fatigue
