emg_rms,emg_mav,emg_variance,emg_std,emg_waveform_length,emg_zero_crossing,emg_ssc,emg_kurtosis,emg_skewness,emg_peak,emg_median_freq,emg_mean_freq,emg_peak_freq,emg_total_power,emg_power_low,emg_power_mid,emg_power_high,class_name
67.19058123176482,14.34266886823513,-467.2412983345112,51.806402316164366,472085.7053468904,9500.918306453706,29269.57850721972,13.569693858059267,2.936291193985418,406.76890576823394,36.70776762039064,74.11116654798452,56.7495983963217,-81.07940263659606,7.746914463441044,-446.7739436660704,36.077440483623405,Fatigue
