emg_rms,emg_mav,emg_variance,emg_std,emg_waveform_length,emg_zero_crossing,emg_ssc,emg_kurtosis,emg_skewness,emg_peak,emg_median_freq,emg_mean_freq,emg_peak_freq,emg_total_power,emg_power_low,emg_power_mid,emg_power_high,class_name
6.776805890980949,11.610015790381496,2032.8437158862623,44.67987557063887,474550.0098107389,12640.405699044277,27661.93542817573,8.635582838038811,0.4502144144245857,596.921304209258,88.06099042187958,77.85881482678619,48.61697058509368,470.54815225975256,283.17367216553043,500.5944476014419,1.8534949137968653,Fatigue
