emg_rms,emg_mav,emg_variance,emg_std,emg_waveform_length,emg_zero_crossing,emg_ssc,emg_kurtosis,emg_skewness,emg_peak,emg_median_freq,emg_mean_freq,emg_peak_freq,emg_total_power,emg_power_low,emg_power_mid,emg_power_high,class_name
57.59951692558974,1.4270228738299693,2403.085336358881,38.22373810007234,273497.0845395517,7679.637056840168,32836.445723336816,5.268541432037838,-0.3297142216479334,335.472634294874,85.85237212134315,82.25377087473241,70.10723325511336,328.69982227388016,329.1124431546464,542.1231824972031,55.747778253848765,Fatigue
