emg_rms,emg_mav,emg_variance,emg_std,emg_waveform_length,emg_zero_crossing,emg_ssc,emg_kurtosis,emg_skewness,emg_peak,emg_median_freq,emg_mean_freq,emg_peak_freq,emg_total_power,emg_power_low,emg_power_mid,emg_power_high,class_name
43.68841457415749,29.49493778700928,-1106.6419384818796,35.45822599360965,396858.66523639,17553.085735442368,28591.220291260142,17.916830843057777,0.2093162659522473,403.1719703472144,63.17325183278062,74.18113919040981,72.34082996053124,260.94444260824355,72.83526824921583,233.2570718593945,-33.77583151451402,Fatigue
