emg_rms,emg_mav,emg_variance,emg_std,emg_waveform_length,emg_zero_crossing,emg_ssc,emg_kurtosis,emg_skewness,emg_peak,emg_median_freq,emg_mean_freq,emg_peak_freq,emg_total_power,emg_power_low,emg_power_mid,emg_power_high,class_name
47.74263927714016,17.090104639422407,3164.538338606396,74.40276202771662,230583.06509782,19610.51963413168,28878.478466596163,14.921267273405643,1.5608842584872051,129.37976828876435,72.52387769584682,79.88541977752828,57.99435959742101,-298.7050028729444,10.31088847220127,-199.7047350764801,50.68224243766004,Fatigue
