emg_rms,emg_mav,emg_variance,emg_std,emg_waveform_length,emg_zero_crossing,emg_ssc,emg_kurtosis,emg_skewness,emg_peak,emg_median_freq,emg_mean_freq,emg_peak_freq,emg_total_power,emg_power_low,emg_power_mid,emg_power_high,class_name
-0.5624688468358272,9.215788404164268,537.1610276930332,36.91917798364148,465126.0094217252,14138.977727388126,34151.16569361137,6.203756859317815,0.9104066062315228,392.5699841639856,61.84681306088717,59.04132478014584,47.95183158456104,559.3224210434797,-85.88724726389441,499.0261289703134,3.829601878250644,Fatigue
