emg_rms,emg_mav,emg_variance,emg_std,emg_waveform_length,emg_zero_crossing,emg_ssc,emg_kurtosis,emg_skewness,emg_peak,emg_median_freq,emg_mean_freq,emg_peak_freq,emg_total_power,emg_power_low,emg_power_mid,emg_power_high,class_name
87.09584242641063,15.819261161854834,334.69218928391524,74.18947021427172,237548.51575011935,10114.184298825998,36145.32929245301,6.124967389249985,0.0445844416336925,385.5820393587185,67.54724773273396,47.70777924552127,62.86605862543166,493.1509866554333,7.47917777941889,554.5431298972032,-8.54183326199361,Fatigue
