emg_rms,emg_mav,emg_variance,emg_std,emg_waveform_length,emg_zero_crossing,emg_ssc,emg_kurtosis,emg_skewness,emg_peak,emg_median_freq,emg_mean_freq,emg_peak_freq,emg_total_power,emg_power_low,emg_power_mid,emg_power_high,class_name
10.830972892764162,12.070947687172504,1080.1835889575375,17.47953401268916,507209.976440284,11976.81638075703,22013.96025630467,21.18859961183522,2.586598240404313,383.2057675884431,60.64060021012507,119.41377276469544,60.84766370877628,1323.999772255012,55.55952207079419,91.71252001319904,10.259628689007805,Fatigue
