emg_rms,emg_mav,emg_variance,emg_std,emg_waveform_length,emg_zero_crossing,emg_ssc,emg_kurtosis,emg_skewness,emg_peak,emg_median_freq,emg_mean_freq,emg_peak_freq,emg_total_power,emg_power_low,emg_power_mid,emg_power_high,class_name
72.33664570833946,15.417466265832624,2309.427686859526,36.59897687679955,594337.762557957,15615.954646102737,33845.92698723566,14.778709500091502,0.2869116070415201,112.41911662537892,69.02961402140441,94.48682393654188,50.79017371178029,902.4929081540612,-135.7122960372589,37.70422239491114,4.4887084247132965,Fatigue
