emg_rms,emg_mav,emg_variance,emg_std,emg_waveform_length,emg_zero_crossing,emg_ssc,emg_kurtosis,emg_skewness,emg_peak,emg_median_freq,emg_mean_freq,emg_peak_freq,emg_total_power,emg_power_low,emg_power_mid,emg_power_high,class_name
26.98011112333063,4.916128656449242,2315.20529192822,86.6894013576364,524606.4226327804,11240.349565508644,26175.49668731987,11.661154720577494,-0.2746720836178793,325.7170743447213,79.42683055365868,99.54962097751572,76.12553721919679,354.77580179302515,11.358857492725278,-309.4195631217261,-7.841169054737506,Fatigue
