emg_rms,emg_mav,emg_variance,emg_std,emg_waveform_length,emg_zero_crossing,emg_ssc,emg_kurtosis,emg_skewness,emg_peak,emg_median_freq,emg_mean_freq,emg_peak_freq,emg_total_power,emg_power_low,emg_power_mid,emg_power_high,class_name
20.430500538097327,16.881166904248666,-2190.21851928278,50.18827722384,363313.0520143099,13811.095568926812,28526.03974392145,16.886597719488563,-1.9826560554922965,252.8876090858184,39.84100989998444,105.65543955359615,78.00731686316495,645.0867865247785,10.567263067412696,-355.17379988634434,1.5144531003225037,Fatigue
