emg_rms,emg_mav,emg_variance,emg_std,emg_waveform_length,emg_zero_crossing,emg_ssc,emg_kurtosis,emg_skewness,emg_peak,emg_median_freq,emg_mean_freq,emg_peak_freq,emg_total_power,emg_power_low,emg_power_mid,emg_power_high,class_name
14.867833085741191,9.819488476156264,-689.128516666718,24.952608568310765,135191.3627965118,13233.88282081598,20225.85754072425,9.712354650394609,0.5755505319938198,398.07481224981575,76.77033513770377,74.36453622336393,53.78200308201512,235.62428437473963,142.5558361307589,329.99996235693726,47.440245891885226,Fatigue
