emg_rms,emg_mav,emg_variance,emg_std,emg_waveform_length,emg_zero_crossing,emg_ssc,emg_kurtosis,emg_skewness,emg_peak,emg_median_freq,emg_mean_freq,emg_peak_freq,emg_total_power,emg_power_low,emg_power_mid,emg_power_high,class_name
49.985886805818566,14.060790185158789,2417.481305773428,17.128080666897873,654335.6347476558,19868.17893385897,31715.075938729955,21.11495914203544,-0.8779744418545304,366.8392337503664,75.02159227363043,82.82074477824646,33.275993690727375,785.6420501567725,271.172974338543,586.1893551965184,38.99079930218868,Fatigue
