emg_rms,emg_mav,emg_variance,emg_std,emg_waveform_length,emg_zero_crossing,emg_ssc,emg_kurtosis,emg_skewness,emg_peak,emg_median_freq,emg_mean_freq,emg_peak_freq,emg_total_power,emg_power_low,emg_power_mid,emg_power_high,class_name
26.06949943399085,17.793729742407592,-964.5443423068424,23.750059814802757,439796.61786162696,12681.181789485585,29366.233881904293,15.47885078711214,1.665844847542714,252.0732703415324,88.18294830570642,73.82578401511157,45.17977091143513,443.9483679440215,199.5418020403481,-77.37698769460366,4.890797126245783,Fatigue
