emg_rms,emg_mav,emg_variance,emg_std,emg_waveform_length,emg_zero_crossing,emg_ssc,emg_kurtosis,emg_skewness,emg_peak,emg_median_freq,emg_mean_freq,emg_peak_freq,emg_total_power,emg_power_low,emg_power_mid,emg_power_high,class_name
0.3362283938075165,13.880306650214155,2122.0891786271686,50.21936160498715,481791.3687420458,12332.923034885987,29704.39200306061,15.963117778755084,1.7210367945323837,265.41588360238,65.47687451440282,123.78270148952448,57.647895013083534,755.701968175768,258.2751564147625,370.2005552599765,-8.776980512154125,Fatigue
