emg_rms,emg_mav,emg_variance,emg_std,emg_waveform_length,emg_zero_crossing,emg_ssc,emg_kurtosis,emg_skewness,emg_peak,emg_median_freq,emg_mean_freq,emg_peak_freq,emg_total_power,emg_power_low,emg_power_mid,emg_power_high,class_name
70.11221300951651,25.928575590127192,-1508.0683350873596,29.34875665158556,422550.7757918309,12408.99241485598,35582.25361475423,20.009580993984542,-1.0394704622593594,127.97730618441258,25.450054982026813,71.5527506677907,56.52699667419675,557.3771778210496,-59.79568682596258,735.0732337213074,-7.134486802636964,Fatigue
