emg_rms,emg_mav,emg_variance,emg_std,emg_waveform_length,emg_zero_crossing,emg_ssc,emg_kurtosis,emg_skewness,emg_peak,emg_median_freq,emg_mean_freq,emg_peak_freq,emg_total_power,emg_power_low,emg_power_mid,emg_power_high,class_name
11.887087277887012,25.550876072144188,960.6680061236456,38.99287311222383,289939.4670988611,12383.684662055117,25897.829221275548,5.314470288676489,0.3014219114873849,230.5498700260388,75.04514301286345,68.81729587319897,44.37898857983103,971.1636043158636,357.74946617099863,625.4872631851363,25.19735871736316,Fatigue
