emg_rms,emg_mav,emg_variance,emg_std,emg_waveform_length,emg_zero_crossing,emg_ssc,emg_kurtosis,emg_skewness,emg_peak,emg_median_freq,emg_mean_freq,emg_peak_freq,emg_total_power,emg_power_low,emg_power_mid,emg_power_high,class_name
12.784165362176132,20.379965451063843,2979.369711044297,9.06424791172662,832615.8028588714,13956.327328363712,21168.811729168672,14.985610868503544,0.3792215970564874,458.6224113000263,55.49267280686996,83.46189440884763,49.721995723954834,-12.32077372549577,-280.1619585352695,-397.9470242652478,25.573508012696436,Fatigue
