emg_rms,emg_mav,emg_variance,emg_std,emg_waveform_length,emg_zero_crossing,emg_ssc,emg_kurtosis,emg_skewness,emg_peak,emg_median_freq,emg_mean_freq,emg_peak_freq,emg_total_power,emg_power_low,emg_power_mid,emg_power_high,class_name
38.98937650231033,17.74602588977241,1713.1486937335371,3.51210723902112,592896.4071444141,13352.107183035623,28668.05340462213,12.841310069272172,0.6193729750088074,373.8362580833197,74.87103549236326,79.74564974927003,82.40917761087641,329.1662065084349,236.0128141411808,121.17151039497264,40.59244669272528,Fatigue
