emg_rms,emg_mav,emg_variance,emg_std,emg_waveform_length,emg_zero_crossing,emg_ssc,emg_kurtosis,emg_skewness,emg_peak,emg_median_freq,emg_mean_freq,emg_peak_freq,emg_total_power,emg_power_low,emg_power_mid,emg_power_high,class_name
37.75322120525134,18.131805620387656,552.6542773597018,36.03637578838784,249849.70602938783,8180.495318216485,29510.15621961023,11.670638409972527,1.522320638443756,309.9131003590644,68.26197158951742,116.79175115894346,69.09480592473221,1065.8545115543616,368.9261235819147,56.422426628408914,2.312082146043524,Fatigue
