emg_rms,emg_mav,emg_variance,emg_std,emg_waveform_length,emg_zero_crossing,emg_ssc,emg_kurtosis,emg_skewness,emg_peak,emg_median_freq,emg_mean_freq,emg_peak_freq,emg_total_power,emg_power_low,emg_power_mid,emg_power_high,class_name
31.52445080396908,25.552643628290483,3244.223726132145,94.2975550620588,385850.884645406,12125.415295079856,26372.18818331549,22.94693239204976,1.0656331264596812,517.303245211147,69.40935465737323,74.9600792139565,59.90035613429271,10.834871827913446,118.85791562515703,399.55035166808807,30.86097418741987,Fatigue
