emg_rms,emg_mav,emg_variance,emg_std,emg_waveform_length,emg_zero_crossing,emg_ssc,emg_kurtosis,emg_skewness,emg_peak,emg_median_freq,emg_mean_freq,emg_peak_freq,emg_total_power,emg_power_low,emg_power_mid,emg_power_high,class_name
26.77453265049942,13.962501123854782,2781.256771069345,21.763959310066312,466801.8600746713,8847.133689814968,26992.4778500057,18.52013755135964,0.633907681533208,549.6920747092104,72.27018075182562,102.25109087104084,55.44888899728645,236.68286746372823,211.496095568711,-296.68490212236645,27.36358498522187,Fatigue
