emg_rms,emg_mav,emg_variance,emg_std,emg_waveform_length,emg_zero_crossing,emg_ssc,emg_kurtosis,emg_skewness,emg_peak,emg_median_freq,emg_mean_freq,emg_peak_freq,emg_total_power,emg_power_low,emg_power_mid,emg_power_high,class_name
64.50516227920077,13.36092450100334,1067.198450271604,33.817393112272015,494851.2294138887,15767.099445162892,32908.30817704955,9.76466525455363,1.8614514240204616,-71.52795758186954,38.326529898611305,91.72225030010868,69.32674486089473,-292.1526118743158,-12.54413599298462,-205.5602502640843,-4.415543527280267,Fatigue
