emg_rms,emg_mav,emg_variance,emg_std,emg_waveform_length,emg_zero_crossing,emg_ssc,emg_kurtosis,emg_skewness,emg_peak,emg_median_freq,emg_mean_freq,emg_peak_freq,emg_total_power,emg_power_low,emg_power_mid,emg_power_high,class_name
27.022562568182494,23.248826331637837,3382.7782475876747,29.42935996142495,317771.92406999675,14202.325447965191,30834.1935756202,10.2729862269133,2.0348228900263208,573.4210676086334,76.97592456837644,85.93199506786614,41.25540123839772,-994.423265861649,-103.59867644805423,415.49906118193786,-3.259065060236807,Fatigue
