emg_rms,emg_mav,emg_variance,emg_std,emg_waveform_length,emg_zero_crossing,emg_ssc,emg_kurtosis,emg_skewness,emg_peak,emg_median_freq,emg_mean_freq,emg_peak_freq,emg_total_power,emg_power_low,emg_power_mid,emg_power_high,class_name
41.38366823494485,1.7655273804616431,279.34658969735733,32.73484141225969,579208.2608973555,14934.315062226193,21286.183717934786,17.753499893415203,0.8865557800560775,314.48378379384525,74.490616202843,88.8400001268461,42.64902442122277,846.0698137385784,168.2057056533531,556.9146782044259,41.33565068194935,Fatigue
