emg_rms,emg_mav,emg_variance,emg_std,emg_waveform_length,emg_zero_crossing,emg_ssc,emg_kurtosis,emg_skewness,emg_peak,emg_median_freq,emg_mean_freq,emg_peak_freq,emg_total_power,emg_power_low,emg_power_mid,emg_power_high,class_name
50.16163913052854,37.31634433711757,2716.4885139907983,37.65946330866677,625858.2879395363,12038.342100603248,32335.826338555955,4.842660545734084,-2.218361335961168,306.668031171452,58.69219799335864,78.38758916189295,65.94707562627814,204.35918742205723,10.20363208115576,465.3352487843832,-4.929870763211685,Fatigue
