emg_rms,emg_mav,emg_variance,emg_std,emg_waveform_length,emg_zero_crossing,emg_ssc,emg_kurtosis,emg_skewness,emg_peak,emg_median_freq,emg_mean_freq,emg_peak_freq,emg_total_power,emg_power_low,emg_power_mid,emg_power_high,class_name
64.26816800331298,13.641133667902077,1978.023534380387,42.522207408929184,463417.0354747103,7124.968674726096,27653.99545823931,8.926355197583648,-0.5548562543995084,166.4796452513435,67.05118738161543,110.35663625892626,59.17856729749168,754.9502778332101,171.1722727412091,-234.98886695459407,15.541133745904723,Fatigue
