emg_rms,emg_mav,emg_variance,emg_std,emg_waveform_length,emg_zero_crossing,emg_ssc,emg_kurtosis,emg_skewness,emg_peak,emg_median_freq,emg_mean_freq,emg_peak_freq,emg_total_power,emg_power_low,emg_power_mid,emg_power_high,class_name
17.21570162211539,5.980442425204611,3662.432246692947,19.52807219716098,257840.6232078428,7966.049311876088,29267.56644581615,12.39541156113072,1.2476246636928603,493.9498536401874,55.661455527240406,80.49154335611009,67.86866582870638,876.3601762184576,199.0780743146885,913.4353807065183,2.525971909047706,Fatigue
