emg_rms,emg_mav,emg_variance,emg_std,emg_waveform_length,emg_zero_crossing,emg_ssc,emg_kurtosis,emg_skewness,emg_peak,emg_median_freq,emg_mean_freq,emg_peak_freq,emg_total_power,emg_power_low,emg_power_mid,emg_power_high,class_name
51.7059158329104,16.221543753594446,521.2382461630889,37.59474631882748,384159.69854408375,13262.904637827492,28602.7739519151,14.006007692464843,2.444143630629897,413.4601951467436,64.72579428435053,75.87064981553587,48.36955112724569,536.5871913020077,22.45069968995089,-344.5958572397125,57.15104217573101,Fatigue
