emg_rms,emg_mav,emg_variance,emg_std,emg_waveform_length,emg_zero_crossing,emg_ssc,emg_kurtosis,emg_skewness,emg_peak,emg_median_freq,emg_mean_freq,emg_peak_freq,emg_total_power,emg_power_low,emg_power_mid,emg_power_high,class_name
20.06299743318311,16.382275822849373,4327.28060011472,65.91739116953723,673478.0585568476,14580.1419392179,19878.29863034037,18.26614743325448,-1.1542286113737064,329.0092682397721,50.5596159131455,99.5378789008146,53.392733119049,1045.2411422830226,314.16025069705165,-231.0534826558478,53.94046683484996,Fatigue
