emg_rms,emg_mav,emg_variance,emg_std,emg_waveform_length,emg_zero_crossing,emg_ssc,emg_kurtosis,emg_skewness,emg_peak,emg_median_freq,emg_mean_freq,emg_peak_freq,emg_total_power,emg_power_low,emg_power_mid,emg_power_high,class_name
58.47312246733744,25.62636504463677,2829.799946312819,58.89297114748236,567323.8331101481,12257.828229963226,33928.08486081034,5.786424608613025,0.1200486667242766,250.73936750192857,70.2380682459915,76.03282414598901,61.11240455830381,552.9696919538671,62.69278798001886,625.4511017356472,-8.550594522517141,Fatigue
