emg_rms,emg_mav,emg_variance,emg_std,emg_waveform_length,emg_zero_crossing,emg_ssc,emg_kurtosis,emg_skewness,emg_peak,emg_median_freq,emg_mean_freq,emg_peak_freq,emg_total_power,emg_power_low,emg_power_mid,emg_power_high,class_name
60.41130493726551,16.793471108622533,4014.0192921385215,44.38224787635775,443601.927401734,11957.30906331201,25301.533619931983,22.7746081473489,-0.6098118365007147,521.3022040135259,64.1649528796017,54.26044995132598,50.45425907210921,-1.5744275584721097,-2.2881022821233614,974.557081615336,7.643661930393751,Fatigue
