emg_rms,emg_mav,emg_variance,emg_std,emg_waveform_length,emg_zero_crossing,emg_ssc,emg_kurtosis,emg_skewness,emg_peak,emg_median_freq,emg_mean_freq,emg_peak_freq,emg_total_power,emg_power_low,emg_power_mid,emg_power_high,class_name
35.33602071170644,29.521051675697382,2171.3872316667357,36.0225370712396,642501.2817674268,13022.579545815668,30737.44468629476,7.953504981046544,1.3564913347687009,591.4684864760554,82.38719637113479,78.66504164726966,51.90221157511581,213.8260848735204,66.01686127083899,90.95450760673565,26.25395011329109,Fatigue
