emg_rms,emg_mav,emg_variance,emg_std,emg_waveform_length,emg_zero_crossing,emg_ssc,emg_kurtosis,emg_skewness,emg_peak,emg_median_freq,emg_mean_freq,emg_peak_freq,emg_total_power,emg_power_low,emg_power_mid,emg_power_high,class_name
36.29099635330312,23.711071422002213,-582.7246270186452,33.79641419552899,416715.7062855592,12499.021397402472,28893.748823952064,13.84631014380028,-0.0394785639807582,383.6627354890141,64.76004097506487,63.111416070738045,72.69859330347637,478.36165935826085,60.2254492088115,511.10860209698126,4.923006330158712,Fatigue
