emg_rms,emg_mav,emg_variance,emg_std,emg_waveform_length,emg_zero_crossing,emg_ssc,emg_kurtosis,emg_skewness,emg_peak,emg_median_freq,emg_mean_freq,emg_peak_freq,emg_total_power,emg_power_low,emg_power_mid,emg_power_high,class_name
42.86570633106513,14.914425817748416,3366.0166192735696,23.799237261948377,547824.4561096212,16907.15650635359,22347.676627366665,10.137962759067014,-1.8565681113104289,133.08340171120182,88.59378189855286,109.00230056554238,55.6118948396832,458.85840719349903,412.8536508735211,565.4924791445488,-15.75389014260259,Fatigue
