emg_rms,emg_mav,emg_variance,emg_std,emg_waveform_length,emg_zero_crossing,emg_ssc,emg_kurtosis,emg_skewness,emg_peak,emg_median_freq,emg_mean_freq,emg_peak_freq,emg_total_power,emg_power_low,emg_power_mid,emg_power_high,class_name
14.612394889713528,11.12596789563754,2739.1907720367603,29.744640376887105,303959.59074835025,9992.98520869634,30677.75230394714,9.901868059665675,-0.7244000869789701,252.2586928273805,66.18665230258841,74.95230147833787,26.82029086394566,149.04844913837462,222.75784075899043,973.9365354076846,-13.635864719429671,Fatigue
