emg_rms,emg_mav,emg_variance,emg_std,emg_waveform_length,emg_zero_crossing,emg_ssc,emg_kurtosis,emg_skewness,emg_peak,emg_median_freq,emg_mean_freq,emg_peak_freq,emg_total_power,emg_power_low,emg_power_mid,emg_power_high,class_name
-0.6322030306686557,12.690350103145708,3890.033670895368,69.82601342488212,346536.15653751785,7803.48101135701,31731.12071304045,10.095911239539888,0.428675990152808,577.7997138836292,62.128704016852254,103.62232984188246,47.844219624319,588.6805223449928,-104.03132679398394,21.773625152639116,25.85159763508864,Fatigue
