emg_rms,emg_mav,emg_variance,emg_std,emg_waveform_length,emg_zero_crossing,emg_ssc,emg_kurtosis,emg_skewness,emg_peak,emg_median_freq,emg_mean_freq,emg_peak_freq,emg_total_power,emg_power_low,emg_power_mid,emg_power_high,class_name
43.8432846597486,15.853426338536796,948.5876902689575,59.17483686992865,395714.720576422,14329.151609864934,29797.73921725774,5.553705440417139,-0.4450397026913076,230.2749753851627,55.19343304504167,91.92117243437472,47.288991816486735,1345.8770091254364,-17.668051001031728,-50.15967667633669,14.820007857326754,Fatigue
