emg_rms,emg_mav,emg_variance,emg_std,emg_waveform_length,emg_zero_crossing,emg_ssc,emg_kurtosis,emg_skewness,emg_peak,emg_median_freq,emg_mean_freq,emg_peak_freq,emg_total_power,emg_power_low,emg_power_mid,emg_power_high,class_name
36.14161907444021,13.08791923056942,3661.4789817529145,29.251315275451088,426240.7288065576,18994.407571846183,22787.796647268868,5.253506855441973,-0.8932426870279747,448.3053061142243,90.26191111250525,63.2795076180189,58.57589424996949,1045.4243473511876,191.30254835642336,200.3365227332869,20.60557697798005,Fatigue
