emg_rms,emg_mav,emg_variance,emg_std,emg_waveform_length,emg_zero_crossing,emg_ssc,emg_kurtosis,emg_skewness,emg_peak,emg_median_freq,emg_mean_freq,emg_peak_freq,emg_total_power,emg_power_low,emg_power_mid,emg_power_high,class_name
19.148129280261514,24.23026259463052,3803.6096552659874,-5.853429448670099,285015.4500030396,18360.513501987283,24197.452871854373,16.7450588269603,-0.507348211252063,242.7252236808397,61.74199062797069,59.71357817783613,52.63024821017167,1592.3403516378794,122.69873825373352,1156.9309640485567,31.07209073196521,Fatigue
