emg_rms,emg_mav,emg_variance,emg_std,emg_waveform_length,emg_zero_crossing,emg_ssc,emg_kurtosis,emg_skewness,emg_peak,emg_median_freq,emg_mean_freq,emg_peak_freq,emg_total_power,emg_power_low,emg_power_mid,emg_power_high,class_name
8.030417601679225,25.77830433046917,5265.568937622724,20.093747015151337,400512.6509815932,14958.551892350324,29745.466575315317,9.888816615234203,-0.9033275852195602,371.6738991272633,69.5001768799547,77.7168451136242,63.14086332509724,769.3919672207962,458.7191806695548,216.44860698023652,50.84466359806948,Fatigue
