emg_rms,emg_mav,emg_variance,emg_std,emg_waveform_length,emg_zero_crossing,emg_ssc,emg_kurtosis,emg_skewness,emg_peak,emg_median_freq,emg_mean_freq,emg_peak_freq,emg_total_power,emg_power_low,emg_power_mid,emg_power_high,class_name
11.247390595440423,26.6211201503217,2423.888587445541,3.9024132440352233,409834.9983898419,13312.514071704389,32537.34889800423,13.073914642104256,0.1823160746055572,210.70998520782888,51.74671619149123,55.79849961927006,58.84794047664876,-132.96690907038106,98.88817333729614,516.7116670253027,-26.081705796947247,Fatigue
