emg_rms,emg_mav,emg_variance,emg_std,emg_waveform_length,emg_zero_crossing,emg_ssc,emg_kurtosis,emg_skewness,emg_peak,emg_median_freq,emg_mean_freq,emg_peak_freq,emg_total_power,emg_power_low,emg_power_mid,emg_power_high,class_name
18.04719304014081,3.5165316395471238,2461.2337856412937,52.51069310360581,402993.1095478009,18356.11199349949,22378.052140259068,13.312655501335817,-1.7235362018804694,202.807228120848,61.78932881216917,72.3955397469849,67.63089570937505,-136.34947090077588,-56.91744593381151,564.1097911196005,-17.198148494146636,Fatigue
