emg_rms,emg_mav,emg_variance,emg_std,emg_waveform_length,emg_zero_crossing,emg_ssc,emg_kurtosis,emg_skewness,emg_peak,emg_median_freq,emg_mean_freq,emg_peak_freq,emg_total_power,emg_power_low,emg_power_mid,emg_power_high,class_name
32.34582546842469,10.30707855481072,680.458384282862,37.45015867766514,393421.1986241746,10851.14369691319,31833.645148082785,19.45998222575145,0.4719880915397615,380.19762462300827,55.24864177800432,84.68189267449681,50.79227364934806,698.3751814901655,59.3931331221233,657.7189593275684,25.03340767779672,Fatigue
