emg_rms,emg_mav,emg_variance,emg_std,emg_waveform_length,emg_zero_crossing,emg_ssc,emg_kurtosis,emg_skewness,emg_peak,emg_median_freq,emg_mean_freq,emg_peak_freq,emg_total_power,emg_power_low,emg_power_mid,emg_power_high,class_name
56.78389997651669,10.461266268531148,130.0749571853362,66.69134484747944,437338.45433526,18294.472941308395,25525.71379780969,16.088026298314723,-0.7340413438025921,100.30544833515486,72.37184068946485,113.61926058469456,70.98176432224976,883.0085094326112,16.00874379573159,627.5925037237962,33.29960871562625,Fatigue
