emg_rms,emg_mav,emg_variance,emg_std,emg_waveform_length,emg_zero_crossing,emg_ssc,emg_kurtosis,emg_skewness,emg_peak,emg_median_freq,emg_mean_freq,emg_peak_freq,emg_total_power,emg_power_low,emg_power_mid,emg_power_high,class_name
48.592177457164745,10.577400782685524,614.412547854283,-9.671114272171067,258863.089564221,15354.313248366178,23838.545845294087,9.77651506113597,0.6618082650710412,304.8627592216617,69.81410997687057,59.45800615119306,78.35474388487715,1323.7937858496607,121.35540662282077,651.3724299629374,-26.174486583433183,Fatigue
