emg_rms,emg_mav,emg_variance,emg_std,emg_waveform_length,emg_zero_crossing,emg_ssc,emg_kurtosis,emg_skewness,emg_peak,emg_median_freq,emg_mean_freq,emg_peak_freq,emg_total_power,emg_power_low,emg_power_mid,emg_power_high,class_name
24.93334132913005,7.250323256907432,-922.7298639922868,29.963355991256183,338405.86769079824,16841.345326442628,30892.54510289189,14.74116655699126,-0.9794206811137242,209.70332771734135,56.64202124446464,95.22737080398808,37.473825206514185,1189.7495441032274,-57.97136360025959,-104.80057656031867,-21.02368156679281,Fatigue
