emg_rms,emg_mav,emg_variance,emg_std,emg_waveform_length,emg_zero_crossing,emg_ssc,emg_kurtosis,emg_skewness,emg_peak,emg_median_freq,emg_mean_freq,emg_peak_freq,emg_total_power,emg_power_low,emg_power_mid,emg_power_high,class_name
31.07847197879766,23.095010299813605,1341.2536261162631,-0.6902825574165092,613066.5364181274,8974.430063429749,26636.9075576459,9.176065502556586,0.8267487195105169,196.13115386201488,58.8771967346341,99.38000962464515,46.75319525153255,622.9958038562507,54.32529487023236,405.9526669674233,38.94980785489723,Fatigue
