emg_rms,emg_mav,emg_variance,emg_std,emg_waveform_length,emg_zero_crossing,emg_ssc,emg_kurtosis,emg_skewness,emg_peak,emg_median_freq,emg_mean_freq,emg_peak_freq,emg_total_power,emg_power_low,emg_power_mid,emg_power_high,class_name
15.870545925916227,35.26255459904292,3739.254854213599,32.906683469676175,566238.1772597588,19407.799989516014,33051.774038833886,18.32860439667952,1.1480232045732128,264.7677595610267,60.83694829478092,64.13450411988939,60.45846503411186,993.967744761698,185.62656208028903,821.9427223690514,58.53838354724751,Fatigue
