emg_rms,emg_mav,emg_variance,emg_std,emg_waveform_length,emg_zero_crossing,emg_ssc,emg_kurtosis,emg_skewness,emg_peak,emg_median_freq,emg_mean_freq,emg_peak_freq,emg_total_power,emg_power_low,emg_power_mid,emg_power_high,class_name
21.438717792026647,20.71629542295241,4114.965190735387,56.08623520098879,520726.3233427389,13208.475396567112,34902.11997251262,6.010451041662591,-1.8823040213648592,508.261224547191,49.54804536533719,79.39753323881276,73.47911237487294,-900.4561164524696,39.72321775081511,235.8455873233895,22.590746197202836,Fatigue
