emg_rms,emg_mav,emg_variance,emg_std,emg_waveform_length,emg_zero_crossing,emg_ssc,emg_kurtosis,emg_skewness,emg_peak,emg_median_freq,emg_mean_freq,emg_peak_freq,emg_total_power,emg_power_low,emg_power_mid,emg_power_high,class_name
53.47982814067288,22.238645977000115,2603.58397879037,21.2684440036921,321805.4792857208,14670.367451945398,24024.0989405502,12.132017371157668,0.3605424440254986,105.61256870932658,72.66801718510303,50.04109350557052,66.42250460282753,769.9982599812266,400.5227027216968,131.90984391438877,36.46737196426412,Fatigue
