emg_rms,emg_mav,emg_variance,emg_std,emg_waveform_length,emg_zero_crossing,emg_ssc,emg_kurtosis,emg_skewness,emg_peak,emg_median_freq,emg_mean_freq,emg_peak_freq,emg_total_power,emg_power_low,emg_power_mid,emg_power_high,class_name
34.88256434361819,25.94493648001263,-1420.614989463034,-6.131286224508493,400596.2157284492,12648.361276428654,25351.59901643518,15.325661285096276,0.2898906251435811,351.7866352191612,73.20384985647691,82.27948134576896,81.72151743580383,166.47121311417033,136.84879808836948,404.9466760437364,-8.04492528304322,Fatigue
