emg_rms,emg_mav,emg_variance,emg_std,emg_waveform_length,emg_zero_crossing,emg_ssc,emg_kurtosis,emg_skewness,emg_peak,emg_median_freq,emg_mean_freq,emg_peak_freq,emg_total_power,emg_power_low,emg_power_mid,emg_power_high,class_name
10.23310868614686,4.337348303742584,7034.417568167704,6.5617410740975295,559632.7315976195,9878.230186879811,27899.25918154202,8.58584612316089,0.7830224952816873,556.4548170302655,55.33277514798935,61.52486951928137,36.42389793110456,-0.4572137141025791,13.400283021878051,217.84824854601925,84.2167120833847,Fatigue
