emg_rms,emg_mav,emg_variance,emg_std,emg_waveform_length,emg_zero_crossing,emg_ssc,emg_kurtosis,emg_skewness,emg_peak,emg_median_freq,emg_mean_freq,emg_peak_freq,emg_total_power,emg_power_low,emg_power_mid,emg_power_high,class_name
38.62427540919208,30.022609232790607,165.5724892627361,45.64834539543334,517743.8295293149,15063.559248514472,27049.42520146193,1.3521708639788734,-0.1808288615296136,329.898397201858,79.37152894952885,77.12017550477269,67.46629991779957,-709.510145289257,138.9792523740649,92.87244240411246,-32.391059299586985,Fatigue
