emg_rms,emg_mav,emg_variance,emg_std,emg_waveform_length,emg_zero_crossing,emg_ssc,emg_kurtosis,emg_skewness,emg_peak,emg_median_freq,emg_mean_freq,emg_peak_freq,emg_total_power,emg_power_low,emg_power_mid,emg_power_high,class_name
37.9191272526385,20.82184170726996,91.14441019867672,52.52980674968601,505247.9845301011,16019.362861767284,32664.64555732245,16.47528926790407,2.049936103415149,450.5813102092136,59.08101451546725,79.44597100520686,45.842553138730906,759.3760779778322,213.34201725609725,514.6941056579714,7.84861160736132,Fatigue
