emg_rms,emg_mav,emg_variance,emg_std,emg_waveform_length,emg_zero_crossing,emg_ssc,emg_kurtosis,emg_skewness,emg_peak,emg_median_freq,emg_mean_freq,emg_peak_freq,emg_total_power,emg_power_low,emg_power_mid,emg_power_high,class_name
58.482522627145926,23.78464935868595,2021.9189995278955,42.70136758293249,339232.27112325444,17163.094667545767,26813.404415917157,29.105368483181454,1.951368283089159,307.52045071491125,79.17836345126612,80.37491587998001,61.78010189742509,119.07795444988278,9.506431131031944,531.6192877544827,9.037602577886432,Fatigue
