emg_rms,emg_mav,emg_variance,emg_std,emg_waveform_length,emg_zero_crossing,emg_ssc,emg_kurtosis,emg_skewness,emg_peak,emg_median_freq,emg_mean_freq,emg_peak_freq,emg_total_power,emg_power_low,emg_power_mid,emg_power_high,class_name
-11.913268035014134,26.824084523975813,5318.97760207247,27.78911610868757,478424.6565475147,13824.906927168728,23663.216734764483,9.302474239815332,-1.1753502374420048,434.6467483837978,58.827136506010405,92.90092102794314,50.02242399138569,325.46184269053,366.1990831031953,535.300235910308,27.88805852086337,Fatigue
