emg_rms,emg_mav,emg_variance,emg_std,emg_waveform_length,emg_zero_crossing,emg_ssc,emg_kurtosis,emg_skewness,emg_peak,emg_median_freq,emg_mean_freq,emg_peak_freq,emg_total_power,emg_power_low,emg_power_mid,emg_power_high,class_name
56.16343489542595,25.61458365648076,-2959.064820821003,33.90515581586332,358140.2495334752,18222.501624290293,38353.52469920093,13.185121378072203,-2.567238581108207,406.43032340748687,77.75660087191865,63.21938257304792,57.5765100200948,488.3664187226199,58.94266046873658,1017.8721183357392,34.13540936446524,Fatigue
