emg_rms,emg_mav,emg_variance,emg_std,emg_waveform_length,emg_zero_crossing,emg_ssc,emg_kurtosis,emg_skewness,emg_peak,emg_median_freq,emg_mean_freq,emg_peak_freq,emg_total_power,emg_power_low,emg_power_mid,emg_power_high,class_name
37.11668078795032,10.694408081807053,1726.5308648620344,25.232273281799035,367820.07204999216,13866.60239791373,31468.3175859192,11.113919178489192,0.0620053795599631,505.02909283829774,65.28927982727265,82.84046446160043,48.61319781719713,197.9960856251684,85.00090517732846,533.9424374319211,18.665115924866296,Fatigue
