emg_rms,emg_mav,emg_variance,emg_std,emg_waveform_length,emg_zero_crossing,emg_ssc,emg_kurtosis,emg_skewness,emg_peak,emg_median_freq,emg_mean_freq,emg_peak_freq,emg_total_power,emg_power_low,emg_power_mid,emg_power_high,class_name
40.03410844071106,35.10869553203448,1532.4489267673048,56.43139184369424,595421.586340146,8914.879462920973,27074.27490347513,10.524033406954825,0.0609224416271965,453.0948033308647,81.68283142215067,62.93822686415136,51.923400161292655,1371.8939522236308,244.31027681051256,-256.29286398222644,2.650753535356305,Fatigue
