emg_rms,emg_mav,emg_variance,emg_std,emg_waveform_length,emg_zero_crossing,emg_ssc,emg_kurtosis,emg_skewness,emg_peak,emg_median_freq,emg_mean_freq,emg_peak_freq,emg_total_power,emg_power_low,emg_power_mid,emg_power_high,class_name
39.61954012802533,17.233948499999826,2583.8663394550404,47.54338935657341,568512.0280494086,11793.950895220254,29392.090896812395,-2.0989125008745084,1.239224751714094,317.9762276873388,67.9042685072175,90.83474797809644,70.36608157269299,563.8760869552423,237.96156844190904,453.9829593692676,32.897932455980964,Fatigue
