emg_rms,emg_mav,emg_variance,emg_std,emg_waveform_length,emg_zero_crossing,emg_ssc,emg_kurtosis,emg_skewness,emg_peak,emg_median_freq,emg_mean_freq,emg_peak_freq,emg_total_power,emg_power_low,emg_power_mid,emg_power_high,class_name
20.106949098037155,26.89344645514409,1873.7186433665704,45.840087223972894,733702.2552694594,15083.618294489224,31976.03510727206,9.059852781280968,0.6042148375203149,245.9947915316208,72.82512212192346,47.33570794001857,48.75259908729426,229.9407098208623,400.9479136289885,661.206090075776,-38.91290468473752,Fatigue
