emg_rms,emg_mav,emg_variance,emg_std,emg_waveform_length,emg_zero_crossing,emg_ssc,emg_kurtosis,emg_skewness,emg_peak,emg_median_freq,emg_mean_freq,emg_peak_freq,emg_total_power,emg_power_low,emg_power_mid,emg_power_high,class_name
34.415312929774075,2.6784388543106434,1066.617508972568,44.189189449499295,342307.5823568603,19667.240059342024,29859.4639115401,2.98601360329525,-0.6627301057957866,372.67765292512985,62.95135530833257,111.153545382356,69.5954369216723,574.3849490309165,18.41752482587691,-64.19632210695232,54.1417720006209,Fatigue
