emg_rms,emg_mav,emg_variance,emg_std,emg_waveform_length,emg_zero_crossing,emg_ssc,emg_kurtosis,emg_skewness,emg_peak,emg_median_freq,emg_mean_freq,emg_peak_freq,emg_total_power,emg_power_low,emg_power_mid,emg_power_high,class_name
28.436904820862235,22.75179192450822,4174.491757365733,21.189444810522623,544059.7570258494,16404.778976957845,22625.617019843758,12.91718080846789,0.8701297743848121,361.3454567029697,64.27475545938368,96.35126519734192,50.63318742312524,1043.6180094180309,52.00313798199839,681.5907502130954,15.047322451474326,Fatigue
