emg_rms,emg_mav,emg_variance,emg_std,emg_waveform_length,emg_zero_crossing,emg_ssc,emg_kurtosis,emg_skewness,emg_peak,emg_median_freq,emg_mean_freq,emg_peak_freq,emg_total_power,emg_power_low,emg_power_mid,emg_power_high,class_name
40.0641124193177,25.03602046019484,-1620.9960491705697,41.87018501528366,452771.8294232914,14576.62012451264,21499.143652166546,2.6257733159720864,1.0718038342868792,411.8245063835239,75.79434712039054,111.37840359490208,54.03840790348052,446.8958581952365,-44.20717328418365,120.87408662438466,14.42915014189792,Fatigue
