emg_rms,emg_mav,emg_variance,emg_std,emg_waveform_length,emg_zero_crossing,emg_ssc,emg_kurtosis,emg_skewness,emg_peak,emg_median_freq,emg_mean_freq,emg_peak_freq,emg_total_power,emg_power_low,emg_power_mid,emg_power_high,class_name
43.21274176719023,12.912709662280845,1207.8373164295615,49.16864303233207,307629.1816748346,14112.371894845111,29845.443355470165,9.98877443370125,-1.2098590921434886,273.2281582031474,72.6994060824641,70.92851310136842,74.97193792736837,186.2744380933613,228.23361638332543,358.23675173482906,8.514049319124869,Fatigue
