emg_rms,emg_mav,emg_variance,emg_std,emg_waveform_length,emg_zero_crossing,emg_ssc,emg_kurtosis,emg_skewness,emg_peak,emg_median_freq,emg_mean_freq,emg_peak_freq,emg_total_power,emg_power_low,emg_power_mid,emg_power_high,class_name
16.303116982942385,8.152668758999065,854.700193696556,9.761290427355776,476381.279296502,11549.410331060482,32483.080062585028,11.469671238117291,-1.041983872832283,351.3602776897239,72.42670093634169,78.60317039356717,79.97227687917548,481.8859887841995,128.2602498471835,570.0867619135296,-2.170465467568764,Fatigue
