emg_rms,emg_mav,emg_variance,emg_std,emg_waveform_length,emg_zero_crossing,emg_ssc,emg_kurtosis,emg_skewness,emg_peak,emg_median_freq,emg_mean_freq,emg_peak_freq,emg_total_power,emg_power_low,emg_power_mid,emg_power_high,class_name
49.905040915452005,4.840499132382146,523.935904295723,50.82528158608841,526093.84422232,13432.894313117717,29054.312609848228,6.452698751187976,1.436262703437876,476.9853709473453,58.13196353678078,111.02496208609683,28.980914595984736,27.0345821849034,-296.4750643692876,-7.009677775655007,-6.7281216633638365,Fatigue
