emg_rms,emg_mav,emg_variance,emg_std,emg_waveform_length,emg_zero_crossing,emg_ssc,emg_kurtosis,emg_skewness,emg_peak,emg_median_freq,emg_mean_freq,emg_peak_freq,emg_total_power,emg_power_low,emg_power_mid,emg_power_high,class_name
45.15333908416088,21.508068499368797,2420.3480547629647,32.270419026215784,287082.79334429355,9676.831199107864,27724.65425119518,4.2069249885754365,1.8095259609336984,422.07406640127766,67.67899041448784,72.51390026119971,56.528388890914805,705.7300679241713,-179.39404473871758,880.1613131285246,27.56543364252019,Fatigue
