emg_rms,emg_mav,emg_variance,emg_std,emg_waveform_length,emg_zero_crossing,emg_ssc,emg_kurtosis,emg_skewness,emg_peak,emg_median_freq,emg_mean_freq,emg_peak_freq,emg_total_power,emg_power_low,emg_power_mid,emg_power_high,class_name
22.796536388720348,24.205155524817023,2505.2730976798643,53.14316975491879,423868.3733767452,10184.590862981122,25644.271229674014,16.543571398661516,1.9836986529424896,637.8129096237308,69.91667158857133,93.71791597478403,49.95363835788272,484.62378926764734,30.64604908116779,149.89034445433046,10.922909840996024,Fatigue
