emg_rms,emg_mav,emg_variance,emg_std,emg_waveform_length,emg_zero_crossing,emg_ssc,emg_kurtosis,emg_skewness,emg_peak,emg_median_freq,emg_mean_freq,emg_peak_freq,emg_total_power,emg_power_low,emg_power_mid,emg_power_high,class_name
41.49914963506818,21.36996148859989,3524.046344280276,56.88848809237079,-18664.78129647055,10025.985083308678,19943.931342924203,12.618378474172864,0.4138665336057892,244.73914307028215,62.26932353690314,75.52064468873422,68.79735689772482,1084.5122805561653,264.4464967689405,662.8301666005882,3.445584410804395,Fatigue
