emg_rms,emg_mav,emg_variance,emg_std,emg_waveform_length,emg_zero_crossing,emg_ssc,emg_kurtosis,emg_skewness,emg_peak,emg_median_freq,emg_mean_freq,emg_peak_freq,emg_total_power,emg_power_low,emg_power_mid,emg_power_high,class_name
61.2336276801833,6.522668588693307,594.3137764625728,83.70776403183447,680911.1956552858,18657.8623014832,35045.89906453923,9.37149662490809,-0.3235777073681619,177.11846450240992,55.01673771079995,107.40190379996466,53.67769888690826,-322.3302652277426,-260.38000790562734,998.8940964297698,-36.04183368477699,Fatigue
