emg_rms,emg_mav,emg_variance,emg_std,emg_waveform_length,emg_zero_crossing,emg_ssc,emg_kurtosis,emg_skewness,emg_peak,emg_median_freq,emg_mean_freq,emg_peak_freq,emg_total_power,emg_power_low,emg_power_mid,emg_power_high,class_name
40.483660711754176,25.944128736131507,2107.1662397419177,18.303526365800977,319983.7987150702,12303.28959120446,25266.9204860536,17.505828781939666,-0.5350432872600267,371.4130379424886,77.54878452027639,91.96289992560727,71.73983056264909,-400.1269515344381,11.871739564232982,-11.068381082757073,26.107187630929,Fatigue
