emg_rms,emg_mav,emg_variance,emg_std,emg_waveform_length,emg_zero_crossing,emg_ssc,emg_kurtosis,emg_skewness,emg_peak,emg_median_freq,emg_mean_freq,emg_peak_freq,emg_total_power,emg_power_low,emg_power_mid,emg_power_high,class_name
42.30947411232152,-5.104521155986152,303.3460785514674,69.92476423893537,264357.1717051499,17493.138657006206,20898.551594079378,15.93466973386111,0.8057038288885451,546.1492114378834,62.0346632268548,89.44684377361148,54.85586092802895,808.2362623329764,59.83492980567053,406.8524796441815,-45.22114025393946,Fatigue
