emg_rms,emg_mav,emg_variance,emg_std,emg_waveform_length,emg_zero_crossing,emg_ssc,emg_kurtosis,emg_skewness,emg_peak,emg_median_freq,emg_mean_freq,emg_peak_freq,emg_total_power,emg_power_low,emg_power_mid,emg_power_high,class_name
30.460350835861675,7.119389547155967,3798.093458182413,3.0176576870070093,503798.24270770105,17712.772645446617,32300.678241432583,11.494881892180391,-0.6455942912640591,304.4643090845122,78.05683471614236,92.31299615576346,41.73800825135436,1009.4058216187154,364.2960874688848,24.92338717741273,26.20993708456785,Fatigue
