emg_rms,emg_mav,emg_variance,emg_std,emg_waveform_length,emg_zero_crossing,emg_ssc,emg_kurtosis,emg_skewness,emg_peak,emg_median_freq,emg_mean_freq,emg_peak_freq,emg_total_power,emg_power_low,emg_power_mid,emg_power_high,class_name
5.911788578062541,5.850226166893565,3000.780203492087,36.1354727348573,494784.58102208265,13609.462458606728,29697.41074901431,14.422207806302954,0.7728105974988455,166.8527066412783,90.14832947046406,98.68335490724368,73.49501060670579,699.1900637893181,95.10267798151312,867.3966074974306,-33.801307836867835,Fatigue
