emg_rms,emg_mav,emg_variance,emg_std,emg_waveform_length,emg_zero_crossing,emg_ssc,emg_kurtosis,emg_skewness,emg_peak,emg_median_freq,emg_mean_freq,emg_peak_freq,emg_total_power,emg_power_low,emg_power_mid,emg_power_high,class_name
46.17255758733517,15.208166135747398,3835.5150898593774,12.601120648145614,472964.8861943654,15876.250579412244,24432.796967847004,3.2520843993145387,0.3850795262953873,216.53129961627144,64.22029565410436,84.47270883253486,72.83139230288752,-129.26292532619829,372.55217747944505,-104.91889828028552,17.218523184758894,Fatigue
