emg_rms,emg_mav,emg_variance,emg_std,emg_waveform_length,emg_zero_crossing,emg_ssc,emg_kurtosis,emg_skewness,emg_peak,emg_median_freq,emg_mean_freq,emg_peak_freq,emg_total_power,emg_power_low,emg_power_mid,emg_power_high,class_name
62.92533566069726,7.391111026185275,1346.4757699012548,27.208660130392644,462425.5198352087,15537.898234595745,25033.686193340745,12.38722997638321,-0.0623948693227866,227.60597316455207,66.88525538642797,62.549352356880334,50.807831677293535,314.25647709955695,118.44928903052444,386.38858965514686,28.99412131324257,Fatigue
