emg_rms,emg_mav,emg_variance,emg_std,emg_waveform_length,emg_zero_crossing,emg_ssc,emg_kurtosis,emg_skewness,emg_peak,emg_median_freq,emg_mean_freq,emg_peak_freq,emg_total_power,emg_power_low,emg_power_mid,emg_power_high,class_name
52.64261808566043,15.459970149874351,1984.0872891380131,49.538442438567216,304598.43861928966,10946.20779524626,25934.14216645273,13.054829928070308,0.6908177958685008,130.31058258958944,48.04240800515718,66.68020125691338,40.30195833002414,579.2446528844894,-9.722966195812404,64.72179783598477,0.5749528839842508,Fatigue
