emg_rms,emg_mav,emg_variance,emg_std,emg_waveform_length,emg_zero_crossing,emg_ssc,emg_kurtosis,emg_skewness,emg_peak,emg_median_freq,emg_mean_freq,emg_peak_freq,emg_total_power,emg_power_low,emg_power_mid,emg_power_high,class_name
16.52288541072104,26.656290121818728,3582.3703479571686,29.80193897950696,371032.92687344656,16447.806903039804,26730.76045927785,8.544803980183405,-1.111781790808393,319.5214033700727,53.08323579708676,89.19921461274572,54.60100325015591,726.5295877955984,276.7988620194563,149.88049781559795,-11.361867880469973,Fatigue
