emg_rms,emg_mav,emg_variance,emg_std,emg_waveform_length,emg_zero_crossing,emg_ssc,emg_kurtosis,emg_skewness,emg_peak,emg_median_freq,emg_mean_freq,emg_peak_freq,emg_total_power,emg_power_low,emg_power_mid,emg_power_high,class_name
27.396383359843423,21.53007929022584,2806.1919351483225,55.61760293266788,350256.29964539205,12541.007827604592,28378.41865086629,5.816054035485404,0.2829742307652675,348.1705355166127,62.00929761654151,87.42893102227407,60.2115104239721,1072.280862620515,-67.24941543316999,-193.04753697992044,22.666705724646448,Fatigue
