emg_rms,emg_mav,emg_variance,emg_std,emg_waveform_length,emg_zero_crossing,emg_ssc,emg_kurtosis,emg_skewness,emg_peak,emg_median_freq,emg_mean_freq,emg_peak_freq,emg_total_power,emg_power_low,emg_power_mid,emg_power_high,class_name
74.66980733607592,23.88326431234467,5784.3134480927965,27.76636642795216,664917.9113354563,8907.491755599658,32939.895398831424,14.887859922053517,-0.0279489689961689,401.3553725561848,85.17702870345573,108.52876268374672,61.3670412633504,223.53138717019309,252.10281109054227,351.449028299838,1.6368593758681929,Fatigue
