emg_rms,emg_mav,emg_variance,emg_std,emg_waveform_length,emg_zero_crossing,emg_ssc,emg_kurtosis,emg_skewness,emg_peak,emg_median_freq,emg_mean_freq,emg_peak_freq,emg_total_power,emg_power_low,emg_power_mid,emg_power_high,class_name
21.555999458320716,3.7361079251774423,-412.1261927020364,74.59170708727432,317221.1092346263,10642.64863726311,26580.11745464021,17.035702719830862,1.3144563141022387,424.0690013731374,69.75290357689812,110.73145533157891,69.29395913316674,634.4059648665656,-134.79591262625843,719.9787572949989,9.410108828869944,Fatigue
