emg_rms,emg_mav,emg_variance,emg_std,emg_waveform_length,emg_zero_crossing,emg_ssc,emg_kurtosis,emg_skewness,emg_peak,emg_median_freq,emg_mean_freq,emg_peak_freq,emg_total_power,emg_power_low,emg_power_mid,emg_power_high,class_name
57.28438743260976,14.93898390334143,4768.480835881159,15.365406021842052,128497.60517116048,17024.93823500934,34779.89195382093,8.119130125273774,1.1794322076668584,283.44661838598006,61.489354157011256,83.22985799317743,44.47517781401383,258.92424687335307,98.63572940219964,-241.20124939460777,8.227714726427674,Fatigue
