emg_rms,emg_mav,emg_variance,emg_std,emg_waveform_length,emg_zero_crossing,emg_ssc,emg_kurtosis,emg_skewness,emg_peak,emg_median_freq,emg_mean_freq,emg_peak_freq,emg_total_power,emg_power_low,emg_power_mid,emg_power_high,class_name
44.73861986488417,9.055113067693332,2497.9126705231847,21.856815996841892,453697.592770189,9894.72090259784,24124.202817887664,10.020664782746788,-1.1432640002101035,256.71969872678324,74.16104294550709,86.26375846787502,58.40055959774637,471.6037727984075,-111.59505503688924,327.7602726103018,10.970501754305367,Fatigue
