emg_rms,emg_mav,emg_variance,emg_std,emg_waveform_length,emg_zero_crossing,emg_ssc,emg_kurtosis,emg_skewness,emg_peak,emg_median_freq,emg_mean_freq,emg_peak_freq,emg_total_power,emg_power_low,emg_power_mid,emg_power_high,class_name
24.67822717106704,31.857438827594983,4057.7569726944935,22.138854608544484,346314.7467672861,9335.482260904972,29508.89888138325,17.85851410243268,0.671129736059601,293.13322578545416,79.7098228407638,83.51089254360532,78.50156421843288,419.158264179723,92.36864152235776,841.136629203761,32.36749747686311,Fatigue
