emg_rms,emg_mav,emg_variance,emg_std,emg_waveform_length,emg_zero_crossing,emg_ssc,emg_kurtosis,emg_skewness,emg_peak,emg_median_freq,emg_mean_freq,emg_peak_freq,emg_total_power,emg_power_low,emg_power_mid,emg_power_high,class_name
32.515280859660734,29.72923477877043,-339.3135664751003,40.278457256910364,750837.4013121738,16734.675780250585,36366.987104234846,11.94335001528824,1.606179663718465,364.4262126862061,91.7475710122708,83.86157715703972,48.90127590994546,-600.8814389268955,-85.71278738619213,238.1060812276473,60.68954058515799,Fatigue
