emg_rms,emg_mav,emg_variance,emg_std,emg_waveform_length,emg_zero_crossing,emg_ssc,emg_kurtosis,emg_skewness,emg_peak,emg_median_freq,emg_mean_freq,emg_peak_freq,emg_total_power,emg_power_low,emg_power_mid,emg_power_high,class_name
32.82277866650128,12.392901333539116,1443.7106558405967,57.20596212065296,494156.6393573804,19063.270567156796,31571.399875942487,8.314581698987578,-1.3793897317289774,480.9425598575128,76.05256511803258,37.46106264889559,39.02369053690249,976.4720023894164,9.594717733111525,287.2102495123919,19.074538934239808,Fatigue
