emg_rms,emg_mav,emg_variance,emg_std,emg_waveform_length,emg_zero_crossing,emg_ssc,emg_kurtosis,emg_skewness,emg_peak,emg_median_freq,emg_mean_freq,emg_peak_freq,emg_total_power,emg_power_low,emg_power_mid,emg_power_high,class_name
33.320730317635366,13.62465101598426,2878.5801596611445,48.434663364781386,474547.3327988524,18465.60136965648,24778.69080408048,14.508211717143014,1.2778512666791406,252.69055296575675,79.86210339770058,50.87939484803995,67.60396217517378,-4.904120495002246,250.7505471172202,-68.38149625476365,50.64937443143516,Fatigue
