emg_rms,emg_mav,emg_variance,emg_std,emg_waveform_length,emg_zero_crossing,emg_ssc,emg_kurtosis,emg_skewness,emg_peak,emg_median_freq,emg_mean_freq,emg_peak_freq,emg_total_power,emg_power_low,emg_power_mid,emg_power_high,class_name
40.62739266235347,18.952726069158857,665.6613948921506,9.846564675873474,512512.82475882914,9370.01825696052,27085.21966014646,4.779020094969422,0.2042670546899019,44.39773788328682,50.84179842310176,46.87937350476129,63.50222187651604,-822.2490412758345,135.9489709669035,987.9154027747662,-16.042047340545146,Fatigue
