emg_rms,emg_mav,emg_variance,emg_std,emg_waveform_length,emg_zero_crossing,emg_ssc,emg_kurtosis,emg_skewness,emg_peak,emg_median_freq,emg_mean_freq,emg_peak_freq,emg_total_power,emg_power_low,emg_power_mid,emg_power_high,class_name
51.88894420070078,17.876703806768695,2008.301514549286,26.29914831295752,506200.4666106368,10085.986313763247,23338.92206395869,3.113524830890393,0.9189380810932194,314.1913121900092,74.30330146565045,68.33307226317528,70.30867703121906,1484.9340946967468,85.35881771121004,76.7381511467442,-33.711734238971204,Fatigue
