emg_rms,emg_mav,emg_variance,emg_std,emg_waveform_length,emg_zero_crossing,emg_ssc,emg_kurtosis,emg_skewness,emg_peak,emg_median_freq,emg_mean_freq,emg_peak_freq,emg_total_power,emg_power_low,emg_power_mid,emg_power_high,class_name
2.176655771045887,10.87482846782742,2618.473521779332,5.196763787653044,535661.2526707415,13763.741997468896,33082.48321062082,15.022284409552483,0.1018356895242589,302.47086950273484,54.281845381082725,72.28113702696068,63.616123796208925,521.8686642597715,203.45989291888392,32.75548925088549,22.63586911307368,Fatigue
