emg_rms,emg_mav,emg_variance,emg_std,emg_waveform_length,emg_zero_crossing,emg_ssc,emg_kurtosis,emg_skewness,emg_peak,emg_median_freq,emg_mean_freq,emg_peak_freq,emg_total_power,emg_power_low,emg_power_mid,emg_power_high,class_name
34.42651132313385,9.208456793173834,-1949.918645310306,70.89179876027066,458847.1678800932,18113.05032750765,26857.304403520677,15.18417673435524,0.0232214740975506,508.4777598137816,76.79803120289795,74.32658768011038,65.15657997614363,802.6677757714165,66.16309182142483,-98.55834710611748,8.55154335399422,Fatigue
