emg_rms,emg_mav,emg_variance,emg_std,emg_waveform_length,emg_zero_crossing,emg_ssc,emg_kurtosis,emg_skewness,emg_peak,emg_median_freq,emg_mean_freq,emg_peak_freq,emg_total_power,emg_power_low,emg_power_mid,emg_power_high,class_name
28.195109682542512,3.0950164736917856,3303.048840020082,40.46329732330218,131002.02941169066,10448.92315317078,30572.182331215557,19.62723928812576,-1.6663667414365642,234.16784879211176,58.05737249775368,92.80804712800078,54.48376155933103,-730.0132398345706,237.9714900875113,378.8629102867753,8.513357477996719,Fatigue
