emg_rms,emg_mav,emg_variance,emg_std,emg_waveform_length,emg_zero_crossing,emg_ssc,emg_kurtosis,emg_skewness,emg_peak,emg_median_freq,emg_mean_freq,emg_peak_freq,emg_total_power,emg_power_low,emg_power_mid,emg_power_high,class_name
61.53569981941891,2.239113648603148,2890.8583587136245,52.45593103123362,478985.5048875641,12749.742906474768,31114.5220901207,13.199363550179076,0.8362769613382851,427.31108472544696,56.80702029724486,89.55749437320881,64.69746559399732,923.7291744698535,115.2951090597299,469.1483800491836,0.621432899337611,Fatigue
