emg_rms,emg_mav,emg_variance,emg_std,emg_waveform_length,emg_zero_crossing,emg_ssc,emg_kurtosis,emg_skewness,emg_peak,emg_median_freq,emg_mean_freq,emg_peak_freq,emg_total_power,emg_power_low,emg_power_mid,emg_power_high,class_name
28.755508862643275,20.16862952026616,6016.797541913415,29.14535728165624,458802.70324012695,11846.915202004431,27573.644095952768,13.561250042886943,0.0396447144541895,493.23653627570985,79.82106602901123,92.36967434383683,47.67787885303522,153.7553155765923,148.10719187880085,121.9846429986436,5.212081487766152,Fatigue
