emg_rms,emg_mav,emg_variance,emg_std,emg_waveform_length,emg_zero_crossing,emg_ssc,emg_kurtosis,emg_skewness,emg_peak,emg_median_freq,emg_mean_freq,emg_peak_freq,emg_total_power,emg_power_low,emg_power_mid,emg_power_high,class_name
40.833451280495424,14.75478820705718,978.2701353459678,3.119282625831445,514573.6208382941,18608.93926631034,30868.762336096315,2.8678463622246806,2.4816385398308367,386.7780761565238,72.90318752647184,83.89451355603582,82.9815825348786,762.7285856054007,-69.13919280479777,653.6428421760479,1.679338379157766,Fatigue
