emg_rms,emg_mav,emg_variance,emg_std,emg_waveform_length,emg_zero_crossing,emg_ssc,emg_kurtosis,emg_skewness,emg_peak,emg_median_freq,emg_mean_freq,emg_peak_freq,emg_total_power,emg_power_low,emg_power_mid,emg_power_high,class_name
31.881622095178763,22.03225026741706,3076.904823120128,11.674379334297411,799419.5228771036,11056.530119910316,31421.894378426663,6.171204133769794,-0.2748885509229561,295.9835030157387,64.55176003461088,71.5461524532522,58.48398648153324,-112.36658523717136,89.93365723828157,330.9299233138604,4.845437031302234,Fatigue
