emg_rms,emg_mav,emg_variance,emg_std,emg_waveform_length,emg_zero_crossing,emg_ssc,emg_kurtosis,emg_skewness,emg_peak,emg_median_freq,emg_mean_freq,emg_peak_freq,emg_total_power,emg_power_low,emg_power_mid,emg_power_high,class_name
61.165612847635856,35.55562920105089,1026.6580701409175,33.66889069385929,621215.5155376564,7795.587458951979,25572.52590681332,7.975345528011802,1.6941432555583384,325.89086668987693,78.94340453102417,52.48783590857892,69.20157984229759,1460.7149344635206,-290.2540966712348,-66.17410754584228,5.135486694710004,Fatigue
