emg_rms,emg_mav,emg_variance,emg_std,emg_waveform_length,emg_zero_crossing,emg_ssc,emg_kurtosis,emg_skewness,emg_peak,emg_median_freq,emg_mean_freq,emg_peak_freq,emg_total_power,emg_power_low,emg_power_mid,emg_power_high,class_name
62.11529893863177,19.99117960518489,5936.22524496472,52.69589109839842,433710.0537768656,20022.013340505444,23335.85008606413,14.164359866191967,2.258084249238721,16.404893697332398,46.23037812176496,80.02805395679138,66.59768281095499,536.601867103774,273.2744467087041,281.2805768062718,18.533566894110823,Fatigue
