emg_rms,emg_mav,emg_variance,emg_std,emg_waveform_length,emg_zero_crossing,emg_ssc,emg_kurtosis,emg_skewness,emg_peak,emg_median_freq,emg_mean_freq,emg_peak_freq,emg_total_power,emg_power_low,emg_power_mid,emg_power_high,class_name
14.29504044780338,14.41979108689149,2419.6284968795926,37.51055486163778,562208.1438838416,10489.970036673794,33174.486264968524,15.34270590455088,-0.2232686320947961,323.113987950428,70.09419091561992,93.53351280956156,67.95267264271202,311.2044742061876,-66.97225220383262,555.8159244729312,-24.389010242013697,Fatigue
