emg_rms,emg_mav,emg_variance,emg_std,emg_waveform_length,emg_zero_crossing,emg_ssc,emg_kurtosis,emg_skewness,emg_peak,emg_median_freq,emg_mean_freq,emg_peak_freq,emg_total_power,emg_power_low,emg_power_mid,emg_power_high,class_name
22.86753244987805,14.903826571299934,1724.338966551992,8.862547410966055,294092.20209989056,13862.426126091908,27301.39126098949,15.450430629789077,-1.9417476979660155,210.4648071256239,56.372521422315465,95.00020466398723,49.16839003999576,-645.6258667418019,188.02054120151288,172.6248050753611,22.755725426468484,Fatigue
