emg_rms,emg_mav,emg_variance,emg_std,emg_waveform_length,emg_zero_crossing,emg_ssc,emg_kurtosis,emg_skewness,emg_peak,emg_median_freq,emg_mean_freq,emg_peak_freq,emg_total_power,emg_power_low,emg_power_mid,emg_power_high,class_name
44.04436492914642,9.409283264063266,963.0956508245628,50.72495784606524,537220.4737687588,15842.98129868022,29651.833138466147,13.83074704413587,-0.6519849474258427,171.7088661289133,54.98320211733588,66.47100618400201,56.73403073829695,1175.1359086335467,110.44999051571936,685.2772128808268,13.385269998447855,Fatigue
