emg_rms,emg_mav,emg_variance,emg_std,emg_waveform_length,emg_zero_crossing,emg_ssc,emg_kurtosis,emg_skewness,emg_peak,emg_median_freq,emg_mean_freq,emg_peak_freq,emg_total_power,emg_power_low,emg_power_mid,emg_power_high,class_name
31.61179148803077,13.836779531153343,-2560.470759701082,61.646768210326826,823927.5270537419,9846.926920035286,31854.94446243701,10.613763998095598,1.7225288112401012,357.5747947064516,62.70933347980941,73.72280900775817,69.34768049797775,1032.1808955465033,11.641021096505384,433.4610855801042,17.83356775997628,Fatigue
