emg_rms,emg_mav,emg_variance,emg_std,emg_waveform_length,emg_zero_crossing,emg_ssc,emg_kurtosis,emg_skewness,emg_peak,emg_median_freq,emg_mean_freq,emg_peak_freq,emg_total_power,emg_power_low,emg_power_mid,emg_power_high,class_name
42.87907024237935,12.899842634055036,1029.1346993989976,25.99179451159084,529852.8714381784,10561.323186776632,26723.704124137064,21.41515636370473,-2.4182255410654383,431.9206733218608,68.01110096523448,98.46824433565644,61.44495146343094,512.1173480902626,131.9408161033111,620.5735199029539,21.312924897017325,Fatigue
