emg_rms,emg_mav,emg_variance,emg_std,emg_waveform_length,emg_zero_crossing,emg_ssc,emg_kurtosis,emg_skewness,emg_peak,emg_median_freq,emg_mean_freq,emg_peak_freq,emg_total_power,emg_power_low,emg_power_mid,emg_power_high,class_name
19.92059849803909,20.556015622682523,5645.734514321357,50.00057471724573,228803.16701574405,10455.142910992708,22595.333357912656,15.009716826882322,-0.87910744230792,502.5910207208592,75.53191675348074,81.07524037297723,59.565394148803,-196.38017316355928,186.8501625046793,113.52507866427476,10.356161857236549,Fatigue
