emg_rms,emg_mav,emg_variance,emg_std,emg_waveform_length,emg_zero_crossing,emg_ssc,emg_kurtosis,emg_skewness,emg_peak,emg_median_freq,emg_mean_freq,emg_peak_freq,emg_total_power,emg_power_low,emg_power_mid,emg_power_high,class_name
62.97329221937963,12.37891115574763,2521.228293160732,79.41830089123403,522475.4955393896,11982.588154848156,36433.79382052463,6.524328949640919,0.5851934855792255,281.018063513758,68.98209718045821,66.56564835657335,75.53573111870807,1234.8259749639778,172.8558136454368,155.02588208280122,16.342417560685906,Fatigue
