emg_rms,emg_mav,emg_variance,emg_std,emg_waveform_length,emg_zero_crossing,emg_ssc,emg_kurtosis,emg_skewness,emg_peak,emg_median_freq,emg_mean_freq,emg_peak_freq,emg_total_power,emg_power_low,emg_power_mid,emg_power_high,class_name
11.53378448716963,14.142357566599124,-393.0558300533089,39.822341992513714,177364.72129025223,13577.323169607567,25989.00069029622,13.95733082874928,-1.765130871884586,412.79170418944017,59.44959830504649,90.62076097122156,62.185999805132994,718.9770855215895,-142.47339175553083,87.77260943037683,48.44989610122631,Fatigue
