emg_rms,emg_mav,emg_variance,emg_std,emg_waveform_length,emg_zero_crossing,emg_ssc,emg_kurtosis,emg_skewness,emg_peak,emg_median_freq,emg_mean_freq,emg_peak_freq,emg_total_power,emg_power_low,emg_power_mid,emg_power_high,class_name
-3.111770604915968,14.265352690669644,772.4481942301002,-6.675893572365261,448095.6309542692,14907.317014073244,26807.769329577743,8.755581200624507,0.7182415343193504,328.9973102415843,76.07962205879019,72.99724823671691,54.704051435546674,667.3195878883108,224.5416739860593,503.2314396804416,52.88356477067195,Fatigue
