emg_rms,emg_mav,emg_variance,emg_std,emg_waveform_length,emg_zero_crossing,emg_ssc,emg_kurtosis,emg_skewness,emg_peak,emg_median_freq,emg_mean_freq,emg_peak_freq,emg_total_power,emg_power_low,emg_power_mid,emg_power_high,class_name
74.96451889242232,17.3411426951204,5211.188174114481,37.0561019989756,303775.23242365185,10343.985977221048,29654.04007758061,4.202918467098548,2.274818814764412,326.788829013266,58.54438491763662,83.52078120167126,88.56888191369714,186.65685952503105,29.480776363555748,221.5102628604064,23.15704343972558,Fatigue
