emg_rms,emg_mav,emg_variance,emg_std,emg_waveform_length,emg_zero_crossing,emg_ssc,emg_kurtosis,emg_skewness,emg_peak,emg_median_freq,emg_mean_freq,emg_peak_freq,emg_total_power,emg_power_low,emg_power_mid,emg_power_high,class_name
13.448514896491012,18.505649917617195,3201.4658369630697,61.706570426797896,409655.4207027898,9146.043808854924,24673.949277796222,10.568056898502412,-0.2338318123641793,359.7751083600565,73.67627927980637,75.77856883269664,59.08278902629392,1396.890778951463,42.50612800530868,662.7253804292981,-12.13865776685262,Fatigue
