emg_rms,emg_mav,emg_variance,emg_std,emg_waveform_length,emg_zero_crossing,emg_ssc,emg_kurtosis,emg_skewness,emg_peak,emg_median_freq,emg_mean_freq,emg_peak_freq,emg_total_power,emg_power_low,emg_power_mid,emg_power_high,class_name
23.45057140545428,-1.94047521775083,3906.060232729628,15.978974765225509,639120.1750300104,8062.225469910728,30186.496003576944,4.858404431779306,0.6574458894851006,338.6356913120848,60.78455435114324,98.66961526911578,85.27976682256208,812.9227119450788,183.98120840639493,810.6835408099639,8.56555755105906,Fatigue
