emg_rms,emg_mav,emg_variance,emg_std,emg_waveform_length,emg_zero_crossing,emg_ssc,emg_kurtosis,emg_skewness,emg_peak,emg_median_freq,emg_mean_freq,emg_peak_freq,emg_total_power,emg_power_low,emg_power_mid,emg_power_high,class_name
39.604510426559045,11.940197210723897,-2928.5606725077696,5.923971737539283,440479.05723866966,14876.917309336051,26460.809442974256,8.87763286883368,1.277277718160466,400.563836036929,42.39167385259709,70.08496883263815,67.26785640453596,-73.71668535619023,141.47713386821275,364.8603594613893,13.252827073965324,Fatigue
