emg_rms,emg_mav,emg_variance,emg_std,emg_waveform_length,emg_zero_crossing,emg_ssc,emg_kurtosis,emg_skewness,emg_peak,emg_median_freq,emg_mean_freq,emg_peak_freq,emg_total_power,emg_power_low,emg_power_mid,emg_power_high,class_name
33.45916214601934,19.484181291825635,823.6055333320038,27.045400558051085,412648.1657878492,11970.18651846728,19422.413776768743,10.013168345121928,0.4686686085367365,434.150924660555,72.34056341747895,52.98981320075304,63.17829588569816,488.09164430397885,89.36008769793294,1361.2126845803327,15.806138738861131,Fatigue
