emg_rms,emg_mav,emg_variance,emg_std,emg_waveform_length,emg_zero_crossing,emg_ssc,emg_kurtosis,emg_skewness,emg_peak,emg_median_freq,emg_mean_freq,emg_peak_freq,emg_total_power,emg_power_low,emg_power_mid,emg_power_high,class_name
15.973376199566996,11.136692385262156,4354.131390506596,29.89380556311078,405515.75294275343,18036.4992240176,24676.424071341837,16.553190588677634,-0.749914846276363,80.48948022735215,77.31402085527463,77.06872317827653,64.130141214174,446.6932386159622,444.294982825698,192.1582020816916,37.53771206884812,Fatigue
