emg_rms,emg_mav,emg_variance,emg_std,emg_waveform_length,emg_zero_crossing,emg_ssc,emg_kurtosis,emg_skewness,emg_peak,emg_median_freq,emg_mean_freq,emg_peak_freq,emg_total_power,emg_power_low,emg_power_mid,emg_power_high,class_name
39.41167699892589,9.61088913503221,6247.126137590063,27.238338580037787,562141.4084740517,15322.191140518751,32270.95972276252,13.024552434020627,0.5115879559207182,559.1531429401646,75.46703122732477,75.83659671795245,66.0649209499743,128.4126711164325,5.169953497700433,744.2288475089954,-11.065156964275769,Fatigue
