emg_rms,emg_mav,emg_variance,emg_std,emg_waveform_length,emg_zero_crossing,emg_ssc,emg_kurtosis,emg_skewness,emg_peak,emg_median_freq,emg_mean_freq,emg_peak_freq,emg_total_power,emg_power_low,emg_power_mid,emg_power_high,class_name
-12.56384564409403,18.511418928283813,3324.0846914936,53.37109739142984,226393.53185266652,7276.377854176932,31946.16825058742,9.151672042674203,0.6180770250215267,47.53943069270127,74.18290655737631,89.8561654947035,56.33277796890023,380.482405589761,220.2852504217876,644.0788278359673,6.55382121045349,Fatigue
