emg_rms,emg_mav,emg_variance,emg_std,emg_waveform_length,emg_zero_crossing,emg_ssc,emg_kurtosis,emg_skewness,emg_peak,emg_median_freq,emg_mean_freq,emg_peak_freq,emg_total_power,emg_power_low,emg_power_mid,emg_power_high,class_name
73.53798985116686,15.884311394737113,5585.024172453787,18.834025321469177,386602.9231309969,11936.83920756519,36567.23032528499,20.36383226510255,-0.3026986056498016,291.30496800048,66.27774255884425,86.88158916128197,46.729192694828384,1122.65644339726,299.4881678846364,130.35274417911936,11.223682296882131,Fatigue
