emg_rms,emg_mav,emg_variance,emg_std,emg_waveform_length,emg_zero_crossing,emg_ssc,emg_kurtosis,emg_skewness,emg_peak,emg_median_freq,emg_mean_freq,emg_peak_freq,emg_total_power,emg_power_low,emg_power_mid,emg_power_high,class_name
31.468442064638733,18.948649761275885,-1057.347642480217,24.37432212050059,339015.6843220131,17981.962163386295,32167.56294713137,4.8565840797232855,1.9158993649420195,249.7298801344421,65.67345107739143,47.31783015335944,62.223818442806405,371.0805987090344,270.2609585966701,522.7658647823644,45.40070779735672,Fatigue
