emg_rms,emg_mav,emg_variance,emg_std,emg_waveform_length,emg_zero_crossing,emg_ssc,emg_kurtosis,emg_skewness,emg_peak,emg_median_freq,emg_mean_freq,emg_peak_freq,emg_total_power,emg_power_low,emg_power_mid,emg_power_high,class_name
46.2917878989452,14.233316456576905,3270.5277015604443,35.54822629322041,630421.6218369281,10626.723541054696,31653.874443340967,3.81819446773994,-0.2053137015416028,235.63881295090425,49.7374839664226,66.31886913649076,81.77878205022412,93.83954904701083,-32.604498246691804,283.51368611687195,65.9514505931105,Fatigue
