emg_rms,emg_mav,emg_variance,emg_std,emg_waveform_length,emg_zero_crossing,emg_ssc,emg_kurtosis,emg_skewness,emg_peak,emg_median_freq,emg_mean_freq,emg_peak_freq,emg_total_power,emg_power_low,emg_power_mid,emg_power_high,class_name
71.1903982054586,36.76986739159752,1252.572651389061,71.68581664131936,766269.9533772657,8899.574370716682,33207.46258005828,6.068298554894632,0.1361206803314297,236.2050973095924,80.40016937893877,130.39608890062908,81.26191010872031,733.008631540288,-113.82486349844972,-25.84259584643638,-15.910002873194568,Fatigue
