emg_rms,emg_mav,emg_variance,emg_std,emg_waveform_length,emg_zero_crossing,emg_ssc,emg_kurtosis,emg_skewness,emg_peak,emg_median_freq,emg_mean_freq,emg_peak_freq,emg_total_power,emg_power_low,emg_power_mid,emg_power_high,class_name
32.801838709984594,25.956519042505317,1490.8953490275353,57.77526245906938,418100.7917000134,20249.58739224215,35184.71372233569,16.641704598434096,-2.3490500179569,218.17384052613568,78.47415901475995,85.08976669468613,28.18531969684708,585.5482365547556,180.74886587463251,863.5404848654165,13.850265171814453,Fatigue
