emg_rms,emg_mav,emg_variance,emg_std,emg_waveform_length,emg_zero_crossing,emg_ssc,emg_kurtosis,emg_skewness,emg_peak,emg_median_freq,emg_mean_freq,emg_peak_freq,emg_total_power,emg_power_low,emg_power_mid,emg_power_high,class_name
18.08853767150094,-3.147753020851954,5019.316760045888,-4.66298023125303,583964.1303650427,14228.22576353299,29044.13983984219,13.788459412557955,1.45551103971025,455.831496564424,76.55322193026079,72.40308814029409,51.5445596089344,988.3021503523098,-223.04381899038987,85.57031713786003,21.968595989433165,Fatigue
