emg_rms,emg_mav,emg_variance,emg_std,emg_waveform_length,emg_zero_crossing,emg_ssc,emg_kurtosis,emg_skewness,emg_peak,emg_median_freq,emg_mean_freq,emg_peak_freq,emg_total_power,emg_power_low,emg_power_mid,emg_power_high,class_name
65.16747983635128,11.5388820506006,1111.0618908149631,34.30059616483636,506696.6834741542,17080.713215734082,30614.364888955995,7.857286917844751,0.5958619519082295,338.8653936921351,61.22049541299471,87.28518757276655,50.82752491992801,-144.64753386833803,-82.83884703723467,985.966173913209,1.6687309149442626,Fatigue
