emg_rms,emg_mav,emg_variance,emg_std,emg_waveform_length,emg_zero_crossing,emg_ssc,emg_kurtosis,emg_skewness,emg_peak,emg_median_freq,emg_mean_freq,emg_peak_freq,emg_total_power,emg_power_low,emg_power_mid,emg_power_high,class_name
62.57968245392115,18.338899678883045,3959.360694296971,42.02680610766856,274285.13448489364,14758.79275764975,33206.64497061592,4.918893871620482,0.1884595197745298,279.1384742258171,54.82472567126821,65.52073401307797,64.0966068098702,633.690278197646,89.20206993685068,256.5176384582093,2.057376932630362,Fatigue
