emg_rms,emg_mav,emg_variance,emg_std,emg_waveform_length,emg_zero_crossing,emg_ssc,emg_kurtosis,emg_skewness,emg_peak,emg_median_freq,emg_mean_freq,emg_peak_freq,emg_total_power,emg_power_low,emg_power_mid,emg_power_high,class_name
18.796544693657605,34.05806739819092,2274.7384112697523,90.77325814003976,528409.9517732442,12606.62443422947,34252.5067652763,4.5394492512523135,0.199884266899966,469.86411396409073,72.37485510375429,66.81833854260407,56.66313936762872,512.9704989299413,526.5754112970262,443.1267087270087,38.213710470045896,Fatigue
