emg_rms,emg_mav,emg_variance,emg_std,emg_waveform_length,emg_zero_crossing,emg_ssc,emg_kurtosis,emg_skewness,emg_peak,emg_median_freq,emg_mean_freq,emg_peak_freq,emg_total_power,emg_power_low,emg_power_mid,emg_power_high,class_name
-2.9296350742120723,25.307009093816788,4332.960202447964,-4.623674309028047,730418.8594286917,12898.724438513604,31451.626162978755,23.57477639068938,1.0771445568801743,347.06438462462245,89.59956445759354,93.74226679969716,37.58668742548491,-316.7203813781792,120.51635649361494,459.2788277592058,39.6036945079519,Fatigue
