emg_rms,emg_mav,emg_variance,emg_std,emg_waveform_length,emg_zero_crossing,emg_ssc,emg_kurtosis,emg_skewness,emg_peak,emg_median_freq,emg_mean_freq,emg_peak_freq,emg_total_power,emg_power_low,emg_power_mid,emg_power_high,class_name
26.385528743803047,17.451489982330976,-1220.8592873019147,29.67473733444542,714987.7070236355,15463.008708499558,33579.939015223055,2.808614238872412,0.0391572410948066,500.5268618899354,80.29626261511525,90.4381904706029,79.41096326987753,769.3351993935893,170.9207311444971,671.9644931599089,54.225999244304674,Fatigue
