emg_rms,emg_mav,emg_variance,emg_std,emg_waveform_length,emg_zero_crossing,emg_ssc,emg_kurtosis,emg_skewness,emg_peak,emg_median_freq,emg_mean_freq,emg_peak_freq,emg_total_power,emg_power_low,emg_power_mid,emg_power_high,class_name
28.30383781717846,18.43407481798241,63.86350698206888,48.984184682854384,229278.45809769252,8875.086998153181,28172.443472971438,9.164526755804978,0.4934569751195077,229.11520508316949,58.960683467508446,60.13776212544394,41.362531540024,637.2040075432662,158.914093179061,647.8892664465711,10.006976694238588,Fatigue
