emg_rms,emg_mav,emg_variance,emg_std,emg_waveform_length,emg_zero_crossing,emg_ssc,emg_kurtosis,emg_skewness,emg_peak,emg_median_freq,emg_mean_freq,emg_peak_freq,emg_total_power,emg_power_low,emg_power_mid,emg_power_high,class_name
43.91841069303476,14.804298489744191,3391.8072419078385,33.68844846899512,233435.37578186067,15019.664358743972,36547.91919830665,7.611421213029544,1.285967445845465,374.3866154546278,64.97761669452275,59.46323831874186,58.36355847691258,273.5102766111793,333.80146959978083,-26.98622151686442,16.622206710716238,Fatigue
