emg_rms,emg_mav,emg_variance,emg_std,emg_waveform_length,emg_zero_crossing,emg_ssc,emg_kurtosis,emg_skewness,emg_peak,emg_median_freq,emg_mean_freq,emg_peak_freq,emg_total_power,emg_power_low,emg_power_mid,emg_power_high,class_name
36.5840654426794,12.93874051561158,1148.6295057585962,30.85674966403519,474707.2584137489,16112.84948655887,34921.90057831859,11.711590885482476,-1.2648764146167064,126.577877312372,68.64045661162045,79.76446335773609,81.52804494426212,192.1150579757874,-174.95053879134002,30.155316110994647,69.22948580470019,Fatigue
