emg_rms,emg_mav,emg_variance,emg_std,emg_waveform_length,emg_zero_crossing,emg_ssc,emg_kurtosis,emg_skewness,emg_peak,emg_median_freq,emg_mean_freq,emg_peak_freq,emg_total_power,emg_power_low,emg_power_mid,emg_power_high,class_name
66.94307557770433,10.520899323050363,2129.5656084488114,-27.340603865844365,753966.7920618795,14271.850505950792,30634.624319592214,18.32993554665176,-0.193898440672981,283.6203219507288,72.64169785417837,106.17467554016538,66.10217641260586,1933.6200864787552,418.1347705054634,358.4709099526526,3.4275704064731816,Fatigue
