emg_rms,emg_mav,emg_variance,emg_std,emg_waveform_length,emg_zero_crossing,emg_ssc,emg_kurtosis,emg_skewness,emg_peak,emg_median_freq,emg_mean_freq,emg_peak_freq,emg_total_power,emg_power_low,emg_power_mid,emg_power_high,class_name
58.8500854535654,26.061145847360606,1167.3888469916656,55.028816586564616,508029.8986508051,13399.94620356122,32212.499599514216,11.12981749043773,-0.3217071419679773,154.66351562512662,88.25445292814088,65.08094445153363,55.99137148479047,-10.475092394921717,118.94669000037344,-201.6985087075033,24.257435927237545,Fatigue
