emg_rms,emg_mav,emg_variance,emg_std,emg_waveform_length,emg_zero_crossing,emg_ssc,emg_kurtosis,emg_skewness,emg_peak,emg_median_freq,emg_mean_freq,emg_peak_freq,emg_total_power,emg_power_low,emg_power_mid,emg_power_high,class_name
34.28466277946533,23.85754682494185,656.3509202113685,8.001325553203962,418819.6392354599,8566.0820010261,29284.773047036437,12.110637133079178,-0.578840543610802,292.79937034761537,59.16362196830828,66.68249265394628,57.62273979117365,-279.6109302713285,125.53600954617627,-421.12257252686265,-16.057842578394002,Fatigue
