emg_rms,emg_mav,emg_variance,emg_std,emg_waveform_length,emg_zero_crossing,emg_ssc,emg_kurtosis,emg_skewness,emg_peak,emg_median_freq,emg_mean_freq,emg_peak_freq,emg_total_power,emg_power_low,emg_power_mid,emg_power_high,class_name
77.34936523436096,21.347717580874004,3187.0695057004814,57.13850786992308,496833.9511928815,10120.278181542184,30259.73106937553,13.455923999612596,0.7096803142696742,254.8636559302344,61.10607431476079,93.59011383891068,35.751558779931855,513.0430386597125,-21.01928673073894,635.0232986592843,37.5772797728786,Fatigue
