emg_rms,emg_mav,emg_variance,emg_std,emg_waveform_length,emg_zero_crossing,emg_ssc,emg_kurtosis,emg_skewness,emg_peak,emg_median_freq,emg_mean_freq,emg_peak_freq,emg_total_power,emg_power_low,emg_power_mid,emg_power_high,class_name
41.575784348397775,27.027822848804483,2777.68535708386,80.42896889145092,747607.6874746877,13146.573886544113,29537.17672081032,4.425669945171973,2.449670646046181,262.7674796050228,87.8716797016636,89.34640379586922,48.70619736535237,832.5327779925666,154.01195103458443,99.1563412729835,8.851586255330579,Fatigue
