emg_rms,emg_mav,emg_variance,emg_std,emg_waveform_length,emg_zero_crossing,emg_ssc,emg_kurtosis,emg_skewness,emg_peak,emg_median_freq,emg_mean_freq,emg_peak_freq,emg_total_power,emg_power_low,emg_power_mid,emg_power_high,class_name
28.245466577952325,14.764349802050834,2808.880390705164,28.253824295135495,408052.1458988338,14704.981563438758,25678.57464841918,11.299588844035007,1.0869087313664632,264.52423267551245,66.79393250990067,82.93581671197983,64.96715808591802,713.6091382198076,61.76967162239373,805.0118909237583,23.187686614665576,Fatigue
