emg_rms,emg_mav,emg_variance,emg_std,emg_waveform_length,emg_zero_crossing,emg_ssc,emg_kurtosis,emg_skewness,emg_peak,emg_median_freq,emg_mean_freq,emg_peak_freq,emg_total_power,emg_power_low,emg_power_mid,emg_power_high,class_name
28.382477441308083,14.70300882567557,1592.0932684852569,34.45196848161771,586028.153439544,14972.248411492412,38564.16594022256,16.48623202642375,0.8341201150826556,373.6437288846786,82.10655683389766,42.61100002926379,58.21584282340391,-411.4871682797744,364.00685267344505,72.90552507547702,5.541981916419761,Fatigue
