emg_rms,emg_mav,emg_variance,emg_std,emg_waveform_length,emg_zero_crossing,emg_ssc,emg_kurtosis,emg_skewness,emg_peak,emg_median_freq,emg_mean_freq,emg_peak_freq,emg_total_power,emg_power_low,emg_power_mid,emg_power_high,class_name
4.096991292904704,-0.2611393001917221,2357.785545620471,50.36581208414246,623979.3841435882,16092.919320874606,32097.11755473699,12.43427394599166,0.344668433536256,152.5362701710268,74.08827486331128,100.61055941800257,83.13839327392256,-257.7073502802168,133.15561905835014,625.8909180038897,78.43893941644683,Fatigue
