emg_rms,emg_mav,emg_variance,emg_std,emg_waveform_length,emg_zero_crossing,emg_ssc,emg_kurtosis,emg_skewness,emg_peak,emg_median_freq,emg_mean_freq,emg_peak_freq,emg_total_power,emg_power_low,emg_power_mid,emg_power_high,class_name
30.191569212442957,12.32392558674442,4691.099103269326,25.30800233752005,453946.7387032204,12366.504824256364,23242.996673215603,13.985695644262195,0.3438189471262589,265.2130350391976,84.8339280558852,69.81132754965488,58.869113928249725,338.4119823757268,-65.35498019090014,363.9437477717324,52.35808698975816,Fatigue
