emg_rms,emg_mav,emg_variance,emg_std,emg_waveform_length,emg_zero_crossing,emg_ssc,emg_kurtosis,emg_skewness,emg_peak,emg_median_freq,emg_mean_freq,emg_peak_freq,emg_total_power,emg_power_low,emg_power_mid,emg_power_high,class_name
19.49977641657048,13.361151048626612,7858.065017282448,49.29106989941563,416104.4463686214,13355.400683074817,25893.738003692724,18.619564974236788,0.0767526773586256,412.2568398653372,63.24339281942117,85.32724938262541,77.14073839594101,307.896514084738,169.0653860815618,573.6892686449439,56.48980096386961,Fatigue
