emg_rms,emg_mav,emg_variance,emg_std,emg_waveform_length,emg_zero_crossing,emg_ssc,emg_kurtosis,emg_skewness,emg_peak,emg_median_freq,emg_mean_freq,emg_peak_freq,emg_total_power,emg_power_low,emg_power_mid,emg_power_high,class_name
8.014311974355046,16.41054048027023,4293.765877129294,104.8594411845706,358693.81033784186,9317.695606260842,33028.41471071839,13.014947480752356,-0.0509309194688182,276.5996621692409,75.22994119262096,69.44777367903279,83.04345265425125,-32.57165659462453,-87.47428314915169,450.99476308278736,45.393387668130025,Fatigue
