emg_rms,emg_mav,emg_variance,emg_std,emg_waveform_length,emg_zero_crossing,emg_ssc,emg_kurtosis,emg_skewness,emg_peak,emg_median_freq,emg_mean_freq,emg_peak_freq,emg_total_power,emg_power_low,emg_power_mid,emg_power_high,class_name
21.587866278838224,1.125011802242044,4404.182648123044,33.91929813582296,227837.11205214163,17290.78747235236,26810.625558539687,14.177617554579102,1.079314582565411,432.9880564757725,49.97976158094204,53.03301205120962,70.19239751068096,355.01081642563463,16.00633771108467,298.42538392940264,-3.8184494535755817,Fatigue
