emg_rms,emg_mav,emg_variance,emg_std,emg_waveform_length,emg_zero_crossing,emg_ssc,emg_kurtosis,emg_skewness,emg_peak,emg_median_freq,emg_mean_freq,emg_peak_freq,emg_total_power,emg_power_low,emg_power_mid,emg_power_high,class_name
33.4306916561504,22.17708539304742,-34.707387829012305,31.953608950343117,307824.62309324974,13193.66387163162,25734.116057657724,8.263921377008131,0.708821704717438,62.25062331240011,56.925111672349885,114.18750323478298,66.41990659780332,-124.19158587351052,-3.024273699598325,597.0644108334459,21.945372060203084,Fatigue
