emg_rms,emg_mav,emg_variance,emg_std,emg_waveform_length,emg_zero_crossing,emg_ssc,emg_kurtosis,emg_skewness,emg_peak,emg_median_freq,emg_mean_freq,emg_peak_freq,emg_total_power,emg_power_low,emg_power_mid,emg_power_high,class_name
-25.61900881327491,35.9939450109165,1041.766472284124,38.30668019986968,479437.8391531128,14158.135278232889,30574.14623756313,5.959315318956412,1.5820272749854956,197.27586961785352,70.30817679645523,69.49173395953419,75.5237750768406,408.4079750398084,262.2825377180498,-23.03851297621702,16.569746864900843,Fatigue
