emg_rms,emg_mav,emg_variance,emg_std,emg_waveform_length,emg_zero_crossing,emg_ssc,emg_kurtosis,emg_skewness,emg_peak,emg_median_freq,emg_mean_freq,emg_peak_freq,emg_total_power,emg_power_low,emg_power_mid,emg_power_high,class_name
57.31528052919159,19.977086814178733,1539.6285771956932,29.968158459214045,353837.59872898564,13185.72819428863,21216.535808841956,5.7429801183701095,-0.4395560186735695,136.29394299994172,71.50058798275019,72.81613426922415,60.30710495107039,1048.4971143396776,306.81504210906786,-164.56777379923147,-15.440719057120848,Fatigue
