emg_rms,emg_mav,emg_variance,emg_std,emg_waveform_length,emg_zero_crossing,emg_ssc,emg_kurtosis,emg_skewness,emg_peak,emg_median_freq,emg_mean_freq,emg_peak_freq,emg_total_power,emg_power_low,emg_power_mid,emg_power_high,class_name
33.09197897839828,31.65009577005468,4310.60342325167,63.44548017760441,465641.0614912677,7971.470384716166,33602.61783457346,9.052683477397244,-0.950701400971256,197.7431634172368,67.86852309192555,82.1609846191409,49.37855996455573,1162.853291508898,374.9186435628655,734.966670465696,-2.231028897554623,Fatigue
