emg_rms,emg_mav,emg_variance,emg_std,emg_waveform_length,emg_zero_crossing,emg_ssc,emg_kurtosis,emg_skewness,emg_peak,emg_median_freq,emg_mean_freq,emg_peak_freq,emg_total_power,emg_power_low,emg_power_mid,emg_power_high,class_name
72.79459210960275,24.17635722980843,4712.660971485329,18.94940622791232,478928.1381643101,16794.666488815983,30649.6641902506,6.640981375360144,-0.4678918324266132,57.69758595226824,79.75319943176147,63.78611998567163,51.77044660216302,1364.2216168727828,-12.434582513819834,376.3405565148789,46.50324674433058,Fatigue
