emg_rms,emg_mav,emg_variance,emg_std,emg_waveform_length,emg_zero_crossing,emg_ssc,emg_kurtosis,emg_skewness,emg_peak,emg_median_freq,emg_mean_freq,emg_peak_freq,emg_total_power,emg_power_low,emg_power_mid,emg_power_high,class_name
45.99272476131146,14.325746284190362,2498.484310199012,47.49479006150133,487219.637256615,11562.44205037739,29683.13677755148,9.077130641650273,0.5068989269570306,72.30978968790467,57.04838152540093,94.92577888718108,74.1813310064951,1244.8226660567868,156.4716304431888,454.046640111646,78.37085709510652,Fatigue
