emg_rms,emg_mav,emg_variance,emg_std,emg_waveform_length,emg_zero_crossing,emg_ssc,emg_kurtosis,emg_skewness,emg_peak,emg_median_freq,emg_mean_freq,emg_peak_freq,emg_total_power,emg_power_low,emg_power_mid,emg_power_high,class_name
40.50758470202764,5.4083472961149255,2264.8286724623467,5.7588759173968,496627.16843337007,14657.48398466508,32629.95864079017,9.64973006789836,1.613371926907912,168.75315346960537,79.55268065887553,97.30635320938154,54.119058122437984,-340.03909418599056,128.65318361151532,-265.0791994204624,5.336209489498641,Fatigue
