emg_rms,emg_mav,emg_variance,emg_std,emg_waveform_length,emg_zero_crossing,emg_ssc,emg_kurtosis,emg_skewness,emg_peak,emg_median_freq,emg_mean_freq,emg_peak_freq,emg_total_power,emg_power_low,emg_power_mid,emg_power_high,class_name
32.05633563076087,21.84838984697442,1664.427534747838,65.8762231980008,224146.5882307916,18272.55495013582,29198.8358487012,14.471202131854344,0.6657023624717692,387.7074339843679,73.41257342531591,72.72118361130576,69.95394445215419,-378.1566123045889,-1.982812900275178,578.9461353590391,0.7603690906384433,Fatigue
