emg_rms,emg_mav,emg_variance,emg_std,emg_waveform_length,emg_zero_crossing,emg_ssc,emg_kurtosis,emg_skewness,emg_peak,emg_median_freq,emg_mean_freq,emg_peak_freq,emg_total_power,emg_power_low,emg_power_mid,emg_power_high,class_name
51.799423171044594,19.749344304329536,1340.8511967146974,77.30444662861035,477156.4044412314,10435.650060991504,29980.06314650746,19.432204198919585,-0.1287076087137331,278.9047982248524,109.34978639836362,101.26913754379378,75.20624196889418,-473.5467796559805,176.87074659645697,479.99986917574864,36.36195580351165,Fatigue
