emg_rms,emg_mav,emg_variance,emg_std,emg_waveform_length,emg_zero_crossing,emg_ssc,emg_kurtosis,emg_skewness,emg_peak,emg_median_freq,emg_mean_freq,emg_peak_freq,emg_total_power,emg_power_low,emg_power_mid,emg_power_high,class_name
37.02710052838395,3.79177021022276,-868.8653326890476,51.42559756602745,292099.5189654991,15934.999762652216,28266.692767630622,19.09625117268873,-0.6563359991110292,293.06977753955164,94.95105076405734,71.66085128593758,49.811278944250645,567.6227425751802,-96.05506990406056,345.2349783817812,-6.23231905715382,Fatigue
