emg_rms,emg_mav,emg_variance,emg_std,emg_waveform_length,emg_zero_crossing,emg_ssc,emg_kurtosis,emg_skewness,emg_peak,emg_median_freq,emg_mean_freq,emg_peak_freq,emg_total_power,emg_power_low,emg_power_mid,emg_power_high,class_name
58.20450828193118,18.99419188766481,1801.757741843596,21.22941787219924,285435.7505880197,11945.731559515649,27849.32410816931,15.29143135295244,2.496062767624521,378.1123936412376,63.41383074236296,91.67488068732784,67.60391476495319,856.7355046369722,79.49732990581998,88.76155982847024,24.93712298991381,Fatigue
