emg_rms,emg_mav,emg_variance,emg_std,emg_waveform_length,emg_zero_crossing,emg_ssc,emg_kurtosis,emg_skewness,emg_peak,emg_median_freq,emg_mean_freq,emg_peak_freq,emg_total_power,emg_power_low,emg_power_mid,emg_power_high,class_name
56.73819868149844,12.895796824581716,3384.855704033471,48.76979510799669,622222.7764684107,10948.02789336712,31754.933438055166,17.379577855974077,0.7627180304079161,397.85042097449394,70.27060654797675,93.28707031468738,45.59702061376079,-13.581590791058543,19.97054062733558,434.5419282111836,-27.224746878635585,Fatigue
