emg_rms,emg_mav,emg_variance,emg_std,emg_waveform_length,emg_zero_crossing,emg_ssc,emg_kurtosis,emg_skewness,emg_peak,emg_median_freq,emg_mean_freq,emg_peak_freq,emg_total_power,emg_power_low,emg_power_mid,emg_power_high,class_name
45.86502810173907,31.91115337147249,-2384.2730015831467,11.284571399740877,538163.0605818274,10943.26279535018,30840.922921891804,13.046412573106384,2.47686547802438,285.1353201063709,32.500452321525735,96.20260198727796,76.4577081186351,422.0429771485349,477.4577649817526,675.4015005325242,17.300256668244685,Fatigue
