emg_rms,emg_mav,emg_variance,emg_std,emg_waveform_length,emg_zero_crossing,emg_ssc,emg_kurtosis,emg_skewness,emg_peak,emg_median_freq,emg_mean_freq,emg_peak_freq,emg_total_power,emg_power_low,emg_power_mid,emg_power_high,class_name
18.565082402436904,3.183123886802205,6477.071051962758,9.22540410861554,640941.127374933,11326.681217986386,34227.58025470065,13.81749433575996,1.941128218217008,224.4630869729369,87.57067160095879,68.22291420702584,40.64904555835408,873.7376624881113,211.11438392748943,233.50783665834533,21.72992088848265,Fatigue
