emg_rms,emg_mav,emg_variance,emg_std,emg_waveform_length,emg_zero_crossing,emg_ssc,emg_kurtosis,emg_skewness,emg_peak,emg_median_freq,emg_mean_freq,emg_peak_freq,emg_total_power,emg_power_low,emg_power_mid,emg_power_high,class_name
11.067990308778572,18.531927102940507,1867.5632611500143,58.06171485589349,242630.6709119192,12701.790005010873,22974.927488568886,12.67037009986707,1.2375035606863187,404.5539123470711,60.61500122434413,85.51511664584308,59.299434605456106,517.0253223556293,-70.51100107921405,223.40252675557264,2.424186935553907,Fatigue
