emg_rms,emg_mav,emg_variance,emg_std,emg_waveform_length,emg_zero_crossing,emg_ssc,emg_kurtosis,emg_skewness,emg_peak,emg_median_freq,emg_mean_freq,emg_peak_freq,emg_total_power,emg_power_low,emg_power_mid,emg_power_high,class_name
3.8995573966641928,9.340961236656698,236.3909509371283,59.95970698817136,485359.0232270832,15457.639411041851,30522.61891531314,14.458549634355949,-0.0080025331607832,122.7499118332638,62.2918085722342,79.55436091703767,64.2376681408667,270.53434428634665,289.4200008400446,444.7184247918352,49.51230918794951,Fatigue
