emg_rms,emg_mav,emg_variance,emg_std,emg_waveform_length,emg_zero_crossing,emg_ssc,emg_kurtosis,emg_skewness,emg_peak,emg_median_freq,emg_mean_freq,emg_peak_freq,emg_total_power,emg_power_low,emg_power_mid,emg_power_high,class_name
1.7754544776408565,8.357964565809516,1145.6084484454643,36.00777915062313,313259.2923309435,8714.085448070882,33817.22833436252,10.964511255674774,0.451764446653416,213.57568911031169,89.36466916987887,58.25929472208007,55.338687205830354,513.9358897641878,461.44155750095,304.020892914467,-6.255908328315144,Fatigue
