emg_rms,emg_mav,emg_variance,emg_std,emg_waveform_length,emg_zero_crossing,emg_ssc,emg_kurtosis,emg_skewness,emg_peak,emg_median_freq,emg_mean_freq,emg_peak_freq,emg_total_power,emg_power_low,emg_power_mid,emg_power_high,class_name
0.3633141959414487,28.22920880895054,3491.6975178539624,27.742613362384763,659643.6531695476,9980.926283284223,26563.514245589013,17.455997948262386,1.715259551154254,241.72934376471304,88.41456628391211,66.11962022413607,47.20193272570389,813.3287542641332,-23.196866734197755,687.1515738867706,46.22144293430483,Fatigue
