emg_rms,emg_mav,emg_variance,emg_std,emg_waveform_length,emg_zero_crossing,emg_ssc,emg_kurtosis,emg_skewness,emg_peak,emg_median_freq,emg_mean_freq,emg_peak_freq,emg_total_power,emg_power_low,emg_power_mid,emg_power_high,class_name
36.97002204931528,22.426803744909343,2047.9436055869955,41.16360390142524,650367.7222001655,19417.146935005745,26909.024770675034,9.749384863577712,0.4093682391507429,91.72572743532592,69.82818323794218,96.50637349872136,69.7270973123182,882.4177465540122,237.01012272183831,19.81581773942344,9.39151851750795,Fatigue
