emg_rms,emg_mav,emg_variance,emg_std,emg_waveform_length,emg_zero_crossing,emg_ssc,emg_kurtosis,emg_skewness,emg_peak,emg_median_freq,emg_mean_freq,emg_peak_freq,emg_total_power,emg_power_low,emg_power_mid,emg_power_high,class_name
40.05853250757729,18.14039960428302,3453.139944241624,57.16215989568103,456754.11633288127,11837.96708415652,28344.27171270388,9.0900845102098,0.5398192422523089,170.9254606622383,81.07768549196297,79.43285340608855,65.03020893254329,912.986887162412,89.84901367746158,318.93188969466604,12.342973967962768,Fatigue
