emg_rms,emg_mav,emg_variance,emg_std,emg_waveform_length,emg_zero_crossing,emg_ssc,emg_kurtosis,emg_skewness,emg_peak,emg_median_freq,emg_mean_freq,emg_peak_freq,emg_total_power,emg_power_low,emg_power_mid,emg_power_high,class_name
52.9700202464994,2.3672509335539065,4267.484039621615,50.50660721685205,397009.0905799742,11671.319611114855,28369.53643452598,11.16214417280598,1.6215440492322657,389.92169944790027,51.86258409301701,87.39407769211618,57.899572597068406,449.3335815386792,15.995988493501985,232.41902427556445,-1.6699590085388143,Fatigue
