emg_rms,emg_mav,emg_variance,emg_std,emg_waveform_length,emg_zero_crossing,emg_ssc,emg_kurtosis,emg_skewness,emg_peak,emg_median_freq,emg_mean_freq,emg_peak_freq,emg_total_power,emg_power_low,emg_power_mid,emg_power_high,class_name
39.44089484721802,15.770580932528857,-172.43696007716994,6.94411955578741,467920.4303994184,12305.08053018621,34508.93447231649,10.081958612124518,-0.0992482240078931,180.913440635004,59.060045145866354,76.80187719304135,74.16230664629398,1155.332675276446,46.10244978874388,-272.1031165842137,54.787371863862106,Fatigue
