emg_rms,emg_mav,emg_variance,emg_std,emg_waveform_length,emg_zero_crossing,emg_ssc,emg_kurtosis,emg_skewness,emg_peak,emg_median_freq,emg_mean_freq,emg_peak_freq,emg_total_power,emg_power_low,emg_power_mid,emg_power_high,class_name
28.523370560913506,29.79792120935189,2116.290181929102,11.385495075297918,276163.5180448624,4270.147372073538,24877.49072506948,6.244434102514703,0.1149226326708379,223.3550264819349,56.82018893231516,96.551037352264,74.10984336512055,327.60759936020133,299.5064418634528,217.62510809706828,11.736321017151234,Fatigue
