emg_rms,emg_mav,emg_variance,emg_std,emg_waveform_length,emg_zero_crossing,emg_ssc,emg_kurtosis,emg_skewness,emg_peak,emg_median_freq,emg_mean_freq,emg_peak_freq,emg_total_power,emg_power_low,emg_power_mid,emg_power_high,class_name
28.5739343162863,19.356351605736933,468.678094038803,-1.6562784735038178,18252.659185787896,13862.468291837027,24592.42138678945,10.845525043426798,0.7676191969233656,395.3447372984032,59.136001483174255,62.05153052355944,56.46649772432885,137.8242728441117,-154.46487803070272,-20.090427010169776,3.5257093470121514,Fatigue
