emg_rms,emg_mav,emg_variance,emg_std,emg_waveform_length,emg_zero_crossing,emg_ssc,emg_kurtosis,emg_skewness,emg_peak,emg_median_freq,emg_mean_freq,emg_peak_freq,emg_total_power,emg_power_low,emg_power_mid,emg_power_high,class_name
43.73641797372255,19.283264835169568,1545.6390156641996,29.907409184281875,550023.159748513,13014.097644353817,30812.615140237147,14.23099815508245,-0.8883115723772473,478.9118216651344,54.31159549369927,83.33858209237081,44.8616742746714,313.2218240864919,-21.953179205822835,841.9102120319023,-5.602918823146744,Fatigue
