emg_rms,emg_mav,emg_variance,emg_std,emg_waveform_length,emg_zero_crossing,emg_ssc,emg_kurtosis,emg_skewness,emg_peak,emg_median_freq,emg_mean_freq,emg_peak_freq,emg_total_power,emg_power_low,emg_power_mid,emg_power_high,class_name
49.49524274892978,9.901835675207446,1962.227500145416,20.15328974160301,314416.9235487897,14162.972581696164,24968.97863725544,10.689357703593126,0.4244379608819302,458.0778805126208,40.7056120248365,82.34176275515371,44.04005811332031,290.0133954551209,-2.3786380400632083,1086.690829303364,-3.666700391720617,Fatigue
