emg_rms,emg_mav,emg_variance,emg_std,emg_waveform_length,emg_zero_crossing,emg_ssc,emg_kurtosis,emg_skewness,emg_peak,emg_median_freq,emg_mean_freq,emg_peak_freq,emg_total_power,emg_power_low,emg_power_mid,emg_power_high,class_name
51.33068311496748,17.867408121693078,3552.6198906649142,8.259472639490692,523212.1532482147,13583.952233752443,29452.836131899337,23.959959993999483,0.2818416067737471,291.9467334068406,42.68216070714732,100.26088066246749,53.21435726398494,698.9344104135457,140.37658325047883,239.49307097651905,21.71110523470099,Fatigue
