emg_rms,emg_mav,emg_variance,emg_std,emg_waveform_length,emg_zero_crossing,emg_ssc,emg_kurtosis,emg_skewness,emg_peak,emg_median_freq,emg_mean_freq,emg_peak_freq,emg_total_power,emg_power_low,emg_power_mid,emg_power_high,class_name
12.047311280839445,4.561275858620506,1541.6115302884011,17.66470322104534,312623.1799114936,17330.194540223096,26954.85625659414,11.518817339859432,0.8757276440960372,652.2315075469216,60.72487883955517,92.49898043893948,60.74685107877095,-433.2186059553525,54.04064836322834,-181.2024958358523,6.464573513464604,Fatigue
