emg_rms,emg_mav,emg_variance,emg_std,emg_waveform_length,emg_zero_crossing,emg_ssc,emg_kurtosis,emg_skewness,emg_peak,emg_median_freq,emg_mean_freq,emg_peak_freq,emg_total_power,emg_power_low,emg_power_mid,emg_power_high,class_name
6.188507195996397,20.65928825560087,1275.3327969108443,48.55758244150213,473940.2535170394,17650.100930627385,25510.971571344784,11.51873380320609,0.5904507295483549,301.9141721392106,69.43786889856814,88.61839473462464,44.71438951498341,268.1973225893537,-9.09100728443579,200.70905334128943,40.555657225288655,Fatigue
