emg_rms,emg_mav,emg_variance,emg_std,emg_waveform_length,emg_zero_crossing,emg_ssc,emg_kurtosis,emg_skewness,emg_peak,emg_median_freq,emg_mean_freq,emg_peak_freq,emg_total_power,emg_power_low,emg_power_mid,emg_power_high,class_name
-12.389364809314207,32.29552608857979,3879.307926909929,51.69433840689779,469010.8136793614,11503.60384205916,22944.009952496766,3.753541401213644,2.1308917054222305,64.55568880704084,83.2444028478499,74.75669756267199,46.44473517641342,1336.2391504060265,348.1199275256522,800.2933945997689,-47.2088394614938,Fatigue
