emg_rms,emg_mav,emg_variance,emg_std,emg_waveform_length,emg_zero_crossing,emg_ssc,emg_kurtosis,emg_skewness,emg_peak,emg_median_freq,emg_mean_freq,emg_peak_freq,emg_total_power,emg_power_low,emg_power_mid,emg_power_high,class_name
88.51528801512467,28.262067558461705,949.6786449290024,18.10673679469429,110244.35812486912,11258.969832954668,28688.5751552453,3.978654384666439,-1.501884943504746,326.5701085458806,65.33340640271474,81.50653356533066,42.93838132171715,1181.544992625359,414.675084875954,188.07573308316736,5.457995479756377,Fatigue
