emg_rms,emg_mav,emg_variance,emg_std,emg_waveform_length,emg_zero_crossing,emg_ssc,emg_kurtosis,emg_skewness,emg_peak,emg_median_freq,emg_mean_freq,emg_peak_freq,emg_total_power,emg_power_low,emg_power_mid,emg_power_high,class_name
27.383669368844306,3.906053717166863,2928.156183314089,16.42482297474035,418856.3688686161,17172.030680531047,25217.358603043907,12.88209640685496,0.3905180350577796,386.5818501778315,62.00164991355019,102.73168109537352,50.53745147245475,33.7224207077104,36.33244644186735,15.42722917927432,36.01226184892396,Fatigue
