emg_rms,emg_mav,emg_variance,emg_std,emg_waveform_length,emg_zero_crossing,emg_ssc,emg_kurtosis,emg_skewness,emg_peak,emg_median_freq,emg_mean_freq,emg_peak_freq,emg_total_power,emg_power_low,emg_power_mid,emg_power_high,class_name
28.73560716220256,10.93963314857351,-1526.235323554672,35.336377733129254,1116817.5951953493,16902.53063938372,26112.930417791074,11.759428837185377,3.2809711725762023,230.04954235523192,69.32652346768091,65.24186325486806,70.58213696086156,606.842081107337,275.9836446595033,504.09633241111976,35.25133890897649,Fatigue
