emg_rms,emg_mav,emg_variance,emg_std,emg_waveform_length,emg_zero_crossing,emg_ssc,emg_kurtosis,emg_skewness,emg_peak,emg_median_freq,emg_mean_freq,emg_peak_freq,emg_total_power,emg_power_low,emg_power_mid,emg_power_high,class_name
31.129023832619445,5.390214574631502,-797.3136512613105,31.96590630137313,557629.1955227418,11173.286043512511,30474.416203828423,11.748856077877404,1.6330545798510934,84.99859521549678,81.88801054055513,104.70193212871038,69.88273827958568,68.1220195957535,166.87497763250352,-542.6058828827937,25.718290208671437,Fatigue
