emg_rms,emg_mav,emg_variance,emg_std,emg_waveform_length,emg_zero_crossing,emg_ssc,emg_kurtosis,emg_skewness,emg_peak,emg_median_freq,emg_mean_freq,emg_peak_freq,emg_total_power,emg_power_low,emg_power_mid,emg_power_high,class_name
89.25393313118936,-1.3625008062509745,-408.3937605720721,23.635087735797345,312023.2327899053,14745.695701890538,30339.809520970677,9.835957497824024,-0.3107285798826562,179.3320957257127,62.40897239229245,76.20847638412734,72.82263135069861,552.2143570400625,276.92578202849245,-498.3452414783594,13.277684052534426,Fatigue
