emg_rms,emg_mav,emg_variance,emg_std,emg_waveform_length,emg_zero_crossing,emg_ssc,emg_kurtosis,emg_skewness,emg_peak,emg_median_freq,emg_mean_freq,emg_peak_freq,emg_total_power,emg_power_low,emg_power_mid,emg_power_high,class_name
74.32615964318074,7.157100079666375,4095.463302127342,35.36515738780897,458856.4227185244,13454.100622798624,35069.50660769746,5.911012754005421,1.761190946699762,151.91283540571163,64.65762816387048,105.43282557047306,57.37286069156704,-478.78823261961526,175.09782076172775,724.5446845798319,-8.509277314897652,Fatigue
