emg_rms,emg_mav,emg_variance,emg_std,emg_waveform_length,emg_zero_crossing,emg_ssc,emg_kurtosis,emg_skewness,emg_peak,emg_median_freq,emg_mean_freq,emg_peak_freq,emg_total_power,emg_power_low,emg_power_mid,emg_power_high,class_name
50.460290658489086,21.79066691794995,4358.463883502,-29.600638331058605,170387.18886750092,10587.501075730066,30268.9156308676,16.69951820674384,-0.2346881459956082,339.2616345216623,55.50782451634179,79.42971041143474,61.98974340863517,-136.6934722576139,-14.369276773563882,-64.67550711874776,4.747760314966078,Fatigue
