emg_rms,emg_mav,emg_variance,emg_std,emg_waveform_length,emg_zero_crossing,emg_ssc,emg_kurtosis,emg_skewness,emg_peak,emg_median_freq,emg_mean_freq,emg_peak_freq,emg_total_power,emg_power_low,emg_power_mid,emg_power_high,class_name
14.803719084784746,10.121585084004083,-1899.4495272273684,32.49669411342255,287207.2920334381,16697.352563052562,20954.370922505597,10.527329109494206,0.4731237435562913,253.55343899848623,68.12744176485609,81.57412937318504,48.94990130712797,409.89753783723313,167.42788350493709,-119.70531396748224,-2.7256053418738238,Fatigue
