emg_rms,emg_mav,emg_variance,emg_std,emg_waveform_length,emg_zero_crossing,emg_ssc,emg_kurtosis,emg_skewness,emg_peak,emg_median_freq,emg_mean_freq,emg_peak_freq,emg_total_power,emg_power_low,emg_power_mid,emg_power_high,class_name
3.997799539126788,17.361709489077505,5219.996510256424,24.858015495302205,354156.24954049115,15504.219344303632,32793.39866380986,9.990130205329772,0.1379139608370186,480.4959959420556,69.67768690940594,113.0390873233811,53.03644478884294,159.21351885674807,321.95347889902604,-177.84955808581975,5.124599273800362,Fatigue
