emg_rms,emg_mav,emg_variance,emg_std,emg_waveform_length,emg_zero_crossing,emg_ssc,emg_kurtosis,emg_skewness,emg_peak,emg_median_freq,emg_mean_freq,emg_peak_freq,emg_total_power,emg_power_low,emg_power_mid,emg_power_high,class_name
17.97104789491049,20.47573398405131,-972.2515133969328,17.233330110735817,312130.2900434043,19616.29078962461,32660.70933034354,7.639934104155773,0.2223418416440247,142.88886462918782,60.04626604956689,80.52671107960715,41.14676328566794,915.6012915450858,39.203684897605584,37.31050978452197,29.49903436334457,Fatigue
