emg_rms,emg_mav,emg_variance,emg_std,emg_waveform_length,emg_zero_crossing,emg_ssc,emg_kurtosis,emg_skewness,emg_peak,emg_median_freq,emg_mean_freq,emg_peak_freq,emg_total_power,emg_power_low,emg_power_mid,emg_power_high,class_name
10.983994578896478,23.9077500405595,2519.142689767552,31.918237880041644,358848.63470939896,16912.134775393988,30226.992499081192,10.009718513044108,-0.8554944929914209,-13.83012525602578,49.82234509718538,73.98637255735119,33.34552767999489,382.0080330976015,564.6726308565194,706.0186581219252,21.240073466285708,Fatigue
