emg_rms,emg_mav,emg_variance,emg_std,emg_waveform_length,emg_zero_crossing,emg_ssc,emg_kurtosis,emg_skewness,emg_peak,emg_median_freq,emg_mean_freq,emg_peak_freq,emg_total_power,emg_power_low,emg_power_mid,emg_power_high,class_name
23.48504707053048,20.03100572680474,460.7454413125654,30.761496710323765,239569.55723719968,11927.385914832694,28602.858156465,5.814724966491987,0.5974581336417892,401.6811972222497,61.518032194076135,63.87991630278652,56.82647110835244,163.54137492218092,230.54394041833933,716.0296055738434,-1.8879113608331828,Fatigue
