emg_rms,emg_mav,emg_variance,emg_std,emg_waveform_length,emg_zero_crossing,emg_ssc,emg_kurtosis,emg_skewness,emg_peak,emg_median_freq,emg_mean_freq,emg_peak_freq,emg_total_power,emg_power_low,emg_power_mid,emg_power_high,class_name
32.51825001499601,24.12355071045828,2752.66842224739,91.4497683806888,478054.7812033438,16948.849437408837,28844.81136821272,13.759064240245332,-1.0202383937594564,161.0888869818637,78.34136454074923,79.13224335190367,50.44033440140094,774.1596859153553,54.149110833012585,160.6776991170247,3.9322711357466495,Fatigue
