emg_rms,emg_mav,emg_variance,emg_std,emg_waveform_length,emg_zero_crossing,emg_ssc,emg_kurtosis,emg_skewness,emg_peak,emg_median_freq,emg_mean_freq,emg_peak_freq,emg_total_power,emg_power_low,emg_power_mid,emg_power_high,class_name
20.18701175423551,8.544840869648676,2763.388130500747,60.435775135355904,689557.0508320888,11858.140379449698,30664.77246328092,16.25696112420733,0.1854166000002834,347.98998635273404,88.60878739843376,79.50221311977353,77.6095006516557,522.1156481937371,320.79089777790074,680.9755283543436,25.6240248159118,Fatigue
