emg_rms,emg_mav,emg_variance,emg_std,emg_waveform_length,emg_zero_crossing,emg_ssc,emg_kurtosis,emg_skewness,emg_peak,emg_median_freq,emg_mean_freq,emg_peak_freq,emg_total_power,emg_power_low,emg_power_mid,emg_power_high,class_name
30.117291480592527,20.56703345586495,4093.065638178929,52.78283394034413,270314.7122928417,14442.560406967708,28754.21728140662,7.407493350659025,-0.5987145356106545,455.9690731315815,63.6058054366224,67.59586006453955,50.04548111318486,103.98938448513668,-67.45498728794226,519.0777719824539,52.24042384334943,Fatigue
