emg_rms,emg_mav,emg_variance,emg_std,emg_waveform_length,emg_zero_crossing,emg_ssc,emg_kurtosis,emg_skewness,emg_peak,emg_median_freq,emg_mean_freq,emg_peak_freq,emg_total_power,emg_power_low,emg_power_mid,emg_power_high,class_name
40.15244013496216,19.56796890217099,2625.264680976148,69.06810142856986,593504.2049778355,5792.465201318885,27674.428447736664,14.426796127372675,2.3399681170503204,379.8692639442562,73.20588694540866,66.74376730217153,45.12181172086606,607.365924187811,2.5064335651462955,397.77264440355447,24.26689630528868,Fatigue
