emg_rms,emg_mav,emg_variance,emg_std,emg_waveform_length,emg_zero_crossing,emg_ssc,emg_kurtosis,emg_skewness,emg_peak,emg_median_freq,emg_mean_freq,emg_peak_freq,emg_total_power,emg_power_low,emg_power_mid,emg_power_high,class_name
53.06831853507016,10.171493160468373,-1152.4045748822657,12.844330101596444,464786.3402616957,12194.486279204595,31451.936113260846,14.994761366338505,0.4815779156625178,325.2774988048566,49.38337358012392,85.67706865982686,66.10847985278062,417.9432659426327,185.75532851239524,11.933262625079465,24.457857160063917,Fatigue
