emg_rms,emg_mav,emg_variance,emg_std,emg_waveform_length,emg_zero_crossing,emg_ssc,emg_kurtosis,emg_skewness,emg_peak,emg_median_freq,emg_mean_freq,emg_peak_freq,emg_total_power,emg_power_low,emg_power_mid,emg_power_high,class_name
39.642181483126905,13.39114015760966,-1108.5886160440668,1.0777068522895732,222218.40317627447,9310.985562341037,26249.752048996837,8.565114487475132,1.9759118143791248,503.68236286850686,87.57831258288124,97.00548318387384,60.97239145978969,808.1109883426218,51.22208558829317,883.6157710497372,32.17129018588171,Fatigue
