emg_rms,emg_mav,emg_variance,emg_std,emg_waveform_length,emg_zero_crossing,emg_ssc,emg_kurtosis,emg_skewness,emg_peak,emg_median_freq,emg_mean_freq,emg_peak_freq,emg_total_power,emg_power_low,emg_power_mid,emg_power_high,class_name
18.516151415804003,16.29184674121148,1673.2220387493558,34.38698330623792,474718.7263869765,16476.015233540133,34465.685188624935,7.720976062596366,1.2257740866421762,146.25598821063164,108.20547458837216,65.19466322256801,70.02644740739913,97.13500566753372,198.37218003792785,160.29455227331937,5.281373035583364,Fatigue
