emg_rms,emg_mav,emg_variance,emg_std,emg_waveform_length,emg_zero_crossing,emg_ssc,emg_kurtosis,emg_skewness,emg_peak,emg_median_freq,emg_mean_freq,emg_peak_freq,emg_total_power,emg_power_low,emg_power_mid,emg_power_high,class_name
63.51218932887124,16.481322462361838,1595.858865219016,31.52501244376645,445226.9278619604,18805.19150132716,28485.846413670715,7.896099924111893,-1.2273252065054705,327.376208603582,59.31536212796623,91.55390818507335,77.83560474887166,-399.5716018945204,-119.137193161819,155.8855998478935,-2.7000504606588684,Fatigue
