emg_rms,emg_mav,emg_variance,emg_std,emg_waveform_length,emg_zero_crossing,emg_ssc,emg_kurtosis,emg_skewness,emg_peak,emg_median_freq,emg_mean_freq,emg_peak_freq,emg_total_power,emg_power_low,emg_power_mid,emg_power_high,class_name
52.41258262977596,-2.167174808639256,678.3954587442756,49.181628169406935,476290.4180381132,13184.861655411183,30061.131429576235,17.15623907908121,1.3054661849509444,220.57483956737235,47.642925915995406,71.83466874170364,62.96118147459265,500.5207910246373,183.8960413561012,228.6999195597269,-7.325223229226932,Fatigue
