emg_rms,emg_mav,emg_variance,emg_std,emg_waveform_length,emg_zero_crossing,emg_ssc,emg_kurtosis,emg_skewness,emg_peak,emg_median_freq,emg_mean_freq,emg_peak_freq,emg_total_power,emg_power_low,emg_power_mid,emg_power_high,class_name
29.79531356756833,14.239103726063746,3678.526188881546,13.985796082366466,376323.0800877052,10644.682853807031,26384.957803114525,14.076443242370198,-1.1828197466196744,416.2958864844069,76.2426918503159,108.2586911968748,40.42770278974668,624.3078655895821,38.09421275011822,716.3371121754403,-8.067572089779027,Fatigue
