emg_rms,emg_mav,emg_variance,emg_std,emg_waveform_length,emg_zero_crossing,emg_ssc,emg_kurtosis,emg_skewness,emg_peak,emg_median_freq,emg_mean_freq,emg_peak_freq,emg_total_power,emg_power_low,emg_power_mid,emg_power_high,class_name
55.08795559701257,11.684572248059837,5069.427595128571,22.85821943789835,624454.0766736191,20599.58585808853,23122.382938524526,21.987820119569257,0.1553202867165068,221.28324696495451,50.70108477845746,73.4076124719463,77.27377290390453,527.3789365520884,-51.79068934247695,-88.14377371445494,-20.72586102764413,Fatigue
