emg_rms,emg_mav,emg_variance,emg_std,emg_waveform_length,emg_zero_crossing,emg_ssc,emg_kurtosis,emg_skewness,emg_peak,emg_median_freq,emg_mean_freq,emg_peak_freq,emg_total_power,emg_power_low,emg_power_mid,emg_power_high,class_name
40.11166376289973,15.989950773688411,2645.2006612608484,37.46384002599514,176428.548220917,14677.797686046562,24963.23271293863,17.43486599307182,0.0766490009703652,436.2522242748755,73.39987940724964,78.1194117129684,57.66269516517254,103.475577694653,322.65118524252307,257.08908829827743,-4.506936570219303,Fatigue
