emg_rms,emg_mav,emg_variance,emg_std,emg_waveform_length,emg_zero_crossing,emg_ssc,emg_kurtosis,emg_skewness,emg_peak,emg_median_freq,emg_mean_freq,emg_peak_freq,emg_total_power,emg_power_low,emg_power_mid,emg_power_high,class_name
55.7718003108188,-3.1888949383456904,1491.0388147932183,27.237924092892445,597135.7424478985,14255.576159497548,25684.122219889145,18.15914281615237,1.5106652700000442,153.67854595935412,46.82016911749164,97.863340788928,73.33733662068072,1142.4170111047397,154.706671084277,412.86673402195913,28.73970941620289,Fatigue
