emg_rms,emg_mav,emg_variance,emg_std,emg_waveform_length,emg_zero_crossing,emg_ssc,emg_kurtosis,emg_skewness,emg_peak,emg_median_freq,emg_mean_freq,emg_peak_freq,emg_total_power,emg_power_low,emg_power_mid,emg_power_high,class_name
22.07894924019161,11.861853872734557,6600.181886578163,54.63121590265714,467218.2980207434,19637.538323248387,32016.85775699166,25.61947503463381,-0.3878669052198447,287.2206909850783,77.27990702374919,70.56158335677229,63.24769841209474,895.1816894534926,276.34702843022126,540.2241332204932,-8.983134163375976,Fatigue
