emg_rms,emg_mav,emg_variance,emg_std,emg_waveform_length,emg_zero_crossing,emg_ssc,emg_kurtosis,emg_skewness,emg_peak,emg_median_freq,emg_mean_freq,emg_peak_freq,emg_total_power,emg_power_low,emg_power_mid,emg_power_high,class_name
70.88309564223076,21.35805701274359,-946.818126945484,30.66174125587777,593998.2552079477,10829.350376799684,23773.766239874734,9.76374406612432,0.7375211185588663,167.72198185328176,81.39976663015774,79.62320492318261,55.91994049946008,1992.7805147920856,126.76999775861066,-29.45633895849437,16.26056984749365,Fatigue
