emg_rms,emg_mav,emg_variance,emg_std,emg_waveform_length,emg_zero_crossing,emg_ssc,emg_kurtosis,emg_skewness,emg_peak,emg_median_freq,emg_mean_freq,emg_peak_freq,emg_total_power,emg_power_low,emg_power_mid,emg_power_high,class_name
34.5465742651126,22.985666653786733,1632.4963419116586,54.94153888410243,538933.4073474207,13352.624035205508,29219.195411499608,13.94711959588594,0.1122609578635325,433.56022054922,58.78313669834199,61.33278875441307,59.21488474944806,544.6889968181969,65.04037659879398,94.68460125407634,-17.009270583089794,Fatigue
