emg_rms,emg_mav,emg_variance,emg_std,emg_waveform_length,emg_zero_crossing,emg_ssc,emg_kurtosis,emg_skewness,emg_peak,emg_median_freq,emg_mean_freq,emg_peak_freq,emg_total_power,emg_power_low,emg_power_mid,emg_power_high,class_name
43.18229887182491,22.48665551904087,1421.5188751241014,-7.256099191976091,389969.3224312382,16409.247649123838,26838.31354004982,15.874108617152215,-2.150094278280949,305.76371788880124,67.85051524261414,62.88479223405642,51.29031806856641,147.84033028902695,277.3347318992546,555.1508937382869,-7.811162448127266,Fatigue
