emg_rms,emg_mav,emg_variance,emg_std,emg_waveform_length,emg_zero_crossing,emg_ssc,emg_kurtosis,emg_skewness,emg_peak,emg_median_freq,emg_mean_freq,emg_peak_freq,emg_total_power,emg_power_low,emg_power_mid,emg_power_high,class_name
49.07889080122696,10.22628396742244,3566.2714561831467,19.512481779714825,377155.06096371554,10769.899854151128,37057.79809646052,19.35446981144338,1.206125783804138,452.57916446530976,88.20595056579467,103.7893134033974,48.62378917409671,794.5960160269951,157.69977890426065,297.6205074378556,55.15189391863035,Fatigue
