emg_rms,emg_mav,emg_variance,emg_std,emg_waveform_length,emg_zero_crossing,emg_ssc,emg_kurtosis,emg_skewness,emg_peak,emg_median_freq,emg_mean_freq,emg_peak_freq,emg_total_power,emg_power_low,emg_power_mid,emg_power_high,class_name
7.873205130247673,26.89291237090053,3540.7111668589823,49.53937899775727,803581.5778404761,14031.118955538912,32123.52727974382,14.393176561277825,0.802450526372703,307.18271837577663,72.9179486683212,72.37167610115213,74.06619162313464,701.8706200689244,277.9443155692496,-0.4146605103454703,4.686582695454453,Fatigue
