emg_rms,emg_mav,emg_variance,emg_std,emg_waveform_length,emg_zero_crossing,emg_ssc,emg_kurtosis,emg_skewness,emg_peak,emg_median_freq,emg_mean_freq,emg_peak_freq,emg_total_power,emg_power_low,emg_power_mid,emg_power_high,class_name
50.42072641159989,18.772590136933047,2987.982858236929,59.93625066061804,595728.4567643332,13820.279292522782,21377.471693942967,5.55096263067658,0.3127398076722491,423.8825670053777,74.53909866732253,75.74692588379271,91.3603393792314,642.2084707438457,387.5017547604445,275.4146733817585,45.792772935268246,Fatigue
