emg_rms,emg_mav,emg_variance,emg_std,emg_waveform_length,emg_zero_crossing,emg_ssc,emg_kurtosis,emg_skewness,emg_peak,emg_median_freq,emg_mean_freq,emg_peak_freq,emg_total_power,emg_power_low,emg_power_mid,emg_power_high,class_name
32.92894244758756,27.97569657783976,3776.611867249465,71.92417311446809,443611.30668959056,17236.346578792927,32318.96103813889,7.987379237389991,-0.1692299728327017,340.31573902152644,59.54452529267456,43.092087492755326,56.230180031035125,443.1830397738415,307.0667216365757,332.22714125944736,23.119013315992664,Fatigue
