emg_rms,emg_mav,emg_variance,emg_std,emg_waveform_length,emg_zero_crossing,emg_ssc,emg_kurtosis,emg_skewness,emg_peak,emg_median_freq,emg_mean_freq,emg_peak_freq,emg_total_power,emg_power_low,emg_power_mid,emg_power_high,class_name
16.443302082422896,20.308156839144115,4735.592028414885,37.67786690184735,135021.66655779828,10193.58958726086,24100.7063193294,13.55389648913289,-0.3051761338181866,387.7364223719957,64.39581957283394,71.0870834446593,90.3591408689766,718.9146157309117,273.43311135246154,106.691560177113,28.15894331158706,Fatigue
