emg_rms,emg_mav,emg_variance,emg_std,emg_waveform_length,emg_zero_crossing,emg_ssc,emg_kurtosis,emg_skewness,emg_peak,emg_median_freq,emg_mean_freq,emg_peak_freq,emg_total_power,emg_power_low,emg_power_mid,emg_power_high,class_name
58.740656179812895,32.29960912464072,3641.376333113732,26.12103306337749,402924.2446564678,17331.49928864071,28735.161386577714,8.316299473793004,0.9439668912486184,445.11725186459387,83.44283211766007,113.70570414792844,79.61261289672457,227.27490872556623,75.13091803458941,-94.92110698765596,11.55863396930237,Fatigue
