emg_rms,emg_mav,emg_variance,emg_std,emg_waveform_length,emg_zero_crossing,emg_ssc,emg_kurtosis,emg_skewness,emg_peak,emg_median_freq,emg_mean_freq,emg_peak_freq,emg_total_power,emg_power_low,emg_power_mid,emg_power_high,class_name
22.84682895659881,0.806370513671876,-612.8522459480455,43.295200885150415,255893.90617298216,9838.723292478431,32881.74855660385,20.482943668854222,-0.4935249486417494,185.78389212701668,80.03704763139015,74.04380674304157,68.99557926662695,-137.66793367629833,55.02101541574976,-50.877990971898726,-10.783953274725672,Fatigue
