emg_rms,emg_mav,emg_variance,emg_std,emg_waveform_length,emg_zero_crossing,emg_ssc,emg_kurtosis,emg_skewness,emg_peak,emg_median_freq,emg_mean_freq,emg_peak_freq,emg_total_power,emg_power_low,emg_power_mid,emg_power_high,class_name
40.768696126424096,14.89532072078994,904.6925691210467,57.86621726447284,353619.30140723527,13189.76982415874,27687.858748671733,5.183245802645312,-0.1691029222400852,384.0004751968359,56.55295477848347,80.25872060602688,49.57103268970845,767.9260060656107,86.05365488335417,265.28701982591224,-10.270659933208442,Fatigue
