emg_rms,emg_mav,emg_variance,emg_std,emg_waveform_length,emg_zero_crossing,emg_ssc,emg_kurtosis,emg_skewness,emg_peak,emg_median_freq,emg_mean_freq,emg_peak_freq,emg_total_power,emg_power_low,emg_power_mid,emg_power_high,class_name
5.145787679897733,1.4703463380853865,2058.719669935708,21.493068637885795,442818.0555687753,10890.979604475046,30611.55612530876,7.50994583307339,-0.8316781496570845,296.8731553147145,47.51676105738956,74.91851334982132,74.31841808719807,1134.0669204757992,74.71431151491464,415.2238895342175,41.39588873552705,Fatigue
