emg_rms,emg_mav,emg_variance,emg_std,emg_waveform_length,emg_zero_crossing,emg_ssc,emg_kurtosis,emg_skewness,emg_peak,emg_median_freq,emg_mean_freq,emg_peak_freq,emg_total_power,emg_power_low,emg_power_mid,emg_power_high,class_name
27.78121149916595,13.755400653998208,-361.3656044340487,63.250699326056846,221756.31957868405,19394.24097987799,31686.691410276508,10.003057543507772,-1.0011477821523636,383.49304996175016,55.43312721768163,84.33466844652945,67.98952941902569,169.09102645803625,417.3902447243156,956.5284257018818,35.487821380124515,Fatigue
