emg_rms,emg_mav,emg_variance,emg_std,emg_waveform_length,emg_zero_crossing,emg_ssc,emg_kurtosis,emg_skewness,emg_peak,emg_median_freq,emg_mean_freq,emg_peak_freq,emg_total_power,emg_power_low,emg_power_mid,emg_power_high,class_name
45.591792700828194,11.579226981651509,31.192781258714376,27.72479286101149,618621.2896969962,8645.729047044857,28565.06442270884,18.894111887874864,1.402708207901886,301.10728126999123,65.47300662726707,60.41820607677198,72.38129041973023,467.3703737720717,120.77143788567103,136.08388182848935,7.987599846296587,Fatigue
