emg_rms,emg_mav,emg_variance,emg_std,emg_waveform_length,emg_zero_crossing,emg_ssc,emg_kurtosis,emg_skewness,emg_peak,emg_median_freq,emg_mean_freq,emg_peak_freq,emg_total_power,emg_power_low,emg_power_mid,emg_power_high,class_name
58.57951698443617,-8.607742245818496,3666.133702044304,47.37764279996475,325799.8872788294,13137.232961233489,33784.5895555907,14.602238991542034,1.8555240423496813,260.8681380955197,56.78949454339939,64.82365468841256,59.31088730432435,1098.454329071198,-73.9810135764915,711.6546416772507,-16.479097269517496,Fatigue
