emg_rms,emg_mav,emg_variance,emg_std,emg_waveform_length,emg_zero_crossing,emg_ssc,emg_kurtosis,emg_skewness,emg_peak,emg_median_freq,emg_mean_freq,emg_peak_freq,emg_total_power,emg_power_low,emg_power_mid,emg_power_high,class_name
-8.092474753823701,13.671327541935682,680.8143090226915,35.896426306953096,545010.2614579394,11355.539350313513,36369.60037723657,13.05921194494243,-1.0778129553294686,319.0353185990069,57.014003754776176,96.69624418406956,0.4517337601166105,1207.1188196231528,33.02706369777552,948.3142487620768,29.108678464123894,Fatigue
