emg_rms,emg_mav,emg_variance,emg_std,emg_waveform_length,emg_zero_crossing,emg_ssc,emg_kurtosis,emg_skewness,emg_peak,emg_median_freq,emg_mean_freq,emg_peak_freq,emg_total_power,emg_power_low,emg_power_mid,emg_power_high,class_name
46.74550319953525,16.030606800034118,-737.8063389661361,33.65507059393059,506119.5554811776,10913.6673736925,30364.638885599405,7.948613937991544,0.5065848315927305,374.8756507373216,40.34903298314012,100.67879832469691,78.06466985163323,461.3748086148682,322.5926745533542,162.17931537837484,9.344244274431032,Fatigue
