emg_rms,emg_mav,emg_variance,emg_std,emg_waveform_length,emg_zero_crossing,emg_ssc,emg_kurtosis,emg_skewness,emg_peak,emg_median_freq,emg_mean_freq,emg_peak_freq,emg_total_power,emg_power_low,emg_power_mid,emg_power_high,class_name
46.35968208104367,18.65710392629624,1480.6266664395737,43.42967741155563,551228.4158711729,11304.86157822888,27011.33937637916,10.93692603716762,-0.8672952311937566,472.5642515614055,57.65919698094459,99.64644846380946,80.82647918733099,-773.4083591877945,164.88240774539514,239.30912788184116,-1.0112990810617752,Fatigue
