emg_rms,emg_mav,emg_variance,emg_std,emg_waveform_length,emg_zero_crossing,emg_ssc,emg_kurtosis,emg_skewness,emg_peak,emg_median_freq,emg_mean_freq,emg_peak_freq,emg_total_power,emg_power_low,emg_power_mid,emg_power_high,class_name
59.46988303893943,5.084913478423783,3046.314727015577,47.32821154380615,379779.07426450285,14750.567973787587,33232.71421149987,14.230499050101695,0.561138596431679,572.8018156207361,70.84214563670609,76.91366333724369,68.59353058252536,224.32040959319264,145.57144817843962,307.7357687524151,13.420255267343322,Fatigue
