emg_rms,emg_mav,emg_variance,emg_std,emg_waveform_length,emg_zero_crossing,emg_ssc,emg_kurtosis,emg_skewness,emg_peak,emg_median_freq,emg_mean_freq,emg_peak_freq,emg_total_power,emg_power_low,emg_power_mid,emg_power_high,class_name
78.09184086704691,23.63042451689241,2854.594604041868,85.72430576539622,213998.98645559172,8324.677688839663,35223.9257703731,15.452297894806488,0.5445905987293382,20.976382485960187,74.8996718813362,66.24642213391144,49.74126151790459,1242.168651271689,-148.94594209675188,-55.87824430016269,60.307389747124965,Fatigue
