emg_rms,emg_mav,emg_variance,emg_std,emg_waveform_length,emg_zero_crossing,emg_ssc,emg_kurtosis,emg_skewness,emg_peak,emg_median_freq,emg_mean_freq,emg_peak_freq,emg_total_power,emg_power_low,emg_power_mid,emg_power_high,class_name
47.40977570142768,17.373494490287584,1210.0574992761808,-23.62452273217188,295053.21971929725,14596.928763797738,25574.886339004977,8.10987916446491,-0.7304068771503236,497.17632046375047,78.04849469474136,75.6455985220092,49.31904953876814,88.6335764225899,217.8153297366281,-197.656069997367,14.934867303042584,Fatigue
