emg_rms,emg_mav,emg_variance,emg_std,emg_waveform_length,emg_zero_crossing,emg_ssc,emg_kurtosis,emg_skewness,emg_peak,emg_median_freq,emg_mean_freq,emg_peak_freq,emg_total_power,emg_power_low,emg_power_mid,emg_power_high,class_name
51.2821453380663,6.2727602047013225,678.262818992828,44.9238431687741,333900.2652073034,19396.72482326116,24800.936189957672,18.058262209684276,-0.6512747605846095,362.9110936461944,62.69481279632132,58.02411975908484,48.012761722439606,1154.4030066795976,16.869467297484704,409.5211109810714,5.843431256043067,Fatigue
