emg_rms,emg_mav,emg_variance,emg_std,emg_waveform_length,emg_zero_crossing,emg_ssc,emg_kurtosis,emg_skewness,emg_peak,emg_median_freq,emg_mean_freq,emg_peak_freq,emg_total_power,emg_power_low,emg_power_mid,emg_power_high,class_name
76.1825546183843,13.468314136201542,2306.653253022387,52.50036149122808,781606.1722097571,23778.471498164807,30306.332459976675,14.0097864690377,-0.5606283139428928,223.52184947420787,62.82758918195089,75.89503710256189,58.538680758690354,102.47577424712404,-31.20335286808321,755.1721318550469,48.511527555249145,Fatigue
