emg_rms,emg_mav,emg_variance,emg_std,emg_waveform_length,emg_zero_crossing,emg_ssc,emg_kurtosis,emg_skewness,emg_peak,emg_median_freq,emg_mean_freq,emg_peak_freq,emg_total_power,emg_power_low,emg_power_mid,emg_power_high,class_name
46.7700230776073,5.899344415214854,6852.295998655501,67.81048607855051,110045.15846753416,21466.79384321878,20807.923410271105,12.374238341902672,-0.4704002623132037,302.32445479316254,95.06577068346796,73.67022545713397,73.22451983364982,-364.0770906959834,-59.47976093859472,18.327833489402,7.01973591671687,Fatigue
