emg_rms,emg_mav,emg_variance,emg_std,emg_waveform_length,emg_zero_crossing,emg_ssc,emg_kurtosis,emg_skewness,emg_peak,emg_median_freq,emg_mean_freq,emg_peak_freq,emg_total_power,emg_power_low,emg_power_mid,emg_power_high,class_name
43.824967354201625,16.575046170807454,4643.67361200176,78.79343908072292,668771.2968364606,13778.015604819482,24035.62706473603,14.217292944265102,1.404213599394374,50.84876572560361,65.16472955244976,72.01648641397792,68.18521630512176,933.9684813352208,-32.75260684552876,213.22591351475185,-6.085964465997698,Fatigue
