emg_rms,emg_mav,emg_variance,emg_std,emg_waveform_length,emg_zero_crossing,emg_ssc,emg_kurtosis,emg_skewness,emg_peak,emg_median_freq,emg_mean_freq,emg_peak_freq,emg_total_power,emg_power_low,emg_power_mid,emg_power_high,class_name
59.138319550495495,15.809911726286106,168.21376144272494,27.882619990362176,636171.1374558213,14149.15105368044,25555.817287223104,9.21233435942445,0.8264466569362502,173.2253282823171,91.69250438966874,81.42863708026452,61.07471813832492,102.56504279977764,160.31968897733526,766.2311944141993,50.183650535617645,Fatigue
