emg_rms,emg_mav,emg_variance,emg_std,emg_waveform_length,emg_zero_crossing,emg_ssc,emg_kurtosis,emg_skewness,emg_peak,emg_median_freq,emg_mean_freq,emg_peak_freq,emg_total_power,emg_power_low,emg_power_mid,emg_power_high,class_name
56.987391038676535,20.725671477120684,5896.864405255396,62.292099808369855,375710.1124707632,14111.026712094435,29803.22803220617,20.936713942305857,0.32885165238315,58.707942313060414,59.25101532785265,98.53886895418948,67.73105465265644,-375.2558976317587,117.14720020412253,-460.13956875791473,33.10725944100236,Fatigue
