emg_rms,emg_mav,emg_variance,emg_std,emg_waveform_length,emg_zero_crossing,emg_ssc,emg_kurtosis,emg_skewness,emg_peak,emg_median_freq,emg_mean_freq,emg_peak_freq,emg_total_power,emg_power_low,emg_power_mid,emg_power_high,class_name
62.01011714970956,1.3239681589430212,2485.601427658376,43.699243745891046,536169.1326109349,14877.295280849476,31153.64163636237,15.420970725461595,1.7815960843501335,358.43509901132023,85.83214558220278,73.64438881676665,67.69603881632985,1239.8595669563135,271.6897227468729,306.53831602867086,-21.514134563014835,Fatigue
