emg_rms,emg_mav,emg_variance,emg_std,emg_waveform_length,emg_zero_crossing,emg_ssc,emg_kurtosis,emg_skewness,emg_peak,emg_median_freq,emg_mean_freq,emg_peak_freq,emg_total_power,emg_power_low,emg_power_mid,emg_power_high,class_name
38.4283299882678,26.331425731718017,2283.537786171034,36.682248050037146,449991.235578559,13301.057980483083,33178.81300663455,15.7292046523212,0.188658311434262,303.8010972130833,59.74018761970157,94.57836385669388,63.71135618034435,-214.48734439598417,474.645286765116,415.0123050537509,19.203956091150943,Fatigue
