emg_rms,emg_mav,emg_variance,emg_std,emg_waveform_length,emg_zero_crossing,emg_ssc,emg_kurtosis,emg_skewness,emg_peak,emg_median_freq,emg_mean_freq,emg_peak_freq,emg_total_power,emg_power_low,emg_power_mid,emg_power_high,class_name
40.37452637645942,27.978106793513263,610.1008837184761,40.2059353695401,385228.0559525337,15456.488303286833,28001.820983328827,18.77765513875189,-2.038936880900424,529.5116484766818,55.75340669213507,68.65289753394894,76.0214816651613,1748.9882919335898,139.5937187859561,596.3880709223884,-41.316467827090825,Fatigue
