emg_rms,emg_mav,emg_variance,emg_std,emg_waveform_length,emg_zero_crossing,emg_ssc,emg_kurtosis,emg_skewness,emg_peak,emg_median_freq,emg_mean_freq,emg_peak_freq,emg_total_power,emg_power_low,emg_power_mid,emg_power_high,class_name
65.3065974681865,13.978877856527893,332.8023231256016,45.683214992423714,398478.68077618943,19860.40195212025,24066.649482399007,15.605140925046062,1.702556130777677,428.6475719635204,46.83096548031743,60.40541273351451,41.48022717201046,300.5845312123044,-53.8002510887282,1157.502926894832,61.4761388817973,Fatigue
