emg_rms,emg_mav,emg_variance,emg_std,emg_waveform_length,emg_zero_crossing,emg_ssc,emg_kurtosis,emg_skewness,emg_peak,emg_median_freq,emg_mean_freq,emg_peak_freq,emg_total_power,emg_power_low,emg_power_mid,emg_power_high,class_name
35.100410198098075,28.15665926188351,-508.632966863504,24.61016983378556,203258.0611363194,4488.830105089752,34560.01161091889,2.2336653173448493,-0.340074639080867,455.78357489290215,68.14641588292952,77.41364801429476,57.8285503383818,241.36954855372437,303.6180272817724,366.5637668002353,32.80867977542978,Fatigue
