emg_rms,emg_mav,emg_variance,emg_std,emg_waveform_length,emg_zero_crossing,emg_ssc,emg_kurtosis,emg_skewness,emg_peak,emg_median_freq,emg_mean_freq,emg_peak_freq,emg_total_power,emg_power_low,emg_power_mid,emg_power_high,class_name
25.97091551356124,21.879187745181163,1074.548958251231,39.80809110401314,323175.9281250706,13953.48499938,26282.858478104907,12.416184409094091,-1.1134680615627237,303.1063732481392,58.24861323117668,80.45581416085449,79.68462401015381,709.865908945075,271.3490688548766,625.8937702690674,37.54932194126883,Fatigue
