emg_rms,emg_mav,emg_variance,emg_std,emg_waveform_length,emg_zero_crossing,emg_ssc,emg_kurtosis,emg_skewness,emg_peak,emg_median_freq,emg_mean_freq,emg_peak_freq,emg_total_power,emg_power_low,emg_power_mid,emg_power_high,class_name
37.43379563978306,10.284318029986476,326.2015668801296,8.781182134747446,1054337.581917728,13911.628942406553,29891.146736703904,13.300872143683373,0.7109374985382947,465.1383014496587,52.21909984149288,98.96372517554396,46.02724657234048,986.4224521874696,350.455841133052,344.05719426565463,-18.317464881682504,Fatigue
