emg_rms,emg_mav,emg_variance,emg_std,emg_waveform_length,emg_zero_crossing,emg_ssc,emg_kurtosis,emg_skewness,emg_peak,emg_median_freq,emg_mean_freq,emg_peak_freq,emg_total_power,emg_power_low,emg_power_mid,emg_power_high,class_name
49.28099542542693,21.475607483624174,-377.9226905101277,60.099184643252,845228.1769516183,10268.9916715293,29550.5349291341,11.715933431261734,0.9909718970805946,308.5382029273147,60.74649924823875,87.61080762309693,48.549556886175246,410.4790320479892,306.7290699556452,387.87634239184297,11.388601756254676,Fatigue
