emg_rms,emg_mav,emg_variance,emg_std,emg_waveform_length,emg_zero_crossing,emg_ssc,emg_kurtosis,emg_skewness,emg_peak,emg_median_freq,emg_mean_freq,emg_peak_freq,emg_total_power,emg_power_low,emg_power_mid,emg_power_high,class_name
23.18441887727547,5.618011073223276,-820.3231582636968,-2.3056599644420857,368900.94634513295,13747.454234498417,31893.69779133193,12.44889971002959,0.375963893975047,416.7591896523778,52.519428538611535,98.9599607045796,71.63137837132619,717.6018626593664,-71.91354178082136,-566.6350177236983,8.060395784991382,Fatigue
