emg_rms,emg_mav,emg_variance,emg_std,emg_waveform_length,emg_zero_crossing,emg_ssc,emg_kurtosis,emg_skewness,emg_peak,emg_median_freq,emg_mean_freq,emg_peak_freq,emg_total_power,emg_power_low,emg_power_mid,emg_power_high,class_name
60.57677309252455,6.051630110522156,-83.44433157445701,66.00934172949525,474935.2098184895,14711.490953986864,35623.34843377823,18.38856404552129,0.5675279697889686,307.505516073627,51.4073151371702,91.531419178259,49.660609215958885,1043.4065207752324,-327.2042278116589,552.5905199333896,36.77866752606023,Fatigue
