emg_rms,emg_mav,emg_variance,emg_std,emg_waveform_length,emg_zero_crossing,emg_ssc,emg_kurtosis,emg_skewness,emg_peak,emg_median_freq,emg_mean_freq,emg_peak_freq,emg_total_power,emg_power_low,emg_power_mid,emg_power_high,class_name
52.22154058978421,10.82847953878533,1764.9019405624936,54.513290709731,546456.1041490173,16168.935618827569,25951.26325508243,10.297568398296802,-1.1656349762807543,428.9850729015831,97.55018965979032,101.69436998438316,44.82274350311813,766.6514711996813,434.8929212696789,-23.641639284208168,47.65757128210216,Fatigue
