emg_rms,emg_mav,emg_variance,emg_std,emg_waveform_length,emg_zero_crossing,emg_ssc,emg_kurtosis,emg_skewness,emg_peak,emg_median_freq,emg_mean_freq,emg_peak_freq,emg_total_power,emg_power_low,emg_power_mid,emg_power_high,class_name
13.14752760760206,23.22369185984018,-2662.3251293246367,60.66934949634931,347943.6925274251,11843.930252678085,32916.87943359197,7.628260191497292,-1.3245848351643896,237.0896558287949,39.28380875036719,79.71102985671234,72.27080929501163,294.66968662119984,401.7015957151052,956.3623741711564,30.68224574386532,Fatigue
