emg_rms,emg_mav,emg_variance,emg_std,emg_waveform_length,emg_zero_crossing,emg_ssc,emg_kurtosis,emg_skewness,emg_peak,emg_median_freq,emg_mean_freq,emg_peak_freq,emg_total_power,emg_power_low,emg_power_mid,emg_power_high,class_name
49.98942374900187,5.328802826805104,700.643812760005,23.91737472409469,612275.204448726,14569.559821083694,29372.172081045326,9.92051470378996,0.8789589287524345,269.29326436600115,68.52388293158944,104.3465966531723,48.24791624442409,1044.2124878345471,207.4822575592229,1127.116874316472,44.17010096700858,Fatigue
