emg_rms,emg_mav,emg_variance,emg_std,emg_waveform_length,emg_zero_crossing,emg_ssc,emg_kurtosis,emg_skewness,emg_peak,emg_median_freq,emg_mean_freq,emg_peak_freq,emg_total_power,emg_power_low,emg_power_mid,emg_power_high,class_name
47.48845242837073,13.222275847449769,2450.9028342326537,4.924789079875211,644602.4037038443,12003.287564265904,30925.07890998812,10.55099900103779,-0.0211867053093954,341.7762097322406,53.43824006583252,33.3381748227814,50.80724880605814,816.7838391626157,44.13946571218864,-52.64510736575306,37.40577167363829,Fatigue
