emg_rms,emg_mav,emg_variance,emg_std,emg_waveform_length,emg_zero_crossing,emg_ssc,emg_kurtosis,emg_skewness,emg_peak,emg_median_freq,emg_mean_freq,emg_peak_freq,emg_total_power,emg_power_low,emg_power_mid,emg_power_high,class_name
9.92921753411973,28.2781381114865,4003.858411109923,70.18280845494407,571199.3805068015,17008.7429888853,25920.460716002937,13.976501633745716,1.3799404398874795,374.3749020654364,84.74849632558204,69.21323677553336,58.88707667008464,845.5637155269142,117.44109743876692,493.5372520422221,31.742319116449767,Fatigue
