emg_rms,emg_mav,emg_variance,emg_std,emg_waveform_length,emg_zero_crossing,emg_ssc,emg_kurtosis,emg_skewness,emg_peak,emg_median_freq,emg_mean_freq,emg_peak_freq,emg_total_power,emg_power_low,emg_power_mid,emg_power_high,class_name
25.66093004783002,7.006987743194136,1180.6147592868135,42.45102388252092,305699.13113994314,18041.75347301105,26545.88181087935,5.753171366343304,1.805362840465789,132.07966377962353,73.23749341805579,90.29677947009904,48.49426535575405,671.0245034226325,63.40399660720229,147.78708592320768,88.4947745569626,Fatigue
