emg_rms,emg_mav,emg_variance,emg_std,emg_waveform_length,emg_zero_crossing,emg_ssc,emg_kurtosis,emg_skewness,emg_peak,emg_median_freq,emg_mean_freq,emg_peak_freq,emg_total_power,emg_power_low,emg_power_mid,emg_power_high,class_name
18.45522556876257,-1.0457124688659398,4455.721521643786,1.2535258173567314,478355.5171111733,16927.852628992783,30331.81032012394,9.749030098895448,-0.5875376754482174,229.0428352516679,70.17107509400705,94.41273652011516,65.63553490276476,-315.3029823716951,183.836026836547,237.229831662134,19.25096170648371,Fatigue
