emg_rms,emg_mav,emg_variance,emg_std,emg_waveform_length,emg_zero_crossing,emg_ssc,emg_kurtosis,emg_skewness,emg_peak,emg_median_freq,emg_mean_freq,emg_peak_freq,emg_total_power,emg_power_low,emg_power_mid,emg_power_high,class_name
13.377048511744793,13.687173507699896,2992.204000760928,49.077459956954165,342769.46504464204,11506.289137943702,24149.17582450541,10.665901161732425,-0.0106953092953513,360.0715475725835,89.87699479621574,67.78758130713351,50.10524800624864,-182.4228569971047,56.39631519939027,141.86563722462552,16.27032722419077,Fatigue
