emg_rms,emg_mav,emg_variance,emg_std,emg_waveform_length,emg_zero_crossing,emg_ssc,emg_kurtosis,emg_skewness,emg_peak,emg_median_freq,emg_mean_freq,emg_peak_freq,emg_total_power,emg_power_low,emg_power_mid,emg_power_high,class_name
58.9907476077601,2.369454625868624,1065.083543295635,32.18977512096941,303814.5992787481,12237.634066802597,31746.014540227883,15.011316830064471,-0.5807141273495426,195.9475973157149,72.7743187115342,79.90365440368933,39.00414382068516,705.8866224394834,92.91625879741,469.4934314322943,57.45988980422311,Fatigue
