emg_rms,emg_mav,emg_variance,emg_std,emg_waveform_length,emg_zero_crossing,emg_ssc,emg_kurtosis,emg_skewness,emg_peak,emg_median_freq,emg_mean_freq,emg_peak_freq,emg_total_power,emg_power_low,emg_power_mid,emg_power_high,class_name
31.08234321857928,11.18373881074212,2886.351883719478,90.18883654860868,679157.6811994936,19301.69886343065,32133.724002552197,17.81941576784034,3.239617684582127,525.6727545569611,62.22115315810388,75.87659713490879,32.885393020260494,447.6302556586556,312.8143089184267,699.4178453716954,23.92901456827731,Fatigue
