emg_rms,emg_mav,emg_variance,emg_std,emg_waveform_length,emg_zero_crossing,emg_ssc,emg_kurtosis,emg_skewness,emg_peak,emg_median_freq,emg_mean_freq,emg_peak_freq,emg_total_power,emg_power_low,emg_power_mid,emg_power_high,class_name
39.90349188237618,27.927595882196663,2147.114583554828,29.736901550201992,314184.174414532,16437.231433997225,24311.16760500429,13.34542052605046,1.6440082622805343,152.3349178540084,33.510802799411806,79.47237249397025,52.79763856912226,480.0550796282061,208.44358854121407,-194.6252746728289,24.709651812710057,Fatigue
