emg_rms,emg_mav,emg_variance,emg_std,emg_waveform_length,emg_zero_crossing,emg_ssc,emg_kurtosis,emg_skewness,emg_peak,emg_median_freq,emg_mean_freq,emg_peak_freq,emg_total_power,emg_power_low,emg_power_mid,emg_power_high,class_name
44.52701096469477,9.774538995241391,2624.290771354794,17.889362791672408,615193.5274777871,12238.534980080389,25463.2912605188,10.907126530691942,-0.0173142378876012,412.2135996157453,71.04270940732528,76.4829445999985,59.37547272555374,610.3198829510347,49.646641204202055,930.8706149230665,-7.173711956851168,Fatigue
