emg_rms,emg_mav,emg_variance,emg_std,emg_waveform_length,emg_zero_crossing,emg_ssc,emg_kurtosis,emg_skewness,emg_peak,emg_median_freq,emg_mean_freq,emg_peak_freq,emg_total_power,emg_power_low,emg_power_mid,emg_power_high,class_name
67.78657385670455,21.639107968426607,5412.994196459558,54.31381418117478,408451.0445388619,10750.449031256509,29961.212229033077,16.928636282544225,0.101652236305274,402.4976342820041,89.54074602414326,69.92987680050453,78.73249068843802,613.6202523948814,329.02882231029656,303.00087540628755,-25.08642894709056,Fatigue
