emg_rms,emg_mav,emg_variance,emg_std,emg_waveform_length,emg_zero_crossing,emg_ssc,emg_kurtosis,emg_skewness,emg_peak,emg_median_freq,emg_mean_freq,emg_peak_freq,emg_total_power,emg_power_low,emg_power_mid,emg_power_high,class_name
10.471567883287037,18.3181046280403,3004.7132119543985,35.44588892128496,635835.2296401524,10041.026329782871,36077.0500790704,8.14333001446924,1.2134618751705897,307.2014736380845,47.09347243283206,112.40902503041625,63.35581550347808,847.2874552809616,-52.163457262802666,261.12777575502133,17.322086758164282,Fatigue
