emg_rms,emg_mav,emg_variance,emg_std,emg_waveform_length,emg_zero_crossing,emg_ssc,emg_kurtosis,emg_skewness,emg_peak,emg_median_freq,emg_mean_freq,emg_peak_freq,emg_total_power,emg_power_low,emg_power_mid,emg_power_high,class_name
33.68610848096911,16.469364221423618,8539.401268560337,40.39623926451945,326173.19071881287,7343.969600239828,30208.92308549223,7.892517780642903,-0.8564457650278973,236.54857169675188,62.767480204302565,87.0545485228644,62.13588964061272,1547.0552504617565,247.8538720069372,221.43197261386996,40.61711467502528,Fatigue
