emg_rms,emg_mav,emg_variance,emg_std,emg_waveform_length,emg_zero_crossing,emg_ssc,emg_kurtosis,emg_skewness,emg_peak,emg_median_freq,emg_mean_freq,emg_peak_freq,emg_total_power,emg_power_low,emg_power_mid,emg_power_high,class_name
77.47554945722581,5.346412037965658,-766.043827315782,46.28562876039804,602316.2632287119,13221.277493962416,26578.23477296116,14.74880549316964,0.6228448783406075,187.3649212009813,45.90309532580503,84.63180355492483,68.33431913632363,782.2324082631624,288.78195796505406,573.4111081033468,-30.46540321818385,Fatigue
