emg_rms,emg_mav,emg_variance,emg_std,emg_waveform_length,emg_zero_crossing,emg_ssc,emg_kurtosis,emg_skewness,emg_peak,emg_median_freq,emg_mean_freq,emg_peak_freq,emg_total_power,emg_power_low,emg_power_mid,emg_power_high,class_name
38.39710228421284,14.892771683768038,3314.1354151235228,50.08066655732086,456420.818658495,13795.47837715739,26279.420634163514,7.187487559716137,0.2202327400784124,575.3828491567824,73.47688136484463,82.40962754584082,47.567193818993786,297.086367316984,-33.32533914218226,-4.131713929465775,12.903389513624814,Fatigue
