emg_rms,emg_mav,emg_variance,emg_std,emg_waveform_length,emg_zero_crossing,emg_ssc,emg_kurtosis,emg_skewness,emg_peak,emg_median_freq,emg_mean_freq,emg_peak_freq,emg_total_power,emg_power_low,emg_power_mid,emg_power_high,class_name
61.585611575457946,23.949012332194936,-1821.6679869204868,-1.2814542023692184,338126.5731988234,15743.95899688674,25639.279117946837,3.976156903764335,-1.2842570392773611,214.1951472135818,71.8448868006512,90.46257526006468,73.29786396007707,722.5701571735532,185.48427003684637,725.0550971063933,25.08055646669577,Fatigue
