emg_rms,emg_mav,emg_variance,emg_std,emg_waveform_length,emg_zero_crossing,emg_ssc,emg_kurtosis,emg_skewness,emg_peak,emg_median_freq,emg_mean_freq,emg_peak_freq,emg_total_power,emg_power_low,emg_power_mid,emg_power_high,class_name
87.8481279192879,13.23492612990918,809.2470874476078,16.4854400934768,479956.7801537537,16222.932873272235,35026.450091935694,17.912801722547623,1.8097246384281656,233.7883494366106,46.33972298268836,64.2191405948796,37.7553057856728,821.0777199950672,-106.21071817173576,83.39120792736173,-23.234986202919732,Fatigue
