emg_rms,emg_mav,emg_variance,emg_std,emg_waveform_length,emg_zero_crossing,emg_ssc,emg_kurtosis,emg_skewness,emg_peak,emg_median_freq,emg_mean_freq,emg_peak_freq,emg_total_power,emg_power_low,emg_power_mid,emg_power_high,class_name
71.85475170119898,24.77681568280093,2362.5129021550897,51.5354479316798,688604.9252934263,16939.17995775573,34146.8528252305,5.413515527391303,-0.0187999782079498,430.0273936166091,48.43759681075635,83.77134181079548,68.55017115109581,1446.1241844977214,93.56136165455749,181.8985221049254,23.46387154149556,Fatigue
