emg_rms,emg_mav,emg_variance,emg_std,emg_waveform_length,emg_zero_crossing,emg_ssc,emg_kurtosis,emg_skewness,emg_peak,emg_median_freq,emg_mean_freq,emg_peak_freq,emg_total_power,emg_power_low,emg_power_mid,emg_power_high,class_name
30.37419735539467,12.859747777662998,2133.9578008668263,58.66181349581606,422785.1823901179,18997.52999483433,32478.65530484498,12.800746521027342,-0.3413432184027782,605.7752671573508,72.94123293106145,80.9602493326277,55.75843464446526,863.5943103839375,4.747617309538086,-190.40560112167475,47.34710961824595,Fatigue
