emg_rms,emg_mav,emg_variance,emg_std,emg_waveform_length,emg_zero_crossing,emg_ssc,emg_kurtosis,emg_skewness,emg_peak,emg_median_freq,emg_mean_freq,emg_peak_freq,emg_total_power,emg_power_low,emg_power_mid,emg_power_high,class_name
21.303030909167145,10.502768192953592,-849.4708356823003,34.653973493054565,392936.7425170635,17657.00183629076,26386.99117606932,5.894766085785419,-0.9927825770974094,319.20748347267363,67.65161746477953,97.76433017100751,64.41390044051872,372.91416970947057,391.766893015644,505.36839930505903,-20.439511272616777,Fatigue
