emg_rms,emg_mav,emg_variance,emg_std,emg_waveform_length,emg_zero_crossing,emg_ssc,emg_kurtosis,emg_skewness,emg_peak,emg_median_freq,emg_mean_freq,emg_peak_freq,emg_total_power,emg_power_low,emg_power_mid,emg_power_high,class_name
62.20662801934426,21.754105562523648,1041.2596523110035,58.52503250632815,567144.1778523875,12323.170697840018,27514.67606886354,12.278528824038776,1.1776438208130582,150.38733997735412,58.34064322438,82.3554569084604,48.2857505719203,884.2603303572313,152.89643151423263,432.0613983427392,24.01657358134052,Fatigue
