emg_rms,emg_mav,emg_variance,emg_std,emg_waveform_length,emg_zero_crossing,emg_ssc,emg_kurtosis,emg_skewness,emg_peak,emg_median_freq,emg_mean_freq,emg_peak_freq,emg_total_power,emg_power_low,emg_power_mid,emg_power_high,class_name
67.64517855365864,22.75310196944924,1031.9275778018966,25.46758319419007,470624.1479904065,9184.97596238132,31186.8470123956,12.064719127067818,1.3539957500798745,200.48837676481315,86.46018374281043,101.3488565053497,38.53575369987874,-324.05188826835905,172.6525289823849,417.46548079166007,32.67791168887028,Fatigue
