emg_rms,emg_mav,emg_variance,emg_std,emg_waveform_length,emg_zero_crossing,emg_ssc,emg_kurtosis,emg_skewness,emg_peak,emg_median_freq,emg_mean_freq,emg_peak_freq,emg_total_power,emg_power_low,emg_power_mid,emg_power_high,class_name
25.671469129427063,22.26579725207022,5012.978960415922,53.15915370993527,172879.02222807345,13888.87173531678,31098.1943954608,8.248552543442505,-0.8426632662671535,102.75689536707004,62.44641806238701,86.68826761454491,54.814467031758106,754.2785770323555,305.1287578180747,525.0909520301735,12.05659327850471,Fatigue
