emg_rms,emg_mav,emg_variance,emg_std,emg_waveform_length,emg_zero_crossing,emg_ssc,emg_kurtosis,emg_skewness,emg_peak,emg_median_freq,emg_mean_freq,emg_peak_freq,emg_total_power,emg_power_low,emg_power_mid,emg_power_high,class_name
62.94845057957578,24.025542125674548,5267.224805093724,19.88222038861074,623658.6116834459,12637.012489406206,30984.230566775528,13.16864185330217,-0.2131423959139591,280.3407380418792,77.79784598363773,72.0331580831121,49.09820639444902,582.4375116620351,301.9472439674691,483.7079203493711,7.145344023004849,Fatigue
