emg_rms,emg_mav,emg_variance,emg_std,emg_waveform_length,emg_zero_crossing,emg_ssc,emg_kurtosis,emg_skewness,emg_peak,emg_median_freq,emg_mean_freq,emg_peak_freq,emg_total_power,emg_power_low,emg_power_mid,emg_power_high,class_name
39.4313970097526,23.92611846628529,4518.6454576069045,26.75361749785368,405178.72671929054,16643.401427875266,32083.625319235776,11.757751757063904,1.3024355871074316,324.9905126693372,57.44866827432333,73.49750980463891,53.94064417226885,688.0866264814481,359.05989067765523,361.70005275012966,16.554077715609484,Fatigue
