emg_rms,emg_mav,emg_variance,emg_std,emg_waveform_length,emg_zero_crossing,emg_ssc,emg_kurtosis,emg_skewness,emg_peak,emg_median_freq,emg_mean_freq,emg_peak_freq,emg_total_power,emg_power_low,emg_power_mid,emg_power_high,class_name
48.43847309325473,18.493083947166152,-5071.979487575831,49.60775906954592,604426.3792704113,9476.679418950129,30941.67458471506,12.77965903565671,-0.5357563794126476,103.45027025446532,66.06266702988123,78.92570667502044,71.48945048807099,172.8314838076288,203.79184949088165,-6.586854838577892,12.69415220889065,Fatigue
