emg_rms,emg_mav,emg_variance,emg_std,emg_waveform_length,emg_zero_crossing,emg_ssc,emg_kurtosis,emg_skewness,emg_peak,emg_median_freq,emg_mean_freq,emg_peak_freq,emg_total_power,emg_power_low,emg_power_mid,emg_power_high,class_name
13.259510549004888,22.832382347391796,-392.9894044038952,20.71048415938317,357026.8219999897,15752.697470577305,32441.33102247952,12.71827177860672,2.6730677736456627,189.1488373519211,25.836869904790063,87.20056081800415,43.76140014539476,302.4986069295676,-118.72420768027251,398.8089173970072,25.94243337674238,Fatigue
