emg_rms,emg_mav,emg_variance,emg_std,emg_waveform_length,emg_zero_crossing,emg_ssc,emg_kurtosis,emg_skewness,emg_peak,emg_median_freq,emg_mean_freq,emg_peak_freq,emg_total_power,emg_power_low,emg_power_mid,emg_power_high,class_name
25.6397442702121,14.685646012828212,784.6647393363903,23.84685293358645,243100.27653173968,15436.84302666102,34636.52935121837,10.832672840827176,1.7951545569834506,305.27465703254086,71.05536716305589,89.57567128389184,63.9519237509958,554.2248004993935,67.56060462792973,23.20631100304689,38.35585710902194,Fatigue
