emg_rms,emg_mav,emg_variance,emg_std,emg_waveform_length,emg_zero_crossing,emg_ssc,emg_kurtosis,emg_skewness,emg_peak,emg_median_freq,emg_mean_freq,emg_peak_freq,emg_total_power,emg_power_low,emg_power_mid,emg_power_high,class_name
62.54213203054845,18.778174934076752,2582.7885007918385,21.111338510419465,29767.537383473013,19153.867183665872,30021.632611227404,12.215253071126464,0.3235650398454205,133.49577587228515,54.79913815582072,94.45703139689591,74.0893796105106,330.9386095388328,101.44010710222324,311.05888154816904,42.86163167548918,Fatigue
