emg_rms,emg_mav,emg_variance,emg_std,emg_waveform_length,emg_zero_crossing,emg_ssc,emg_kurtosis,emg_skewness,emg_peak,emg_median_freq,emg_mean_freq,emg_peak_freq,emg_total_power,emg_power_low,emg_power_mid,emg_power_high,class_name
14.543198901479832,10.92029439643532,5192.354616222582,10.20252545099775,379611.6581830389,16471.846604199913,31647.74638288923,13.106760311434636,0.2424538565359261,255.96282476513105,42.77863277253388,98.58669983722672,54.39243625333576,793.8964389477946,206.08846197117649,86.17247547644524,64.7726692500893,Fatigue
