emg_rms,emg_mav,emg_variance,emg_std,emg_waveform_length,emg_zero_crossing,emg_ssc,emg_kurtosis,emg_skewness,emg_peak,emg_median_freq,emg_mean_freq,emg_peak_freq,emg_total_power,emg_power_low,emg_power_mid,emg_power_high,class_name
43.455084173362266,16.17422516718522,-729.0115810992556,37.85068972022966,697906.1773290796,13698.0924781943,24165.24610994433,8.75893102033277,1.3748821480121567,284.5262371907681,71.3412332301105,71.54404334801478,58.45640125301897,-395.6200022499166,29.83484760464826,511.00927577536913,-11.761517602591455,Fatigue
