emg_rms,emg_mav,emg_variance,emg_std,emg_waveform_length,emg_zero_crossing,emg_ssc,emg_kurtosis,emg_skewness,emg_peak,emg_median_freq,emg_mean_freq,emg_peak_freq,emg_total_power,emg_power_low,emg_power_mid,emg_power_high,class_name
33.75778346623124,17.625380084133184,1122.2305301351475,26.521401060809527,320171.64983726694,12831.870343259754,33645.576495126654,7.0926816540123845,0.4519523726894926,358.1628070840413,84.19773915102012,89.01210616020225,52.54082992194313,-373.4590859738208,163.30670936246258,246.75012925719523,50.01298073263992,Fatigue
