emg_rms,emg_mav,emg_variance,emg_std,emg_waveform_length,emg_zero_crossing,emg_ssc,emg_kurtosis,emg_skewness,emg_peak,emg_median_freq,emg_mean_freq,emg_peak_freq,emg_total_power,emg_power_low,emg_power_mid,emg_power_high,class_name
73.6129347409838,18.42888991245162,60.76163260404292,62.306783569654925,508858.5326252546,15045.02976256419,30940.814857541696,13.057861574886395,-0.8732491633331169,343.11621025557315,50.08569053495181,72.35986468000313,46.83320918060348,376.2298059093425,80.06145111682612,257.7302024695628,35.86647351673193,Fatigue
