emg_rms,emg_mav,emg_variance,emg_std,emg_waveform_length,emg_zero_crossing,emg_ssc,emg_kurtosis,emg_skewness,emg_peak,emg_median_freq,emg_mean_freq,emg_peak_freq,emg_total_power,emg_power_low,emg_power_mid,emg_power_high,class_name
65.99326482473079,28.78161945817672,2940.18614645598,17.664232497531348,493538.6093606516,13032.537709091115,29529.904808544423,11.829986626450925,-0.5722555612258732,431.2121812042623,90.97255002630445,110.60339944139332,47.48924105241997,-31.74066489943345,-113.5008891040264,673.2279077876574,-16.221787370520346,Fatigue
