emg_rms,emg_mav,emg_variance,emg_std,emg_waveform_length,emg_zero_crossing,emg_ssc,emg_kurtosis,emg_skewness,emg_peak,emg_median_freq,emg_mean_freq,emg_peak_freq,emg_total_power,emg_power_low,emg_power_mid,emg_power_high,class_name
13.197484641070105,9.784409007905506,2113.8516163606228,33.50283072495371,531267.1603593554,7970.405548021462,23574.7656681918,2.511185852658979,-0.7888560956215113,282.26611150681686,64.81736683541394,47.98646602520093,57.32140368247235,417.12676804860007,168.65686082860066,442.89059906231705,-0.3182983317020653,Fatigue
