emg_rms,emg_mav,emg_variance,emg_std,emg_waveform_length,emg_zero_crossing,emg_ssc,emg_kurtosis,emg_skewness,emg_peak,emg_median_freq,emg_mean_freq,emg_peak_freq,emg_total_power,emg_power_low,emg_power_mid,emg_power_high,class_name
47.04052634524872,-0.7857498761359949,2491.8148411522525,51.8948639378585,496383.0088647677,11761.873515434969,25966.243632379857,15.48305619082488,-2.77238089581223,278.93267840305384,97.36042965874375,80.652827773609,47.41062183349216,645.9004583820749,271.36283355747,527.7228476075475,-5.685875822140861,Fatigue
