emg_rms,emg_mav,emg_variance,emg_std,emg_waveform_length,emg_zero_crossing,emg_ssc,emg_kurtosis,emg_skewness,emg_peak,emg_median_freq,emg_mean_freq,emg_peak_freq,emg_total_power,emg_power_low,emg_power_mid,emg_power_high,class_name
20.215546871322417,16.738201217024287,830.0539938836291,55.53992075692821,342912.77899471484,15002.590666288912,30254.75622149489,14.37899194880974,1.2066050309556866,207.3665071206632,76.57759105332028,86.41349648900166,49.434556596912685,532.1335838611595,103.5498757612278,-198.6631337194193,-36.49089842185823,Fatigue
