emg_rms,emg_mav,emg_variance,emg_std,emg_waveform_length,emg_zero_crossing,emg_ssc,emg_kurtosis,emg_skewness,emg_peak,emg_median_freq,emg_mean_freq,emg_peak_freq,emg_total_power,emg_power_low,emg_power_mid,emg_power_high,class_name
17.81568252124826,30.75559947318009,4730.186127908413,25.362720713830225,442401.8066250009,18934.810807702845,28995.476055446,5.469019351872077,0.7396016416856852,309.7349924006349,80.3910816023843,82.16162366614421,50.81567381137091,1532.9073535588668,-36.29170235309931,303.79014001545755,2.8319530608645493,Fatigue
