emg_rms,emg_mav,emg_variance,emg_std,emg_waveform_length,emg_zero_crossing,emg_ssc,emg_kurtosis,emg_skewness,emg_peak,emg_median_freq,emg_mean_freq,emg_peak_freq,emg_total_power,emg_power_low,emg_power_mid,emg_power_high,class_name
20.72200799748761,11.916215170486254,2076.875889350557,25.10589921832533,686173.4966473613,12304.707798781756,27953.212565652088,5.422918895538887,-0.5990962868042125,196.29957649312783,59.66224908992559,98.28195463996552,53.89385714826767,1021.886789734856,2.6488753052250047,281.2031994842677,33.53570824977167,Fatigue
