emg_rms,emg_mav,emg_variance,emg_std,emg_waveform_length,emg_zero_crossing,emg_ssc,emg_kurtosis,emg_skewness,emg_peak,emg_median_freq,emg_mean_freq,emg_peak_freq,emg_total_power,emg_power_low,emg_power_mid,emg_power_high,class_name
51.47200173578964,24.43350772049118,2396.2298114567398,27.042514130558786,420894.710406165,7722.976809099089,24633.26326128016,17.9283469739506,0.5991006276593224,457.4336765745525,65.19990029434946,93.02964298064308,39.25053173211313,1025.58829557355,377.27609018441376,522.6889356204849,-5.981775949880248,Fatigue
