emg_rms,emg_mav,emg_variance,emg_std,emg_waveform_length,emg_zero_crossing,emg_ssc,emg_kurtosis,emg_skewness,emg_peak,emg_median_freq,emg_mean_freq,emg_peak_freq,emg_total_power,emg_power_low,emg_power_mid,emg_power_high,class_name
37.14541222732333,17.373666289917445,3699.793958598354,32.519477337995475,419320.71953470976,13648.152127659652,34889.986276049065,4.515119207488708,1.0485145994570113,139.65144854722433,67.5919916879215,93.95277970480166,53.65966274858576,1098.1070679772442,40.34725673358119,-69.21003138445849,2.089125714617825,Fatigue
