emg_rms,emg_mav,emg_variance,emg_std,emg_waveform_length,emg_zero_crossing,emg_ssc,emg_kurtosis,emg_skewness,emg_peak,emg_median_freq,emg_mean_freq,emg_peak_freq,emg_total_power,emg_power_low,emg_power_mid,emg_power_high,class_name
9.502083021408286,-1.6011667452611107,6721.4499981106965,18.76691967974576,426268.3820593232,12437.491873615483,29163.95718216029,13.950232453364894,1.8442205547758448,114.40344681685416,61.91780430442736,83.8652882602618,63.27954591970453,310.41105927480703,-56.41511183995115,12.725790271967467,-5.653842434462717,Fatigue
