emg_rms,emg_mav,emg_variance,emg_std,emg_waveform_length,emg_zero_crossing,emg_ssc,emg_kurtosis,emg_skewness,emg_peak,emg_median_freq,emg_mean_freq,emg_peak_freq,emg_total_power,emg_power_low,emg_power_mid,emg_power_high,class_name
43.740012185780856,5.829647349125825,2120.550193394033,12.978268294288531,440744.46773843135,8497.40516185373,33918.48045744701,14.373746371669014,-1.5272795260187269,321.05185461085864,93.0279261472168,77.75450694854656,71.87036644495048,-152.91763808945888,240.80020069387209,214.70194534687027,24.08681099528402,Fatigue
