emg_rms,emg_mav,emg_variance,emg_std,emg_waveform_length,emg_zero_crossing,emg_ssc,emg_kurtosis,emg_skewness,emg_peak,emg_median_freq,emg_mean_freq,emg_peak_freq,emg_total_power,emg_power_low,emg_power_mid,emg_power_high,class_name
48.3859691989976,23.702884819420397,4082.299130119236,30.09511133105108,464346.4971610037,18782.287032904213,24537.85412490341,13.103328177474598,1.6523100000291382,370.9023472801943,79.1417703715876,45.997216065188624,56.74984047833277,-71.59505684105505,-117.02755393428784,-32.946045872736704,22.287433365619943,Fatigue
