emg_rms,emg_mav,emg_variance,emg_std,emg_waveform_length,emg_zero_crossing,emg_ssc,emg_kurtosis,emg_skewness,emg_peak,emg_median_freq,emg_mean_freq,emg_peak_freq,emg_total_power,emg_power_low,emg_power_mid,emg_power_high,class_name
3.133029634502876,10.403764048530991,1131.957697602873,40.13572243166936,49368.12234407116,11487.009052730838,34261.223434832085,11.6827822713159,0.986580716130771,295.08286739508884,54.61596414827026,111.25737260991876,53.77827318825092,561.8852088114388,211.7283025148764,506.1359525733418,24.35706300210979,Fatigue
