emg_rms,emg_mav,emg_variance,emg_std,emg_waveform_length,emg_zero_crossing,emg_ssc,emg_kurtosis,emg_skewness,emg_peak,emg_median_freq,emg_mean_freq,emg_peak_freq,emg_total_power,emg_power_low,emg_power_mid,emg_power_high,class_name
78.88919980309288,9.611791988744963,-1879.5933117977893,28.514079954879097,596496.036012437,15529.342182991424,25853.094924053483,21.35023720361903,-0.0150745460229212,352.3426972416241,86.65417002097927,73.41101963594369,42.421065481265714,-378.08094726211226,182.70300407623623,437.27928441470567,14.749679707826433,Fatigue
