emg_rms,emg_mav,emg_variance,emg_std,emg_waveform_length,emg_zero_crossing,emg_ssc,emg_kurtosis,emg_skewness,emg_peak,emg_median_freq,emg_mean_freq,emg_peak_freq,emg_total_power,emg_power_low,emg_power_mid,emg_power_high,class_name
45.018075073123086,24.74479406849353,-168.26345135665883,58.08122013241024,277923.50537996687,11188.347496078524,29242.204711920927,11.853564887345795,-0.9035142938065904,285.85807579699394,66.75762686244515,78.9732793104026,61.38802410124347,301.62559746006946,316.5406397830593,431.00332294784255,16.81250928700011,Fatigue
