emg_rms,emg_mav,emg_variance,emg_std,emg_waveform_length,emg_zero_crossing,emg_ssc,emg_kurtosis,emg_skewness,emg_peak,emg_median_freq,emg_mean_freq,emg_peak_freq,emg_total_power,emg_power_low,emg_power_mid,emg_power_high,class_name
4.291127125651414,2.465037481002966,2100.548372757794,12.75563676802453,672689.4408432803,18095.792790978816,35124.32881560338,17.744236139761526,-0.5354530136876298,328.35209230899056,46.45593576169246,77.9370605938048,65.61159960628672,297.66625100775093,-46.480838960908926,496.657320301953,65.20804915848598,Fatigue
