emg_rms,emg_mav,emg_variance,emg_std,emg_waveform_length,emg_zero_crossing,emg_ssc,emg_kurtosis,emg_skewness,emg_peak,emg_median_freq,emg_mean_freq,emg_peak_freq,emg_total_power,emg_power_low,emg_power_mid,emg_power_high,class_name
74.23385710045429,19.61327191075408,2692.9831081980674,3.4890527214321523,250228.01743814512,10910.367600340143,33161.42070199806,18.4683187107318,2.0164403136076943,472.3682627391421,38.12529490255911,56.11051821532618,47.93950784580084,-247.96780149347404,299.1785432206559,754.6376180790663,-11.539480006737158,Fatigue
