emg_rms,emg_mav,emg_variance,emg_std,emg_waveform_length,emg_zero_crossing,emg_ssc,emg_kurtosis,emg_skewness,emg_peak,emg_median_freq,emg_mean_freq,emg_peak_freq,emg_total_power,emg_power_low,emg_power_mid,emg_power_high,class_name
43.51134338723456,15.46065344597945,5029.252537435894,28.57451553032433,774970.6773589354,12910.507573241788,25163.73729281026,9.184136250984851,0.2711463192948066,427.9439203667544,53.5609665341586,107.54738636547587,31.47499250922214,1548.993430007832,-270.5501100446902,-68.29050282959389,-0.7091319187817007,Fatigue
