emg_rms,emg_mav,emg_variance,emg_std,emg_waveform_length,emg_zero_crossing,emg_ssc,emg_kurtosis,emg_skewness,emg_peak,emg_median_freq,emg_mean_freq,emg_peak_freq,emg_total_power,emg_power_low,emg_power_mid,emg_power_high,class_name
11.874829276745396,14.837527203820098,2983.7490056648603,28.565129406197794,124137.41682509182,11517.232748119462,23396.85461783968,11.11227937231518,1.8678380023961685,424.1859515356172,56.10655174643824,79.63267976583299,62.40827174251814,515.89907250545,262.1458791034908,466.0065616409773,-7.62929434237769,Fatigue
