emg_rms,emg_mav,emg_variance,emg_std,emg_waveform_length,emg_zero_crossing,emg_ssc,emg_kurtosis,emg_skewness,emg_peak,emg_median_freq,emg_mean_freq,emg_peak_freq,emg_total_power,emg_power_low,emg_power_mid,emg_power_high,class_name
68.50979922164078,0.5203029234437082,559.559046102275,43.55555887066179,369771.8693645634,13944.948045672634,23061.16932073404,9.07311398300665,1.190104745421562,337.1068226933336,87.24506398705716,66.72593035933569,52.44816837118992,1302.256723793109,98.3106933835268,71.08068797894205,81.86053376387581,Fatigue
