emg_rms,emg_mav,emg_variance,emg_std,emg_waveform_length,emg_zero_crossing,emg_ssc,emg_kurtosis,emg_skewness,emg_peak,emg_median_freq,emg_mean_freq,emg_peak_freq,emg_total_power,emg_power_low,emg_power_mid,emg_power_high,class_name
21.386459884789424,22.569533456232225,5257.13870135298,4.802824105019536,127975.86455161154,14537.30579623534,27692.01274309872,10.940344878171777,0.2815109876446243,60.43907068678979,52.25123525420914,81.17470427339713,62.32826229433015,1325.8542094358315,88.53631673516936,-313.72281778600075,42.550429677141146,Fatigue
