emg_rms,emg_mav,emg_variance,emg_std,emg_waveform_length,emg_zero_crossing,emg_ssc,emg_kurtosis,emg_skewness,emg_peak,emg_median_freq,emg_mean_freq,emg_peak_freq,emg_total_power,emg_power_low,emg_power_mid,emg_power_high,class_name
51.57716711996088,5.826767031656008,434.4929546516682,3.1122403324795016,691246.1795990375,11827.842064832,33955.06714182209,7.832758063068688,0.4928086387786843,430.965518154424,75.72783055927374,107.324920643157,50.39722041631873,-269.01003818323414,396.7811850473099,54.59290866140816,17.064891035818523,Fatigue
