emg_rms,emg_mav,emg_variance,emg_std,emg_waveform_length,emg_zero_crossing,emg_ssc,emg_kurtosis,emg_skewness,emg_peak,emg_median_freq,emg_mean_freq,emg_peak_freq,emg_total_power,emg_power_low,emg_power_mid,emg_power_high,class_name
52.80253987396428,27.35283602700176,3880.922104011782,31.54668484706201,170384.86855130806,17671.937008731402,32826.06790136428,12.17643171664113,-0.7649619508364326,430.3816594518352,81.54185415985711,86.14110132444274,64.13202181317241,324.8817237468537,116.7310978034196,193.1973406922869,6.394649696198918,Fatigue
