emg_rms,emg_mav,emg_variance,emg_std,emg_waveform_length,emg_zero_crossing,emg_ssc,emg_kurtosis,emg_skewness,emg_peak,emg_median_freq,emg_mean_freq,emg_peak_freq,emg_total_power,emg_power_low,emg_power_mid,emg_power_high,class_name
22.622008059753263,13.404921633285245,9213.281981709655,42.718642766409815,396089.2266275285,15019.30743161092,31886.425301525716,7.52865259172972,-0.2570618670308399,215.6610668172655,55.86504622078805,85.43079667124543,78.40089914341928,674.0572110451657,44.66386368171506,-37.686677363293256,16.10906210804976,Fatigue
