emg_rms,emg_mav,emg_variance,emg_std,emg_waveform_length,emg_zero_crossing,emg_ssc,emg_kurtosis,emg_skewness,emg_peak,emg_median_freq,emg_mean_freq,emg_peak_freq,emg_total_power,emg_power_low,emg_power_mid,emg_power_high,class_name
39.83039617174522,6.559919338947667,916.8540926010828,41.54650526750648,739909.1483162057,13741.955963622955,29392.132689900955,11.147018334080528,-0.059384513772664,318.48095507002034,68.09543141161926,48.66811446689178,54.12240465696775,384.01840909506814,-69.95825457271553,557.7322943845764,27.48282633448101,Fatigue
