emg_rms,emg_mav,emg_variance,emg_std,emg_waveform_length,emg_zero_crossing,emg_ssc,emg_kurtosis,emg_skewness,emg_peak,emg_median_freq,emg_mean_freq,emg_peak_freq,emg_total_power,emg_power_low,emg_power_mid,emg_power_high,class_name
23.682166758546472,25.45688629945205,1374.8411305956265,53.18158790625083,274856.3480601868,10700.734147716144,29190.298533291752,15.303558366018612,-0.0236683396088578,352.42645565182363,54.739563720602895,66.49892452936157,43.59353441279613,809.7701635394449,-166.005451859819,554.8771021959876,-33.33325460532553,Fatigue
