emg_rms,emg_mav,emg_variance,emg_std,emg_waveform_length,emg_zero_crossing,emg_ssc,emg_kurtosis,emg_skewness,emg_peak,emg_median_freq,emg_mean_freq,emg_peak_freq,emg_total_power,emg_power_low,emg_power_mid,emg_power_high,class_name
-1.7228842399743982,29.07408466294693,3151.102725700658,33.713311774148735,123640.68595497636,19791.7132056871,27005.84771487936,10.143452908415284,-0.4764266372860087,321.43764357092755,50.46567081493215,78.08154595532794,73.15118077957003,447.657155211797,-62.754121832848654,-30.894206505178488,-34.98606492341102,Fatigue
