emg_rms,emg_mav,emg_variance,emg_std,emg_waveform_length,emg_zero_crossing,emg_ssc,emg_kurtosis,emg_skewness,emg_peak,emg_median_freq,emg_mean_freq,emg_peak_freq,emg_total_power,emg_power_low,emg_power_mid,emg_power_high,class_name
29.78932114239508,6.791398472950764,2024.8080979310223,63.86525955235656,606263.3728266844,16112.040531676852,32095.522835263957,8.267222876080076,1.0490643841546423,319.1395862209879,54.35928483389993,63.66041527763504,68.07475534630865,275.5320156644273,303.9787353336185,729.4869663257945,8.646997207287328,Fatigue
