emg_rms,emg_mav,emg_variance,emg_std,emg_waveform_length,emg_zero_crossing,emg_ssc,emg_kurtosis,emg_skewness,emg_peak,emg_median_freq,emg_mean_freq,emg_peak_freq,emg_total_power,emg_power_low,emg_power_mid,emg_power_high,class_name
35.024595588542944,9.918508895457164,-608.5135439653404,58.71590985141799,349851.9948116271,9393.647853158567,30788.823126345145,14.199198411064538,1.3073251567276272,340.59236477562524,62.47267678547331,89.67497132153923,69.90279207334086,-222.2069420931794,35.01737266218883,467.71309157240216,6.516745765055898,Fatigue
