emg_rms,emg_mav,emg_variance,emg_std,emg_waveform_length,emg_zero_crossing,emg_ssc,emg_kurtosis,emg_skewness,emg_peak,emg_median_freq,emg_mean_freq,emg_peak_freq,emg_total_power,emg_power_low,emg_power_mid,emg_power_high,class_name
52.33701096351233,-5.799545337094909,1645.9712577204043,21.173571529827207,359483.8928989528,12974.243051350262,27826.21610447137,13.07075749417559,0.3455221537043235,106.57706820975454,60.26361593550047,96.73470379869148,52.41194189272385,-17.36060708538031,257.3879296806668,120.74739495368456,-19.72647399174562,Fatigue
