emg_rms,emg_mav,emg_variance,emg_std,emg_waveform_length,emg_zero_crossing,emg_ssc,emg_kurtosis,emg_skewness,emg_peak,emg_median_freq,emg_mean_freq,emg_peak_freq,emg_total_power,emg_power_low,emg_power_mid,emg_power_high,class_name
45.96991051209868,9.441113062848526,1318.5420022657163,22.455450401856822,446897.0523147514,13857.139587864547,23503.67114832525,5.61951257597723,-1.159291330773215,407.93857807307904,68.82440188494924,82.03483278998931,61.021264344771645,115.03600092836513,-30.60729677969232,796.8057125782913,27.54214723061152,Fatigue
