emg_rms,emg_mav,emg_variance,emg_std,emg_waveform_length,emg_zero_crossing,emg_ssc,emg_kurtosis,emg_skewness,emg_peak,emg_median_freq,emg_mean_freq,emg_peak_freq,emg_total_power,emg_power_low,emg_power_mid,emg_power_high,class_name
76.20425676253336,8.449478490190478,5036.52030143281,26.219921634437792,120950.48710161942,15896.22166010899,27038.568418050105,14.568177648552693,-1.8675103718059023,220.69128772981372,76.36819265095077,64.15883839041909,74.47221840304518,465.562490049458,-65.7927435093008,266.5901638036469,18.31335803767209,Fatigue
