emg_rms,emg_mav,emg_variance,emg_std,emg_waveform_length,emg_zero_crossing,emg_ssc,emg_kurtosis,emg_skewness,emg_peak,emg_median_freq,emg_mean_freq,emg_peak_freq,emg_total_power,emg_power_low,emg_power_mid,emg_power_high,class_name
48.30851595326864,17.5241045484047,2702.961479710169,31.76691201324755,403372.2897745359,13810.214667360024,27201.60739504278,16.94702957519442,0.3034424142285583,178.62902209005733,46.49731625310589,74.48716042817779,44.58666253736087,-243.4971093774887,43.797172774815735,25.227456611384923,-20.95698978557064,Fatigue
