emg_rms,emg_mav,emg_variance,emg_std,emg_waveform_length,emg_zero_crossing,emg_ssc,emg_kurtosis,emg_skewness,emg_peak,emg_median_freq,emg_mean_freq,emg_peak_freq,emg_total_power,emg_power_low,emg_power_mid,emg_power_high,class_name
36.30584250097114,18.44435082250412,2930.3112604937423,24.113372335156026,850006.0460306135,19760.03975044913,30403.16687550496,14.964863428205256,2.160192424199811,369.421697352409,72.74787929303513,91.79250825571376,65.28341397515416,622.6477681420849,-65.13813543218347,133.50475506643744,6.84072279652244,Fatigue
