emg_rms,emg_mav,emg_variance,emg_std,emg_waveform_length,emg_zero_crossing,emg_ssc,emg_kurtosis,emg_skewness,emg_peak,emg_median_freq,emg_mean_freq,emg_peak_freq,emg_total_power,emg_power_low,emg_power_mid,emg_power_high,class_name
-0.723627032022911,3.2139888077319583,4286.570497916526,19.346854894070603,203225.76655313844,12654.999199622654,26673.20999711012,14.725462523565954,0.6821426022332949,279.0784455806327,65.47636560645212,76.21019255096387,69.98797734242068,1003.7981913295852,292.20517413007167,650.96709157819,24.4111469745332,Fatigue
