emg_rms,emg_mav,emg_variance,emg_std,emg_waveform_length,emg_zero_crossing,emg_ssc,emg_kurtosis,emg_skewness,emg_peak,emg_median_freq,emg_mean_freq,emg_peak_freq,emg_total_power,emg_power_low,emg_power_mid,emg_power_high,class_name
1.3952799099886375,15.31613469318645,3443.268443266876,56.677520522559945,312510.4913164691,17508.214585761867,26026.407893745774,14.696729183066903,-0.5545751339890835,294.0166464990594,71.27961684709622,108.00031138836457,59.5191134345457,444.1540001691821,558.3060318450141,451.4752281699239,10.072776598943893,Fatigue
