emg_rms,emg_mav,emg_variance,emg_std,emg_waveform_length,emg_zero_crossing,emg_ssc,emg_kurtosis,emg_skewness,emg_peak,emg_median_freq,emg_mean_freq,emg_peak_freq,emg_total_power,emg_power_low,emg_power_mid,emg_power_high,class_name
21.757863355573235,10.92090577360559,2080.359206091269,53.63155576458377,176853.61043205723,13956.102559114732,27956.61765281093,10.046347596348456,-0.3708326343998374,424.2350037120302,79.1698995638592,66.18301643841116,57.2587604688545,489.9027035894876,-198.31025296674693,116.67809452901338,-47.31112405916847,Fatigue
