emg_rms,emg_mav,emg_variance,emg_std,emg_waveform_length,emg_zero_crossing,emg_ssc,emg_kurtosis,emg_skewness,emg_peak,emg_median_freq,emg_mean_freq,emg_peak_freq,emg_total_power,emg_power_low,emg_power_mid,emg_power_high,class_name
66.54795646808962,25.187436212194,-1323.3035995328323,22.72261514412817,419969.7819894719,18152.58720039146,27064.567644305414,5.570020944882437,0.8548345228551361,326.31374141560747,46.77569172174196,100.2156861170696,72.90068142718177,654.6500992757899,-80.75454166940722,102.8351155647739,-19.49120674902233,Fatigue
