emg_rms,emg_mav,emg_variance,emg_std,emg_waveform_length,emg_zero_crossing,emg_ssc,emg_kurtosis,emg_skewness,emg_peak,emg_median_freq,emg_mean_freq,emg_peak_freq,emg_total_power,emg_power_low,emg_power_mid,emg_power_high,class_name
47.52814115804284,14.79097882876239,903.1639344590463,16.83223254349428,580707.9782243213,14372.497859683432,28240.26152914564,16.42616941623224,-0.0976929784801436,179.66510778123217,93.23592225060268,95.58785593578202,53.362433877215146,-901.128715696722,104.08023082275406,561.0485731221007,-15.096836184834526,Fatigue
