emg_rms,emg_mav,emg_variance,emg_std,emg_waveform_length,emg_zero_crossing,emg_ssc,emg_kurtosis,emg_skewness,emg_peak,emg_median_freq,emg_mean_freq,emg_peak_freq,emg_total_power,emg_power_low,emg_power_mid,emg_power_high,class_name
44.66315426656173,14.844517921007728,5451.359765773995,27.924734398258344,244482.16201425908,13587.095872893971,26479.560463210244,8.366574103757582,-0.3101386316545423,332.1656798593351,71.67610488434725,67.74203433543157,47.475132038832086,544.9408080024403,72.12397463003238,-165.3785007225864,-10.177045551222722,Fatigue
