emg_rms,emg_mav,emg_variance,emg_std,emg_waveform_length,emg_zero_crossing,emg_ssc,emg_kurtosis,emg_skewness,emg_peak,emg_median_freq,emg_mean_freq,emg_peak_freq,emg_total_power,emg_power_low,emg_power_mid,emg_power_high,class_name
-3.5476137546488005,18.261790109992663,1232.1779232612034,4.782338879867606,534411.0623859843,10255.876300756408,30611.083816354563,16.368973213004477,-1.2824087237921604,680.164675988379,47.38049835247598,89.9904276398329,63.22224103002802,777.3378423033755,94.12473314072037,-236.54825617605832,6.0437302903628165,Fatigue
