emg_rms,emg_mav,emg_variance,emg_std,emg_waveform_length,emg_zero_crossing,emg_ssc,emg_kurtosis,emg_skewness,emg_peak,emg_median_freq,emg_mean_freq,emg_peak_freq,emg_total_power,emg_power_low,emg_power_mid,emg_power_high,class_name
58.25348219439376,32.098941354869424,1826.3761497078317,30.225361115848877,567054.5888930497,12102.893783409649,28781.665053145614,13.75099981754954,-1.39405706230974,474.6182389262685,62.83873066260459,55.194409997258575,65.73682525047865,190.86088189230836,185.564316527211,797.4933222421639,35.09321961718828,Fatigue
