emg_rms,emg_mav,emg_variance,emg_std,emg_waveform_length,emg_zero_crossing,emg_ssc,emg_kurtosis,emg_skewness,emg_peak,emg_median_freq,emg_mean_freq,emg_peak_freq,emg_total_power,emg_power_low,emg_power_mid,emg_power_high,class_name
46.99717183441596,21.020732680468537,518.1804574498572,55.71783693767793,597112.2618966372,10919.675286913318,23992.135481882564,-0.191791166084025,0.415410412747092,331.11306276908937,61.02835151301812,69.20475787526573,51.913216241995926,-21.649773546530863,108.68645169450043,-262.40349186512844,12.59325365657056,Fatigue
