emg_rms,emg_mav,emg_variance,emg_std,emg_waveform_length,emg_zero_crossing,emg_ssc,emg_kurtosis,emg_skewness,emg_peak,emg_median_freq,emg_mean_freq,emg_peak_freq,emg_total_power,emg_power_low,emg_power_mid,emg_power_high,class_name
49.54980059999836,20.283533645745603,3553.3782932380345,28.540089805864323,684651.2413592575,14196.899159245128,23525.80675370982,13.05591403437751,0.9283218623784087,399.5153036518912,44.81176883867012,81.32698650855752,62.59621439960977,710.4626304993864,215.0283073650476,1057.4133455188066,48.07944301450983,Fatigue
