emg_rms,emg_mav,emg_variance,emg_std,emg_waveform_length,emg_zero_crossing,emg_ssc,emg_kurtosis,emg_skewness,emg_peak,emg_median_freq,emg_mean_freq,emg_peak_freq,emg_total_power,emg_power_low,emg_power_mid,emg_power_high,class_name
10.19650774608727,24.284093216372572,-782.7191902351042,26.955079999315515,874667.0146127203,14417.639824786822,35300.183607714585,15.41198103914503,-0.0132709572605066,412.6477499305671,55.53830111747774,89.15685056231725,66.44963180972931,387.36980490980665,346.27574996077624,739.9528414334509,16.661110177603046,Fatigue
