emg_rms,emg_mav,emg_variance,emg_std,emg_waveform_length,emg_zero_crossing,emg_ssc,emg_kurtosis,emg_skewness,emg_peak,emg_median_freq,emg_mean_freq,emg_peak_freq,emg_total_power,emg_power_low,emg_power_mid,emg_power_high,class_name
32.67862181514677,22.048100290754093,-63.12846577527603,65.21784768642891,558522.573735566,18296.42946576776,33821.01081819999,1.012224173559474,0.6914491262553147,453.298655656165,68.94523811265887,77.95041773068527,45.13489766404874,-82.88952007237748,258.3089510155204,108.56130889064136,30.65999366160929,Fatigue
