emg_rms,emg_mav,emg_variance,emg_std,emg_waveform_length,emg_zero_crossing,emg_ssc,emg_kurtosis,emg_skewness,emg_peak,emg_median_freq,emg_mean_freq,emg_peak_freq,emg_total_power,emg_power_low,emg_power_mid,emg_power_high,class_name
34.7514406672375,6.2305078996925385,-2865.756122387714,-12.182552948336948,345989.72000052914,9698.04882076818,23392.56068159602,11.042045265720994,0.6223106611264145,374.9208503037625,52.40487835586879,93.5669634674989,59.4879661209214,119.10626836391548,45.03950778616306,928.494459376663,48.699195522913,Fatigue
