emg_rms,emg_mav,emg_variance,emg_std,emg_waveform_length,emg_zero_crossing,emg_ssc,emg_kurtosis,emg_skewness,emg_peak,emg_median_freq,emg_mean_freq,emg_peak_freq,emg_total_power,emg_power_low,emg_power_mid,emg_power_high,class_name
45.961804015959785,7.025297570440623,6097.309381785479,0.2810589627175019,483461.69206977147,9651.56218545188,28827.874511825037,10.481282879269056,-0.4602843066619008,327.04018589901546,65.28306516622618,79.89513019941732,70.24367759407116,997.459588195062,8.493008875830242,769.6032950330958,70.63490962380443,Fatigue
