emg_rms,emg_mav,emg_variance,emg_std,emg_waveform_length,emg_zero_crossing,emg_ssc,emg_kurtosis,emg_skewness,emg_peak,emg_median_freq,emg_mean_freq,emg_peak_freq,emg_total_power,emg_power_low,emg_power_mid,emg_power_high,class_name
35.71570034928419,31.85863245959548,4077.41737629914,11.364329431725965,710056.8735602634,8152.34883149504,29415.88578817771,19.45239678719985,1.1070762587639986,330.9991638359794,64.09000716510639,68.10157346194151,57.68524098602989,-845.1375170180015,54.37619360859669,723.1006129344291,27.41206881698342,Fatigue
