emg_rms,emg_mav,emg_variance,emg_std,emg_waveform_length,emg_zero_crossing,emg_ssc,emg_kurtosis,emg_skewness,emg_peak,emg_median_freq,emg_mean_freq,emg_peak_freq,emg_total_power,emg_power_low,emg_power_mid,emg_power_high,class_name
29.333760966676497,18.759560856628703,-1931.6929130197605,51.61277051372598,485420.6080873845,14814.524897210396,25387.663766524696,16.4461809057295,-0.5705907421845401,388.3283232316811,68.39815223064733,86.55405877701854,51.29355526859965,308.5107413913676,178.15301329148005,1.8141909524107973,13.060228704969736,Fatigue
