emg_rms,emg_mav,emg_variance,emg_std,emg_waveform_length,emg_zero_crossing,emg_ssc,emg_kurtosis,emg_skewness,emg_peak,emg_median_freq,emg_mean_freq,emg_peak_freq,emg_total_power,emg_power_low,emg_power_mid,emg_power_high,class_name
47.73021637356933,10.22993982525061,3245.696551994909,43.42457408878239,547342.9131407816,12315.18356895668,28922.051727417704,2.8907381266118097,0.9068902462480436,194.3806606488954,67.50366418980552,66.31715638098544,58.88224675868689,187.23004965579247,381.1688048921909,465.7435610662661,9.187962664405688,Fatigue
