emg_rms,emg_mav,emg_variance,emg_std,emg_waveform_length,emg_zero_crossing,emg_ssc,emg_kurtosis,emg_skewness,emg_peak,emg_median_freq,emg_mean_freq,emg_peak_freq,emg_total_power,emg_power_low,emg_power_mid,emg_power_high,class_name
53.15936894622311,0.3828022264836228,3746.852822517311,69.24651851349498,42949.42273313087,20751.29891075901,32442.25054823138,13.791257347280483,-0.808029096900564,413.2839728481156,80.79535886584995,63.90725459475632,69.6815880406008,-698.1147498224491,177.67204929061108,-138.1277277284114,54.6568623710403,Fatigue
