emg_rms,emg_mav,emg_variance,emg_std,emg_waveform_length,emg_zero_crossing,emg_ssc,emg_kurtosis,emg_skewness,emg_peak,emg_median_freq,emg_mean_freq,emg_peak_freq,emg_total_power,emg_power_low,emg_power_mid,emg_power_high,class_name
39.02783987966337,22.35326517715775,2620.8282682492154,7.857154737688674,791544.5221953158,10795.919045413304,28456.871062619623,16.85885748976559,1.4569009036459335,313.271342390059,54.904957665538106,83.41781551563261,68.75499798757288,-387.1115945702239,-184.99207523907364,232.37409636044904,-4.332594751715682,Fatigue
