emg_rms,emg_mav,emg_variance,emg_std,emg_waveform_length,emg_zero_crossing,emg_ssc,emg_kurtosis,emg_skewness,emg_peak,emg_median_freq,emg_mean_freq,emg_peak_freq,emg_total_power,emg_power_low,emg_power_mid,emg_power_high,class_name
36.90773376479561,24.396224837064224,3883.0376362614015,45.607344526263,497284.3760826977,16722.876788111847,31806.963287234023,16.264504319722363,-0.4212137443308706,202.20658064069104,61.53296046928701,68.71332882772687,62.49572627835162,723.0021938654335,432.1766047412498,255.7958427255639,-36.35886859486477,Fatigue
