emg_rms,emg_mav,emg_variance,emg_std,emg_waveform_length,emg_zero_crossing,emg_ssc,emg_kurtosis,emg_skewness,emg_peak,emg_median_freq,emg_mean_freq,emg_peak_freq,emg_total_power,emg_power_low,emg_power_mid,emg_power_high,class_name
86.70790797985234,29.44179083480216,1012.404239115682,22.69179381548088,852107.4188605943,16964.024189072938,34805.52475471903,9.59194306825884,0.3027726119758732,268.44706366190763,36.006975918269404,75.66901386589257,23.67681867610063,220.7708865599124,66.05880654790839,-5.334476656339575,14.841746665827309,Fatigue
