emg_rms,emg_mav,emg_variance,emg_std,emg_waveform_length,emg_zero_crossing,emg_ssc,emg_kurtosis,emg_skewness,emg_peak,emg_median_freq,emg_mean_freq,emg_peak_freq,emg_total_power,emg_power_low,emg_power_mid,emg_power_high,class_name
17.980339425124026,13.75694158748762,3204.637687162116,33.298703818098325,587603.2422528572,8286.379376790794,27348.43643641481,9.311624013673883,-0.4712164551824065,315.9463063121119,62.58771223470767,86.06086345886006,56.13637914962997,269.6742630883665,-73.21100461779352,622.2964119303456,50.450036483653534,Fatigue
