emg_rms,emg_mav,emg_variance,emg_std,emg_waveform_length,emg_zero_crossing,emg_ssc,emg_kurtosis,emg_skewness,emg_peak,emg_median_freq,emg_mean_freq,emg_peak_freq,emg_total_power,emg_power_low,emg_power_mid,emg_power_high,class_name
41.64250447834764,19.13475858540339,1702.7422982399448,51.60020363483429,722532.4900634532,10519.446599628713,27082.30125042634,14.225408136882512,0.7518096465491679,429.2532487675518,79.23019465198865,49.44676634907428,50.344070449795154,713.5120405235921,113.78927929353604,1032.7086171806914,53.79490609335703,Fatigue
