emg_rms,emg_mav,emg_variance,emg_std,emg_waveform_length,emg_zero_crossing,emg_ssc,emg_kurtosis,emg_skewness,emg_peak,emg_median_freq,emg_mean_freq,emg_peak_freq,emg_total_power,emg_power_low,emg_power_mid,emg_power_high,class_name
24.086565099287316,18.998166405874294,2295.6845004254765,32.50036816220356,577668.8236933174,13078.381280395177,31047.15045359232,12.14946836480728,-0.7609417446026503,175.63384531065125,63.72514827018456,58.93239968553336,58.01134725173597,-451.20287488847424,-204.38034520211917,-104.06745359448688,18.47026026645201,Fatigue
