emg_rms,emg_mav,emg_variance,emg_std,emg_waveform_length,emg_zero_crossing,emg_ssc,emg_kurtosis,emg_skewness,emg_peak,emg_median_freq,emg_mean_freq,emg_peak_freq,emg_total_power,emg_power_low,emg_power_mid,emg_power_high,class_name
84.9315796385817,11.437501748480232,-365.7920533206952,44.41431327305874,495955.962695515,12708.562869671285,31622.10260007715,19.85570483120257,0.789428109822525,342.1361275810366,51.456084548979405,101.51577468432929,49.04223004305227,459.6063631351005,291.69017708537626,202.386061194333,22.898257781949827,Fatigue
