emg_rms,emg_mav,emg_variance,emg_std,emg_waveform_length,emg_zero_crossing,emg_ssc,emg_kurtosis,emg_skewness,emg_peak,emg_median_freq,emg_mean_freq,emg_peak_freq,emg_total_power,emg_power_low,emg_power_mid,emg_power_high,class_name
36.27117132192828,23.036567078837287,2628.6231753015004,42.12155443255944,531905.146862008,9649.943017082402,29894.651051644025,16.911654755599287,1.6475752089307958,275.5632121828674,80.34291787688055,84.38337683143756,55.632157496130894,-472.6203025367303,286.7270362786315,354.2407121778504,64.1363757127009,Fatigue
