emg_rms,emg_mav,emg_variance,emg_std,emg_waveform_length,emg_zero_crossing,emg_ssc,emg_kurtosis,emg_skewness,emg_peak,emg_median_freq,emg_mean_freq,emg_peak_freq,emg_total_power,emg_power_low,emg_power_mid,emg_power_high,class_name
9.439719501418312,24.566179937229485,3798.087207259289,36.60558137292232,434892.392552048,13753.503651672703,22722.362465130605,13.938698662696384,-1.90859847503003,297.62256336919233,66.30507228658647,79.18742922280744,69.4198081123085,270.4160767604344,108.5304055985725,175.43146468370531,16.683047328609348,Fatigue
