emg_rms,emg_mav,emg_variance,emg_std,emg_waveform_length,emg_zero_crossing,emg_ssc,emg_kurtosis,emg_skewness,emg_peak,emg_median_freq,emg_mean_freq,emg_peak_freq,emg_total_power,emg_power_low,emg_power_mid,emg_power_high,class_name
38.66381176213723,10.327645622809388,6363.426326447983,21.761631566395835,413171.12178187846,15589.40040479678,28086.54129427169,11.232171270809385,1.173303919505708,207.8110180904415,92.50623650273332,82.62907179435344,58.55714773716994,-241.14591295242388,48.69268895965504,313.339934518944,10.48290250809885,Fatigue
