emg_rms,emg_mav,emg_variance,emg_std,emg_waveform_length,emg_zero_crossing,emg_ssc,emg_kurtosis,emg_skewness,emg_peak,emg_median_freq,emg_mean_freq,emg_peak_freq,emg_total_power,emg_power_low,emg_power_mid,emg_power_high,class_name
34.02880513424843,17.039005732188265,-1795.8717827987552,6.368676290363236,478139.4751413657,21927.05139611855,25703.15375427149,5.63539441849252,0.2457780744977531,460.9263054981883,50.119756645626325,77.82823759678118,42.46348178879242,842.4820170188482,20.53168911096023,587.7990890183185,30.784366177669188,Fatigue
