emg_rms,emg_mav,emg_variance,emg_std,emg_waveform_length,emg_zero_crossing,emg_ssc,emg_kurtosis,emg_skewness,emg_peak,emg_median_freq,emg_mean_freq,emg_peak_freq,emg_total_power,emg_power_low,emg_power_mid,emg_power_high,class_name
-18.676372997756992,13.061400677166963,-459.2601795168598,-0.984575131603755,297766.2938143612,17067.678847216623,25826.274787094782,9.776975303859732,0.1191172469045444,220.83922031736185,88.50276285756594,95.50325445800696,51.61005081508405,924.7173910009576,293.07313556781986,246.98929647655305,-2.076632487413182,Fatigue
