emg_rms,emg_mav,emg_variance,emg_std,emg_waveform_length,emg_zero_crossing,emg_ssc,emg_kurtosis,emg_skewness,emg_peak,emg_median_freq,emg_mean_freq,emg_peak_freq,emg_total_power,emg_power_low,emg_power_mid,emg_power_high,class_name
38.688913885565725,-0.4475963447435163,1705.0295711991116,39.05958175460966,494671.0269920807,16391.280346205916,32400.35477014576,7.821670127899992,-0.1983789146947895,190.6351632949724,68.43202035650525,105.24607858067766,66.81265556936731,285.8438317658968,114.30812964630309,677.0775442835259,-6.484998428972613,Fatigue
