emg_rms,emg_mav,emg_variance,emg_std,emg_waveform_length,emg_zero_crossing,emg_ssc,emg_kurtosis,emg_skewness,emg_peak,emg_median_freq,emg_mean_freq,emg_peak_freq,emg_total_power,emg_power_low,emg_power_mid,emg_power_high,class_name
19.7432283242707,10.423697188877798,4024.701628759844,14.875539749756566,695214.0096849572,10536.919456336283,27156.225226072213,11.108975094904803,1.0553619582387856,215.21556827419863,69.71676155631752,108.18448565841048,85.62065267945334,1102.730320201016,399.45036574492025,472.1535236545346,19.864706324988266,Fatigue
