emg_rms,emg_mav,emg_variance,emg_std,emg_waveform_length,emg_zero_crossing,emg_ssc,emg_kurtosis,emg_skewness,emg_peak,emg_median_freq,emg_mean_freq,emg_peak_freq,emg_total_power,emg_power_low,emg_power_mid,emg_power_high,class_name
22.111190848342456,11.94842863300364,520.1057327113613,81.15003573943292,535917.6883943933,17622.85691918492,23434.99705747897,15.606876408039929,-0.2921948983920539,149.713782485911,87.13524671992373,75.23907014546994,33.50947194953277,-40.321418231212135,279.7413714273514,66.35879725463184,-15.100387997664026,Fatigue
