emg_rms,emg_mav,emg_variance,emg_std,emg_waveform_length,emg_zero_crossing,emg_ssc,emg_kurtosis,emg_skewness,emg_peak,emg_median_freq,emg_mean_freq,emg_peak_freq,emg_total_power,emg_power_low,emg_power_mid,emg_power_high,class_name
58.468050638203565,11.06919369361762,-94.24813309840806,34.833390158019455,542909.4225704556,10226.612594297689,27883.950009640164,12.662533020224688,1.8747585425564837,133.7056484933086,62.29301905243684,64.95324800042297,33.59909811275426,1195.570317585613,281.6400360776572,513.6413338425723,0.1576393745115805,Fatigue
