emg_rms,emg_mav,emg_variance,emg_std,emg_waveform_length,emg_zero_crossing,emg_ssc,emg_kurtosis,emg_skewness,emg_peak,emg_median_freq,emg_mean_freq,emg_peak_freq,emg_total_power,emg_power_low,emg_power_mid,emg_power_high,class_name
19.647557180851056,8.417159128539902,-407.3389336133114,43.40446376911975,364080.2219909631,13318.31539466222,25842.696612770604,11.52941398688597,0.0274616114504355,215.5683601457543,74.38195269928377,83.05850845281432,77.44601644322071,748.7976617580771,209.27036821534065,294.9750399043436,32.920760987006055,Fatigue
