emg_rms,emg_mav,emg_variance,emg_std,emg_waveform_length,emg_zero_crossing,emg_ssc,emg_kurtosis,emg_skewness,emg_peak,emg_median_freq,emg_mean_freq,emg_peak_freq,emg_total_power,emg_power_low,emg_power_mid,emg_power_high,class_name
35.02007269707875,9.96950941619849,3353.706438669908,-2.4412550214997566,566367.0343313373,7141.343927290015,23081.635362109875,5.981472507464741,0.9992695098484146,387.6185496122178,56.72493511256914,92.19159579682612,70.08530452729673,797.6409935289352,73.72908530345282,414.5026767088135,18.98808591818273,Fatigue
