emg_rms,emg_mav,emg_variance,emg_std,emg_waveform_length,emg_zero_crossing,emg_ssc,emg_kurtosis,emg_skewness,emg_peak,emg_median_freq,emg_mean_freq,emg_peak_freq,emg_total_power,emg_power_low,emg_power_mid,emg_power_high,class_name
6.215821566450302,17.550335310722552,3235.175737503984,23.820644625278327,341796.36295000446,10622.406761029672,33638.99231364817,3.4186936139392827,-0.3684416446874493,425.0601050288192,70.68930887849686,85.75117165502843,67.59459120907195,245.70170053698925,157.07314029784095,455.11265474039857,26.17344061526682,Fatigue
