emg_rms,emg_mav,emg_variance,emg_std,emg_waveform_length,emg_zero_crossing,emg_ssc,emg_kurtosis,emg_skewness,emg_peak,emg_median_freq,emg_mean_freq,emg_peak_freq,emg_total_power,emg_power_low,emg_power_mid,emg_power_high,class_name
39.85522139077508,16.35231246307189,926.8426306054794,3.769092619217545,414249.6715638082,9187.93001630428,35519.97737590938,4.516141286545243,-0.3425409574517384,164.920272903862,65.64095902476798,72.67354783875612,50.40004052295045,740.2632168189424,219.80503311539255,162.8037026763066,29.6134442118428,Fatigue
