emg_rms,emg_mav,emg_variance,emg_std,emg_waveform_length,emg_zero_crossing,emg_ssc,emg_kurtosis,emg_skewness,emg_peak,emg_median_freq,emg_mean_freq,emg_peak_freq,emg_total_power,emg_power_low,emg_power_mid,emg_power_high,class_name
16.8495041102597,15.400791735851008,2148.4494997444617,30.380814825268203,720037.1591366931,15476.786751619436,31966.66981369461,13.655811327808443,0.2125429539173463,373.5080665617685,72.09589984112695,64.41286631922961,84.13700649165457,1433.1030643358504,273.0546449402839,257.8005387824578,22.080225922338148,Fatigue
