emg_rms,emg_mav,emg_variance,emg_std,emg_waveform_length,emg_zero_crossing,emg_ssc,emg_kurtosis,emg_skewness,emg_peak,emg_median_freq,emg_mean_freq,emg_peak_freq,emg_total_power,emg_power_low,emg_power_mid,emg_power_high,class_name
10.85481515454999,17.099420719292688,2601.325512723131,41.74874918598353,-87929.73318086326,8731.316344875195,31438.47193586149,15.038330527297996,-1.294749436449969,349.14524930795403,106.7591657258308,68.68151196543612,55.41510647423847,-215.78485007120656,164.01665239168136,559.1938740592343,-7.923952864578794,Fatigue
