emg_rms,emg_mav,emg_variance,emg_std,emg_waveform_length,emg_zero_crossing,emg_ssc,emg_kurtosis,emg_skewness,emg_peak,emg_median_freq,emg_mean_freq,emg_peak_freq,emg_total_power,emg_power_low,emg_power_mid,emg_power_high,class_name
39.84062373758388,24.852088816577,-744.9836656842267,54.3920735413199,558623.2008775184,8626.049239301201,32525.31387567783,10.156120683688522,-0.1585451148160039,223.58941230366523,65.1181419634858,75.26064944748323,36.2997241346834,722.4206167089296,411.57804902265485,-74.9250905004568,48.82871382208692,Fatigue
