emg_rms,emg_mav,emg_variance,emg_std,emg_waveform_length,emg_zero_crossing,emg_ssc,emg_kurtosis,emg_skewness,emg_peak,emg_median_freq,emg_mean_freq,emg_peak_freq,emg_total_power,emg_power_low,emg_power_mid,emg_power_high,class_name
15.318598051756332,18.014135909273953,-160.633964863272,39.571237768775184,103969.93985346332,16785.96585944277,30460.59893109001,3.702850695768245,-0.6468296598154298,344.53300793851434,72.90096344993732,98.84009530752051,56.110541660487904,318.1212186234423,119.06809693175776,701.116199081267,6.191261744672282,Fatigue
