emg_rms,emg_mav,emg_variance,emg_std,emg_waveform_length,emg_zero_crossing,emg_ssc,emg_kurtosis,emg_skewness,emg_peak,emg_median_freq,emg_mean_freq,emg_peak_freq,emg_total_power,emg_power_low,emg_power_mid,emg_power_high,class_name
46.13752401711161,4.517206780677263,1588.1375296113702,9.421366362675716,720600.6641373945,11871.1751503755,26157.66565295757,5.503599026189677,0.7224564997816458,-41.19052155510053,61.228144879299975,33.10308734408775,61.416047838615896,522.3209246328423,265.4455613835162,931.5137493898562,19.43755447192109,Fatigue
