emg_rms,emg_mav,emg_variance,emg_std,emg_waveform_length,emg_zero_crossing,emg_ssc,emg_kurtosis,emg_skewness,emg_peak,emg_median_freq,emg_mean_freq,emg_peak_freq,emg_total_power,emg_power_low,emg_power_mid,emg_power_high,class_name
41.06951252659909,12.18660647706282,3386.768440501446,31.892459079020625,445350.34949792025,8027.686335653876,34140.46231016888,13.766021178725458,-0.7517406668645864,349.0483193656916,48.34727683488503,111.59193808775755,46.0534664239378,-103.2415351698283,99.49505418918224,64.34518602213939,22.059775870629306,Fatigue
