emg_rms,emg_mav,emg_variance,emg_std,emg_waveform_length,emg_zero_crossing,emg_ssc,emg_kurtosis,emg_skewness,emg_peak,emg_median_freq,emg_mean_freq,emg_peak_freq,emg_total_power,emg_power_low,emg_power_mid,emg_power_high,class_name
35.157865505609635,15.123205602871495,1017.142373287728,50.91726671783471,99919.08338107407,20124.598316342137,31684.41270998673,13.384213888448812,1.6361130753633923,288.85823048630147,84.72383349209542,117.60128580144178,75.39013768224146,845.6705581181727,153.8726520625667,390.3329297725306,-3.788180786100288,Fatigue
