emg_rms,emg_mav,emg_variance,emg_std,emg_waveform_length,emg_zero_crossing,emg_ssc,emg_kurtosis,emg_skewness,emg_peak,emg_median_freq,emg_mean_freq,emg_peak_freq,emg_total_power,emg_power_low,emg_power_mid,emg_power_high,class_name
-4.082125777576628,15.21521940776202,1694.1353538981973,29.008847192766154,338104.61133706523,13801.759088636603,31222.751282131278,12.656357997100551,-0.0586278088520747,409.56906663666126,80.44833100980277,71.16237246368225,68.90566568810038,83.54085285117435,150.35451233260835,-445.20662346782615,24.55676024774484,Fatigue
