emg_rms,emg_mav,emg_variance,emg_std,emg_waveform_length,emg_zero_crossing,emg_ssc,emg_kurtosis,emg_skewness,emg_peak,emg_median_freq,emg_mean_freq,emg_peak_freq,emg_total_power,emg_power_low,emg_power_mid,emg_power_high,class_name
26.27612228991019,16.260165514141235,1854.402626685447,32.96800312179155,657215.3836293485,10472.676626613336,21662.6922945851,16.833123169412744,1.4794074508576809,393.9784100875456,74.99405918473765,77.62683048979268,74.93332137732675,170.03242827381445,183.30131196748056,-170.81374357488414,-9.379986265144606,Fatigue
