emg_rms,emg_mav,emg_variance,emg_std,emg_waveform_length,emg_zero_crossing,emg_ssc,emg_kurtosis,emg_skewness,emg_peak,emg_median_freq,emg_mean_freq,emg_peak_freq,emg_total_power,emg_power_low,emg_power_mid,emg_power_high,class_name
57.95159563463439,8.584751704359265,1995.679548396792,19.050598295477368,231584.35133792547,22270.02259639549,29714.87610627637,10.100959297057146,0.6778571823678925,161.42650169228142,58.94204659670789,65.05500722019086,63.00526622699251,884.491509297515,329.8701069245019,404.6465766920154,56.8597471183037,Fatigue
