emg_rms,emg_mav,emg_variance,emg_std,emg_waveform_length,emg_zero_crossing,emg_ssc,emg_kurtosis,emg_skewness,emg_peak,emg_median_freq,emg_mean_freq,emg_peak_freq,emg_total_power,emg_power_low,emg_power_mid,emg_power_high,class_name
35.809859217080934,34.30465909736846,1065.2522225801706,53.17283714094401,391008.1778190029,8911.701310108801,27061.41359643404,8.481500168503421,-0.2381053053096501,83.75165351932705,57.70584417453468,84.17745430618335,63.64291220404069,1052.5125873592965,50.85496556951615,-26.305610258993735,-39.33902514144317,Fatigue
