emg_rms,emg_mav,emg_variance,emg_std,emg_waveform_length,emg_zero_crossing,emg_ssc,emg_kurtosis,emg_skewness,emg_peak,emg_median_freq,emg_mean_freq,emg_peak_freq,emg_total_power,emg_power_low,emg_power_mid,emg_power_high,class_name
44.81071682218324,33.055731579685755,1806.684030441024,25.44471786206707,725428.9393372252,12238.12245361857,34604.56985821262,13.962528523808256,-1.8109852814755767,128.55334050385844,48.89622293330629,79.88181471866848,62.71735097478983,317.7767379770286,-88.15001029832038,339.1937006415584,-7.9843612979340435,Fatigue
