emg_rms,emg_mav,emg_variance,emg_std,emg_waveform_length,emg_zero_crossing,emg_ssc,emg_kurtosis,emg_skewness,emg_peak,emg_median_freq,emg_mean_freq,emg_peak_freq,emg_total_power,emg_power_low,emg_power_mid,emg_power_high,class_name
22.80676990974977,14.137979567024772,2188.3631878892324,65.30574987766552,852304.1552733174,15089.992788088835,29812.50360369068,11.17518758908318,1.510852802484472,184.08183358910588,61.8878456037428,64.83346647847009,74.52733389702352,622.6293506188382,346.1902729353994,1046.6911774569537,41.64263307329303,Fatigue
