emg_rms,emg_mav,emg_variance,emg_std,emg_waveform_length,emg_zero_crossing,emg_ssc,emg_kurtosis,emg_skewness,emg_peak,emg_median_freq,emg_mean_freq,emg_peak_freq,emg_total_power,emg_power_low,emg_power_mid,emg_power_high,class_name
37.31008131376238,35.14503069181264,1206.9715374695002,20.653506797216508,756062.4155269605,21884.79087080617,26147.263772334667,14.932512871986258,-0.7343787910632111,343.04750952355494,48.65993646033982,73.28409049420287,41.49680678414038,665.278694340989,125.73590745233844,-169.3279363226444,45.203837820134325,Fatigue
