emg_rms,emg_mav,emg_variance,emg_std,emg_waveform_length,emg_zero_crossing,emg_ssc,emg_kurtosis,emg_skewness,emg_peak,emg_median_freq,emg_mean_freq,emg_peak_freq,emg_total_power,emg_power_low,emg_power_mid,emg_power_high,class_name
30.194378604135053,13.841177669507331,-2770.4552129354006,51.51897627382685,694584.754611585,8928.960061212623,31680.21399524021,6.28519849371573,1.0308112111232277,173.4545054363674,40.226424718221054,82.82629478525635,76.36915638889923,1109.7713935049806,146.5526899619184,181.0565391813348,11.971622500959208,Fatigue
