emg_rms,emg_mav,emg_variance,emg_std,emg_waveform_length,emg_zero_crossing,emg_ssc,emg_kurtosis,emg_skewness,emg_peak,emg_median_freq,emg_mean_freq,emg_peak_freq,emg_total_power,emg_power_low,emg_power_mid,emg_power_high,class_name
6.124648055911901,13.160903101475656,4559.232569431699,29.446232624662745,456122.399120868,13725.91501908892,30189.251638350204,13.115620434502985,-1.1731567599124315,287.2801584548486,68.22543558045693,100.85970058279788,73.29713454082122,1297.4973938069336,-96.442593104611,-500.3348827558213,53.54958916445697,Fatigue
