emg_rms,emg_mav,emg_variance,emg_std,emg_waveform_length,emg_zero_crossing,emg_ssc,emg_kurtosis,emg_skewness,emg_peak,emg_median_freq,emg_mean_freq,emg_peak_freq,emg_total_power,emg_power_low,emg_power_mid,emg_power_high,class_name
19.60541703472661,20.425362733463388,3224.967330362746,36.721395204363525,261187.4470100025,15392.18866030958,26262.50511432065,13.83884458834756,0.1243923707738219,670.4524323783762,48.46281342104801,119.74038174797462,43.883199285376136,526.4060486426554,303.7089190368522,1011.2866280885448,-26.940213023096668,Fatigue
