emg_rms,emg_mav,emg_variance,emg_std,emg_waveform_length,emg_zero_crossing,emg_ssc,emg_kurtosis,emg_skewness,emg_peak,emg_median_freq,emg_mean_freq,emg_peak_freq,emg_total_power,emg_power_low,emg_power_mid,emg_power_high,class_name
22.36862049322804,11.512452731589164,-1717.8904213607784,23.605387042406548,478895.38986233046,14948.030193129269,30289.967001218265,18.32544327586148,-0.0557735083172537,281.0098822952496,53.15533271204664,62.35358768047013,52.55936550885271,781.1175891757425,-4.897475745224028,387.7928085515039,34.570676466,Fatigue
