emg_rms,emg_mav,emg_variance,emg_std,emg_waveform_length,emg_zero_crossing,emg_ssc,emg_kurtosis,emg_skewness,emg_peak,emg_median_freq,emg_mean_freq,emg_peak_freq,emg_total_power,emg_power_low,emg_power_mid,emg_power_high,class_name
29.51812653712944,9.587550158787904,-1249.347800098349,12.137312042294532,469269.8012762804,10799.857634729791,28357.18237891667,9.27364441372275,-0.7926166126565534,97.98575188768888,58.92249806287227,81.61885066741245,62.10177811708956,893.9007154358201,203.7337713016216,733.5069977986706,25.65200892796625,Fatigue
