emg_rms,emg_mav,emg_variance,emg_std,emg_waveform_length,emg_zero_crossing,emg_ssc,emg_kurtosis,emg_skewness,emg_peak,emg_median_freq,emg_mean_freq,emg_peak_freq,emg_total_power,emg_power_low,emg_power_mid,emg_power_high,class_name
62.42346068005847,19.50784630715737,-766.4564169771211,29.220767882250303,466316.5513503258,8038.517064096149,27990.180076928074,8.117185067345797,-1.9547508208042488,298.0288083907232,75.60142627052758,75.25209058772697,51.58167935359823,-129.01738276315376,64.88019462238037,804.4724352002038,-6.739341074114119,Fatigue
