emg_rms,emg_mav,emg_variance,emg_std,emg_waveform_length,emg_zero_crossing,emg_ssc,emg_kurtosis,emg_skewness,emg_peak,emg_median_freq,emg_mean_freq,emg_peak_freq,emg_total_power,emg_power_low,emg_power_mid,emg_power_high,class_name
41.16434127696137,15.623265629826411,4154.761564863178,32.81122807358549,354072.90904601733,12930.444088621294,32541.45829994573,17.671714391176888,0.5386016381949992,488.5065300503533,38.30426117515425,100.2661543100889,45.989887096573305,770.1603787489161,292.0863076318791,366.4903889083772,34.917954051376825,Fatigue
