emg_rms,emg_mav,emg_variance,emg_std,emg_waveform_length,emg_zero_crossing,emg_ssc,emg_kurtosis,emg_skewness,emg_peak,emg_median_freq,emg_mean_freq,emg_peak_freq,emg_total_power,emg_power_low,emg_power_mid,emg_power_high,class_name
40.75949279195153,20.160539256337884,1399.025962799053,39.805107162212046,407670.8996551447,17822.046296173634,31086.369030245376,11.932021843110798,1.0212642236531908,336.8345516965414,64.15829029239818,80.24983056377727,52.26649326627159,595.3106556355351,66.21194093653811,365.9057622467359,40.87444781494858,Fatigue
