emg_rms,emg_mav,emg_variance,emg_std,emg_waveform_length,emg_zero_crossing,emg_ssc,emg_kurtosis,emg_skewness,emg_peak,emg_median_freq,emg_mean_freq,emg_peak_freq,emg_total_power,emg_power_low,emg_power_mid,emg_power_high,class_name
71.33929890410083,21.29026040099454,2348.281163081732,29.874186590074245,616863.8593010085,17254.83412210799,29918.840851851204,10.198878607966671,1.0418593137794532,344.1576861095582,65.82638373590316,57.02319356139063,70.25954486296901,56.59363378044208,92.12387499770966,348.86115565668763,13.819049637607767,Fatigue
