emg_rms,emg_mav,emg_variance,emg_std,emg_waveform_length,emg_zero_crossing,emg_ssc,emg_kurtosis,emg_skewness,emg_peak,emg_median_freq,emg_mean_freq,emg_peak_freq,emg_total_power,emg_power_low,emg_power_mid,emg_power_high,class_name
68.66710733400708,2.702064191928292,-658.5267647408109,56.60341866653764,346372.3643295923,17979.102374123704,27635.057619527288,4.346089003929621,0.1203280085260176,159.76120875844816,59.35921492177963,94.06015382334093,48.70207013530067,716.8738686921861,267.8380336276876,-126.92928545115018,-1.4377793572112516,Fatigue
