emg_rms,emg_mav,emg_variance,emg_std,emg_waveform_length,emg_zero_crossing,emg_ssc,emg_kurtosis,emg_skewness,emg_peak,emg_median_freq,emg_mean_freq,emg_peak_freq,emg_total_power,emg_power_low,emg_power_mid,emg_power_high,class_name
79.69575813005125,15.459620695229336,1028.5428610266358,41.63477173201747,753382.5959369424,18885.389028018504,32013.071052655858,13.228527986612669,1.930117579309366,452.0350337907797,61.37261798674267,88.11747207200273,58.899318056751305,1226.5119092468997,170.45540773274217,613.3615096736224,-25.396533068798192,Fatigue
