emg_rms,emg_mav,emg_variance,emg_std,emg_waveform_length,emg_zero_crossing,emg_ssc,emg_kurtosis,emg_skewness,emg_peak,emg_median_freq,emg_mean_freq,emg_peak_freq,emg_total_power,emg_power_low,emg_power_mid,emg_power_high,class_name
-8.369482546145825,20.933805912389044,-1247.862606683883,47.6721677820601,603618.6481068613,3396.497452645741,32719.995087293453,12.452902722682564,-0.8653474363045969,299.43105399204546,76.15391032302858,92.78035895034508,42.14505270234186,491.64318492706286,230.7824479087872,636.5562264464302,-5.084638867530799,Fatigue
