emg_rms,emg_mav,emg_variance,emg_std,emg_waveform_length,emg_zero_crossing,emg_ssc,emg_kurtosis,emg_skewness,emg_peak,emg_median_freq,emg_mean_freq,emg_peak_freq,emg_total_power,emg_power_low,emg_power_mid,emg_power_high,class_name
24.346995852604987,14.085182534901616,-954.1439642088108,54.3233320395227,320272.9898917871,14347.420580118973,29263.361209499813,8.291769104215206,1.1332748932168526,370.2334618329809,51.8483752964855,68.04891336341524,63.39039555876399,573.1434422849128,35.24550528930162,195.6741455801124,-4.377038196030288,Fatigue
