emg_rms,emg_mav,emg_variance,emg_std,emg_waveform_length,emg_zero_crossing,emg_ssc,emg_kurtosis,emg_skewness,emg_peak,emg_median_freq,emg_mean_freq,emg_peak_freq,emg_total_power,emg_power_low,emg_power_mid,emg_power_high,class_name
-2.0268379631760496,15.382098510626296,2045.2278314615603,69.77070738577169,719799.9283889262,15270.23467156352,21677.82996242455,16.63215788860129,1.074222615763254,252.9236692949529,59.5380849424799,107.75573403559969,48.52341578049827,741.7433187796225,36.608565115025854,48.60510583415157,19.8497173380154,Fatigue
