emg_rms,emg_mav,emg_variance,emg_std,emg_waveform_length,emg_zero_crossing,emg_ssc,emg_kurtosis,emg_skewness,emg_peak,emg_median_freq,emg_mean_freq,emg_peak_freq,emg_total_power,emg_power_low,emg_power_mid,emg_power_high,class_name
39.61776779489311,13.71904951326064,792.3709599920198,31.874790445961896,248254.18344723625,12845.999196044228,29972.37616696296,9.625386112887703,-0.676213502150954,173.32624270246856,41.8449066793439,83.7870463881576,68.43281221456076,465.0155312499656,172.27769418056957,862.6790542068187,28.506283555051063,Fatigue
