emg_rms,emg_mav,emg_variance,emg_std,emg_waveform_length,emg_zero_crossing,emg_ssc,emg_kurtosis,emg_skewness,emg_peak,emg_median_freq,emg_mean_freq,emg_peak_freq,emg_total_power,emg_power_low,emg_power_mid,emg_power_high,class_name
42.3242537403252,15.379326789797998,-2119.430491750886,26.615540395806377,471975.5360615998,14857.508410641089,27635.793815822337,8.152371274268651,0.2443147437109107,244.56948211351173,83.8155978547746,94.22524402302489,63.914687364254455,-960.2816592913111,287.0930298615284,-161.28255767956642,25.439909708723256,Fatigue
