emg_rms,emg_mav,emg_variance,emg_std,emg_waveform_length,emg_zero_crossing,emg_ssc,emg_kurtosis,emg_skewness,emg_peak,emg_median_freq,emg_mean_freq,emg_peak_freq,emg_total_power,emg_power_low,emg_power_mid,emg_power_high,class_name
12.742903201951217,18.63970270671088,3568.497103924099,77.79093908084107,518080.9267751316,13515.682836391072,29366.741856764893,-1.1771511573525952,1.0887462778683703,180.60556237262455,79.4191389295392,83.54812328907376,76.9088311267799,271.33623439069186,-276.69003179059644,-201.01311804590705,31.39503754150118,Fatigue
