emg_rms,emg_mav,emg_variance,emg_std,emg_waveform_length,emg_zero_crossing,emg_ssc,emg_kurtosis,emg_skewness,emg_peak,emg_median_freq,emg_mean_freq,emg_peak_freq,emg_total_power,emg_power_low,emg_power_mid,emg_power_high,class_name
59.68278067531735,23.583780401838165,1056.1571853779012,28.52056291360112,444527.9438965677,11618.60440552912,25112.810980678165,23.68644824500339,0.762669915230646,375.5288861329104,72.61919144938405,84.1594574106931,65.43568338770233,359.9386037898036,-54.43587038200124,461.5868361937934,51.341019432641936,Fatigue
