emg_rms,emg_mav,emg_variance,emg_std,emg_waveform_length,emg_zero_crossing,emg_ssc,emg_kurtosis,emg_skewness,emg_peak,emg_median_freq,emg_mean_freq,emg_peak_freq,emg_total_power,emg_power_low,emg_power_mid,emg_power_high,class_name
40.06449455153693,30.56190322491466,317.7796663361537,0.5791487897357896,86349.95120612025,11340.459501665033,26484.194698151918,10.488706585267693,-1.23168917370709,228.36236394713583,73.23571241142388,80.32923335802442,43.67766430117937,438.0280359924921,-43.095071740440375,290.48627723645086,5.734939382319377,Fatigue
