emg_rms,emg_mav,emg_variance,emg_std,emg_waveform_length,emg_zero_crossing,emg_ssc,emg_kurtosis,emg_skewness,emg_peak,emg_median_freq,emg_mean_freq,emg_peak_freq,emg_total_power,emg_power_low,emg_power_mid,emg_power_high,class_name
34.24202368121662,22.73252221774442,2579.5818257404994,27.880506273135623,617535.178871715,10897.787440561266,31821.420154985437,16.871183818328014,1.0075471337357755,333.6505367682013,69.0818881802176,118.46029214273852,72.86968964761186,482.10937721606905,193.97165302975984,189.5625049146533,2.753515850375328,Fatigue
