emg_rms,emg_mav,emg_variance,emg_std,emg_waveform_length,emg_zero_crossing,emg_ssc,emg_kurtosis,emg_skewness,emg_peak,emg_median_freq,emg_mean_freq,emg_peak_freq,emg_total_power,emg_power_low,emg_power_mid,emg_power_high,class_name
29.893678881133923,23.416083984721634,3167.011442600008,50.37152461136394,402740.30843574606,12517.284288191817,28974.46616379495,11.653088408288223,-0.3889993581223031,268.8857965085373,63.5264414401446,89.05284290876081,52.92125007909312,899.9675717610535,192.16949443406537,401.7415961838318,29.294483076003267,Fatigue
