emg_rms,emg_mav,emg_variance,emg_std,emg_waveform_length,emg_zero_crossing,emg_ssc,emg_kurtosis,emg_skewness,emg_peak,emg_median_freq,emg_mean_freq,emg_peak_freq,emg_total_power,emg_power_low,emg_power_mid,emg_power_high,class_name
29.03816142020854,-0.6435427387909911,1193.6482539040248,44.21872928360464,105609.41807769435,15385.93367701508,28335.80912757273,13.62716149739508,1.2678560752995751,313.82465618263035,71.57371208238067,74.03374113269247,66.7887767848074,1398.9913364198171,143.0341203216048,564.0897969428818,-25.19399207277211,Fatigue
