emg_rms,emg_mav,emg_variance,emg_std,emg_waveform_length,emg_zero_crossing,emg_ssc,emg_kurtosis,emg_skewness,emg_peak,emg_median_freq,emg_mean_freq,emg_peak_freq,emg_total_power,emg_power_low,emg_power_mid,emg_power_high,class_name
10.870040548757522,17.089354615831198,195.66368066297423,57.58170179068244,324120.0343182676,6920.320626648565,36490.17451847164,18.02739548601472,-0.5740114955112916,346.23312055834606,81.30131580661333,78.07966124570154,49.49011825438445,186.3768461003237,265.6334417823607,1358.6550650383374,11.90185020249629,Fatigue
