emg_rms,emg_mav,emg_variance,emg_std,emg_waveform_length,emg_zero_crossing,emg_ssc,emg_kurtosis,emg_skewness,emg_peak,emg_median_freq,emg_mean_freq,emg_peak_freq,emg_total_power,emg_power_low,emg_power_mid,emg_power_high,class_name
8.97410455883221,9.41936865456615,902.9228901412072,-5.437995320071948,252524.53266149847,20706.10077381696,36306.818732856846,14.397379410157958,-2.098019703096902,622.4119117766458,55.2943955879367,78.7392096374449,57.702544323606666,900.5356650563501,-0.5561967779310635,-19.13313504605549,15.242057335913902,Fatigue
