emg_rms,emg_mav,emg_variance,emg_std,emg_waveform_length,emg_zero_crossing,emg_ssc,emg_kurtosis,emg_skewness,emg_peak,emg_median_freq,emg_mean_freq,emg_peak_freq,emg_total_power,emg_power_low,emg_power_mid,emg_power_high,class_name
11.786831806767058,30.143800529174428,-1275.761421250916,73.56487728343343,298928.1798988726,8386.922362592315,29074.635126388308,13.96858753938381,-0.3969258638828105,534.9090676785129,59.34463712858157,112.76811884329302,40.6684067854642,110.45997124474388,42.16419708616653,774.6644127861879,43.55137107705627,Fatigue
