emg_rms,emg_mav,emg_variance,emg_std,emg_waveform_length,emg_zero_crossing,emg_ssc,emg_kurtosis,emg_skewness,emg_peak,emg_median_freq,emg_mean_freq,emg_peak_freq,emg_total_power,emg_power_low,emg_power_mid,emg_power_high,class_name
33.23108451624742,18.431075514097916,3474.164000462481,23.209144968090687,542547.2866078898,15099.472343225174,33733.61233200926,12.76770338386422,-0.4105141947973997,391.4185006234032,52.09746683903028,74.3467282666842,47.575315995333405,652.9046918315954,54.18489351698474,255.7674097641448,47.79382094061209,Fatigue
