emg_rms,emg_mav,emg_variance,emg_std,emg_waveform_length,emg_zero_crossing,emg_ssc,emg_kurtosis,emg_skewness,emg_peak,emg_median_freq,emg_mean_freq,emg_peak_freq,emg_total_power,emg_power_low,emg_power_mid,emg_power_high,class_name
13.059580794071184,14.849310826278836,163.9482800292651,8.607625018056819,418908.9711723039,15456.763827989724,29109.44927793533,7.419497944921047,0.1040108323035465,256.4523030806104,67.83782211540354,50.54074700755797,47.976261306827205,808.2363386204404,61.58034380387859,401.7668812848417,5.309186008027487,Fatigue
