emg_rms,emg_mav,emg_variance,emg_std,emg_waveform_length,emg_zero_crossing,emg_ssc,emg_kurtosis,emg_skewness,emg_peak,emg_median_freq,emg_mean_freq,emg_peak_freq,emg_total_power,emg_power_low,emg_power_mid,emg_power_high,class_name
38.4554383205481,27.25506120862775,1773.5365800002571,42.9032972405208,287083.07849452464,15047.00790285407,28082.33728832713,15.075027398645812,1.895062135159122,408.12013481361913,97.3009330863479,97.28246241815484,62.95215279791076,118.71103693499236,418.29136909970725,612.9882545826545,-22.542164317458703,Fatigue
