emg_rms,emg_mav,emg_variance,emg_std,emg_waveform_length,emg_zero_crossing,emg_ssc,emg_kurtosis,emg_skewness,emg_peak,emg_median_freq,emg_mean_freq,emg_peak_freq,emg_total_power,emg_power_low,emg_power_mid,emg_power_high,class_name
38.8811609356696,25.65742451926662,2088.4634600403765,19.040369892621268,86494.70294541103,20924.64168124474,27238.898062938435,1.9851490033464163,-0.839761516663818,213.7674517224085,39.34704546119119,83.42833930530836,70.43522376939032,-456.2837937495353,216.7202806491557,-339.4726804550079,31.327380421787023,Fatigue
