emg_rms,emg_mav,emg_variance,emg_std,emg_waveform_length,emg_zero_crossing,emg_ssc,emg_kurtosis,emg_skewness,emg_peak,emg_median_freq,emg_mean_freq,emg_peak_freq,emg_total_power,emg_power_low,emg_power_mid,emg_power_high,class_name
40.20697540110443,26.73612728384124,-3087.160994108406,4.662770240102542,223682.62096697808,13508.445967443176,22443.14953090014,8.198870238928897,-2.026333515609817,355.2396224290193,53.573242619082265,58.54000493518284,44.23197353509236,1202.6461802768051,331.7982073830766,268.08738928672926,22.492240444653188,Fatigue
