emg_rms,emg_mav,emg_variance,emg_std,emg_waveform_length,emg_zero_crossing,emg_ssc,emg_kurtosis,emg_skewness,emg_peak,emg_median_freq,emg_mean_freq,emg_peak_freq,emg_total_power,emg_power_low,emg_power_mid,emg_power_high,class_name
-2.999726631456987,17.114936198916492,1765.2756143703164,10.210341275927988,336756.27573936747,17848.65066133251,31859.858476044206,13.89364011449211,-1.7062395143595157,249.29016518762955,87.4868158322343,79.12780731261635,51.05003896381955,-156.79124446692805,264.37853505909163,463.7218474734818,-0.1430854422946286,Fatigue
