emg_rms,emg_mav,emg_variance,emg_std,emg_waveform_length,emg_zero_crossing,emg_ssc,emg_kurtosis,emg_skewness,emg_peak,emg_median_freq,emg_mean_freq,emg_peak_freq,emg_total_power,emg_power_low,emg_power_mid,emg_power_high,class_name
19.965570361666263,1.1200968472349722,3431.560286137568,68.87842891931854,179241.9983276478,17711.137311841638,31696.751311035307,7.418910182904677,1.1624248660711698,299.4513044367281,84.09883220199912,72.1973419829835,57.718061172873625,-389.4827824196404,31.851306996884546,245.22199003407025,-43.763699949657344,Fatigue
