emg_rms,emg_mav,emg_variance,emg_std,emg_waveform_length,emg_zero_crossing,emg_ssc,emg_kurtosis,emg_skewness,emg_peak,emg_median_freq,emg_mean_freq,emg_peak_freq,emg_total_power,emg_power_low,emg_power_mid,emg_power_high,class_name
1.0231667128778028,13.767451873520734,4594.990503319376,38.69150389915977,266762.0536803661,20720.192762734656,21952.435993836883,11.712221276690585,1.3611110103808532,430.26032214994,60.60554460450049,88.17703130740624,62.31690438248543,1673.7048124339929,230.53165861821637,738.4303288016924,38.54576185242547,Fatigue
