emg_rms,emg_mav,emg_variance,emg_std,emg_waveform_length,emg_zero_crossing,emg_ssc,emg_kurtosis,emg_skewness,emg_peak,emg_median_freq,emg_mean_freq,emg_peak_freq,emg_total_power,emg_power_low,emg_power_mid,emg_power_high,class_name
76.4677875690239,12.546155313234172,4455.843212428581,34.7297381040452,205171.26755385508,11483.20688637715,17402.94863945622,17.983245036914017,1.8682542803732145,437.15174616058994,74.69858383749394,90.19776012825923,80.56163694834035,218.60650273911796,68.38626867796276,-76.10317191662432,0.5595886617763295,Fatigue
