emg_rms,emg_mav,emg_variance,emg_std,emg_waveform_length,emg_zero_crossing,emg_ssc,emg_kurtosis,emg_skewness,emg_peak,emg_median_freq,emg_mean_freq,emg_peak_freq,emg_total_power,emg_power_low,emg_power_mid,emg_power_high,class_name
49.58414655657944,-5.725119888225919,-798.9158247609557,38.27689667663946,630794.8875636306,20353.819924062303,28010.536290398173,8.44641673949431,1.2130104532004868,395.3927359011694,80.76195299651374,93.30770253813934,74.07297304548825,1227.6309665820097,97.94812700662143,233.3584094529171,7.537562732927668,Fatigue
