emg_rms,emg_mav,emg_variance,emg_std,emg_waveform_length,emg_zero_crossing,emg_ssc,emg_kurtosis,emg_skewness,emg_peak,emg_median_freq,emg_mean_freq,emg_peak_freq,emg_total_power,emg_power_low,emg_power_mid,emg_power_high,class_name
69.23298846972185,21.41704778302855,1696.2966337766225,14.285585794448076,512669.3891880953,18341.000563001227,27836.31726502171,5.265569880528605,0.4826205948011439,223.9622121457908,79.23577528950607,96.56722110657884,47.59163574780776,45.12258866169378,62.90954981267001,-203.8177661491966,3.6432635700588394,Fatigue
