emg_rms,emg_mav,emg_variance,emg_std,emg_waveform_length,emg_zero_crossing,emg_ssc,emg_kurtosis,emg_skewness,emg_peak,emg_median_freq,emg_mean_freq,emg_peak_freq,emg_total_power,emg_power_low,emg_power_mid,emg_power_high,class_name
40.348229447913695,14.552089701179604,1424.4923333066724,35.22918600642271,532699.8602368255,13614.968177278852,34396.80584320135,12.05963141021762,1.8356849848650003,362.9429388555211,68.98131644215381,60.89717877157351,60.0429708173097,852.9464009803659,90.76062642684688,711.4451643897501,6.154322637094509,Fatigue
