emg_rms,emg_mav,emg_variance,emg_std,emg_waveform_length,emg_zero_crossing,emg_ssc,emg_kurtosis,emg_skewness,emg_peak,emg_median_freq,emg_mean_freq,emg_peak_freq,emg_total_power,emg_power_low,emg_power_mid,emg_power_high,class_name
26.75231268456237,13.297638664607929,-815.4467346711626,39.8568840476092,668773.6172105768,12690.320519745625,29477.925754314067,3.563698388008481,-1.0129971885364024,112.65361800618663,74.54453617515053,90.06136572213961,61.76859656036248,50.67557383111301,100.0512391891902,473.9521470897336,20.172357911363683,Fatigue
