emg_rms,emg_mav,emg_variance,emg_std,emg_waveform_length,emg_zero_crossing,emg_ssc,emg_kurtosis,emg_skewness,emg_peak,emg_median_freq,emg_mean_freq,emg_peak_freq,emg_total_power,emg_power_low,emg_power_mid,emg_power_high,class_name
48.29923561664328,20.22418065388712,1265.151242350728,45.97208706264329,280457.87064389663,14150.133512622891,25515.487945460307,13.963327836489473,-1.543307051865572,279.5614275949597,76.60168823973967,48.95105435344789,61.84702617558659,870.3962887487821,33.02837852093087,78.01640651890668,14.812672393267356,Fatigue
