emg_rms,emg_mav,emg_variance,emg_std,emg_waveform_length,emg_zero_crossing,emg_ssc,emg_kurtosis,emg_skewness,emg_peak,emg_median_freq,emg_mean_freq,emg_peak_freq,emg_total_power,emg_power_low,emg_power_mid,emg_power_high,class_name
58.34210824059449,19.84008298861778,1423.788244367994,27.22809758462628,540209.9392394561,14667.00165162742,28977.552945189786,7.767125247435404,-0.4929754152470156,211.0053136847055,51.53019088865383,72.84442888248407,54.64532899256599,410.88394477960185,265.0140262923433,537.9250996883449,-21.027038250752312,Fatigue
