emg_rms,emg_mav,emg_variance,emg_std,emg_waveform_length,emg_zero_crossing,emg_ssc,emg_kurtosis,emg_skewness,emg_peak,emg_median_freq,emg_mean_freq,emg_peak_freq,emg_total_power,emg_power_low,emg_power_mid,emg_power_high,class_name
41.68006793489555,21.92616113163151,414.2252352261282,66.91529182864255,339586.18535041274,14386.929372831464,24135.62004513846,11.118968509843532,-0.6084739580362382,368.4644809964252,69.09715800136071,67.99626650166526,70.28648453473552,406.4490581576,113.99941562916288,793.0267007752859,13.723948326894645,Fatigue
