emg_rms,emg_mav,emg_variance,emg_std,emg_waveform_length,emg_zero_crossing,emg_ssc,emg_kurtosis,emg_skewness,emg_peak,emg_median_freq,emg_mean_freq,emg_peak_freq,emg_total_power,emg_power_low,emg_power_mid,emg_power_high,class_name
56.02459444606439,23.786752570199774,570.6371501785088,7.970846192518682,456203.29936293664,17067.439917251708,37742.27509766864,11.808669920189324,-3.465543527870087,298.6085933396842,73.1042214709277,62.789185214987015,76.90876068876727,105.13180550159107,-15.538909036328874,567.9824201913179,81.04208418313455,Fatigue
