emg_rms,emg_mav,emg_variance,emg_std,emg_waveform_length,emg_zero_crossing,emg_ssc,emg_kurtosis,emg_skewness,emg_peak,emg_median_freq,emg_mean_freq,emg_peak_freq,emg_total_power,emg_power_low,emg_power_mid,emg_power_high,class_name
52.80137170282823,8.545070992186446,-233.03202954528524,85.42179804242812,62606.191558022,11414.318346298409,26467.397518714217,8.669923665216032,0.0121521225909141,213.98815800439348,58.915574914976624,82.97903604464604,63.310103250357685,-63.491160633108336,139.77072435727467,666.0483452210241,50.694637739778216,Fatigue
