emg_rms,emg_mav,emg_variance,emg_std,emg_waveform_length,emg_zero_crossing,emg_ssc,emg_kurtosis,emg_skewness,emg_peak,emg_median_freq,emg_mean_freq,emg_peak_freq,emg_total_power,emg_power_low,emg_power_mid,emg_power_high,class_name
6.435956834024417,13.159797249884424,5299.268449222265,17.032327577995225,393819.891846888,14469.659079044064,24973.66024818139,22.35117806703029,0.6307528008544948,462.81772154118255,47.97355921760728,72.26287237468398,52.11554849126208,622.352032376448,139.59781056230125,648.4457708489716,43.59771451600936,Fatigue
