emg_rms,emg_mav,emg_variance,emg_std,emg_waveform_length,emg_zero_crossing,emg_ssc,emg_kurtosis,emg_skewness,emg_peak,emg_median_freq,emg_mean_freq,emg_peak_freq,emg_total_power,emg_power_low,emg_power_mid,emg_power_high,class_name
4.712114942452455,6.50082132294326,499.6745994065225,68.52567018380043,521192.3996817373,8050.398304432355,25941.550501803704,8.075964393057543,-0.5171972413432339,94.79891246164205,81.44861145162315,72.89963002938345,47.5832773883603,183.0527176833784,-98.41561088615478,646.7895124213594,-27.709343828873216,Fatigue
