emg_rms,emg_mav,emg_variance,emg_std,emg_waveform_length,emg_zero_crossing,emg_ssc,emg_kurtosis,emg_skewness,emg_peak,emg_median_freq,emg_mean_freq,emg_peak_freq,emg_total_power,emg_power_low,emg_power_mid,emg_power_high,class_name
38.63231635343156,22.635544764308367,2279.054714321492,19.57490185030028,206546.39428925148,19989.20405772591,23834.336584477685,15.28448202416408,-0.4784566444559806,150.0774816676516,63.34132991874079,103.5530716180274,54.77192313978716,1127.972507339452,208.74651507725196,570.3339592965785,3.2327954067670213,Fatigue
