emg_rms,emg_mav,emg_variance,emg_std,emg_waveform_length,emg_zero_crossing,emg_ssc,emg_kurtosis,emg_skewness,emg_peak,emg_median_freq,emg_mean_freq,emg_peak_freq,emg_total_power,emg_power_low,emg_power_mid,emg_power_high,class_name
27.15224821286296,17.756086856572768,4960.424481360692,55.52357475129167,364616.444676303,17094.015031764542,27365.505187385665,19.267211635925342,-0.2594152972077358,358.1999661363634,91.9012376948362,86.99157122364532,49.56725792787008,258.74783582254383,135.9592537621939,880.2919630174828,30.92634119120857,Fatigue
