emg_rms,emg_mav,emg_variance,emg_std,emg_waveform_length,emg_zero_crossing,emg_ssc,emg_kurtosis,emg_skewness,emg_peak,emg_median_freq,emg_mean_freq,emg_peak_freq,emg_total_power,emg_power_low,emg_power_mid,emg_power_high,class_name
36.4807243558186,13.59580504063527,-171.73544054020476,38.68113602612013,289735.8410128547,15441.149572844824,34434.24423776898,0.3811796414022375,0.8314987576615105,189.72959151069992,46.867347509103794,86.03228315103948,61.55087197435567,722.8365157352291,75.28883669519354,267.676013152534,3.076598451556217,Fatigue
