emg_rms,emg_mav,emg_variance,emg_std,emg_waveform_length,emg_zero_crossing,emg_ssc,emg_kurtosis,emg_skewness,emg_peak,emg_median_freq,emg_mean_freq,emg_peak_freq,emg_total_power,emg_power_low,emg_power_mid,emg_power_high,class_name
41.35674671044633,22.42386067998329,1950.7686247881527,14.975813696391278,224639.54352892545,14905.48829300673,24148.78386777729,15.94459561512433,-1.4612042527309537,195.6541744676164,54.56624512205295,91.84770704101146,41.79641010085148,820.7856125301171,-62.17919680729432,-110.5484490561796,58.74246224518652,Fatigue
