emg_rms,emg_mav,emg_variance,emg_std,emg_waveform_length,emg_zero_crossing,emg_ssc,emg_kurtosis,emg_skewness,emg_peak,emg_median_freq,emg_mean_freq,emg_peak_freq,emg_total_power,emg_power_low,emg_power_mid,emg_power_high,class_name
49.321392570436345,14.413141631624798,3464.4421156855237,14.544633572265608,446739.78593049984,13845.163837679793,30177.921868996087,19.090139456043023,0.5072922933264072,306.4921697721462,49.60374313476952,102.77656067912628,68.42836576522166,870.8861163492849,168.47519332764443,526.0065513306133,11.067075898004006,Fatigue
