emg_rms,emg_mav,emg_variance,emg_std,emg_waveform_length,emg_zero_crossing,emg_ssc,emg_kurtosis,emg_skewness,emg_peak,emg_median_freq,emg_mean_freq,emg_peak_freq,emg_total_power,emg_power_low,emg_power_mid,emg_power_high,class_name
23.065128625393385,31.686381090594647,1529.1123321715008,45.15880245278112,597461.6868781287,17268.904120119438,36042.5998866329,9.608649708162543,1.0783801634392325,445.8200256994304,67.9530283894075,78.19517391251821,50.81830491418232,592.9052393914301,58.66582133893949,281.783981926598,2.541584065793943,Fatigue
