emg_rms,emg_mav,emg_variance,emg_std,emg_waveform_length,emg_zero_crossing,emg_ssc,emg_kurtosis,emg_skewness,emg_peak,emg_median_freq,emg_mean_freq,emg_peak_freq,emg_total_power,emg_power_low,emg_power_mid,emg_power_high,class_name
31.33507761210724,15.357336173793682,-226.75343990685903,28.37389305307445,376055.5497417416,11748.154456564547,33459.31939699456,5.45720001529639,0.6298997090131513,234.93009183797983,69.9323115430291,51.4236512944412,59.12025414798296,-71.27015173682065,181.17908024661077,534.0715538942759,21.01902715777964,Fatigue
