emg_rms,emg_mav,emg_variance,emg_std,emg_waveform_length,emg_zero_crossing,emg_ssc,emg_kurtosis,emg_skewness,emg_peak,emg_median_freq,emg_mean_freq,emg_peak_freq,emg_total_power,emg_power_low,emg_power_mid,emg_power_high,class_name
29.38944900852197,-1.4181009786214815,1907.5553750399856,27.08721207137478,546581.0896543823,13518.674758898993,37995.4912607676,13.171677326610016,1.2784165573992867,368.5083354554945,58.71885213539189,65.08047229879669,55.3776810324207,1018.4595093315525,5.038865939379065,875.4287734376928,50.918395858704976,Fatigue
