emg_rms,emg_mav,emg_variance,emg_std,emg_waveform_length,emg_zero_crossing,emg_ssc,emg_kurtosis,emg_skewness,emg_peak,emg_median_freq,emg_mean_freq,emg_peak_freq,emg_total_power,emg_power_low,emg_power_mid,emg_power_high,class_name
18.12905903716961,12.076856477033916,3631.009952279684,34.61196272985434,393910.534710575,15213.197395801726,27978.92728018593,5.447726990319397,-0.3731343632379071,186.88737977926397,83.59216444558035,87.61451889823621,52.03490977436049,1739.2196130238494,88.9125610289264,-179.99776571190648,-9.207475448547704,Fatigue
