emg_rms,emg_mav,emg_variance,emg_std,emg_waveform_length,emg_zero_crossing,emg_ssc,emg_kurtosis,emg_skewness,emg_peak,emg_median_freq,emg_mean_freq,emg_peak_freq,emg_total_power,emg_power_low,emg_power_mid,emg_power_high,class_name
47.439011561792974,12.428552591794316,-1999.4646231043016,0.786341236807381,158701.38366926496,19171.70527410807,35147.54423054954,8.949526006312592,-1.3804574122623328,470.7609611102853,70.15596603979485,90.48926790246745,69.70181159161098,-197.14654301587117,15.687736083294382,802.0716551314304,16.976087402688375,Fatigue
