emg_rms,emg_mav,emg_variance,emg_std,emg_waveform_length,emg_zero_crossing,emg_ssc,emg_kurtosis,emg_skewness,emg_peak,emg_median_freq,emg_mean_freq,emg_peak_freq,emg_total_power,emg_power_low,emg_power_mid,emg_power_high,class_name
50.80999909735526,3.2347339181699475,3456.318232330669,37.02833762581815,469866.77080419176,17263.750347530015,28788.19042079202,13.822345405107082,-1.433236348990265,101.00456434440866,90.5138810787128,82.81801002324863,54.35025658240926,752.1654790747043,128.8101605707725,448.3292455348312,-6.398288200387338,Fatigue
