emg_rms,emg_mav,emg_variance,emg_std,emg_waveform_length,emg_zero_crossing,emg_ssc,emg_kurtosis,emg_skewness,emg_peak,emg_median_freq,emg_mean_freq,emg_peak_freq,emg_total_power,emg_power_low,emg_power_mid,emg_power_high,class_name
31.35101514632217,2.543772153635958,3371.317325398998,24.93462473254928,112854.17981254758,15924.88726462678,29644.7556158869,7.504905120764228,-1.1568136742620911,644.7290327599937,87.95380630108025,104.88057317904747,52.9566187686791,-176.02262525565544,439.64614724188056,-363.1061824908885,10.132543142635908,Fatigue
