emg_rms,emg_mav,emg_variance,emg_std,emg_waveform_length,emg_zero_crossing,emg_ssc,emg_kurtosis,emg_skewness,emg_peak,emg_median_freq,emg_mean_freq,emg_peak_freq,emg_total_power,emg_power_low,emg_power_mid,emg_power_high,class_name
68.01839497184466,15.672402585498526,1815.3189743965213,14.142080312163888,362908.01572595467,19795.087970898778,30869.69276158557,13.339227540381884,1.2956483782326462,150.9122266374227,53.18346819286525,53.52037293923058,58.44196919080929,151.65164750943728,-31.76830816275213,-211.1670269750965,24.113782624249247,Fatigue
