emg_rms,emg_mav,emg_variance,emg_std,emg_waveform_length,emg_zero_crossing,emg_ssc,emg_kurtosis,emg_skewness,emg_peak,emg_median_freq,emg_mean_freq,emg_peak_freq,emg_total_power,emg_power_low,emg_power_mid,emg_power_high,class_name
34.34909658231452,9.562009199104152,3942.021324892604,49.825303206211146,918749.9554400814,11371.860206471914,25384.150643487603,14.07366067959265,-0.80916078883187,387.1243514053764,86.63495727239258,84.60387738783909,52.634749585369725,327.2645300721871,-11.306734683914073,-188.0971559379418,6.0187845627677525,Fatigue
