emg_rms,emg_mav,emg_variance,emg_std,emg_waveform_length,emg_zero_crossing,emg_ssc,emg_kurtosis,emg_skewness,emg_peak,emg_median_freq,emg_mean_freq,emg_peak_freq,emg_total_power,emg_power_low,emg_power_mid,emg_power_high,class_name
65.84955748877434,11.732906052602477,-54.61408744330242,51.59632268865626,292289.31365433265,16150.147214584978,18216.46826075424,6.584867044850729,1.5065570252076013,236.57863145564548,56.828613540003886,64.86649041588957,72.52006245254371,284.5625311559952,255.3845654713942,652.2442908184764,-4.686176727388212,Fatigue
