emg_rms,emg_mav,emg_variance,emg_std,emg_waveform_length,emg_zero_crossing,emg_ssc,emg_kurtosis,emg_skewness,emg_peak,emg_median_freq,emg_mean_freq,emg_peak_freq,emg_total_power,emg_power_low,emg_power_mid,emg_power_high,class_name
43.529255900616704,17.690525718123766,1976.9545832688063,71.97887821489347,267926.1876676731,11853.867346478955,31652.762972486344,16.34854873280411,0.8011419786464441,387.6293779685822,79.3415935402705,51.027238402051694,71.75279143174681,751.7464338058113,-88.66485783550888,740.6577590934326,18.86646064880584,Fatigue
