emg_rms,emg_mav,emg_variance,emg_std,emg_waveform_length,emg_zero_crossing,emg_ssc,emg_kurtosis,emg_skewness,emg_peak,emg_median_freq,emg_mean_freq,emg_peak_freq,emg_total_power,emg_power_low,emg_power_mid,emg_power_high,class_name
100.9750733623722,16.00652206098253,3446.4394504359425,11.808624019130512,574486.8305873264,12462.359355634972,27853.77558542788,13.141228413107967,-0.386568675622397,460.0935323808214,75.24839324318216,95.52701430920462,66.45772783263682,-170.1928226616431,49.05329537406081,-475.9028748879696,18.001811777532488,Fatigue
