emg_rms,emg_mav,emg_variance,emg_std,emg_waveform_length,emg_zero_crossing,emg_ssc,emg_kurtosis,emg_skewness,emg_peak,emg_median_freq,emg_mean_freq,emg_peak_freq,emg_total_power,emg_power_low,emg_power_mid,emg_power_high,class_name
32.36853043334936,28.663650066291087,2487.7920907982707,12.45655905669784,408807.0486026567,14447.74358180748,31253.276355220383,15.488111541420366,-0.7333557955331631,515.1894938320584,99.3083250506752,92.95170838709087,59.99616470802582,446.8766562422363,222.2980483219935,806.5730304432946,14.750700061422371,Fatigue
