emg_rms,emg_mav,emg_variance,emg_std,emg_waveform_length,emg_zero_crossing,emg_ssc,emg_kurtosis,emg_skewness,emg_peak,emg_median_freq,emg_mean_freq,emg_peak_freq,emg_total_power,emg_power_low,emg_power_mid,emg_power_high,class_name
13.7092344993864,36.27299045051394,3140.305975413557,80.75011394402554,450127.02069622674,17794.92987190876,28653.263062220023,15.659023793737372,-0.646337246563196,472.5495014043625,63.02856357539117,83.28368562279894,82.38188705570921,657.3856249790493,249.1708056258422,275.0047861424046,34.6849113636268,Fatigue
