emg_rms,emg_mav,emg_variance,emg_std,emg_waveform_length,emg_zero_crossing,emg_ssc,emg_kurtosis,emg_skewness,emg_peak,emg_median_freq,emg_mean_freq,emg_peak_freq,emg_total_power,emg_power_low,emg_power_mid,emg_power_high,class_name
53.85081807056029,20.047602288352525,5853.019298308027,34.754411657556375,695757.0911708612,16964.805203622887,27780.87968137808,18.11642864608788,0.8042265677949186,99.22959466745888,62.16542288387613,91.87655153788282,51.533146847768016,-206.68591398045072,284.3356816607402,466.1444487254902,12.136843161300895,Fatigue
