emg_rms,emg_mav,emg_variance,emg_std,emg_waveform_length,emg_zero_crossing,emg_ssc,emg_kurtosis,emg_skewness,emg_peak,emg_median_freq,emg_mean_freq,emg_peak_freq,emg_total_power,emg_power_low,emg_power_mid,emg_power_high,class_name
64.79069140959263,10.720615320071364,5124.479848187251,49.80784999414095,720002.5578879238,12248.835139803254,31701.677882959422,20.17702572905337,-1.08992970186124,95.81462555082167,56.34590393452872,113.17921680313584,57.551716517493375,861.5685260402079,-143.23856895174026,-278.47496190297875,-4.701449120951242,Fatigue
