emg_rms,emg_mav,emg_variance,emg_std,emg_waveform_length,emg_zero_crossing,emg_ssc,emg_kurtosis,emg_skewness,emg_peak,emg_median_freq,emg_mean_freq,emg_peak_freq,emg_total_power,emg_power_low,emg_power_mid,emg_power_high,class_name
38.48241104640354,13.207562967268174,6136.3625723188825,46.59068564315072,356146.3919511287,7690.0889995822,25928.556198284296,3.09548215736471,1.241712683500226,377.3450659673711,85.36288922635556,86.29825649401786,61.890055185693306,339.7784490760017,143.46705124246233,800.737353966292,27.65062742597371,Fatigue
