emg_rms,emg_mav,emg_variance,emg_std,emg_waveform_length,emg_zero_crossing,emg_ssc,emg_kurtosis,emg_skewness,emg_peak,emg_median_freq,emg_mean_freq,emg_peak_freq,emg_total_power,emg_power_low,emg_power_mid,emg_power_high,class_name
42.36976872143814,7.089210192084334,3174.997251576498,25.353630784487407,411613.4317594764,17160.7521880819,35143.14710279505,19.40931501232664,0.6599161941861323,270.89061843552923,67.89753414475503,91.96283978525032,69.61651013658056,227.2749331577158,168.3172529566121,311.05293913501635,17.281908949087686,Fatigue
