emg_rms,emg_mav,emg_variance,emg_std,emg_waveform_length,emg_zero_crossing,emg_ssc,emg_kurtosis,emg_skewness,emg_peak,emg_median_freq,emg_mean_freq,emg_peak_freq,emg_total_power,emg_power_low,emg_power_mid,emg_power_high,class_name
42.55694502768216,19.254967541048813,3182.8617787016165,35.613608420525594,637011.2908230604,16658.983868331725,29696.26862044524,13.9167094396439,-1.843338047171624,118.0574511151978,78.18666962713492,88.10584606579245,45.36952099254788,139.4146725188843,88.44705973159219,561.9458565804531,39.4790622089163,Fatigue
