emg_rms,emg_mav,emg_variance,emg_std,emg_waveform_length,emg_zero_crossing,emg_ssc,emg_kurtosis,emg_skewness,emg_peak,emg_median_freq,emg_mean_freq,emg_peak_freq,emg_total_power,emg_power_low,emg_power_mid,emg_power_high,class_name
15.461260438486796,5.716455997884159,1240.363510818775,56.81397090933999,730725.475413759,12565.164179311863,35889.07014885873,13.780249023263837,-0.4748975498561051,312.90837437168915,63.40129016060983,92.83172698102832,52.367559142392366,766.1613926772164,146.48263610098007,696.1867957637919,-6.601661371643012,Fatigue
