emg_rms,emg_mav,emg_variance,emg_std,emg_waveform_length,emg_zero_crossing,emg_ssc,emg_kurtosis,emg_skewness,emg_peak,emg_median_freq,emg_mean_freq,emg_peak_freq,emg_total_power,emg_power_low,emg_power_mid,emg_power_high,class_name
49.35254540868431,19.664071061819065,1906.1065341836963,14.257130660512823,597389.9564797367,7622.284074714564,31685.09228428024,4.832196036669192,-0.9713154907477892,286.2287000796989,93.84030445989288,83.74806257036401,52.7866693848687,53.63764296882477,97.5800227505194,80.87420155186368,43.82822087500536,Fatigue
