emg_rms,emg_mav,emg_variance,emg_std,emg_waveform_length,emg_zero_crossing,emg_ssc,emg_kurtosis,emg_skewness,emg_peak,emg_median_freq,emg_mean_freq,emg_peak_freq,emg_total_power,emg_power_low,emg_power_mid,emg_power_high,class_name
10.361802215982884,20.033573453595174,4691.441724215132,21.465992247838063,703070.3478718571,12634.415759782496,33581.55721552999,12.29388529065938,3.0536631115156565,262.35848312292467,72.34358872214666,57.319516020505525,49.52211115689346,-785.0283018512594,53.8141309995861,457.5844135351806,13.152464942932893,Fatigue
