emg_rms,emg_mav,emg_variance,emg_std,emg_waveform_length,emg_zero_crossing,emg_ssc,emg_kurtosis,emg_skewness,emg_peak,emg_median_freq,emg_mean_freq,emg_peak_freq,emg_total_power,emg_power_low,emg_power_mid,emg_power_high,class_name
34.64982811331599,1.1918407276930267,1191.689621913173,27.80594098721352,484057.2992320637,15112.589405540357,30371.039271137663,13.723064868993555,-1.021802407431545,326.5852710021258,76.45696134053063,94.9820583902436,40.90341852003189,424.6215072339851,22.92974124747744,-193.15449431980608,-21.942999791256128,Fatigue
