emg_rms,emg_mav,emg_variance,emg_std,emg_waveform_length,emg_zero_crossing,emg_ssc,emg_kurtosis,emg_skewness,emg_peak,emg_median_freq,emg_mean_freq,emg_peak_freq,emg_total_power,emg_power_low,emg_power_mid,emg_power_high,class_name
39.19614808589088,21.238981132979465,3042.131775915038,13.738720534762743,317746.7449154279,18157.76518348365,39006.63358566564,12.77207622710797,1.2559428572074312,434.241447683534,83.05868651897518,97.69688645257268,32.413870216159594,476.6423701040423,-51.51846393327065,783.0836501055464,19.76410397394328,Fatigue
