emg_rms,emg_mav,emg_variance,emg_std,emg_waveform_length,emg_zero_crossing,emg_ssc,emg_kurtosis,emg_skewness,emg_peak,emg_median_freq,emg_mean_freq,emg_peak_freq,emg_total_power,emg_power_low,emg_power_mid,emg_power_high,class_name
51.71033071168872,20.07532131878458,1884.205639865501,63.43628397396229,656020.9621740478,16788.943347671106,34074.72504923756,11.534472687101008,2.9593149977076454,317.0511286236066,52.216394148327765,78.70090839540465,67.17440246418667,385.0167887791807,274.2669467061048,640.7763649895069,-24.50462237061167,Fatigue
