emg_rms,emg_mav,emg_variance,emg_std,emg_waveform_length,emg_zero_crossing,emg_ssc,emg_kurtosis,emg_skewness,emg_peak,emg_median_freq,emg_mean_freq,emg_peak_freq,emg_total_power,emg_power_low,emg_power_mid,emg_power_high,class_name
29.71368907743549,27.915173878339004,2864.285511298485,57.522021772219205,-171164.14019823802,10780.090596516991,32309.778501413544,14.06841895011348,0.0452384599694463,295.35501060393835,65.09899777740208,53.48367030571609,39.932227828240826,508.7459952102613,237.07450673740507,-204.70466022551216,5.846240888312655,Fatigue
