emg_rms,emg_mav,emg_variance,emg_std,emg_waveform_length,emg_zero_crossing,emg_ssc,emg_kurtosis,emg_skewness,emg_peak,emg_median_freq,emg_mean_freq,emg_peak_freq,emg_total_power,emg_power_low,emg_power_mid,emg_power_high,class_name
37.86463706935852,10.278811641136972,775.457383488844,22.923417984184077,656367.6752181099,14205.19509311782,29418.423082712263,6.052151211724148,0.5873628619426404,556.5129272226621,83.86978012392882,56.14894594782342,41.47374921662061,-293.13409760363226,322.74081879394146,403.5859286184759,36.56091817812173,Fatigue
