emg_rms,emg_mav,emg_variance,emg_std,emg_waveform_length,emg_zero_crossing,emg_ssc,emg_kurtosis,emg_skewness,emg_peak,emg_median_freq,emg_mean_freq,emg_peak_freq,emg_total_power,emg_power_low,emg_power_mid,emg_power_high,class_name
13.859269279993375,16.89953617606618,2000.4310073520155,20.390421421373752,188456.4766712513,17968.51355054732,36480.145923272976,12.231528250592367,2.579137644021576,176.8467504070217,93.05712940237171,23.037189299821684,38.50210715364434,1229.061621529692,214.54913289400528,281.5135184751683,14.02387970275214,Fatigue
