emg_rms,emg_mav,emg_variance,emg_std,emg_waveform_length,emg_zero_crossing,emg_ssc,emg_kurtosis,emg_skewness,emg_peak,emg_median_freq,emg_mean_freq,emg_peak_freq,emg_total_power,emg_power_low,emg_power_mid,emg_power_high,class_name
72.63506349524677,24.530815157342644,3851.547179435092,15.75587288142092,651626.9657229171,13331.56597109418,28568.56769037236,12.898675076296913,-0.522658131135181,347.2607177079195,67.40271641458935,77.33317728801566,59.640349853345455,-263.67375364955075,143.0306700317144,477.5567187930389,6.282377195486168,Fatigue
