emg_rms,emg_mav,emg_variance,emg_std,emg_waveform_length,emg_zero_crossing,emg_ssc,emg_kurtosis,emg_skewness,emg_peak,emg_median_freq,emg_mean_freq,emg_peak_freq,emg_total_power,emg_power_low,emg_power_mid,emg_power_high,class_name
58.95167352534055,15.008650594088522,1377.150774101274,35.02512737274297,378071.9173237999,11799.78313131612,36058.083511721314,18.964508047381717,0.6849809419056971,370.1991074932327,68.05299344609163,80.1427177737507,42.48085613906876,1202.0372158466353,-63.11896796631228,-783.8200892615378,17.190624003198213,Fatigue
