emg_rms,emg_mav,emg_variance,emg_std,emg_waveform_length,emg_zero_crossing,emg_ssc,emg_kurtosis,emg_skewness,emg_peak,emg_median_freq,emg_mean_freq,emg_peak_freq,emg_total_power,emg_power_low,emg_power_mid,emg_power_high,class_name
60.92376328677149,6.44753759419886,1135.4232057648203,52.207520745059455,326881.6006387113,15537.062552960306,31208.84670173531,21.32015011116215,1.1903712764641892,474.8114332410528,57.926610339580606,104.8212640349762,59.98560299749026,635.6265367128526,266.83868604394144,235.69538765692533,39.94831237069754,Fatigue
