emg_rms,emg_mav,emg_variance,emg_std,emg_waveform_length,emg_zero_crossing,emg_ssc,emg_kurtosis,emg_skewness,emg_peak,emg_median_freq,emg_mean_freq,emg_peak_freq,emg_total_power,emg_power_low,emg_power_mid,emg_power_high,class_name
19.9879587058073,18.596162781235744,2344.6252049687987,31.599594308589403,367948.9319461164,15509.724900386404,28051.7791566276,13.826013869449858,0.1682703807893691,210.74766229054876,70.81861067519931,82.09613905939176,51.51453513390505,444.7970157869768,-24.924485932968903,-618.6517708883296,-2.731615829879928,Fatigue
