emg_rms,emg_mav,emg_variance,emg_std,emg_waveform_length,emg_zero_crossing,emg_ssc,emg_kurtosis,emg_skewness,emg_peak,emg_median_freq,emg_mean_freq,emg_peak_freq,emg_total_power,emg_power_low,emg_power_mid,emg_power_high,class_name
46.75565239467322,28.613432879898504,1378.8753682780052,45.40929191677945,274390.7522788681,16535.910364813913,27152.720503548117,12.788685518518584,2.0054398012441808,49.74221690453737,64.85718290874772,65.12245057940022,51.88236775974478,503.86376251079446,154.59192422223768,603.4026525971517,-27.246964143642096,Fatigue
