emg_rms,emg_mav,emg_variance,emg_std,emg_waveform_length,emg_zero_crossing,emg_ssc,emg_kurtosis,emg_skewness,emg_peak,emg_median_freq,emg_mean_freq,emg_peak_freq,emg_total_power,emg_power_low,emg_power_mid,emg_power_high,class_name
22.44969424125117,29.73760549258705,5481.038106742415,21.836125871862315,501930.27882477327,16247.654015614991,31745.698561667883,2.789967903887339,-2.5896691911617027,309.4373859775345,90.17757460972574,106.22171821201206,57.68333922131802,904.1542666708904,-3.6930179538087486,487.2556309964304,16.878979157257653,Fatigue
