emg_rms,emg_mav,emg_variance,emg_std,emg_waveform_length,emg_zero_crossing,emg_ssc,emg_kurtosis,emg_skewness,emg_peak,emg_median_freq,emg_mean_freq,emg_peak_freq,emg_total_power,emg_power_low,emg_power_mid,emg_power_high,class_name
54.64508239340881,12.596684952824043,2212.797172870685,46.657523437372575,432969.57993260416,11464.156571559588,27980.68985850536,7.751494959406852,-0.7915587131771823,327.09727530552993,97.61506988700869,89.37375250155522,76.46975502292666,-29.86457667189518,5.700862627288586,815.6133155056776,17.38116441377918,Fatigue
