emg_rms,emg_mav,emg_variance,emg_std,emg_waveform_length,emg_zero_crossing,emg_ssc,emg_kurtosis,emg_skewness,emg_peak,emg_median_freq,emg_mean_freq,emg_peak_freq,emg_total_power,emg_power_low,emg_power_mid,emg_power_high,class_name
70.45001637326925,9.088725292436362,-1523.2259140846854,71.53091270393492,320555.09503806726,17471.027938610572,31409.6098131566,10.993260038586069,-0.984717900419474,339.6566948069223,86.95775238177964,121.0483850808802,70.46324297730554,751.1657438045195,-64.67043104458656,-30.645367226099268,31.187068239989888,Fatigue
