emg_rms,emg_mav,emg_variance,emg_std,emg_waveform_length,emg_zero_crossing,emg_ssc,emg_kurtosis,emg_skewness,emg_peak,emg_median_freq,emg_mean_freq,emg_peak_freq,emg_total_power,emg_power_low,emg_power_mid,emg_power_high,class_name
39.30407200965415,21.34314632497763,-1526.8364276314333,38.39189546653741,414022.6243888184,13246.790388086209,24579.18414944536,11.394317954056731,-2.974403061974048,198.2657716382393,84.17583583151115,78.82912836879686,65.40287704556313,569.0547992198881,224.46276909522288,288.08337769710573,-42.35555345794798,Fatigue
