emg_rms,emg_mav,emg_variance,emg_std,emg_waveform_length,emg_zero_crossing,emg_ssc,emg_kurtosis,emg_skewness,emg_peak,emg_median_freq,emg_mean_freq,emg_peak_freq,emg_total_power,emg_power_low,emg_power_mid,emg_power_high,class_name
44.96320602296717,26.86064128813807,-114.09915172308752,-18.38313539792454,306933.1647513237,18754.488603194117,22603.04307718915,7.204425737704181,1.24281667843934,188.90018031756523,54.90236378556098,115.57098056877597,60.55720896158318,432.7985304902073,266.92555301856646,615.6818703502986,-37.18196498964698,Fatigue
