emg_rms,emg_mav,emg_variance,emg_std,emg_waveform_length,emg_zero_crossing,emg_ssc,emg_kurtosis,emg_skewness,emg_peak,emg_median_freq,emg_mean_freq,emg_peak_freq,emg_total_power,emg_power_low,emg_power_mid,emg_power_high,class_name
41.19590376244966,11.677090522370658,-762.3701300484781,26.901008508471,747999.0215278505,16156.78238129157,26939.54156748362,12.811555605381963,0.093204498719994,254.36269798230416,75.77926027630637,69.85229658698638,59.86385791123533,857.7776464612597,57.73855724932372,464.1595714456605,-61.06866534747492,Fatigue
