emg_rms,emg_mav,emg_variance,emg_std,emg_waveform_length,emg_zero_crossing,emg_ssc,emg_kurtosis,emg_skewness,emg_peak,emg_median_freq,emg_mean_freq,emg_peak_freq,emg_total_power,emg_power_low,emg_power_mid,emg_power_high,class_name
39.2389001062719,21.32349607841961,-297.09466365050685,47.33750132090431,185762.50973440835,15682.815111685091,32374.319533780807,17.92762085475313,-1.1204407396535294,192.0551787955412,60.28221469542706,86.59993521073685,77.16228476880825,272.2254754803623,-16.888680054278808,172.7192712107249,6.589771034233438,Fatigue
