emg_rms,emg_mav,emg_variance,emg_std,emg_waveform_length,emg_zero_crossing,emg_ssc,emg_kurtosis,emg_skewness,emg_peak,emg_median_freq,emg_mean_freq,emg_peak_freq,emg_total_power,emg_power_low,emg_power_mid,emg_power_high,class_name
31.10638679254141,3.679934286955216,3149.681695904448,55.433479692491545,764906.7642904515,15855.574564733888,33852.970201144475,4.552063457389648,1.0692491751821982,104.16761115796965,75.67412599760692,83.63206286911672,60.00882812886338,141.82966479427006,101.10225561166384,-231.8673186841081,17.083706755600797,Fatigue
