emg_rms,emg_mav,emg_variance,emg_std,emg_waveform_length,emg_zero_crossing,emg_ssc,emg_kurtosis,emg_skewness,emg_peak,emg_median_freq,emg_mean_freq,emg_peak_freq,emg_total_power,emg_power_low,emg_power_mid,emg_power_high,class_name
64.24665059142373,18.063497994724777,2454.627605833551,25.59124295320137,472147.2260440399,14113.532740779592,22358.231583633045,9.886749231868402,1.4190670514907908,193.46995931360385,77.77711120623849,75.69393929779196,53.84519119663887,30.43629698715728,-66.54183684719902,424.411171940009,21.32926998788267,Fatigue
