emg_rms,emg_mav,emg_variance,emg_std,emg_waveform_length,emg_zero_crossing,emg_ssc,emg_kurtosis,emg_skewness,emg_peak,emg_median_freq,emg_mean_freq,emg_peak_freq,emg_total_power,emg_power_low,emg_power_mid,emg_power_high,class_name
32.61295571022847,17.664505662709274,1426.823627216571,31.622373361353382,128501.47971553582,11196.754744602822,24688.21735673309,6.744634582933062,-0.8925713043980944,296.7846325708504,53.53314934140127,99.8219152726125,53.67066809392504,-248.8694068128114,378.0486147418677,379.4333568836208,20.28155518243053,Fatigue
