emg_rms,emg_mav,emg_variance,emg_std,emg_waveform_length,emg_zero_crossing,emg_ssc,emg_kurtosis,emg_skewness,emg_peak,emg_median_freq,emg_mean_freq,emg_peak_freq,emg_total_power,emg_power_low,emg_power_mid,emg_power_high,class_name
-13.242110984773362,36.7082204017732,-1278.7885396048478,-8.004019178095291,176871.74246807228,13176.481666022002,26361.02608626518,22.78038483966798,0.5953400949552451,702.8114656241837,59.4888132920714,88.54604533836493,65.0797346118664,1371.7466580346097,-125.14465624491976,665.335170552273,-29.00866076299137,Fatigue
