emg_rms,emg_mav,emg_variance,emg_std,emg_waveform_length,emg_zero_crossing,emg_ssc,emg_kurtosis,emg_skewness,emg_peak,emg_median_freq,emg_mean_freq,emg_peak_freq,emg_total_power,emg_power_low,emg_power_mid,emg_power_high,class_name
38.14244531917846,17.6643131468203,2198.816891404984,68.63940712627623,319117.34581936174,10846.21744505758,37623.441669307096,16.667381394589423,-0.078745929016995,220.68510674005063,84.27355545127716,98.84369360176868,65.96934280773058,308.5054233923244,300.784987315842,-20.076417297704097,-4.345051928477076,Fatigue
