emg_rms,emg_mav,emg_variance,emg_std,emg_waveform_length,emg_zero_crossing,emg_ssc,emg_kurtosis,emg_skewness,emg_peak,emg_median_freq,emg_mean_freq,emg_peak_freq,emg_total_power,emg_power_low,emg_power_mid,emg_power_high,class_name
36.1804954302625,12.192187909204286,2120.128090796339,49.667477375631776,359047.65440073085,8711.274280931655,24423.2644810484,23.478354983189945,-1.493628544356006,233.45877925430904,67.22932430509924,65.40988928478842,55.25051049633305,435.1667128832307,-126.64092362994744,308.81846535461614,-8.316681548804812,Fatigue
