emg_rms,emg_mav,emg_variance,emg_std,emg_waveform_length,emg_zero_crossing,emg_ssc,emg_kurtosis,emg_skewness,emg_peak,emg_median_freq,emg_mean_freq,emg_peak_freq,emg_total_power,emg_power_low,emg_power_mid,emg_power_high,class_name
53.22469725235214,11.171067734699385,1026.9762240251578,19.217155274638262,435381.3959876105,11809.95428780892,32746.926291678865,18.525406348114902,-0.1728508690349776,150.05862154217496,75.77090528152232,71.88582758818082,53.151691625077255,553.2792298781053,-54.94283818104938,316.8127563454809,5.3767125752138725,Fatigue
