emg_rms,emg_mav,emg_variance,emg_std,emg_waveform_length,emg_zero_crossing,emg_ssc,emg_kurtosis,emg_skewness,emg_peak,emg_median_freq,emg_mean_freq,emg_peak_freq,emg_total_power,emg_power_low,emg_power_mid,emg_power_high,class_name
44.925808683377966,28.57605531560194,1213.9640861619173,42.09164669214113,472049.79285166936,15126.298776024902,25495.661254457737,9.354417350819386,-0.3577605312891311,-24.508957146495163,57.64805533929453,62.85422348091579,32.20417731307382,186.17380694006917,388.8537585743409,90.76248091638116,23.62688730459909,Fatigue
