emg_rms,emg_mav,emg_variance,emg_std,emg_waveform_length,emg_zero_crossing,emg_ssc,emg_kurtosis,emg_skewness,emg_peak,emg_median_freq,emg_mean_freq,emg_peak_freq,emg_total_power,emg_power_low,emg_power_mid,emg_power_high,class_name
31.32947194920736,21.186614745613262,984.7119249972496,19.364200875520712,306652.036481205,15629.58529388795,25359.97664934903,10.738950660175366,0.4883602052684795,361.31613345919686,77.43274308158193,86.16547659802819,56.741277288075054,771.4534219895647,313.19698189451015,331.4534492055078,65.12306614114226,Fatigue
