emg_rms,emg_mav,emg_variance,emg_std,emg_waveform_length,emg_zero_crossing,emg_ssc,emg_kurtosis,emg_skewness,emg_peak,emg_median_freq,emg_mean_freq,emg_peak_freq,emg_total_power,emg_power_low,emg_power_mid,emg_power_high,class_name
24.448047398495063,23.695777045486896,1786.9407449225682,45.512484851083855,355149.3851212685,13197.124859760954,27388.35402856616,14.166154165959831,-0.3798561090920699,292.32226719747143,40.8836807713205,112.87313412547454,72.40722493147412,837.3521982469196,301.85253553297787,420.4332871354928,26.305742961659448,Fatigue
