emg_rms,emg_mav,emg_variance,emg_std,emg_waveform_length,emg_zero_crossing,emg_ssc,emg_kurtosis,emg_skewness,emg_peak,emg_median_freq,emg_mean_freq,emg_peak_freq,emg_total_power,emg_power_low,emg_power_mid,emg_power_high,class_name
47.028045301071245,-4.849077018448551,2841.9891922603338,44.94363216097413,571392.1746728708,17192.65286014577,24463.665015247745,16.007812667206863,-0.2905131707252495,398.8164431528186,63.53977305653565,90.77260145659312,53.626033780103725,1045.7347737160992,-100.64883358842576,661.0995618575066,5.0968023470904775,Fatigue
