emg_rms,emg_mav,emg_variance,emg_std,emg_waveform_length,emg_zero_crossing,emg_ssc,emg_kurtosis,emg_skewness,emg_peak,emg_median_freq,emg_mean_freq,emg_peak_freq,emg_total_power,emg_power_low,emg_power_mid,emg_power_high,class_name
24.331799269061,4.67805908872808,2865.29033968925,6.927985657397063,698467.7777128222,13348.080080418777,30397.983563056987,17.56770790583283,0.6183379156143615,162.31343281169563,48.7720361886811,99.56962955003247,65.11302018901632,542.6541953431902,183.42499126318552,833.2228865760891,28.85652029461717,Fatigue
