emg_rms,emg_mav,emg_variance,emg_std,emg_waveform_length,emg_zero_crossing,emg_ssc,emg_kurtosis,emg_skewness,emg_peak,emg_median_freq,emg_mean_freq,emg_peak_freq,emg_total_power,emg_power_low,emg_power_mid,emg_power_high,class_name
16.912748620080944,14.94642938282436,-839.3754799118196,47.94339360476879,288765.67813600984,9349.09558070423,30158.62878397693,2.9547131850709327,1.9604367557886608,384.4510052909715,81.5307507892474,92.20158593794848,75.6322225086858,88.90734356157708,371.30505342362767,805.9765280646754,22.25127368307337,Fatigue
