emg_rms,emg_mav,emg_variance,emg_std,emg_waveform_length,emg_zero_crossing,emg_ssc,emg_kurtosis,emg_skewness,emg_peak,emg_median_freq,emg_mean_freq,emg_peak_freq,emg_total_power,emg_power_low,emg_power_mid,emg_power_high,class_name
71.37666915935385,5.775002110524657,2442.6766249934176,58.74621088996504,409395.0631926248,12682.74338687514,30187.352682874392,19.593589518909816,0.4564947629367613,58.640195886844,57.7735601470342,73.92096518731383,35.34016344757993,446.473145958469,-42.352768900078445,698.3335850959426,21.820876149950973,Fatigue
