emg_rms,emg_mav,emg_variance,emg_std,emg_waveform_length,emg_zero_crossing,emg_ssc,emg_kurtosis,emg_skewness,emg_peak,emg_median_freq,emg_mean_freq,emg_peak_freq,emg_total_power,emg_power_low,emg_power_mid,emg_power_high,class_name
43.55760996109091,31.835123599707984,1105.989732132478,26.68418069223869,473484.0988321671,11425.0752252178,23602.561366523383,9.490543637941366,-0.9679277268608808,266.7651166673424,102.53128076204516,99.86333390964025,53.7283108086315,533.9722312195217,294.70667945272805,573.8741583245343,20.25273203360448,Fatigue
