emg_rms,emg_mav,emg_variance,emg_std,emg_waveform_length,emg_zero_crossing,emg_ssc,emg_kurtosis,emg_skewness,emg_peak,emg_median_freq,emg_mean_freq,emg_peak_freq,emg_total_power,emg_power_low,emg_power_mid,emg_power_high,class_name
46.65238776572818,15.27446765514541,162.2842339652832,45.51585867581187,137742.65610854304,13464.720575236925,26762.078999832756,13.09528826103709,-0.3520396554703877,297.3763260127841,65.73241141660255,49.08374227014602,75.23178339077633,943.6966244359728,-58.68470062901821,305.2979442912253,11.542651556866977,Fatigue
