emg_rms,emg_mav,emg_variance,emg_std,emg_waveform_length,emg_zero_crossing,emg_ssc,emg_kurtosis,emg_skewness,emg_peak,emg_median_freq,emg_mean_freq,emg_peak_freq,emg_total_power,emg_power_low,emg_power_mid,emg_power_high,class_name
90.04323724652747,3.662349836665957,3413.301004039398,75.62896033697484,603357.9470190972,18543.56860929517,33478.92924200877,16.04650522992271,-1.3257170274137835,75.38834010099256,97.57899516916888,69.4624958727871,77.92464327941106,388.775869915898,92.41989240586494,-175.33061339033492,25.09674446485004,Fatigue
