emg_rms,emg_mav,emg_variance,emg_std,emg_waveform_length,emg_zero_crossing,emg_ssc,emg_kurtosis,emg_skewness,emg_peak,emg_median_freq,emg_mean_freq,emg_peak_freq,emg_total_power,emg_power_low,emg_power_mid,emg_power_high,class_name
45.3509972017802,16.992204300214386,3088.538375315348,45.175148854708496,717332.3701160853,18208.49191026782,25552.88890285806,12.48931247720753,-0.4799803580797275,375.1307962283232,62.889884957759705,58.38334304043741,52.93570438445054,1328.7309840961375,-31.052370772869693,-403.117401919697,23.646494720220048,Fatigue
