emg_rms,emg_mav,emg_variance,emg_std,emg_waveform_length,emg_zero_crossing,emg_ssc,emg_kurtosis,emg_skewness,emg_peak,emg_median_freq,emg_mean_freq,emg_peak_freq,emg_total_power,emg_power_low,emg_power_mid,emg_power_high,class_name
55.18475892191766,24.899320344881907,5753.095621881388,27.486938561341383,620643.2247450382,19335.655799234908,29507.500127361767,5.912507596105463,0.7866794207879815,322.55037355722453,50.88127605437499,78.9127268825035,33.71396042221876,527.5514209724452,55.29208182912984,-113.4595730368032,-2.20435801998633,Fatigue
