emg_rms,emg_mav,emg_variance,emg_std,emg_waveform_length,emg_zero_crossing,emg_ssc,emg_kurtosis,emg_skewness,emg_peak,emg_median_freq,emg_mean_freq,emg_peak_freq,emg_total_power,emg_power_low,emg_power_mid,emg_power_high,class_name
49.86560684757168,21.07841770001432,1648.6216388030127,22.61011456860337,613649.4759229862,18177.661845474373,36406.77223286489,18.235057557241458,0.7514543635538521,257.2202423743099,86.752609250131,77.13419018343086,63.27080490321351,-283.31347051320137,-131.28623913993988,57.23541898552804,-14.914282651349424,Fatigue
