emg_rms,emg_mav,emg_variance,emg_std,emg_waveform_length,emg_zero_crossing,emg_ssc,emg_kurtosis,emg_skewness,emg_peak,emg_median_freq,emg_mean_freq,emg_peak_freq,emg_total_power,emg_power_low,emg_power_mid,emg_power_high,class_name
43.39805933545405,-2.4585454160929565,1151.0439284942818,18.544629560665783,513144.4541592317,18622.657072544083,30870.32639021229,8.31099797101325,-0.7790081498479425,345.5315207967589,74.74556424696297,80.48792785495783,41.694911576412665,4.780861812403089,82.60965584202845,144.8093072039179,-21.37870641737577,Fatigue
