emg_rms,emg_mav,emg_variance,emg_std,emg_waveform_length,emg_zero_crossing,emg_ssc,emg_kurtosis,emg_skewness,emg_peak,emg_median_freq,emg_mean_freq,emg_peak_freq,emg_total_power,emg_power_low,emg_power_mid,emg_power_high,class_name
76.51989993602608,31.00605940113268,2008.0616640255855,34.84948705231153,617030.6929491463,11419.130364300552,34753.955946259935,10.677951630940804,2.7761945586849825,502.62048511555713,58.86211293741195,67.1060340725171,80.54986303986462,618.3656814148649,277.95353387508806,479.95527186675537,-20.446985196507057,Fatigue
