emg_rms,emg_mav,emg_variance,emg_std,emg_waveform_length,emg_zero_crossing,emg_ssc,emg_kurtosis,emg_skewness,emg_peak,emg_median_freq,emg_mean_freq,emg_peak_freq,emg_total_power,emg_power_low,emg_power_mid,emg_power_high,class_name
56.255327990574045,10.12657371016211,1778.5641061259914,70.34738137634788,636007.6009710564,19619.242322938277,29307.62655229962,9.657111562041065,1.0420543825258248,274.3217216230961,37.90496924261023,81.42257094871077,26.61828653749325,42.94993222323848,49.35989401672376,194.7393618247237,23.39376936901841,Fatigue
