emg_rms,emg_mav,emg_variance,emg_std,emg_waveform_length,emg_zero_crossing,emg_ssc,emg_kurtosis,emg_skewness,emg_peak,emg_median_freq,emg_mean_freq,emg_peak_freq,emg_total_power,emg_power_low,emg_power_mid,emg_power_high,class_name
49.17991847261373,25.7983840575763,3.247194286652757,67.23635486446412,383889.3459700681,15722.7738952323,31358.728781862766,7.408624371890538,-0.105445491228181,302.50065843137145,89.63748377619143,47.34204816872512,59.82210559855292,-187.7663939469407,216.2586704987364,35.19358931985124,25.12437833281816,Fatigue
