emg_rms,emg_mav,emg_variance,emg_std,emg_waveform_length,emg_zero_crossing,emg_ssc,emg_kurtosis,emg_skewness,emg_peak,emg_median_freq,emg_mean_freq,emg_peak_freq,emg_total_power,emg_power_low,emg_power_mid,emg_power_high,class_name
-4.701067846835713,28.71269615764127,189.35031307086024,50.559271739923375,458967.3698974606,9156.39210465492,27837.852533204627,-2.141732007347713,1.4779331636848596,273.6413185478357,88.1643545801145,70.40373912291336,33.49027202976225,80.84333055794917,172.2305321999046,-265.07533824288043,29.789343115138085,Fatigue
