emg_rms,emg_mav,emg_variance,emg_std,emg_waveform_length,emg_zero_crossing,emg_ssc,emg_kurtosis,emg_skewness,emg_peak,emg_median_freq,emg_mean_freq,emg_peak_freq,emg_total_power,emg_power_low,emg_power_mid,emg_power_high,class_name
68.30703821511382,10.92630758807397,2014.5872776371425,58.6712845333724,475088.8580243399,10192.72434642244,24774.95508842743,15.032888142987463,0.8875439872189143,184.56525882544813,83.51676346251992,93.60230833616215,58.20256338531313,559.0087576249437,81.63140612704768,689.5496146192089,6.8240859516616,Fatigue
