emg_rms,emg_mav,emg_variance,emg_std,emg_waveform_length,emg_zero_crossing,emg_ssc,emg_kurtosis,emg_skewness,emg_peak,emg_median_freq,emg_mean_freq,emg_peak_freq,emg_total_power,emg_power_low,emg_power_mid,emg_power_high,class_name
51.65103744310175,30.483615342324704,-85.28641819490099,68.19774718454991,396184.2962810842,11170.642300572232,28119.193257100054,4.714337559621543,2.973357256003808,134.26798748986593,65.44615501766536,73.49180963400921,46.7310596150051,272.72961465239536,520.3616857113805,192.5419066209224,30.81264720307594,Fatigue
