emg_rms,emg_mav,emg_variance,emg_std,emg_waveform_length,emg_zero_crossing,emg_ssc,emg_kurtosis,emg_skewness,emg_peak,emg_median_freq,emg_mean_freq,emg_peak_freq,emg_total_power,emg_power_low,emg_power_mid,emg_power_high,class_name
49.50220023052269,28.41689995696686,1345.5346809347366,39.84193784953579,491801.5582690936,14308.499911755647,30831.83658696017,16.161442808744283,-0.9800174003972596,306.668338629025,65.7183281267766,66.1906800682669,66.851489207602,775.0590125288361,285.43745890671005,53.418919851035696,-6.248545026586189,Fatigue
