emg_rms,emg_mav,emg_variance,emg_std,emg_waveform_length,emg_zero_crossing,emg_ssc,emg_kurtosis,emg_skewness,emg_peak,emg_median_freq,emg_mean_freq,emg_peak_freq,emg_total_power,emg_power_low,emg_power_mid,emg_power_high,class_name
22.058116004550264,27.590085105587963,1830.332053280859,74.28373887083085,452562.71193087794,9384.054673013892,26485.212875695404,8.656658000624027,1.2933289418513596,430.0024546578147,87.40316239787163,82.49693976567887,57.722157455988174,435.43728388455,21.80526066083989,-60.69747454519381,-0.2223589552728242,Fatigue
