emg_rms,emg_mav,emg_variance,emg_std,emg_waveform_length,emg_zero_crossing,emg_ssc,emg_kurtosis,emg_skewness,emg_peak,emg_median_freq,emg_mean_freq,emg_peak_freq,emg_total_power,emg_power_low,emg_power_mid,emg_power_high,class_name
48.64882271477968,13.2596390837649,377.0138141131536,54.75861411178195,389531.2633877643,15235.576086651665,23556.352903974628,13.312355364917616,1.471697448580298,408.7701118025956,98.71015822766076,116.4717818964281,69.68199165998963,669.1741862157796,257.1734763046859,841.4334980471789,27.35038066450746,Fatigue
