emg_rms,emg_mav,emg_variance,emg_std,emg_waveform_length,emg_zero_crossing,emg_ssc,emg_kurtosis,emg_skewness,emg_peak,emg_median_freq,emg_mean_freq,emg_peak_freq,emg_total_power,emg_power_low,emg_power_mid,emg_power_high,class_name
47.571702231610416,13.394747166786257,3239.648875646951,8.860695639073807,426277.3237862351,13228.139496248295,28624.631695607222,14.762932282930446,-1.7310768603677629,155.4032762604687,76.51023490708278,65.53452685991702,66.24949580040592,1065.702347620724,219.36839520331773,690.2717380450356,26.292950302187883,Fatigue
