emg_rms,emg_mav,emg_variance,emg_std,emg_waveform_length,emg_zero_crossing,emg_ssc,emg_kurtosis,emg_skewness,emg_peak,emg_median_freq,emg_mean_freq,emg_peak_freq,emg_total_power,emg_power_low,emg_power_mid,emg_power_high,class_name
53.27615498438071,4.208325591298452,-749.0533759184746,-10.143359740258838,500249.0510613656,14829.371086109411,30022.88836381247,7.544557932945958,0.0351422242916844,357.47813545270986,58.106629650018185,63.14329877182017,72.56681520264993,7.499135660489003,-56.204363037615394,322.37304107927605,41.89427949524706,Fatigue
