emg_rms,emg_mav,emg_variance,emg_std,emg_waveform_length,emg_zero_crossing,emg_ssc,emg_kurtosis,emg_skewness,emg_peak,emg_median_freq,emg_mean_freq,emg_peak_freq,emg_total_power,emg_power_low,emg_power_mid,emg_power_high,class_name
57.52230173223987,17.008249078467482,2947.0348782814385,53.887860126438746,482186.7968220071,15772.853802829548,31543.148577154047,20.88016676096105,0.024262354384213,248.2094021254859,91.21912082054708,83.66242160076033,59.7559010702921,1002.799000408035,-88.1536638795813,482.8010156998811,63.05996964411592,Fatigue
