emg_rms,emg_mav,emg_variance,emg_std,emg_waveform_length,emg_zero_crossing,emg_ssc,emg_kurtosis,emg_skewness,emg_peak,emg_median_freq,emg_mean_freq,emg_peak_freq,emg_total_power,emg_power_low,emg_power_mid,emg_power_high,class_name
34.154637093682126,17.931732572166112,-340.2837777256632,50.44104177109885,454909.7627210391,17472.07091639722,23573.87502795876,15.453565381270202,-1.79687327234209,275.41435918622204,89.162808628134,53.62302584821914,43.16746589335788,1134.4355477896136,451.6222778185491,-14.149675410236796,-10.326450057732975,Fatigue
