emg_rms,emg_mav,emg_variance,emg_std,emg_waveform_length,emg_zero_crossing,emg_ssc,emg_kurtosis,emg_skewness,emg_peak,emg_median_freq,emg_mean_freq,emg_peak_freq,emg_total_power,emg_power_low,emg_power_mid,emg_power_high,class_name
40.274767589802735,16.441879768517854,4177.415361941668,66.44963267536431,107057.89225991134,15584.309604684142,26946.319458840728,2.8938608433189703,2.616845666985662,361.9610686984253,62.60438177775068,55.585290329465074,42.93858642506458,791.3992754667695,305.6677591482911,164.91465860515973,10.896004684809732,Fatigue
