emg_rms,emg_mav,emg_variance,emg_std,emg_waveform_length,emg_zero_crossing,emg_ssc,emg_kurtosis,emg_skewness,emg_peak,emg_median_freq,emg_mean_freq,emg_peak_freq,emg_total_power,emg_power_low,emg_power_mid,emg_power_high,class_name
59.04900532940941,20.77417584333423,2131.8261892954497,58.03867123569978,368775.6304598789,10158.149950905068,27046.616989667797,7.637714113198258,0.5418196343012098,2.469695742775002,77.6900397508948,88.31929196704424,70.6126751064421,622.0338996113925,351.3083875346382,368.6247495229324,27.06194552317283,Fatigue
