emg_rms,emg_mav,emg_variance,emg_std,emg_waveform_length,emg_zero_crossing,emg_ssc,emg_kurtosis,emg_skewness,emg_peak,emg_median_freq,emg_mean_freq,emg_peak_freq,emg_total_power,emg_power_low,emg_power_mid,emg_power_high,class_name
59.09223157207556,7.666413380988153,931.82617179917,27.934312889614908,197612.95045646053,13018.596928593452,26089.96431840837,9.043022002205062,0.9925611657478852,172.3412478468838,59.70526880884985,72.5794682712797,44.68953688069773,609.363437069734,421.701936492932,772.064180888131,-65.2969954764301,Fatigue
