emg_rms,emg_mav,emg_variance,emg_std,emg_waveform_length,emg_zero_crossing,emg_ssc,emg_kurtosis,emg_skewness,emg_peak,emg_median_freq,emg_mean_freq,emg_peak_freq,emg_total_power,emg_power_low,emg_power_mid,emg_power_high,class_name
26.47525944608877,6.568723550864844,4614.649272558422,47.458840687300906,668558.0853637379,13938.785301814576,33403.33076422528,16.233819834986353,-0.8643004831197482,335.4880278808694,73.35294077243412,79.76009546482271,66.29990379681512,-190.2164547547324,-108.71476795268882,-405.8055686170537,5.105426337705367,Fatigue
