emg_rms,emg_mav,emg_variance,emg_std,emg_waveform_length,emg_zero_crossing,emg_ssc,emg_kurtosis,emg_skewness,emg_peak,emg_median_freq,emg_mean_freq,emg_peak_freq,emg_total_power,emg_power_low,emg_power_mid,emg_power_high,class_name
58.32088761224172,5.374253378919924,255.2145094759219,33.60156503266765,650877.8427580192,13517.24711647778,35426.058463084846,8.409172749004302,-0.077854712456706,211.2606062742008,85.11077045848867,75.29275074336648,45.11540570500429,367.7254622564631,7.724244834006754,357.0998164504531,22.85819232751936,Fatigue
