emg_rms,emg_mav,emg_variance,emg_std,emg_waveform_length,emg_zero_crossing,emg_ssc,emg_kurtosis,emg_skewness,emg_peak,emg_median_freq,emg_mean_freq,emg_peak_freq,emg_total_power,emg_power_low,emg_power_mid,emg_power_high,class_name
38.0937315635317,4.928675774415407,892.4359603533077,63.28421179557365,454625.2517651538,11270.421171986764,25613.36725188184,22.5926811491434,1.533073446918809,253.6734407189817,85.47377191737135,111.03780818085694,66.80892352050128,288.1212280526622,-8.944142010553549,662.1553452819778,9.782148649142318,Fatigue
