emg_rms,emg_mav,emg_variance,emg_std,emg_waveform_length,emg_zero_crossing,emg_ssc,emg_kurtosis,emg_skewness,emg_peak,emg_median_freq,emg_mean_freq,emg_peak_freq,emg_total_power,emg_power_low,emg_power_mid,emg_power_high,class_name
31.28759712689702,16.468151195186625,5666.971336085825,50.2398477719523,135187.9110855111,14754.379138748063,30877.624107467866,16.449201332348654,1.3867946116755383,280.1117978399945,65.06132201942417,83.03380286887418,70.69535850858155,647.684834912135,354.45705519357534,886.4227630067538,39.21883108308352,Fatigue
