emg_rms,emg_mav,emg_variance,emg_std,emg_waveform_length,emg_zero_crossing,emg_ssc,emg_kurtosis,emg_skewness,emg_peak,emg_median_freq,emg_mean_freq,emg_peak_freq,emg_total_power,emg_power_low,emg_power_mid,emg_power_high,class_name
23.637986346650106,32.04725687445084,1011.598305448415,51.06685428615665,886432.1134594651,7371.880930965709,29394.12824943237,15.83349751757791,0.8005981290959076,341.8269223668204,82.12526210177049,49.411409853981326,56.82447033242887,-340.2052353931384,17.87895288246095,436.5710897557617,10.627118875914142,Fatigue
