emg_rms,emg_mav,emg_variance,emg_std,emg_waveform_length,emg_zero_crossing,emg_ssc,emg_kurtosis,emg_skewness,emg_peak,emg_median_freq,emg_mean_freq,emg_peak_freq,emg_total_power,emg_power_low,emg_power_mid,emg_power_high,class_name
75.37670138103363,24.783313825677507,2205.771535286757,45.87317991898868,338228.6340037108,13081.567470676946,30449.33011196094,16.723059645909995,-1.0454929232133856,251.8073530365912,85.77229843060009,64.8259495743909,77.36315771279972,644.8821479032566,38.58456706052033,445.7177659625976,-0.8111350670050612,Fatigue
