emg_rms,emg_mav,emg_variance,emg_std,emg_waveform_length,emg_zero_crossing,emg_ssc,emg_kurtosis,emg_skewness,emg_peak,emg_median_freq,emg_mean_freq,emg_peak_freq,emg_total_power,emg_power_low,emg_power_mid,emg_power_high,class_name
10.13969911731954,2.872664188537657,964.0905245608776,12.68662687771144,439176.4812156225,16171.028621093174,34918.35114553048,5.516280476612789,-1.505926049976393,386.9680981147335,50.33181490200142,39.486007467155645,49.63742690113423,-36.85976669832104,82.62162285477957,799.6446211201977,25.0681431831927,Fatigue
