emg_rms,emg_mav,emg_variance,emg_std,emg_waveform_length,emg_zero_crossing,emg_ssc,emg_kurtosis,emg_skewness,emg_peak,emg_median_freq,emg_mean_freq,emg_peak_freq,emg_total_power,emg_power_low,emg_power_mid,emg_power_high,class_name
26.952681982330432,42.919243638597024,2735.57017075951,44.328235072714286,585269.7209171453,13091.15611989098,33370.29041835509,9.18191627526203,-1.8439676824389652,371.5632092804565,88.00620029673564,85.96411565603081,73.27059013755878,549.1380890797698,-148.58870225796346,517.2665631401735,-18.9141490215124,Fatigue
