emg_rms,emg_mav,emg_variance,emg_std,emg_waveform_length,emg_zero_crossing,emg_ssc,emg_kurtosis,emg_skewness,emg_peak,emg_median_freq,emg_mean_freq,emg_peak_freq,emg_total_power,emg_power_low,emg_power_mid,emg_power_high,class_name
59.19685307435756,13.976045236569668,-615.5566246307594,25.67100826923337,580304.2476990698,9723.94164492558,22184.23386164685,7.102543395516223,0.8876573153406112,182.07804300458608,42.63842133086433,65.83078007377817,39.019429299327925,294.9204126456656,159.04326434985134,270.3546880554287,19.64412416540005,Fatigue
