emg_rms,emg_mav,emg_variance,emg_std,emg_waveform_length,emg_zero_crossing,emg_ssc,emg_kurtosis,emg_skewness,emg_peak,emg_median_freq,emg_mean_freq,emg_peak_freq,emg_total_power,emg_power_low,emg_power_mid,emg_power_high,class_name
14.788593564938118,21.819717993613157,3355.21550902349,84.31201244012445,640290.6388290621,14508.287140253531,33128.00524144426,10.965696435163776,0.2137680644394491,529.8267716533168,74.50955899347963,86.15083727097786,51.59619714091205,563.9516618858223,45.87456914861701,595.411555912013,-16.86232075540567,Fatigue
