emg_rms,emg_mav,emg_variance,emg_std,emg_waveform_length,emg_zero_crossing,emg_ssc,emg_kurtosis,emg_skewness,emg_peak,emg_median_freq,emg_mean_freq,emg_peak_freq,emg_total_power,emg_power_low,emg_power_mid,emg_power_high,class_name
41.87679323348479,13.620853856663125,-1369.6733330225145,40.06069076644772,316860.5183658484,14854.441724975748,31007.100666582384,12.37043022922925,-1.1887238958570878,182.97327029239108,73.23476563221348,61.190971315418295,77.77645271056069,529.0092563916743,195.39909815377376,648.0504407861145,22.06679117831967,Fatigue
