emg_rms,emg_mav,emg_variance,emg_std,emg_waveform_length,emg_zero_crossing,emg_ssc,emg_kurtosis,emg_skewness,emg_peak,emg_median_freq,emg_mean_freq,emg_peak_freq,emg_total_power,emg_power_low,emg_power_mid,emg_power_high,class_name
21.10669723404433,18.37619745500957,5697.773587533813,56.25235654634293,339114.26896050887,16687.014037999234,29066.207990155508,8.000838377853846,0.0604203323844353,414.377609011549,81.39464004761462,89.46020361177014,40.7112087695598,-99.37675532330178,56.50278903535879,-103.87130809169486,29.06080092159143,Fatigue
