emg_rms,emg_mav,emg_variance,emg_std,emg_waveform_length,emg_zero_crossing,emg_ssc,emg_kurtosis,emg_skewness,emg_peak,emg_median_freq,emg_mean_freq,emg_peak_freq,emg_total_power,emg_power_low,emg_power_mid,emg_power_high,class_name
56.84864067894728,7.625120303761019,5012.342412148067,37.86817103001429,253677.6790862604,9765.334282372029,27798.32978620316,7.973807686776013,-0.1121429165716124,77.94991845225738,78.31152763256033,80.16290450769738,35.714295314274025,-223.30663428378108,-21.67358336659578,19.48179392915705,14.954334706416986,Fatigue
