emg_rms,emg_mav,emg_variance,emg_std,emg_waveform_length,emg_zero_crossing,emg_ssc,emg_kurtosis,emg_skewness,emg_peak,emg_median_freq,emg_mean_freq,emg_peak_freq,emg_total_power,emg_power_low,emg_power_mid,emg_power_high,class_name
28.274847774219847,3.603244934860101,483.151935143311,62.45161079099728,108611.55452826974,16717.14677244305,27289.26107283126,10.20208228550807,-2.796721023088772,311.60436864552645,63.68021804287626,69.11843409608502,53.912662508115865,288.0125866780595,152.24452642784908,336.94295463949817,-45.48693059854502,Fatigue
