emg_rms,emg_mav,emg_variance,emg_std,emg_waveform_length,emg_zero_crossing,emg_ssc,emg_kurtosis,emg_skewness,emg_peak,emg_median_freq,emg_mean_freq,emg_peak_freq,emg_total_power,emg_power_low,emg_power_mid,emg_power_high,class_name
58.20021092022659,2.262421486406786,2511.433157071433,51.977040391359,347405.9015971746,10897.714651830893,29400.591504667045,20.971854130789424,-1.5722102038287085,167.92485859871584,82.29131933445704,97.58719412414436,84.67748568109438,1305.019503266609,-71.68731362968882,276.5141508295814,13.452161515500974,Fatigue
