emg_rms,emg_mav,emg_variance,emg_std,emg_waveform_length,emg_zero_crossing,emg_ssc,emg_kurtosis,emg_skewness,emg_peak,emg_median_freq,emg_mean_freq,emg_peak_freq,emg_total_power,emg_power_low,emg_power_mid,emg_power_high,class_name
31.09515245336237,30.662216180497136,4436.216667076331,28.9392860435765,315229.4893551506,7058.447678024235,31013.445736288457,9.133438108044867,1.0520821678898258,224.3804892967495,67.24603335384849,59.67938640418842,61.92795465284442,446.8406170002272,174.22124501485916,-167.61731460007115,-24.485390364443248,Fatigue
