emg_rms,emg_mav,emg_variance,emg_std,emg_waveform_length,emg_zero_crossing,emg_ssc,emg_kurtosis,emg_skewness,emg_peak,emg_median_freq,emg_mean_freq,emg_peak_freq,emg_total_power,emg_power_low,emg_power_mid,emg_power_high,class_name
53.72615120746688,23.652693937223276,-905.5121013675752,33.60475707280024,216777.96567026773,14281.379561554337,33948.21653971458,5.911527964338931,-0.4117424209544823,315.27078229659696,73.98071901188771,75.8854203492162,79.52002377484521,449.01160274370136,314.472970665234,113.6505578746015,40.70435802039832,Fatigue
