emg_rms,emg_mav,emg_variance,emg_std,emg_waveform_length,emg_zero_crossing,emg_ssc,emg_kurtosis,emg_skewness,emg_peak,emg_median_freq,emg_mean_freq,emg_peak_freq,emg_total_power,emg_power_low,emg_power_mid,emg_power_high,class_name
46.66767244821972,9.014857784337073,2936.4533418990827,37.15365173289172,414376.6952832447,12356.88533827206,23105.29020831266,5.928541262120984,-0.274632844617249,206.51262000309123,81.94333554963336,93.54060524621546,49.72832156969732,1491.4958240035903,329.069539822817,736.0733448109132,18.57613353207164,Fatigue
