emg_rms,emg_mav,emg_variance,emg_std,emg_waveform_length,emg_zero_crossing,emg_ssc,emg_kurtosis,emg_skewness,emg_peak,emg_median_freq,emg_mean_freq,emg_peak_freq,emg_total_power,emg_power_low,emg_power_mid,emg_power_high,class_name
44.90010111905464,34.22109091045636,2568.347107251562,38.97309508793232,491414.606108684,8714.310113710808,27824.115424937667,9.98508905574435,-0.7209411890366458,454.9323127713676,57.49097370702951,93.22455444758428,59.105458337018064,-280.2469723483868,49.05639861715326,616.0107065829202,37.00701477323908,Fatigue
