emg_rms,emg_mav,emg_variance,emg_std,emg_waveform_length,emg_zero_crossing,emg_ssc,emg_kurtosis,emg_skewness,emg_peak,emg_median_freq,emg_mean_freq,emg_peak_freq,emg_total_power,emg_power_low,emg_power_mid,emg_power_high,class_name
26.02376688495428,20.979185768782703,611.790835017367,27.93440750818393,511726.664409198,16848.688330444555,27112.588254782764,12.231787437394038,-0.511770254769303,274.9210071671389,86.11329539322242,80.34182694955612,65.43375531631482,533.3064835019759,83.98827820458709,422.53520977805294,-3.0107863559700583,Fatigue
