emg_rms,emg_mav,emg_variance,emg_std,emg_waveform_length,emg_zero_crossing,emg_ssc,emg_kurtosis,emg_skewness,emg_peak,emg_median_freq,emg_mean_freq,emg_peak_freq,emg_total_power,emg_power_low,emg_power_mid,emg_power_high,class_name
8.45158281711241,38.76733814789473,1283.109116868306,-2.5866821656397008,357606.8320905364,17080.44075128411,37274.71807920815,16.564280723229736,-1.684939520898381,342.4871151641521,103.68608035759856,85.95502363552966,68.16981309982168,541.5856615492094,251.9678383876949,3.326778107461621,4.035768746760885,Fatigue
