emg_rms,emg_mav,emg_variance,emg_std,emg_waveform_length,emg_zero_crossing,emg_ssc,emg_kurtosis,emg_skewness,emg_peak,emg_median_freq,emg_mean_freq,emg_peak_freq,emg_total_power,emg_power_low,emg_power_mid,emg_power_high,class_name
75.70850073427593,27.22239270274568,4064.132836440415,11.579022804934812,239203.29263351232,9149.718269131305,31387.318770364247,1.3231892668337633,0.5366317888216633,115.32022464049832,67.77368700272766,70.50893216660307,51.982429551750286,713.9676984394322,149.05967803238096,221.6486484902288,9.592462321251002,Fatigue
