emg_rms,emg_mav,emg_variance,emg_std,emg_waveform_length,emg_zero_crossing,emg_ssc,emg_kurtosis,emg_skewness,emg_peak,emg_median_freq,emg_mean_freq,emg_peak_freq,emg_total_power,emg_power_low,emg_power_mid,emg_power_high,class_name
7.3096318358788,13.659534180313582,2592.057794415742,0.59254227331256,336820.0363229919,4876.692490859216,28515.022170671917,7.826131048476897,-0.5390914913432795,397.9637039680557,35.4586716761746,105.11522153696536,55.27116353671074,205.36865561813937,476.162133480335,400.19062913274576,-20.19098846144807,Fatigue
