emg_rms,emg_mav,emg_variance,emg_std,emg_waveform_length,emg_zero_crossing,emg_ssc,emg_kurtosis,emg_skewness,emg_peak,emg_median_freq,emg_mean_freq,emg_peak_freq,emg_total_power,emg_power_low,emg_power_mid,emg_power_high,class_name
55.94595261548922,18.500946037659496,5467.476676449309,53.76371282376039,763684.2518839119,16166.757705664688,27291.8963334236,6.490533355719432,1.1523051535845896,348.97521448740486,57.69736458301395,74.26219054564609,54.56845416698936,333.811833683532,62.01127205643816,-295.94249353725684,6.2606040523206286,Fatigue
