emg_rms,emg_mav,emg_variance,emg_std,emg_waveform_length,emg_zero_crossing,emg_ssc,emg_kurtosis,emg_skewness,emg_peak,emg_median_freq,emg_mean_freq,emg_peak_freq,emg_total_power,emg_power_low,emg_power_mid,emg_power_high,class_name
55.08627005545742,24.45854703958469,2511.686700945483,47.77118525945115,523828.0889989572,15219.896199875457,29330.80502426011,6.639670695775039,2.02500201333298,457.6540421365321,74.90411267970829,55.84661700128551,49.93002050459143,1104.1241212890236,190.1079200667417,401.3392351852263,36.08148088789616,Fatigue
