emg_rms,emg_mav,emg_variance,emg_std,emg_waveform_length,emg_zero_crossing,emg_ssc,emg_kurtosis,emg_skewness,emg_peak,emg_median_freq,emg_mean_freq,emg_peak_freq,emg_total_power,emg_power_low,emg_power_mid,emg_power_high,class_name
34.868303687088094,-5.339208060745818,541.1074955718991,21.40599538810183,311569.25714100804,11270.461285516092,24651.85211818962,8.410228012334326,0.3397996007434541,370.3538862070774,63.584614239060855,91.74115189410776,68.64226347100433,-346.64762745122454,99.86707637924584,729.9408310252575,20.717642870692323,Fatigue
