emg_rms,emg_mav,emg_variance,emg_std,emg_waveform_length,emg_zero_crossing,emg_ssc,emg_kurtosis,emg_skewness,emg_peak,emg_median_freq,emg_mean_freq,emg_peak_freq,emg_total_power,emg_power_low,emg_power_mid,emg_power_high,class_name
7.295524353785684,20.68033686465443,-1867.9960268901093,18.525853074016528,617209.6646858235,10682.179420870403,25673.307948261947,7.328030482652532,-0.9429490400326332,203.5466652615761,67.57616801406823,95.27040438011676,68.75356813144268,927.7690933073252,194.9772372433968,1162.495974602421,3.194368053908212,Fatigue
