emg_rms,emg_mav,emg_variance,emg_std,emg_waveform_length,emg_zero_crossing,emg_ssc,emg_kurtosis,emg_skewness,emg_peak,emg_median_freq,emg_mean_freq,emg_peak_freq,emg_total_power,emg_power_low,emg_power_mid,emg_power_high,class_name
55.07422141674722,26.42813644820358,-172.8270325081833,-0.3255237346344941,232540.2511444748,8925.154318262183,24432.36269198637,14.016619302049582,-0.8700517983620156,197.96883798480843,52.30528206000989,67.348842808454,71.33831752516832,626.8409094251415,212.0979639459476,-149.74021692489208,38.64526851189888,Fatigue
