emg_rms,emg_mav,emg_variance,emg_std,emg_waveform_length,emg_zero_crossing,emg_ssc,emg_kurtosis,emg_skewness,emg_peak,emg_median_freq,emg_mean_freq,emg_peak_freq,emg_total_power,emg_power_low,emg_power_mid,emg_power_high,class_name
30.634241432193583,8.465693077520768,2276.312415559665,91.68880926755828,220984.92018796265,12763.523945617551,21975.788971617658,12.61128535382696,-0.5178237091822391,397.7721256144469,54.93289421656787,88.71421873077617,56.3869354897231,393.0935356922868,-11.332957572123291,290.00540867158185,-9.370732731269712,Fatigue
