emg_rms,emg_mav,emg_variance,emg_std,emg_waveform_length,emg_zero_crossing,emg_ssc,emg_kurtosis,emg_skewness,emg_peak,emg_median_freq,emg_mean_freq,emg_peak_freq,emg_total_power,emg_power_low,emg_power_mid,emg_power_high,class_name
52.69317992807574,17.97993656442483,3082.975148782921,54.87720528755634,488184.2716369015,6506.127744715778,33191.86326656959,9.069000867578746,1.0244769251952943,125.6722100753336,73.38291762437589,104.02383313787044,55.26514193359164,616.6629523426661,-30.640053642793877,466.4602884773042,-6.389710276786737,Fatigue
