emg_rms,emg_mav,emg_variance,emg_std,emg_waveform_length,emg_zero_crossing,emg_ssc,emg_kurtosis,emg_skewness,emg_peak,emg_median_freq,emg_mean_freq,emg_peak_freq,emg_total_power,emg_power_low,emg_power_mid,emg_power_high,class_name
41.07681440891676,9.829766298208042,191.65943241008156,0.111054197059019,427617.8317951722,16020.53724931518,24150.37068049484,15.195063283911123,0.0205314702697941,345.07140191030845,61.54115648737937,77.96206597599348,60.120498978465,224.56978953301197,-60.58642214342029,264.4064825780333,44.310093850591855,Fatigue
