emg_rms,emg_mav,emg_variance,emg_std,emg_waveform_length,emg_zero_crossing,emg_ssc,emg_kurtosis,emg_skewness,emg_peak,emg_median_freq,emg_mean_freq,emg_peak_freq,emg_total_power,emg_power_low,emg_power_mid,emg_power_high,class_name
5.18658217875862,18.03963313825988,606.497853212142,54.25011065341263,600620.6995857777,15379.541643266508,22798.121768502937,4.660234014562058,0.214718694886337,227.46533739073385,96.905712076449,80.26502830742274,39.77321858989284,1240.5058155893407,-129.81359725071798,74.04425791696397,-26.82779932869434,Fatigue
