emg_rms,emg_mav,emg_variance,emg_std,emg_waveform_length,emg_zero_crossing,emg_ssc,emg_kurtosis,emg_skewness,emg_peak,emg_median_freq,emg_mean_freq,emg_peak_freq,emg_total_power,emg_power_low,emg_power_mid,emg_power_high,class_name
-9.640040682890266,30.876393784889416,4404.474605543306,24.236898539591685,190492.9522522384,14456.930676589604,25840.30706806216,12.780696734141042,-0.2687855402709384,325.1461845404516,56.53505851202226,70.73344107741542,45.62336625875756,1142.8720002745622,208.50797705886083,245.4502926182192,8.622409176644577,Fatigue
