emg_rms,emg_mav,emg_variance,emg_std,emg_waveform_length,emg_zero_crossing,emg_ssc,emg_kurtosis,emg_skewness,emg_peak,emg_median_freq,emg_mean_freq,emg_peak_freq,emg_total_power,emg_power_low,emg_power_mid,emg_power_high,class_name
53.67129371993119,32.82154718162859,5039.335090559976,36.35206922843144,572637.8970684905,16719.264804471968,30991.092097942616,17.35813925023634,-0.5278729100789336,395.5247588808229,78.37544167284334,73.78833415675567,25.37225427616944,440.5152136823432,301.6884863583582,361.0372814109362,-18.32238801498089,Fatigue
