emg_rms,emg_mav,emg_variance,emg_std,emg_waveform_length,emg_zero_crossing,emg_ssc,emg_kurtosis,emg_skewness,emg_peak,emg_median_freq,emg_mean_freq,emg_peak_freq,emg_total_power,emg_power_low,emg_power_mid,emg_power_high,class_name
23.6878864774382,9.144156261816516,4318.152161511827,5.494122586062243,530380.7199766941,11506.875094814202,33644.66207881617,9.809094803629186,-0.704731806667432,243.5000730174413,72.3221281611623,59.23333587975553,56.78282992084158,283.9874772842203,169.5939004922555,-510.591374426604,52.82140458342996,Fatigue
