emg_rms,emg_mav,emg_variance,emg_std,emg_waveform_length,emg_zero_crossing,emg_ssc,emg_kurtosis,emg_skewness,emg_peak,emg_median_freq,emg_mean_freq,emg_peak_freq,emg_total_power,emg_power_low,emg_power_mid,emg_power_high,class_name
9.500432440407115,17.630983382704482,3434.455625832431,31.29570469592796,-20146.22688690864,14567.218185602218,21390.03666910043,9.382207155055472,-0.219436539731829,269.3714711915966,56.72876115731415,71.14195853506156,57.65118578154869,450.4999600534592,35.745273497289034,688.9143337270805,32.026515710222846,Fatigue
