emg_rms,emg_mav,emg_variance,emg_std,emg_waveform_length,emg_zero_crossing,emg_ssc,emg_kurtosis,emg_skewness,emg_peak,emg_median_freq,emg_mean_freq,emg_peak_freq,emg_total_power,emg_power_low,emg_power_mid,emg_power_high,class_name
59.64218905581271,13.578780956347652,-138.93490758336134,77.04562729894445,386371.3286452757,19824.20922862805,23665.176673145103,7.825794500182819,-1.2370206063952862,322.5903150729914,76.55060649639873,67.26759057996932,52.76202400296432,372.48997504359954,300.48863582973377,221.2730404310933,13.691199165571524,Fatigue
