emg_rms,emg_mav,emg_variance,emg_std,emg_waveform_length,emg_zero_crossing,emg_ssc,emg_kurtosis,emg_skewness,emg_peak,emg_median_freq,emg_mean_freq,emg_peak_freq,emg_total_power,emg_power_low,emg_power_mid,emg_power_high,class_name
55.075884755215526,16.643932190381932,1615.5592983723077,39.21458961846987,361026.6786089989,12873.268006037486,23926.73664325845,13.637536636774351,0.5771292498831312,132.5744446980409,68.27760772258726,81.0612511373266,53.40412038992476,440.2177206068466,343.0768293955939,245.1341537978716,23.258301041785,Fatigue
