emg_rms,emg_mav,emg_variance,emg_std,emg_waveform_length,emg_zero_crossing,emg_ssc,emg_kurtosis,emg_skewness,emg_peak,emg_median_freq,emg_mean_freq,emg_peak_freq,emg_total_power,emg_power_low,emg_power_mid,emg_power_high,class_name
41.98827058652359,33.17938488486818,1048.9506124003549,24.933348526984886,621199.3932921598,15200.71802110615,24575.44466330019,4.898503556377326,2.0456204816611065,562.5793583219679,54.43353478802759,76.13880690895635,45.064772027895735,991.6781243421387,343.39712112235463,41.152116463515256,54.71858417431634,Fatigue
