emg_rms,emg_mav,emg_variance,emg_std,emg_waveform_length,emg_zero_crossing,emg_ssc,emg_kurtosis,emg_skewness,emg_peak,emg_median_freq,emg_mean_freq,emg_peak_freq,emg_total_power,emg_power_low,emg_power_mid,emg_power_high,class_name
71.42097555941243,33.863263262033975,2928.429987038848,34.91857346555085,649610.7578247203,12794.900564547008,32625.388163061994,14.66005981852997,-0.0059950438706505,122.35931860279284,71.28153262627663,85.04210647603851,59.56999932252211,763.8726107315817,-66.67942708106148,-394.835527335324,40.15901616402025,Fatigue
