emg_rms,emg_mav,emg_variance,emg_std,emg_waveform_length,emg_zero_crossing,emg_ssc,emg_kurtosis,emg_skewness,emg_peak,emg_median_freq,emg_mean_freq,emg_peak_freq,emg_total_power,emg_power_low,emg_power_mid,emg_power_high,class_name
71.14998855626627,26.61961093460115,2618.8936486881066,19.56828959153409,737558.568587708,18043.53423217117,28515.008747510237,8.552356779915444,-1.109677295943876,358.24613511585306,61.79636731498746,78.66326698599212,59.76786323831492,290.05152481793283,67.36644252504006,189.907150216881,-30.271644957149547,Fatigue
