emg_rms,emg_mav,emg_variance,emg_std,emg_waveform_length,emg_zero_crossing,emg_ssc,emg_kurtosis,emg_skewness,emg_peak,emg_median_freq,emg_mean_freq,emg_peak_freq,emg_total_power,emg_power_low,emg_power_mid,emg_power_high,class_name
47.8871141211134,14.964826505715548,-561.0689412074653,22.43094404787975,589091.1257872828,11268.882243017932,28752.948141377005,2.187400371424932,1.1378047348014633,340.7925998765781,59.07817474281608,115.44665974228135,63.20752019763448,898.1236489878041,120.13324643837072,-170.2683174757035,-3.1746001946033537,Fatigue
