emg_rms,emg_mav,emg_variance,emg_std,emg_waveform_length,emg_zero_crossing,emg_ssc,emg_kurtosis,emg_skewness,emg_peak,emg_median_freq,emg_mean_freq,emg_peak_freq,emg_total_power,emg_power_low,emg_power_mid,emg_power_high,class_name
60.58917719145197,17.77208148768231,-1695.6433421208662,35.36066512919256,475159.2026670444,13539.216896588014,26961.84041944261,2.3024954608675525,-0.9899380766195388,188.04300696692428,68.50706812557897,86.1158802124057,74.47674325438824,34.80426115034635,258.04912924782604,697.1725095822343,51.33562365151923,Fatigue
