emg_rms,emg_mav,emg_variance,emg_std,emg_waveform_length,emg_zero_crossing,emg_ssc,emg_kurtosis,emg_skewness,emg_peak,emg_median_freq,emg_mean_freq,emg_peak_freq,emg_total_power,emg_power_low,emg_power_mid,emg_power_high,class_name
16.749169040637522,-0.9649767166368513,937.5989162105168,7.786116496686379,678447.8837334833,9132.404919088422,27882.896143439782,10.93123451524503,1.9917618073266985,203.44553443583067,57.13859750440129,94.33295102716122,74.15597434977313,804.9518023784797,-79.58155268653329,548.8045024767679,56.15967436557797,Fatigue
