emg_rms,emg_mav,emg_variance,emg_std,emg_waveform_length,emg_zero_crossing,emg_ssc,emg_kurtosis,emg_skewness,emg_peak,emg_median_freq,emg_mean_freq,emg_peak_freq,emg_total_power,emg_power_low,emg_power_mid,emg_power_high,class_name
58.69543085497045,26.766539654612004,2085.852700178347,46.78623958327709,570449.2326088538,13163.102242724352,26692.27911467213,11.359648506867185,-0.5455333331337842,468.2378883085093,64.56124915875023,94.55442451913125,50.20051803032394,874.5751398329502,500.7095565365397,129.11915580197024,9.743925913643745,Fatigue
