emg_rms,emg_mav,emg_variance,emg_std,emg_waveform_length,emg_zero_crossing,emg_ssc,emg_kurtosis,emg_skewness,emg_peak,emg_median_freq,emg_mean_freq,emg_peak_freq,emg_total_power,emg_power_low,emg_power_mid,emg_power_high,class_name
63.29551253082485,11.082487125855614,-246.2942845645589,39.45443165671462,215373.2062846801,15297.08713598371,27531.310191800512,13.26894351490002,-1.5732832578787637,280.6889724352381,72.14295800840597,81.59390955503868,63.718263041041965,832.4997105997968,20.754999727503304,355.8057513059585,71.07926708351022,Fatigue
