emg_rms,emg_mav,emg_variance,emg_std,emg_waveform_length,emg_zero_crossing,emg_ssc,emg_kurtosis,emg_skewness,emg_peak,emg_median_freq,emg_mean_freq,emg_peak_freq,emg_total_power,emg_power_low,emg_power_mid,emg_power_high,class_name
37.72642036948349,22.312791517122424,3463.7674703475777,29.61228259043657,206618.57784018115,10450.202132147908,28432.85510894683,14.206072016954378,0.2806756013440295,222.79584981312743,56.83590379069911,89.64881054993558,63.93969460678914,587.7037877188056,302.1278902653331,379.06811826978696,42.188292908248194,Fatigue
