emg_rms,emg_mav,emg_variance,emg_std,emg_waveform_length,emg_zero_crossing,emg_ssc,emg_kurtosis,emg_skewness,emg_peak,emg_median_freq,emg_mean_freq,emg_peak_freq,emg_total_power,emg_power_low,emg_power_mid,emg_power_high,class_name
75.78396445807812,8.172324105520053,-387.7201431988142,68.87324742212664,347395.8952987516,13026.49473985627,27241.223715917207,9.711771179544652,-0.4840197056843857,425.50701509916337,80.35948451480351,72.37983286981014,67.56370867132883,-11.564295899651768,332.22258299045194,73.22044935435474,0.1651879391578994,Fatigue
