emg_rms,emg_mav,emg_variance,emg_std,emg_waveform_length,emg_zero_crossing,emg_ssc,emg_kurtosis,emg_skewness,emg_peak,emg_median_freq,emg_mean_freq,emg_peak_freq,emg_total_power,emg_power_low,emg_power_mid,emg_power_high,class_name
17.168736870806544,13.942070137814174,717.4106886291327,24.91440716031479,694514.6856024689,15567.013443940248,27434.09145904225,11.224652227277526,0.9129793104429696,386.6151038607364,78.53007887021819,76.4119082910104,31.016275154719505,666.6808855223264,-70.93753645349113,300.2017877713712,51.78433180657782,Fatigue
