emg_rms,emg_mav,emg_variance,emg_std,emg_waveform_length,emg_zero_crossing,emg_ssc,emg_kurtosis,emg_skewness,emg_peak,emg_median_freq,emg_mean_freq,emg_peak_freq,emg_total_power,emg_power_low,emg_power_mid,emg_power_high,class_name
37.26149160046436,3.836511771965249,1984.8896805339648,12.25386517653273,537460.4765085148,10245.992234871026,31616.304210698527,12.645755095652351,-2.8224433175817167,278.0860377014276,86.9382049435625,72.41219944618918,60.737199972230805,156.72993895962662,212.61279329044945,453.559403689041,7.958044915743677,Fatigue
