emg_rms,emg_mav,emg_variance,emg_std,emg_waveform_length,emg_zero_crossing,emg_ssc,emg_kurtosis,emg_skewness,emg_peak,emg_median_freq,emg_mean_freq,emg_peak_freq,emg_total_power,emg_power_low,emg_power_mid,emg_power_high,class_name
39.95943155587661,18.510931115249928,449.7202284843222,26.525458618157234,421874.2388066111,14668.782644834837,21080.90883053044,9.381944253987518,-0.6992126162795798,302.69244196201674,91.98923499501768,84.849601255153,48.10300778108004,769.9935072316009,139.73796475410143,772.4370964027298,-63.673174923379136,Fatigue
