emg_rms,emg_mav,emg_variance,emg_std,emg_waveform_length,emg_zero_crossing,emg_ssc,emg_kurtosis,emg_skewness,emg_peak,emg_median_freq,emg_mean_freq,emg_peak_freq,emg_total_power,emg_power_low,emg_power_mid,emg_power_high,class_name
49.86057451373988,18.234771252404016,1725.302150639525,23.784113794208253,228389.9635072621,12077.78991421188,37389.238771870965,6.199379152599564,0.6064301452213325,136.10844008981172,44.54019108184509,75.56555799614861,36.73237065176238,311.1504718395984,354.233773657239,51.184140120570135,20.49390609007825,Fatigue
