emg_rms,emg_mav,emg_variance,emg_std,emg_waveform_length,emg_zero_crossing,emg_ssc,emg_kurtosis,emg_skewness,emg_peak,emg_median_freq,emg_mean_freq,emg_peak_freq,emg_total_power,emg_power_low,emg_power_mid,emg_power_high,class_name
42.93767599639042,14.35273792254224,1163.907372482611,34.18221683928087,364784.6981062007,11427.563603450952,19271.82332693066,8.66974156884521,0.029733952305142,-1.606146847634136,84.50475174017112,77.28177957186087,60.35191015728791,994.6059855372098,302.4271272960729,518.6018761982787,64.12434959742882,Fatigue
