emg_rms,emg_mav,emg_variance,emg_std,emg_waveform_length,emg_zero_crossing,emg_ssc,emg_kurtosis,emg_skewness,emg_peak,emg_median_freq,emg_mean_freq,emg_peak_freq,emg_total_power,emg_power_low,emg_power_mid,emg_power_high,class_name
39.81566843914495,20.01522648462801,1856.3067174106448,26.87353501744668,741314.860593939,17154.89253319412,29466.70151173624,10.53618879368254,-0.1476678377218695,139.20236131744542,30.25605726157708,60.10424518401819,40.32332165912213,509.94669784106367,287.88582686425394,-782.1189191575675,-23.51912963251856,Fatigue
