emg_rms,emg_mav,emg_variance,emg_std,emg_waveform_length,emg_zero_crossing,emg_ssc,emg_kurtosis,emg_skewness,emg_peak,emg_median_freq,emg_mean_freq,emg_peak_freq,emg_total_power,emg_power_low,emg_power_mid,emg_power_high,class_name
10.906491718542483,16.005587383617986,3256.612857688354,5.755334588214513,395154.5737621552,16612.38750380123,35477.83831811276,17.228826438258228,1.217439707980224,280.3156627619023,48.512626239893,85.27192903537455,57.52440380020761,492.9536867111518,-182.29155913243855,-130.8808723062499,-12.01774098827418,Fatigue
