emg_rms,emg_mav,emg_variance,emg_std,emg_waveform_length,emg_zero_crossing,emg_ssc,emg_kurtosis,emg_skewness,emg_peak,emg_median_freq,emg_mean_freq,emg_peak_freq,emg_total_power,emg_power_low,emg_power_mid,emg_power_high,class_name
52.86410413721573,26.629130779953755,1161.2518443967751,53.91303432573383,331877.2381333499,15681.959179149717,24072.88369700564,9.628222851855512,-0.7115436958184296,315.2485799729339,47.57244903862829,74.84074538257187,75.12281876347916,-193.30363451132683,62.30421474301978,535.2547072467709,-31.15299276884144,Fatigue
