emg_rms,emg_mav,emg_variance,emg_std,emg_waveform_length,emg_zero_crossing,emg_ssc,emg_kurtosis,emg_skewness,emg_peak,emg_median_freq,emg_mean_freq,emg_peak_freq,emg_total_power,emg_power_low,emg_power_mid,emg_power_high,class_name
49.46133392527574,16.293843703995933,3391.790887717697,29.724957660974603,303748.85022519284,12417.499717929992,30677.3996795597,7.748833396093505,0.1691868815176062,418.1122705639013,100.75480570878509,94.65339526126758,76.39702313594981,267.58980517654936,297.1959376402163,-15.626225681631126,6.956118214056668,Fatigue
