emg_rms,emg_mav,emg_variance,emg_std,emg_waveform_length,emg_zero_crossing,emg_ssc,emg_kurtosis,emg_skewness,emg_peak,emg_median_freq,emg_mean_freq,emg_peak_freq,emg_total_power,emg_power_low,emg_power_mid,emg_power_high,class_name
-6.326553528764165,26.441940851839068,2750.03541903395,44.46088553288912,247286.7654360693,11899.504766123366,25952.68302508449,22.841285049632823,2.5244689919726078,268.681420116608,86.82816958177868,90.83687697995651,49.002035323311375,-108.01882414447272,-32.83306038517321,177.3027095301109,8.776469861914764,Fatigue
