emg_rms,emg_mav,emg_variance,emg_std,emg_waveform_length,emg_zero_crossing,emg_ssc,emg_kurtosis,emg_skewness,emg_peak,emg_median_freq,emg_mean_freq,emg_peak_freq,emg_total_power,emg_power_low,emg_power_mid,emg_power_high,class_name
22.48665756980966,8.236941413791035,1200.343754015258,66.19095421202978,342671.59853859985,15467.64217715245,24925.96151282332,5.3021841647602095,0.1799565814372857,157.7317139396551,68.29497292732171,77.20451689572583,37.73826090107141,912.5729332028856,478.5548127170666,424.9352745015229,-2.745934536584421,Fatigue
