emg_rms,emg_mav,emg_variance,emg_std,emg_waveform_length,emg_zero_crossing,emg_ssc,emg_kurtosis,emg_skewness,emg_peak,emg_median_freq,emg_mean_freq,emg_peak_freq,emg_total_power,emg_power_low,emg_power_mid,emg_power_high,class_name
43.3314204739832,18.257522918292256,-2226.756875264778,16.602701160095023,460104.17149538914,16672.953687032026,35138.8202343323,24.330996842105836,2.738314399521376,277.06330688268514,79.69173642627048,82.81742967145777,49.53827307937324,795.4701665082348,98.07542080256884,503.5083719837424,12.355427329657266,Fatigue
