emg_rms,emg_mav,emg_variance,emg_std,emg_waveform_length,emg_zero_crossing,emg_ssc,emg_kurtosis,emg_skewness,emg_peak,emg_median_freq,emg_mean_freq,emg_peak_freq,emg_total_power,emg_power_low,emg_power_mid,emg_power_high,class_name
28.45104170997635,3.369581159428177,821.3617591138832,45.407051659452165,618158.5379282513,11478.86711050346,29723.167238006947,11.27372563942425,0.7938063546994393,265.3477964033356,40.72853485625821,60.89022789565395,71.06416731629442,228.9098874843875,235.8457667487034,170.1455542182037,52.088803404911296,Fatigue
