emg_rms,emg_mav,emg_variance,emg_std,emg_waveform_length,emg_zero_crossing,emg_ssc,emg_kurtosis,emg_skewness,emg_peak,emg_median_freq,emg_mean_freq,emg_peak_freq,emg_total_power,emg_power_low,emg_power_mid,emg_power_high,class_name
51.85620681685841,22.717009977386024,-449.8887806342423,-6.135707867141683,640937.9986721028,17686.40670374158,30250.4532816286,19.60257300901796,0.945280698715575,579.7358903022107,85.11969944569222,80.28974016677655,78.62113601558127,197.76638346977157,225.09680914015448,-193.40038870552385,0.1532028657010968,Fatigue
