emg_rms,emg_mav,emg_variance,emg_std,emg_waveform_length,emg_zero_crossing,emg_ssc,emg_kurtosis,emg_skewness,emg_peak,emg_median_freq,emg_mean_freq,emg_peak_freq,emg_total_power,emg_power_low,emg_power_mid,emg_power_high,class_name
23.844812871061784,19.2709857844863,2090.1742384990825,21.023934426002796,312955.2514666299,11009.657134235424,25188.59881785753,16.016210411617063,1.64038888322859,276.1559506575243,51.65724178294979,68.58365100209295,38.60408374689663,1150.0338218155778,-39.8341423950574,762.4875689294463,-2.7787177490448727,Fatigue
