emg_rms,emg_mav,emg_variance,emg_std,emg_waveform_length,emg_zero_crossing,emg_ssc,emg_kurtosis,emg_skewness,emg_peak,emg_median_freq,emg_mean_freq,emg_peak_freq,emg_total_power,emg_power_low,emg_power_mid,emg_power_high,class_name
24.143631716785016,11.739334295516809,-1675.9268947955643,13.49726821342936,585081.9659895942,14294.672696968077,33916.41524282239,7.032175628344827,0.6205191072806269,359.0198295434192,84.24033829464551,106.52826676058756,32.73535149800675,666.0658141830384,40.569235102224624,98.3663695527996,29.213767724564235,Fatigue
