emg_rms,emg_mav,emg_variance,emg_std,emg_waveform_length,emg_zero_crossing,emg_ssc,emg_kurtosis,emg_skewness,emg_peak,emg_median_freq,emg_mean_freq,emg_peak_freq,emg_total_power,emg_power_low,emg_power_mid,emg_power_high,class_name
56.19276987196757,-5.747451867351924,-1341.6110236735258,47.31824108916959,167306.7212329614,12810.059687879357,24474.38226544775,7.472257838912776,2.063235301801401,256.17820930780704,67.02578611829476,79.27275370780892,73.06504622057048,287.09905880369524,60.784794624973216,657.4861576731423,-35.544984556545415,Fatigue
