emg_rms,emg_mav,emg_variance,emg_std,emg_waveform_length,emg_zero_crossing,emg_ssc,emg_kurtosis,emg_skewness,emg_peak,emg_median_freq,emg_mean_freq,emg_peak_freq,emg_total_power,emg_power_low,emg_power_mid,emg_power_high,class_name
-15.219144683063718,19.2609582193072,2434.154551828114,-6.145444233445552,532905.8033825196,14618.8815682253,25710.09287966693,5.262558542701842,0.6279439278297227,513.2642059574432,74.27325265227783,57.08989848416513,68.57333230239185,317.54164792431914,196.05880299770405,-39.35706863865221,-26.63308373740676,Fatigue
