emg_rms,emg_mav,emg_variance,emg_std,emg_waveform_length,emg_zero_crossing,emg_ssc,emg_kurtosis,emg_skewness,emg_peak,emg_median_freq,emg_mean_freq,emg_peak_freq,emg_total_power,emg_power_low,emg_power_mid,emg_power_high,class_name
36.12833226795205,14.788016921750591,3177.11647269096,41.15486451531031,633433.8774793274,15041.468632165705,26482.891966653748,6.282450343068273,-0.7148072047987578,279.6116075644712,93.32627131558246,69.42738622212556,58.67312823839103,384.557486449127,419.4078123366222,370.9107843286838,-6.468368236125379,Fatigue
