emg_rms,emg_mav,emg_variance,emg_std,emg_waveform_length,emg_zero_crossing,emg_ssc,emg_kurtosis,emg_skewness,emg_peak,emg_median_freq,emg_mean_freq,emg_peak_freq,emg_total_power,emg_power_low,emg_power_mid,emg_power_high,class_name
24.57035357289241,9.412094423654434,787.2357537781563,20.218686965057746,936138.4498166228,13920.802927221624,33464.39967856177,13.022134161594536,0.1708899428737147,387.7833016540458,76.91513200641931,61.82015647136856,49.80073852802612,1314.408496028238,-7.789393106269699,-243.91876587705556,-47.62709017057843,Fatigue
