emg_rms,emg_mav,emg_variance,emg_std,emg_waveform_length,emg_zero_crossing,emg_ssc,emg_kurtosis,emg_skewness,emg_peak,emg_median_freq,emg_mean_freq,emg_peak_freq,emg_total_power,emg_power_low,emg_power_mid,emg_power_high,class_name
8.34819281745957,9.263854339146004,1601.3933949027942,39.8352090702894,494023.57837724296,11774.53952854452,22999.82721311546,10.733791174401434,1.2854978154969612,323.4059449238008,69.18321015634923,104.59740775659486,51.82062115463111,285.43906005220435,197.1470414437272,648.3721656566536,-50.04341397050359,Fatigue
