emg_rms,emg_mav,emg_variance,emg_std,emg_waveform_length,emg_zero_crossing,emg_ssc,emg_kurtosis,emg_skewness,emg_peak,emg_median_freq,emg_mean_freq,emg_peak_freq,emg_total_power,emg_power_low,emg_power_mid,emg_power_high,class_name
20.65061882238676,30.268691839001388,1836.475665059436,68.25542072864431,576977.4295782538,21188.73800327292,33271.81384739507,12.42883661009354,1.2487859749606331,301.2588086386386,77.25655745878342,72.21849312227664,75.46622200161208,1172.1069116000615,-83.4494088615809,520.8350677590245,18.96210274332524,Fatigue
