emg_rms,emg_mav,emg_variance,emg_std,emg_waveform_length,emg_zero_crossing,emg_ssc,emg_kurtosis,emg_skewness,emg_peak,emg_median_freq,emg_mean_freq,emg_peak_freq,emg_total_power,emg_power_low,emg_power_mid,emg_power_high,class_name
31.10123625181787,17.09983430314472,4816.923361027602,73.39413736961768,428886.5906639504,13943.847000624335,24789.87409886314,22.10788176279484,1.1883488692202138,303.35117032507094,78.87101725610766,77.52793692963229,59.28420104026304,1318.740674281452,111.41922120200374,470.9697162140385,41.358932190069126,Fatigue
