emg_rms,emg_mav,emg_variance,emg_std,emg_waveform_length,emg_zero_crossing,emg_ssc,emg_kurtosis,emg_skewness,emg_peak,emg_median_freq,emg_mean_freq,emg_peak_freq,emg_total_power,emg_power_low,emg_power_mid,emg_power_high,class_name
38.99461297974421,30.26525365119437,3099.3168409893988,40.59787991534083,488040.8110677984,16339.178629545271,29367.32083792033,9.562897279742185,1.0006830583673252,323.84867738228684,82.22258351225368,73.91650825475443,48.38323689604855,586.838776811868,82.70366712091355,538.9338144618612,13.812038112964528,Fatigue
