emg_rms,emg_mav,emg_variance,emg_std,emg_waveform_length,emg_zero_crossing,emg_ssc,emg_kurtosis,emg_skewness,emg_peak,emg_median_freq,emg_mean_freq,emg_peak_freq,emg_total_power,emg_power_low,emg_power_mid,emg_power_high,class_name
16.263745186168283,10.603370488212942,807.3349801652014,35.14682403662752,512852.5016373826,10031.957196231571,28492.73103654171,1.2810612682404123,1.6109306716945415,284.9484727842992,83.87538374992056,72.70472667693528,48.01790075201159,185.0120420260789,-40.11224106466321,716.8931373981532,5.871683405420995,Fatigue
