emg_rms,emg_mav,emg_variance,emg_std,emg_waveform_length,emg_zero_crossing,emg_ssc,emg_kurtosis,emg_skewness,emg_peak,emg_median_freq,emg_mean_freq,emg_peak_freq,emg_total_power,emg_power_low,emg_power_mid,emg_power_high,class_name
-6.122057002416412,32.79019776237912,2264.7198539407987,9.062609721551183,627849.8231126368,21052.50789818032,32475.71167853456,5.477622575493935,1.7033175770933358,242.3524415183291,65.34150916634896,69.20665981168658,85.2076375675203,735.6245720715699,312.16563950518,1196.137088357697,38.9425938946022,Fatigue
