emg_rms,emg_mav,emg_variance,emg_std,emg_waveform_length,emg_zero_crossing,emg_ssc,emg_kurtosis,emg_skewness,emg_peak,emg_median_freq,emg_mean_freq,emg_peak_freq,emg_total_power,emg_power_low,emg_power_mid,emg_power_high,class_name
41.267054259087786,18.67266589330845,66.97028333575099,38.64392180454343,746214.5762140383,15101.230669278508,35881.01735962051,3.5064535022921763,1.652814181154692,257.6317132898953,90.14569866181787,102.80215201972118,43.18693984995217,43.12285688781685,2.5388010451975163,230.6848877610275,-37.17591994247794,Fatigue
