emg_rms,emg_mav,emg_variance,emg_std,emg_waveform_length,emg_zero_crossing,emg_ssc,emg_kurtosis,emg_skewness,emg_peak,emg_median_freq,emg_mean_freq,emg_peak_freq,emg_total_power,emg_power_low,emg_power_mid,emg_power_high,class_name
16.741086877398025,18.752995438034255,1420.6419359564773,47.13479312237443,639344.6140497205,13544.956095638918,30406.095689471204,15.851859230279665,-1.4823924211984922,478.0256614084636,61.43059748108551,50.09586909413139,55.28461368063488,368.1172117542296,256.5099813106252,-4.895195035696247,11.392751882773204,Fatigue
