emg_rms,emg_mav,emg_variance,emg_std,emg_waveform_length,emg_zero_crossing,emg_ssc,emg_kurtosis,emg_skewness,emg_peak,emg_median_freq,emg_mean_freq,emg_peak_freq,emg_total_power,emg_power_low,emg_power_mid,emg_power_high,class_name
52.22601352383579,18.412008902637844,3531.0645124579887,40.17471838659287,515051.7047389535,15239.40640689881,31430.809545260006,21.26029043959197,-0.818342959939078,414.1846760217245,65.23011094083368,65.53948044846041,56.04576712414424,1806.4151269304723,57.69929817279879,604.4845557153908,13.650063657287966,Fatigue
