emg_rms,emg_mav,emg_variance,emg_std,emg_waveform_length,emg_zero_crossing,emg_ssc,emg_kurtosis,emg_skewness,emg_peak,emg_median_freq,emg_mean_freq,emg_peak_freq,emg_total_power,emg_power_low,emg_power_mid,emg_power_high,class_name
63.15689647165234,15.334805154786542,1107.9693598314975,25.4255438674613,443290.02231494914,15963.797227090969,32555.930958683824,9.262123040790932,1.1303632384417135,411.5513749852721,64.64264713676175,93.10825237636632,54.2331197385782,212.16855535150063,74.30736436025535,522.2175805823626,-18.08215485422606,Fatigue
