emg_rms,emg_mav,emg_variance,emg_std,emg_waveform_length,emg_zero_crossing,emg_ssc,emg_kurtosis,emg_skewness,emg_peak,emg_median_freq,emg_mean_freq,emg_peak_freq,emg_total_power,emg_power_low,emg_power_mid,emg_power_high,class_name
17.287883315547887,17.277092594817912,4031.136475107544,37.15700832897038,-89721.57523526874,18663.434881374025,32546.635176721516,9.268001674009655,-0.5426966343859313,158.0517932559443,79.117798144267,90.97244711744158,68.24171918857272,472.49697561629824,447.21881820800473,95.36747182489133,40.7550324379515,Fatigue
