emg_rms,emg_mav,emg_variance,emg_std,emg_waveform_length,emg_zero_crossing,emg_ssc,emg_kurtosis,emg_skewness,emg_peak,emg_median_freq,emg_mean_freq,emg_peak_freq,emg_total_power,emg_power_low,emg_power_mid,emg_power_high,class_name
51.61545305589017,24.258469309454888,3627.363218474261,14.779074756164793,361394.7619769173,10191.887858422397,28657.279930202345,12.91139494373552,-2.0361463091972825,147.4650433872158,84.87937909451298,104.04784075286751,52.684506644227575,177.91394799614994,299.70697370354844,35.51722076877388,3.4956712506605125,Fatigue
