emg_rms,emg_mav,emg_variance,emg_std,emg_waveform_length,emg_zero_crossing,emg_ssc,emg_kurtosis,emg_skewness,emg_peak,emg_median_freq,emg_mean_freq,emg_peak_freq,emg_total_power,emg_power_low,emg_power_mid,emg_power_high,class_name
12.659705155943012,1.4300997672856504,4281.363669865124,59.31548724648063,545491.4630523176,22476.751605744797,30700.30189805878,15.27989093392494,0.1663412397763423,377.2446983274671,76.05551818032507,105.02548456275652,50.04016840330528,583.5536728761534,287.8947246276746,754.2276362345551,33.32151213378114,Fatigue
