emg_rms,emg_mav,emg_variance,emg_std,emg_waveform_length,emg_zero_crossing,emg_ssc,emg_kurtosis,emg_skewness,emg_peak,emg_median_freq,emg_mean_freq,emg_peak_freq,emg_total_power,emg_power_low,emg_power_mid,emg_power_high,class_name
46.27187367421003,11.287238514687877,3691.640883812526,38.81651912050873,627910.9459472862,16555.106058407717,26887.305274512437,18.979676847109666,0.3190700098468773,402.6602473607177,68.46163617133509,69.89415786184678,55.80478235434889,-47.4225386464297,220.95663898590223,110.31117270653188,39.80084477373124,Fatigue
