emg_rms,emg_mav,emg_variance,emg_std,emg_waveform_length,emg_zero_crossing,emg_ssc,emg_kurtosis,emg_skewness,emg_peak,emg_median_freq,emg_mean_freq,emg_peak_freq,emg_total_power,emg_power_low,emg_power_mid,emg_power_high,class_name
38.24608199593496,-9.744643946362247,3065.9913303452454,83.04187363148105,376130.7736494413,13479.311293977567,26610.387684420577,11.214944997672523,0.5050417263326074,544.1338658607913,50.76839860877493,74.28982870376403,70.16560845450374,353.60100876926936,19.444399711422733,8.152484927584624,-18.19251464816223,Fatigue
