emg_rms,emg_mav,emg_variance,emg_std,emg_waveform_length,emg_zero_crossing,emg_ssc,emg_kurtosis,emg_skewness,emg_peak,emg_median_freq,emg_mean_freq,emg_peak_freq,emg_total_power,emg_power_low,emg_power_mid,emg_power_high,class_name
36.69928473344012,21.772253586413623,4819.869038270919,41.42325491631357,257209.53850209477,15073.068050998269,23863.139533688933,15.771206748884795,0.0225165964829086,532.6829382801513,57.27535949021958,79.99811197530751,52.18219996558956,256.8937371370175,-224.47772807256257,866.08218384598,30.638517060163508,Fatigue
