emg_rms,emg_mav,emg_variance,emg_std,emg_waveform_length,emg_zero_crossing,emg_ssc,emg_kurtosis,emg_skewness,emg_peak,emg_median_freq,emg_mean_freq,emg_peak_freq,emg_total_power,emg_power_low,emg_power_mid,emg_power_high,class_name
9.667685299022118,21.659957254447136,3652.628517905991,53.41434149725107,447206.9404178167,14343.120588905487,21143.43870938263,5.533273434760074,-0.1520987998164797,197.279190649693,61.36238006542555,54.98156932173936,64.82462641835812,279.6122695368718,62.95100330849674,-128.22073554670766,27.911480976972417,Fatigue
