emg_rms,emg_mav,emg_variance,emg_std,emg_waveform_length,emg_zero_crossing,emg_ssc,emg_kurtosis,emg_skewness,emg_peak,emg_median_freq,emg_mean_freq,emg_peak_freq,emg_total_power,emg_power_low,emg_power_mid,emg_power_high,class_name
37.17822863427062,12.49650162346588,2103.452674224873,65.69113566255358,689539.1753844463,11898.392595046524,28873.41390427244,12.504513677047465,0.6236524804692981,207.43601382248465,75.87102913360111,62.56428605787206,91.0313222967161,540.4444255509711,156.35498767620766,631.2881920156265,-3.268461423891587,Fatigue
