emg_rms,emg_mav,emg_variance,emg_std,emg_waveform_length,emg_zero_crossing,emg_ssc,emg_kurtosis,emg_skewness,emg_peak,emg_median_freq,emg_mean_freq,emg_peak_freq,emg_total_power,emg_power_low,emg_power_mid,emg_power_high,class_name
28.579354296028853,19.80240373558017,-698.628530296412,38.534639756264326,337670.42410621874,17087.519627365386,36078.55516931092,17.229813699326286,0.9887322331825814,531.127343575984,64.05562450822158,59.30654749333628,58.00987394363383,1414.2518198969296,43.43471079109766,328.1899499849879,8.744221155265521,Fatigue
