emg_rms,emg_mav,emg_variance,emg_std,emg_waveform_length,emg_zero_crossing,emg_ssc,emg_kurtosis,emg_skewness,emg_peak,emg_median_freq,emg_mean_freq,emg_peak_freq,emg_total_power,emg_power_low,emg_power_mid,emg_power_high,class_name
55.44306407086395,17.639565848549346,4257.213808833127,28.768847841413447,428031.28121732094,17971.30527195401,23818.722371367,10.811724118234425,0.8101020168968252,377.8489406563956,83.85739131616958,91.32648819560517,71.85587440187135,996.3553317500946,59.603895037133626,359.6649972185828,25.34248280443501,Fatigue
