emg_rms,emg_mav,emg_variance,emg_std,emg_waveform_length,emg_zero_crossing,emg_ssc,emg_kurtosis,emg_skewness,emg_peak,emg_median_freq,emg_mean_freq,emg_peak_freq,emg_total_power,emg_power_low,emg_power_mid,emg_power_high,class_name
14.213476145405572,27.22842144606735,-1722.9283882314237,52.64644569692234,960732.993175936,12378.543149322682,24064.166094055465,13.856477827748323,0.0726040182186237,59.43037750381831,64.08660079256276,87.66353161674947,61.16207605839749,724.8396964668661,69.62024414063957,488.7977057175661,-33.3271779884751,Fatigue
