emg_rms,emg_mav,emg_variance,emg_std,emg_waveform_length,emg_zero_crossing,emg_ssc,emg_kurtosis,emg_skewness,emg_peak,emg_median_freq,emg_mean_freq,emg_peak_freq,emg_total_power,emg_power_low,emg_power_mid,emg_power_high,class_name
96.82421443072836,10.1817309558277,355.6545150588586,51.15538807979182,330052.73693426343,18822.05222032837,30863.64446405886,6.074730636513768,1.8667346317492417,47.73330341734362,47.52965427667508,69.53851692358302,54.62723471196653,-274.0296222863838,-47.42443887367281,-333.8056617737504,44.639277261339885,Fatigue
