emg_rms,emg_mav,emg_variance,emg_std,emg_waveform_length,emg_zero_crossing,emg_ssc,emg_kurtosis,emg_skewness,emg_peak,emg_median_freq,emg_mean_freq,emg_peak_freq,emg_total_power,emg_power_low,emg_power_mid,emg_power_high,class_name
79.03091326196602,10.170032806554476,2198.03626635764,63.53902572564548,525073.5415140712,16689.49303328063,33190.65508650793,1.4967613521204337,0.8962183108183184,213.39519265779268,50.188390562498114,50.87817160572839,59.84103470504431,717.8467879931299,-139.6306547392831,546.8666598625513,36.67068404240175,Fatigue
