emg_rms,emg_mav,emg_variance,emg_std,emg_waveform_length,emg_zero_crossing,emg_ssc,emg_kurtosis,emg_skewness,emg_peak,emg_median_freq,emg_mean_freq,emg_peak_freq,emg_total_power,emg_power_low,emg_power_mid,emg_power_high,class_name
55.300238493351,3.289442887510569,2010.7835287547905,50.30092556177491,89419.28519913001,14933.9439510596,26179.678709977736,11.82202735947071,1.0608192745657306,211.6864585410504,69.16235193181883,90.09264284086314,69.14038112580516,121.76603762410748,88.77803039933119,442.9624169283484,20.834482000438086,Fatigue
