emg_rms,emg_mav,emg_variance,emg_std,emg_waveform_length,emg_zero_crossing,emg_ssc,emg_kurtosis,emg_skewness,emg_peak,emg_median_freq,emg_mean_freq,emg_peak_freq,emg_total_power,emg_power_low,emg_power_mid,emg_power_high,class_name
66.07711947931466,20.05336647318489,3835.538309363111,32.13703950147478,372485.1544416764,12976.182948975027,24692.999674494284,2.891901451939624,0.763529165193794,420.5814528091447,66.8037141241365,80.74536964933438,58.828900897402505,113.09834846191006,195.79259530784424,-147.782415902578,12.268259847061586,Fatigue
