emg_rms,emg_mav,emg_variance,emg_std,emg_waveform_length,emg_zero_crossing,emg_ssc,emg_kurtosis,emg_skewness,emg_peak,emg_median_freq,emg_mean_freq,emg_peak_freq,emg_total_power,emg_power_low,emg_power_mid,emg_power_high,class_name
33.92636517807215,11.961856700259286,-1919.1433828244883,22.119545436287115,775788.5201488242,7748.889360370564,23905.23286403193,5.1804896162149054,0.801081771376167,292.21364097433883,60.82761282577327,88.69755653408862,74.36816670476468,1005.8640646215392,-73.72498148134838,403.7382041918381,-21.85252527047841,Fatigue
