emg_rms,emg_mav,emg_variance,emg_std,emg_waveform_length,emg_zero_crossing,emg_ssc,emg_kurtosis,emg_skewness,emg_peak,emg_median_freq,emg_mean_freq,emg_peak_freq,emg_total_power,emg_power_low,emg_power_mid,emg_power_high,class_name
48.41480923177005,10.32847669346568,3192.213527697309,72.10546382170821,320280.78993354563,13702.402645692277,24229.2066883766,8.77268015736049,1.1667035702583834,236.47321165265885,69.65403443356145,101.33090662528303,55.56982570051911,-143.9099353184692,81.89883866116702,237.41150534062288,-43.095615475538,Fatigue
