emg_rms,emg_mav,emg_variance,emg_std,emg_waveform_length,emg_zero_crossing,emg_ssc,emg_kurtosis,emg_skewness,emg_peak,emg_median_freq,emg_mean_freq,emg_peak_freq,emg_total_power,emg_power_low,emg_power_mid,emg_power_high,class_name
4.63174848237637,6.315337458680951,3539.5451405225585,45.024923070748,478207.8225681727,11298.362459999587,31036.65780630604,17.18186220663544,0.8469786452604554,486.632810208274,79.0466706239187,84.84625107835679,74.27147151865225,805.9874906458219,113.95935425134468,380.9977825878029,63.98750612081977,Fatigue
