emg_rms,emg_mav,emg_variance,emg_std,emg_waveform_length,emg_zero_crossing,emg_ssc,emg_kurtosis,emg_skewness,emg_peak,emg_median_freq,emg_mean_freq,emg_peak_freq,emg_total_power,emg_power_low,emg_power_mid,emg_power_high,class_name
91.2544467893381,22.932804459568363,-372.6449760793171,52.15776217507718,857845.1552456903,17391.00303993027,26964.813981386123,20.932432940688933,0.1056817724107691,239.2128116519889,88.80677551582706,77.77370403433503,71.87228437522137,82.15243575935693,118.99985934188456,552.0037966040103,31.82502675917622,Fatigue
