emg_rms,emg_mav,emg_variance,emg_std,emg_waveform_length,emg_zero_crossing,emg_ssc,emg_kurtosis,emg_skewness,emg_peak,emg_median_freq,emg_mean_freq,emg_peak_freq,emg_total_power,emg_power_low,emg_power_mid,emg_power_high,class_name
11.961916424521169,41.81503838754668,706.1870320752948,100.9572517033581,300978.19575097086,12731.756581132087,31281.575705690757,13.78676955355801,0.0806415076315376,287.0546092379597,81.072821336888,48.5059640360544,53.0083401078028,497.9618135024359,210.68225917172904,604.9987456190379,39.19439325797411,Fatigue
