emg_rms,emg_mav,emg_variance,emg_std,emg_waveform_length,emg_zero_crossing,emg_ssc,emg_kurtosis,emg_skewness,emg_peak,emg_median_freq,emg_mean_freq,emg_peak_freq,emg_total_power,emg_power_low,emg_power_mid,emg_power_high,class_name
45.778659028720696,9.426738456062733,2376.961502265093,31.192558130771243,477034.9516306029,13235.794164818552,27803.205170207784,8.466753644531293,-0.3282540513542678,283.32152804525725,57.81905978067374,113.59238590079364,66.43170823956788,222.1830974214028,415.3243990005985,395.5322377081671,46.839154144946384,Fatigue
