emg_rms,emg_mav,emg_variance,emg_std,emg_waveform_length,emg_zero_crossing,emg_ssc,emg_kurtosis,emg_skewness,emg_peak,emg_median_freq,emg_mean_freq,emg_peak_freq,emg_total_power,emg_power_low,emg_power_mid,emg_power_high,class_name
12.425119633253932,24.36476118276928,1169.0370931077096,29.743728227940608,471120.1759846888,15509.266853660967,18524.635759505712,6.7513050946650335,0.8696578988569145,311.90674363697195,83.39303722624533,88.91011033181134,64.59161034637603,305.9284126342865,102.2215317487043,38.9046517103468,19.8316174082397,Fatigue
