emg_rms,emg_mav,emg_variance,emg_std,emg_waveform_length,emg_zero_crossing,emg_ssc,emg_kurtosis,emg_skewness,emg_peak,emg_median_freq,emg_mean_freq,emg_peak_freq,emg_total_power,emg_power_low,emg_power_mid,emg_power_high,class_name
40.20050314720872,18.14479581730044,-2083.184496964688,16.927638362196255,160295.45707933896,18042.851595977398,25921.824898393686,22.910912848024648,0.9354978164560576,281.77155747626955,97.98901079900084,68.05857853470265,63.17430823967128,992.4630177637478,-86.21963708622096,-193.95539233066893,-4.384917680383751,Fatigue
