emg_rms,emg_mav,emg_variance,emg_std,emg_waveform_length,emg_zero_crossing,emg_ssc,emg_kurtosis,emg_skewness,emg_peak,emg_median_freq,emg_mean_freq,emg_peak_freq,emg_total_power,emg_power_low,emg_power_mid,emg_power_high,class_name
11.765639817683478,11.673279315590127,-662.8725412045005,42.54586763740428,563524.546525102,18285.788977112887,29485.65866661013,17.89174731771816,0.0858868046128636,345.15807502442726,78.06660402717985,72.77257073279425,54.21859678995322,1347.530852894361,258.8672998972784,-342.6816404601294,37.36827900533942,Fatigue
