emg_rms,emg_mav,emg_variance,emg_std,emg_waveform_length,emg_zero_crossing,emg_ssc,emg_kurtosis,emg_skewness,emg_peak,emg_median_freq,emg_mean_freq,emg_peak_freq,emg_total_power,emg_power_low,emg_power_mid,emg_power_high,class_name
21.19821791489997,34.1859923567432,-759.3788817586455,45.2676155143348,711444.6862949358,16942.799678491952,23866.733374916268,17.96580402055676,-0.0518345368371424,411.2366048234359,63.52183835734594,97.08388838831245,58.58550955471341,101.55089121886829,307.45068235232884,427.0995407298095,26.84354747115784,Fatigue
