emg_rms,emg_mav,emg_variance,emg_std,emg_waveform_length,emg_zero_crossing,emg_ssc,emg_kurtosis,emg_skewness,emg_peak,emg_median_freq,emg_mean_freq,emg_peak_freq,emg_total_power,emg_power_low,emg_power_mid,emg_power_high,class_name
10.377450528661406,17.984704528249402,1052.9910233951225,48.60637057507773,-50554.56153535406,12166.987371654131,26270.462031146875,10.51547904741474,1.0147506166290627,428.6298826621181,87.23243847792773,48.36996299267809,62.64806747493116,-146.9456594647691,381.4664889832135,-151.92257740637274,-14.71744620110303,Fatigue
