emg_rms,emg_mav,emg_variance,emg_std,emg_waveform_length,emg_zero_crossing,emg_ssc,emg_kurtosis,emg_skewness,emg_peak,emg_median_freq,emg_mean_freq,emg_peak_freq,emg_total_power,emg_power_low,emg_power_mid,emg_power_high,class_name
74.68666700792778,25.89551911590606,3254.4302551550763,57.44391707807421,667184.4806571412,13015.232093132445,33980.38988415223,19.69899628772299,-0.7949854304147342,342.0266788346238,61.36030578269403,78.43846875646926,49.54102881117722,352.5441951958062,58.42665217523009,-168.31126475189586,-2.3704692742361004,Fatigue
