emg_rms,emg_mav,emg_variance,emg_std,emg_waveform_length,emg_zero_crossing,emg_ssc,emg_kurtosis,emg_skewness,emg_peak,emg_median_freq,emg_mean_freq,emg_peak_freq,emg_total_power,emg_power_low,emg_power_mid,emg_power_high,class_name
33.6109441816084,30.203273344928945,1490.798908393529,3.504508870643868,468099.6660382286,19147.08204650501,22889.844303527323,18.331401961401184,1.073765359192223,84.02187497176931,47.2218212346811,68.94839788981218,69.08936402302437,671.57906735482,432.6626556987128,5.20124497008851,-20.396924177850543,Fatigue
