emg_rms,emg_mav,emg_variance,emg_std,emg_waveform_length,emg_zero_crossing,emg_ssc,emg_kurtosis,emg_skewness,emg_peak,emg_median_freq,emg_mean_freq,emg_peak_freq,emg_total_power,emg_power_low,emg_power_mid,emg_power_high,class_name
36.367465865612,21.83714867729645,823.464042863821,20.64826719817623,445801.890226421,13287.3094297585,19200.05609419183,11.773769204820605,-1.2635134565275172,489.2288371020185,81.09620085537858,55.36750574103761,45.04655093852966,129.3517552264546,287.0795921859095,321.59084348876326,39.18832812041264,Fatigue
