emg_rms,emg_mav,emg_variance,emg_std,emg_waveform_length,emg_zero_crossing,emg_ssc,emg_kurtosis,emg_skewness,emg_peak,emg_median_freq,emg_mean_freq,emg_peak_freq,emg_total_power,emg_power_low,emg_power_mid,emg_power_high,class_name
17.538501771094296,7.897559142088884,3753.014121136018,-36.36253287541837,319970.3960565085,10238.09717874302,28985.38361125983,8.039431568203875,-0.5255366677597995,403.2250267851833,45.46089525796777,111.54399822158808,45.118935882362265,669.7454055881475,165.6009123252289,-142.00924375995356,25.124959696803423,Fatigue
