emg_rms,emg_mav,emg_variance,emg_std,emg_waveform_length,emg_zero_crossing,emg_ssc,emg_kurtosis,emg_skewness,emg_peak,emg_median_freq,emg_mean_freq,emg_peak_freq,emg_total_power,emg_power_low,emg_power_mid,emg_power_high,class_name
61.49040778110778,12.75062970006748,3525.1574416249173,51.90742034707715,781970.3455800135,10902.375448278372,25361.83828731126,10.444473031292638,-0.4404179914145458,268.71497475508124,58.34492114891136,87.27925609266406,73.25763498652094,933.9342905509106,94.53839973484932,260.5834807760434,20.218882950910974,Fatigue
