emg_rms,emg_mav,emg_variance,emg_std,emg_waveform_length,emg_zero_crossing,emg_ssc,emg_kurtosis,emg_skewness,emg_peak,emg_median_freq,emg_mean_freq,emg_peak_freq,emg_total_power,emg_power_low,emg_power_mid,emg_power_high,class_name
17.780126108445142,19.65952347873319,-1391.9617156744248,64.06723176782054,565190.7382882234,15766.97904651774,30071.826607792427,17.12332467569355,-1.3529480932016955,471.961792974432,52.74853315535029,101.93853268185794,60.6954808506942,459.613136084736,0.5711991635820084,388.9924140467583,-19.76797499905725,Fatigue
