emg_rms,emg_mav,emg_variance,emg_std,emg_waveform_length,emg_zero_crossing,emg_ssc,emg_kurtosis,emg_skewness,emg_peak,emg_median_freq,emg_mean_freq,emg_peak_freq,emg_total_power,emg_power_low,emg_power_mid,emg_power_high,class_name
33.37761461435145,12.521155984620949,-4483.640740757332,18.1368323048278,350500.4558597414,14189.813307361275,23313.3841027739,1.392835307017931,-0.4470466615360472,346.13800739756795,82.22681887264297,95.17228901895918,84.01181208102761,-124.70064318140015,245.938017917327,-70.16578198378198,69.36258585405177,Fatigue
