emg_rms,emg_mav,emg_variance,emg_std,emg_waveform_length,emg_zero_crossing,emg_ssc,emg_kurtosis,emg_skewness,emg_peak,emg_median_freq,emg_mean_freq,emg_peak_freq,emg_total_power,emg_power_low,emg_power_mid,emg_power_high,class_name
26.18865844623557,7.783673665913858,4801.79420415849,52.19019860863097,680498.3257924477,14779.393228941492,31390.287158400137,11.11825046776053,-0.4380060182431416,377.8559262690877,69.98299585518075,77.19435634168342,71.03675358908592,165.48620789700198,243.14913685722416,163.26242409264665,28.29029451235712,Fatigue
