emg_rms,emg_mav,emg_variance,emg_std,emg_waveform_length,emg_zero_crossing,emg_ssc,emg_kurtosis,emg_skewness,emg_peak,emg_median_freq,emg_mean_freq,emg_peak_freq,emg_total_power,emg_power_low,emg_power_mid,emg_power_high,class_name
32.40173469636477,22.759614926295317,2132.5964018229124,-14.440602038499492,640488.3657657283,12837.741118109656,24844.50896415865,3.054668804309843,-0.2132421466697765,344.6268714848751,69.20702132503426,90.55793783775188,54.42167847706136,1345.8699287944344,95.85897312281163,-169.682910283983,32.493991492496114,Fatigue
