emg_rms,emg_mav,emg_variance,emg_std,emg_waveform_length,emg_zero_crossing,emg_ssc,emg_kurtosis,emg_skewness,emg_peak,emg_median_freq,emg_mean_freq,emg_peak_freq,emg_total_power,emg_power_low,emg_power_mid,emg_power_high,class_name
32.544173012014376,16.6919519219021,1843.7098373165047,15.42868334730015,288546.84661370027,14023.998769255586,29479.676478178364,19.51788866567613,-1.1793742276152763,153.2986632674379,45.06530500731673,81.15965338020317,38.77784603124392,737.7465174270803,115.30561128906658,759.7592050683088,53.54523959832477,Fatigue
