emg_rms,emg_mav,emg_variance,emg_std,emg_waveform_length,emg_zero_crossing,emg_ssc,emg_kurtosis,emg_skewness,emg_peak,emg_median_freq,emg_mean_freq,emg_peak_freq,emg_total_power,emg_power_low,emg_power_mid,emg_power_high,class_name
28.721671601847312,14.15404364790367,4223.001206998297,38.093282269485634,274525.4643200035,19886.065714431963,27631.528795761675,8.110714839118193,1.6184560598561233,193.15088991332837,68.24843808512479,96.62422109864822,56.05131837434916,320.7455877519211,55.18875857567534,489.2593998563868,-20.74215648888193,Fatigue
