emg_rms,emg_mav,emg_variance,emg_std,emg_waveform_length,emg_zero_crossing,emg_ssc,emg_kurtosis,emg_skewness,emg_peak,emg_median_freq,emg_mean_freq,emg_peak_freq,emg_total_power,emg_power_low,emg_power_mid,emg_power_high,class_name
27.85345619186789,14.004780926571325,3184.511047358241,23.58867520103701,411108.9057111132,10474.5254142087,27743.85070567831,18.095767131062512,0.0686931508288613,491.45944834398017,71.27631719866191,52.94953939259213,72.30012530676186,1097.670383488975,133.8732690030575,230.0541059012888,-5.72122254249744,Fatigue
