emg_rms,emg_mav,emg_variance,emg_std,emg_waveform_length,emg_zero_crossing,emg_ssc,emg_kurtosis,emg_skewness,emg_peak,emg_median_freq,emg_mean_freq,emg_peak_freq,emg_total_power,emg_power_low,emg_power_mid,emg_power_high,class_name
28.15068722999773,24.53439022156624,4199.23511653437,9.65770741495015,354105.5505188279,14318.1797310975,26883.709058605607,16.275500865834218,-0.0878754997239717,289.1129050349808,45.47098849136503,90.93405133223672,70.153208041348,-861.5445917590876,22.124265043733487,984.397078199779,-2.862083986124528,Fatigue
