emg_rms,emg_mav,emg_variance,emg_std,emg_waveform_length,emg_zero_crossing,emg_ssc,emg_kurtosis,emg_skewness,emg_peak,emg_median_freq,emg_mean_freq,emg_peak_freq,emg_total_power,emg_power_low,emg_power_mid,emg_power_high,class_name
0.0554888410086462,7.180304811232597,-1844.8825258842835,20.031310650765366,435889.7807266434,8160.196555706661,21513.74367979036,11.238600090733494,0.1686820994364137,381.6824013841208,58.9817760980733,103.70483822013568,61.98768111997133,137.78708418982632,-2.38273223962068,1090.8631918482456,0.9478946404192996,Fatigue
