emg_rms,emg_mav,emg_variance,emg_std,emg_waveform_length,emg_zero_crossing,emg_ssc,emg_kurtosis,emg_skewness,emg_peak,emg_median_freq,emg_mean_freq,emg_peak_freq,emg_total_power,emg_power_low,emg_power_mid,emg_power_high,class_name
39.983777086022286,18.02419634567965,5452.32141747551,36.904805248657,591464.4160381649,19771.77598164696,26330.621030938142,15.770697121442671,1.3690194415316492,298.4707913642588,57.72749700203799,88.02671264958708,51.00695438206533,279.4087184263499,-101.9575568380798,253.33590736786647,2.4228720173902385,Fatigue
