emg_rms,emg_mav,emg_variance,emg_std,emg_waveform_length,emg_zero_crossing,emg_ssc,emg_kurtosis,emg_skewness,emg_peak,emg_median_freq,emg_mean_freq,emg_peak_freq,emg_total_power,emg_power_low,emg_power_mid,emg_power_high,class_name
61.86964561370182,13.305398349062871,-233.8325999914396,34.96804323740525,649438.1882672389,12414.62620475679,36042.88327831745,12.864429640294045,-0.7999711858316992,394.0320016567936,74.1616638642228,75.77835946903542,71.29598993501386,1404.2058645618672,-183.58986017759517,421.82984303227926,66.29185460988934,Fatigue
