emg_rms,emg_mav,emg_variance,emg_std,emg_waveform_length,emg_zero_crossing,emg_ssc,emg_kurtosis,emg_skewness,emg_peak,emg_median_freq,emg_mean_freq,emg_peak_freq,emg_total_power,emg_power_low,emg_power_mid,emg_power_high,class_name
31.65480827705024,17.095762365872186,1365.9307379067168,66.6710289159301,722821.9526675041,9556.608217800094,29779.59501819166,16.46996324479495,-1.8544535245811036,320.9531985680921,86.71373058110719,101.45594022038333,56.67126174434596,-184.60124775864853,9.62507747079536,880.946746328803,18.872023482561094,Fatigue
