emg_rms,emg_mav,emg_variance,emg_std,emg_waveform_length,emg_zero_crossing,emg_ssc,emg_kurtosis,emg_skewness,emg_peak,emg_median_freq,emg_mean_freq,emg_peak_freq,emg_total_power,emg_power_low,emg_power_mid,emg_power_high,class_name
9.57696835317502,24.582396746840733,-477.36230109988446,14.508114780777229,431236.8326840512,15284.453561753193,30028.266376496143,15.82390752001903,-0.1068267911583854,287.4502244046941,48.02752044139902,58.5480812393925,32.2859165621085,-196.3954361395308,132.21955427552345,-437.7850200229889,25.246870339875716,Fatigue
