emg_rms,emg_mav,emg_variance,emg_std,emg_waveform_length,emg_zero_crossing,emg_ssc,emg_kurtosis,emg_skewness,emg_peak,emg_median_freq,emg_mean_freq,emg_peak_freq,emg_total_power,emg_power_low,emg_power_mid,emg_power_high,class_name
33.91519881157188,14.946718788979972,1251.723666914059,55.15104158157773,65375.33175468165,16528.55055295214,31100.885042945767,7.924535326650498,-0.2903100827079089,441.4372185293977,64.33141752444013,79.58887502035928,66.57975365951557,122.42060581168904,20.38408193690985,40.38866646249829,0.4174016206184952,Fatigue
