emg_rms,emg_mav,emg_variance,emg_std,emg_waveform_length,emg_zero_crossing,emg_ssc,emg_kurtosis,emg_skewness,emg_peak,emg_median_freq,emg_mean_freq,emg_peak_freq,emg_total_power,emg_power_low,emg_power_mid,emg_power_high,class_name
39.18024779992938,28.5144516071843,-321.0946220976007,26.178154504185507,198358.08549591416,18394.9435358942,27879.88639613525,18.122436777456077,1.2831899059919971,411.0420088379679,72.49389557718203,68.41274732319066,57.314042201342346,911.9015223533952,286.0562769643419,652.1880558571615,55.89531125527277,Fatigue
