emg_rms,emg_mav,emg_variance,emg_std,emg_waveform_length,emg_zero_crossing,emg_ssc,emg_kurtosis,emg_skewness,emg_peak,emg_median_freq,emg_mean_freq,emg_peak_freq,emg_total_power,emg_power_low,emg_power_mid,emg_power_high,class_name
13.178755631912033,20.88271112606613,551.3924922337715,27.95655189954443,189802.6502725013,14767.205167956294,25117.9197465571,14.64212915335022,-0.6367787604233964,427.7568562254074,59.68844630263889,84.2747932107452,82.70593232760797,1389.2621134859546,176.30359108110338,108.3897919604692,-31.769320846939145,Fatigue
