emg_rms,emg_mav,emg_variance,emg_std,emg_waveform_length,emg_zero_crossing,emg_ssc,emg_kurtosis,emg_skewness,emg_peak,emg_median_freq,emg_mean_freq,emg_peak_freq,emg_total_power,emg_power_low,emg_power_mid,emg_power_high,class_name
13.733784168049816,20.82002713925863,3179.37557385922,48.241574199386754,653070.6405018303,18655.932928952043,33801.90595766748,13.184847267392916,1.3561655560392267,235.19816888055524,57.67952802728702,64.73619483675756,74.28579260128308,760.607736564587,96.04214622798162,-463.3209411986793,32.84162878328344,Fatigue
