emg_rms,emg_mav,emg_variance,emg_std,emg_waveform_length,emg_zero_crossing,emg_ssc,emg_kurtosis,emg_skewness,emg_peak,emg_median_freq,emg_mean_freq,emg_peak_freq,emg_total_power,emg_power_low,emg_power_mid,emg_power_high,class_name
44.97428747608598,17.902027423974594,2638.883980982508,55.56402232636116,485579.6138583325,17604.82998099879,41041.38251138327,13.63424145514318,0.6491706355589023,416.2986594638497,64.58420152975769,75.30990967894775,44.78599246296218,-436.7920333379596,-212.12412873156643,490.15381524975055,-22.466404534820043,Fatigue
