emg_rms,emg_mav,emg_variance,emg_std,emg_waveform_length,emg_zero_crossing,emg_ssc,emg_kurtosis,emg_skewness,emg_peak,emg_median_freq,emg_mean_freq,emg_peak_freq,emg_total_power,emg_power_low,emg_power_mid,emg_power_high,class_name
86.28567667630105,26.20906198389681,483.7693375273861,10.768094904349194,565114.8800413855,15378.244808105204,28258.15898590331,12.4656348665602,1.9639187471595072,419.1804720017219,87.51381244035635,72.7525952026644,71.50901461057992,297.5720829722115,224.47604859483383,172.87987295882164,-10.238326579549632,Fatigue
