emg_rms,emg_mav,emg_variance,emg_std,emg_waveform_length,emg_zero_crossing,emg_ssc,emg_kurtosis,emg_skewness,emg_peak,emg_median_freq,emg_mean_freq,emg_peak_freq,emg_total_power,emg_power_low,emg_power_mid,emg_power_high,class_name
16.149864043580664,3.229446174139202,2449.828909454161,33.501327284244205,365647.620686767,16802.268161962627,32182.771484184683,11.406428344053785,-0.6865576287823889,289.9248503649719,64.32434837891637,86.53049440336208,69.65000074506247,519.146018694209,595.1754272522148,368.499578845943,18.401929698394643,Fatigue
