emg_rms,emg_mav,emg_variance,emg_std,emg_waveform_length,emg_zero_crossing,emg_ssc,emg_kurtosis,emg_skewness,emg_peak,emg_median_freq,emg_mean_freq,emg_peak_freq,emg_total_power,emg_power_low,emg_power_mid,emg_power_high,class_name
60.73331902838378,13.463724937684344,-21.47830511958728,-4.869339319067571,507704.7448393363,7328.505936871216,26325.867843431824,15.917517496139936,2.4198353287945067,555.3966167926194,45.96648933262773,84.8055926499892,47.67993886555456,630.6158362872355,-150.71166879946657,559.3533259561674,-52.72539826539672,Fatigue
