emg_rms,emg_mav,emg_variance,emg_std,emg_waveform_length,emg_zero_crossing,emg_ssc,emg_kurtosis,emg_skewness,emg_peak,emg_median_freq,emg_mean_freq,emg_peak_freq,emg_total_power,emg_power_low,emg_power_mid,emg_power_high,class_name
38.25274805462568,19.30262054499935,3761.624728261725,48.68232619561097,160695.84128005925,14042.27728194738,30120.02293257403,6.638936986017295,0.4988326156497512,311.6709607586218,81.5842026689328,76.35760286576526,57.69878511125538,1109.1695323383385,199.7025957846509,-182.55750513802943,17.73600866532218,Fatigue
