emg_rms,emg_mav,emg_variance,emg_std,emg_waveform_length,emg_zero_crossing,emg_ssc,emg_kurtosis,emg_skewness,emg_peak,emg_median_freq,emg_mean_freq,emg_peak_freq,emg_total_power,emg_power_low,emg_power_mid,emg_power_high,class_name
74.87268994634825,45.14011488031292,-105.9811159336964,53.28799097414164,484994.23876611394,15229.536126077695,27823.225991702468,13.34566089046399,-1.690603456067858,506.4813092047589,65.61441207578,66.90742551566746,40.703508925155205,336.5987007111988,73.37731573995575,467.5556400062071,27.15329260100861,Fatigue
