emg_rms,emg_mav,emg_variance,emg_std,emg_waveform_length,emg_zero_crossing,emg_ssc,emg_kurtosis,emg_skewness,emg_peak,emg_median_freq,emg_mean_freq,emg_peak_freq,emg_total_power,emg_power_low,emg_power_mid,emg_power_high,class_name
22.43234973155217,20.498394480730344,-12.25011772345215,36.23501849954813,395641.0727517931,16004.88326172164,34033.12691778786,7.729589918544327,-0.2403766999523636,294.91335507581044,69.1855946801308,69.37292170274016,44.17761859012097,183.3245520291772,315.128381121315,454.61460368758287,14.40067810026516,Fatigue
