emg_rms,emg_mav,emg_variance,emg_std,emg_waveform_length,emg_zero_crossing,emg_ssc,emg_kurtosis,emg_skewness,emg_peak,emg_median_freq,emg_mean_freq,emg_peak_freq,emg_total_power,emg_power_low,emg_power_mid,emg_power_high,class_name
46.92178080965032,37.20290771089167,2844.0826249864817,30.487229108798783,595015.8667582609,11830.91337582966,25977.94300561233,13.596742337654192,-0.7617323270242197,323.8845400670989,66.95260165787923,85.53206037931136,36.400538225759306,-161.13164468156748,243.86827671414443,429.1242969448136,4.1807667849874495,Fatigue
