emg_rms,emg_mav,emg_variance,emg_std,emg_waveform_length,emg_zero_crossing,emg_ssc,emg_kurtosis,emg_skewness,emg_peak,emg_median_freq,emg_mean_freq,emg_peak_freq,emg_total_power,emg_power_low,emg_power_mid,emg_power_high,class_name
24.15816451472609,7.290989628258103,-210.83629460929524,23.067809935027743,371713.44533164246,12712.4194288507,24813.80881974645,7.869787053096111,-0.0939305679077675,328.6840500510684,65.4790218069937,73.38784052484195,56.62784872742889,454.8670035382089,234.98952806667293,444.854624521952,18.18413275643599,Fatigue
