emg_rms,emg_mav,emg_variance,emg_std,emg_waveform_length,emg_zero_crossing,emg_ssc,emg_kurtosis,emg_skewness,emg_peak,emg_median_freq,emg_mean_freq,emg_peak_freq,emg_total_power,emg_power_low,emg_power_mid,emg_power_high,class_name
7.9039148233723715,22.09217494597269,2316.604796462392,47.942936839258365,526151.8840461792,15862.232412432331,36936.67333348066,12.533721330981468,-1.2610273760196151,278.3433083503538,83.5352463744795,72.90181764911738,47.73615899655081,1050.2245893434751,123.4660181621948,392.5231423266041,3.840882360126816,Fatigue
