emg_rms,emg_mav,emg_variance,emg_std,emg_waveform_length,emg_zero_crossing,emg_ssc,emg_kurtosis,emg_skewness,emg_peak,emg_median_freq,emg_mean_freq,emg_peak_freq,emg_total_power,emg_power_low,emg_power_mid,emg_power_high,class_name
38.17148001065632,8.726933400348083,823.590506326159,56.96402099853329,270364.53231616423,12295.116688205182,34781.545452268736,9.29311456809194,2.5949672873004395,314.7916695626549,55.318523515937954,91.11446147348268,64.2984067051876,296.9777201102553,121.29523614747394,659.0946551095965,5.9724865649984284,Fatigue
