emg_rms,emg_mav,emg_variance,emg_std,emg_waveform_length,emg_zero_crossing,emg_ssc,emg_kurtosis,emg_skewness,emg_peak,emg_median_freq,emg_mean_freq,emg_peak_freq,emg_total_power,emg_power_low,emg_power_mid,emg_power_high,class_name
31.833916883125763,26.9055668629602,2659.850630658776,-32.39204635721282,523539.161261075,12265.67633105904,32149.5564956218,14.453655075277432,1.2942208172268057,325.977609731334,56.39582094508344,90.27219311629776,33.211794760457366,249.32671052803727,-2.9751857678336364,454.8168043085823,9.614871063347747,Fatigue
