emg_rms,emg_mav,emg_variance,emg_std,emg_waveform_length,emg_zero_crossing,emg_ssc,emg_kurtosis,emg_skewness,emg_peak,emg_median_freq,emg_mean_freq,emg_peak_freq,emg_total_power,emg_power_low,emg_power_mid,emg_power_high,class_name
31.07825458250455,23.925485528700413,1972.8085739106205,36.548606879364165,430118.2227451904,12710.136103246836,29434.637634512397,11.560538095257815,0.7309507739223466,248.17683740110863,66.79999696425105,75.98822061356141,64.60923619609908,176.06452484969964,223.4607686313367,0.8173195839529512,-8.95536950655304,Fatigue
