emg_rms,emg_mav,emg_variance,emg_std,emg_waveform_length,emg_zero_crossing,emg_ssc,emg_kurtosis,emg_skewness,emg_peak,emg_median_freq,emg_mean_freq,emg_peak_freq,emg_total_power,emg_power_low,emg_power_mid,emg_power_high,class_name
44.319617156062726,21.495041017157256,2339.0999178924158,60.73522902600655,503294.4330441245,11910.570399146232,29412.76702712812,17.32096518771679,0.1012246115345718,283.2610863677436,60.055710285514095,86.91488046995894,50.92998332899159,140.97286969827763,121.17705428146012,253.2139936574332,39.532944805893166,Fatigue
