emg_rms,emg_mav,emg_variance,emg_std,emg_waveform_length,emg_zero_crossing,emg_ssc,emg_kurtosis,emg_skewness,emg_peak,emg_median_freq,emg_mean_freq,emg_peak_freq,emg_total_power,emg_power_low,emg_power_mid,emg_power_high,class_name
47.270227107616094,4.954196654175727,1328.070663431199,31.02523344685538,530172.2576413275,11214.118469128423,26971.479718426464,16.66777618365998,0.6078710240300678,297.6814913291459,70.81354228469861,49.90828213169088,56.49833166196052,89.64760470639612,176.63976704080673,515.554132229176,25.417914378210856,Fatigue
