emg_rms,emg_mav,emg_variance,emg_std,emg_waveform_length,emg_zero_crossing,emg_ssc,emg_kurtosis,emg_skewness,emg_peak,emg_median_freq,emg_mean_freq,emg_peak_freq,emg_total_power,emg_power_low,emg_power_mid,emg_power_high,class_name
31.815614637873622,25.39992350024548,384.9314949500053,31.81010301988115,332661.34282364463,20694.622706334096,26281.41186432933,16.55286314194717,0.2908595566746164,378.9134097876732,62.75360528213866,93.28506936581906,23.61144613626988,-84.80461128309008,118.94316377850308,251.35860888405264,-6.316057805883315,Fatigue
