emg_rms,emg_mav,emg_variance,emg_std,emg_waveform_length,emg_zero_crossing,emg_ssc,emg_kurtosis,emg_skewness,emg_peak,emg_median_freq,emg_mean_freq,emg_peak_freq,emg_total_power,emg_power_low,emg_power_mid,emg_power_high,class_name
20.51785720814197,18.39792787843881,2338.954155586555,51.69698683731463,485240.6308741011,16673.207536871738,26124.916512920205,11.554941962490236,-0.0658549185628859,179.58042532882877,68.82942001193275,99.82725137980124,48.89874388764517,210.65228704998933,400.5627025936443,690.0619004343123,24.591772409475997,Fatigue
