emg_rms,emg_mav,emg_variance,emg_std,emg_waveform_length,emg_zero_crossing,emg_ssc,emg_kurtosis,emg_skewness,emg_peak,emg_median_freq,emg_mean_freq,emg_peak_freq,emg_total_power,emg_power_low,emg_power_mid,emg_power_high,class_name
81.19196611629425,31.126857493607417,1657.0605476033272,56.63761831878577,403795.57233592274,14149.92891260482,27658.93618111125,8.075229623202041,-1.0745453904266404,317.93895958810924,65.90198608763265,75.96003574563338,80.29090343235059,939.4046702505428,273.8963540824582,232.23996288319705,56.92122964972548,Fatigue
