emg_rms,emg_mav,emg_variance,emg_std,emg_waveform_length,emg_zero_crossing,emg_ssc,emg_kurtosis,emg_skewness,emg_peak,emg_median_freq,emg_mean_freq,emg_peak_freq,emg_total_power,emg_power_low,emg_power_mid,emg_power_high,class_name
52.125257126994015,8.363230677341232,-2233.107341009229,17.2065019041653,229433.52208016717,19340.752987077827,34045.53494847059,4.948670745671807,-1.4672619592995413,232.49020573236837,74.71750763845903,54.62323452779234,42.80826599504034,230.09594957980664,206.60907776910804,188.48810542842463,50.551907201054505,Fatigue
