emg_rms,emg_mav,emg_variance,emg_std,emg_waveform_length,emg_zero_crossing,emg_ssc,emg_kurtosis,emg_skewness,emg_peak,emg_median_freq,emg_mean_freq,emg_peak_freq,emg_total_power,emg_power_low,emg_power_mid,emg_power_high,class_name
38.13948726089219,25.79155822080396,10.189844877620772,2.871660819104456,279188.04681226984,16727.22488871293,31006.25379786165,13.758983469889138,0.2586890594279942,294.766430295393,61.86538213398532,55.84844462291786,59.05306961926973,159.2306315918629,47.78215542559612,33.578848467812406,-9.092924238816572,Fatigue
