emg_rms,emg_mav,emg_variance,emg_std,emg_waveform_length,emg_zero_crossing,emg_ssc,emg_kurtosis,emg_skewness,emg_peak,emg_median_freq,emg_mean_freq,emg_peak_freq,emg_total_power,emg_power_low,emg_power_mid,emg_power_high,class_name
51.74221526953298,28.416848722105303,-310.3059806955061,35.856088698604054,631430.3560876204,10361.041329157835,34981.11646047601,2.5083163340210124,-0.4263494859710819,199.48454179785955,80.21371535870401,74.11432790451458,66.25185145920568,131.32908389692147,109.09414998722065,137.02889251932694,3.31981138398457,Fatigue
