emg_rms,emg_mav,emg_variance,emg_std,emg_waveform_length,emg_zero_crossing,emg_ssc,emg_kurtosis,emg_skewness,emg_peak,emg_median_freq,emg_mean_freq,emg_peak_freq,emg_total_power,emg_power_low,emg_power_mid,emg_power_high,class_name
34.663074703727055,2.0455232623958377,3225.189284280224,48.53713606359844,583319.289672917,8961.615596329057,26827.603341445807,18.89431722358068,-0.7593524229146165,97.8232384578856,31.88132726769274,66.75558282728633,63.54456583129771,229.344543499739,374.291163785979,74.34394414835089,-8.552946259832595,Fatigue
