emg_rms,emg_mav,emg_variance,emg_std,emg_waveform_length,emg_zero_crossing,emg_ssc,emg_kurtosis,emg_skewness,emg_peak,emg_median_freq,emg_mean_freq,emg_peak_freq,emg_total_power,emg_power_low,emg_power_mid,emg_power_high,class_name
12.2193731243128,3.09503557651745,2147.8502463929717,55.54768577674926,455882.3601601032,11782.460817218842,32361.964960208104,9.72832203429896,-0.881339943865313,434.6451879904806,46.878835155919326,80.5370317861005,78.11466837743463,583.8562917758983,69.09004671084107,-258.7492049083079,-28.018571631509296,Fatigue
