emg_rms,emg_mav,emg_variance,emg_std,emg_waveform_length,emg_zero_crossing,emg_ssc,emg_kurtosis,emg_skewness,emg_peak,emg_median_freq,emg_mean_freq,emg_peak_freq,emg_total_power,emg_power_low,emg_power_mid,emg_power_high,class_name
12.26925023646925,16.306537750536304,3028.04025948888,54.71490607718565,207833.5442931382,14494.494900203805,33161.03285143066,11.266990268697128,-1.1152524358035534,300.0534759847013,64.01473534422392,80.3540569225637,53.96366942024219,1020.8412623114496,61.509076083449344,391.5519347563457,12.78128632922887,Fatigue
