emg_rms,emg_mav,emg_variance,emg_std,emg_waveform_length,emg_zero_crossing,emg_ssc,emg_kurtosis,emg_skewness,emg_peak,emg_median_freq,emg_mean_freq,emg_peak_freq,emg_total_power,emg_power_low,emg_power_mid,emg_power_high,class_name
65.62612999065513,18.524423199667776,-1577.4069076871815,31.585809592736016,73485.17873528594,21498.076671863677,23973.929709408952,8.21392098016381,-2.3582644639750128,234.3389569045779,73.09761467505797,98.283615908823,64.31636736826992,648.1402249899619,78.93213714583976,-130.04135238850813,-1.5022068491473526,Fatigue
