emg_rms,emg_mav,emg_variance,emg_std,emg_waveform_length,emg_zero_crossing,emg_ssc,emg_kurtosis,emg_skewness,emg_peak,emg_median_freq,emg_mean_freq,emg_peak_freq,emg_total_power,emg_power_low,emg_power_mid,emg_power_high,class_name
34.50282934145444,4.268133161527068,2391.9578223849053,31.012328253698456,423228.54349251767,16006.356418469302,27557.71664999205,15.31117315478666,-0.5264970093879384,285.8135474487757,75.95708868664671,78.77344242053697,48.20780994396654,558.1222637620765,48.310131987988825,125.27960716430732,-9.779650006172162,Fatigue
