emg_rms,emg_mav,emg_variance,emg_std,emg_waveform_length,emg_zero_crossing,emg_ssc,emg_kurtosis,emg_skewness,emg_peak,emg_median_freq,emg_mean_freq,emg_peak_freq,emg_total_power,emg_power_low,emg_power_mid,emg_power_high,class_name
21.7760858783663,30.518090755052008,3005.771915709942,22.163841134283185,463152.1545951489,8423.01902908273,27704.00044494758,6.275638907810348,2.550038784232935,347.5288418839683,77.28405477927804,53.125039950736095,59.110108836203786,923.4999090049012,358.64631605603586,768.7545778826357,18.71256952590495,Fatigue
