emg_rms,emg_mav,emg_variance,emg_std,emg_waveform_length,emg_zero_crossing,emg_ssc,emg_kurtosis,emg_skewness,emg_peak,emg_median_freq,emg_mean_freq,emg_peak_freq,emg_total_power,emg_power_low,emg_power_mid,emg_power_high,class_name
36.5142156386088,-3.610783476101517,3278.7829807352155,37.545042590303865,471618.7947201055,15293.365118078758,30939.137698916973,13.43055562994462,0.0984532314197313,292.6507372628166,78.359936203726,84.31236832290917,45.59172537019226,1098.311058401473,224.0146109968653,-166.46677305061377,23.87513036580538,Fatigue
