emg_rms,emg_mav,emg_variance,emg_std,emg_waveform_length,emg_zero_crossing,emg_ssc,emg_kurtosis,emg_skewness,emg_peak,emg_median_freq,emg_mean_freq,emg_peak_freq,emg_total_power,emg_power_low,emg_power_mid,emg_power_high,class_name
23.710310357937917,20.85154646984149,2039.9274276086148,64.8641647747769,311528.68208622554,21874.776842681207,29379.66659396876,0.7973783916771513,-0.101444106431008,376.5987244455866,94.53165039574375,76.50423278460173,58.321743183691744,140.6688243005725,173.92947964661727,314.99829894365536,-25.758436829770535,Fatigue
