emg_rms,emg_mav,emg_variance,emg_std,emg_waveform_length,emg_zero_crossing,emg_ssc,emg_kurtosis,emg_skewness,emg_peak,emg_median_freq,emg_mean_freq,emg_peak_freq,emg_total_power,emg_power_low,emg_power_mid,emg_power_high,class_name
11.873555287613764,30.080581124352648,2939.0746972359048,63.969073842545,153360.04120550153,16248.87839359294,35168.26084147576,17.534051594954903,1.4617505314021946,91.50366858952842,71.19841390244211,84.36331613156084,76.10253547903105,60.1505594694799,251.4074480925004,-46.08694006312021,13.904506073725573,Fatigue
