emg_rms,emg_mav,emg_variance,emg_std,emg_waveform_length,emg_zero_crossing,emg_ssc,emg_kurtosis,emg_skewness,emg_peak,emg_median_freq,emg_mean_freq,emg_peak_freq,emg_total_power,emg_power_low,emg_power_mid,emg_power_high,class_name
-3.3677672989871894,11.897478038182635,-555.9350814150503,81.85132174282268,525824.677857557,17001.561943855224,30048.454130024013,23.6541876161466,0.7973706766178429,118.48233798329508,48.120791773354185,70.74149696658345,55.01807024524412,-39.14552631506223,109.14902562664416,830.6034189921957,31.19948781109771,Fatigue
