emg_rms,emg_mav,emg_variance,emg_std,emg_waveform_length,emg_zero_crossing,emg_ssc,emg_kurtosis,emg_skewness,emg_peak,emg_median_freq,emg_mean_freq,emg_peak_freq,emg_total_power,emg_power_low,emg_power_mid,emg_power_high,class_name
27.92759903633188,13.318230051302772,443.9018559044273,24.583765957337132,140548.69431495242,18459.062688628277,30900.6721675672,11.247771283572993,-1.4895566733171326,261.71725891952923,90.48944760446558,62.684828983363104,50.77490409887542,515.914893357419,53.94116835445553,215.49612265690865,28.03533321208758,Fatigue
