emg_rms,emg_mav,emg_variance,emg_std,emg_waveform_length,emg_zero_crossing,emg_ssc,emg_kurtosis,emg_skewness,emg_peak,emg_median_freq,emg_mean_freq,emg_peak_freq,emg_total_power,emg_power_low,emg_power_mid,emg_power_high,class_name
22.753458477721612,30.11550517395992,3071.4642128024866,-4.5816568605618855,590082.1684503915,17579.248331150586,26801.73812634588,14.714626604484527,0.5469735464059102,552.9229844390055,72.44344961505706,78.98491006006343,44.75853425574529,485.2397927539329,251.4493426985513,455.8450897900353,56.79379280527997,Fatigue
