emg_rms,emg_mav,emg_variance,emg_std,emg_waveform_length,emg_zero_crossing,emg_ssc,emg_kurtosis,emg_skewness,emg_peak,emg_median_freq,emg_mean_freq,emg_peak_freq,emg_total_power,emg_power_low,emg_power_mid,emg_power_high,class_name
45.76225029152925,0.245921605771695,2019.7396288638904,32.30310325060864,665406.8468577774,12857.21775411175,34190.12258035522,10.304972246647193,0.4987032048887947,369.5937661392829,60.92084132436224,73.41118143445951,49.80852887148687,437.1976888727622,-38.64445007098124,310.1593284573925,22.340949583264937,Fatigue
