emg_rms,emg_mav,emg_variance,emg_std,emg_waveform_length,emg_zero_crossing,emg_ssc,emg_kurtosis,emg_skewness,emg_peak,emg_median_freq,emg_mean_freq,emg_peak_freq,emg_total_power,emg_power_low,emg_power_mid,emg_power_high,class_name
42.680573750594,23.8045641036758,1272.8110014303393,16.945280843596525,511512.2896541911,5920.423124485102,33888.04715742511,7.402276523724878,2.305933728720816,432.4900528080193,61.14281731174536,63.90140423331663,59.1977668431823,1119.0353026514654,258.56818414182635,403.5170114189874,-2.3206257574623166,Fatigue
