emg_rms,emg_mav,emg_variance,emg_std,emg_waveform_length,emg_zero_crossing,emg_ssc,emg_kurtosis,emg_skewness,emg_peak,emg_median_freq,emg_mean_freq,emg_peak_freq,emg_total_power,emg_power_low,emg_power_mid,emg_power_high,class_name
65.83837454904472,22.7822359896126,4397.044038257965,43.27452011490884,529842.9128360668,8945.666415684918,31425.364511285647,1.5428206767510684,1.7135758000698285,396.8400075451192,96.9557679207449,64.12057159849105,62.57346338973598,1042.4075796809952,233.94653667817104,-63.32290757810574,35.58655500275315,Fatigue
