emg_rms,emg_mav,emg_variance,emg_std,emg_waveform_length,emg_zero_crossing,emg_ssc,emg_kurtosis,emg_skewness,emg_peak,emg_median_freq,emg_mean_freq,emg_peak_freq,emg_total_power,emg_power_low,emg_power_mid,emg_power_high,class_name
29.177302504145185,12.441938835119686,2477.165119742549,27.441796495735574,352689.7357281168,12359.06683992972,25478.53746550325,18.271042609309884,1.2667609922647196,505.11106048720274,88.72022647442736,77.36876295409564,51.64213760494291,377.6340565180272,191.02088508828004,273.92707575918007,41.06397160518663,Fatigue
