emg_rms,emg_mav,emg_variance,emg_std,emg_waveform_length,emg_zero_crossing,emg_ssc,emg_kurtosis,emg_skewness,emg_peak,emg_median_freq,emg_mean_freq,emg_peak_freq,emg_total_power,emg_power_low,emg_power_mid,emg_power_high,class_name
60.76063120003204,9.88456926836852,2193.5919561024043,21.40878414399204,210619.8065044052,17321.137146105128,29144.32149987861,12.302325062133088,0.7439097425542623,347.8276447322083,60.27198941195281,81.7242497611683,60.949349147449205,-38.324070133281,-147.4295718154175,681.0629757262057,-7.051785734606682,Fatigue
