emg_rms,emg_mav,emg_variance,emg_std,emg_waveform_length,emg_zero_crossing,emg_ssc,emg_kurtosis,emg_skewness,emg_peak,emg_median_freq,emg_mean_freq,emg_peak_freq,emg_total_power,emg_power_low,emg_power_mid,emg_power_high,class_name
19.191943408235407,3.8939037698838046,242.8774558333805,-15.754946258926438,307334.88529227755,12967.42087674004,25614.34812353326,10.103782162686274,-1.052575498116915,328.3833817185921,62.586479955758605,91.90578630708548,46.55944241720184,-316.80193537893825,377.8770578090456,948.1367714864311,39.64555097118296,Fatigue
