emg_rms,emg_mav,emg_variance,emg_std,emg_waveform_length,emg_zero_crossing,emg_ssc,emg_kurtosis,emg_skewness,emg_peak,emg_median_freq,emg_mean_freq,emg_peak_freq,emg_total_power,emg_power_low,emg_power_mid,emg_power_high,class_name
31.43277045997704,9.885916582932452,3743.7639136378057,5.9350336963821775,125719.24592135265,10077.592548486493,30700.43232784252,6.420497407156937,0.7759335995801269,209.3594715149752,85.61834028610318,45.218926620473646,47.94405220207995,27.391141437136294,235.6512587020241,158.7145409565181,12.911007712179254,Fatigue
