emg_rms,emg_mav,emg_variance,emg_std,emg_waveform_length,emg_zero_crossing,emg_ssc,emg_kurtosis,emg_skewness,emg_peak,emg_median_freq,emg_mean_freq,emg_peak_freq,emg_total_power,emg_power_low,emg_power_mid,emg_power_high,class_name
57.41012408822187,3.816638149289503,1270.6948130414098,63.75687194637729,313758.8500315424,14903.631513220136,25734.30981943113,14.028960506264848,-1.32029106737344,630.4002729123691,55.38722197107028,92.09470846848149,78.43304742431955,869.5249487699384,24.134750336931265,426.5344640185911,10.06910961973011,Fatigue
