emg_rms,emg_mav,emg_variance,emg_std,emg_waveform_length,emg_zero_crossing,emg_ssc,emg_kurtosis,emg_skewness,emg_peak,emg_median_freq,emg_mean_freq,emg_peak_freq,emg_total_power,emg_power_low,emg_power_mid,emg_power_high,class_name
42.19108572202464,9.644834224235357,-1563.0244110798926,31.2823615255552,425904.4245567059,15517.822793887804,30533.184733264465,19.988997463094822,-0.3920898144592707,424.9748295287845,60.39408005160914,56.884115529012846,63.25835125597309,415.2050753252904,300.59502209959834,1193.4754493967505,21.022216620726866,Fatigue
