emg_rms,emg_mav,emg_variance,emg_std,emg_waveform_length,emg_zero_crossing,emg_ssc,emg_kurtosis,emg_skewness,emg_peak,emg_median_freq,emg_mean_freq,emg_peak_freq,emg_total_power,emg_power_low,emg_power_mid,emg_power_high,class_name
13.802811519220178,17.10945020458119,6059.176414113429,50.64763068010073,69857.46375814959,15879.993495156115,27065.933372631254,17.189942879203326,-1.2383542562841752,174.21675484866137,50.77574612636597,63.63061234057841,55.299197284908296,1009.5265787268012,130.27946610244643,-346.0531659352133,0.4584588474828202,Fatigue
