emg_rms,emg_mav,emg_variance,emg_std,emg_waveform_length,emg_zero_crossing,emg_ssc,emg_kurtosis,emg_skewness,emg_peak,emg_median_freq,emg_mean_freq,emg_peak_freq,emg_total_power,emg_power_low,emg_power_mid,emg_power_high,class_name
24.852037199371686,21.148275908568337,-839.5044294739987,27.40899598752053,647519.7027334062,12195.136443740255,28197.656319199545,10.93219244490163,-0.292093705756404,142.1560049645143,85.06922013337653,75.45051052053226,47.66205971890144,-558.110253110189,256.4410090379323,318.37853537855307,36.582154718372266,Fatigue
