emg_rms,emg_mav,emg_variance,emg_std,emg_waveform_length,emg_zero_crossing,emg_ssc,emg_kurtosis,emg_skewness,emg_peak,emg_median_freq,emg_mean_freq,emg_peak_freq,emg_total_power,emg_power_low,emg_power_mid,emg_power_high,class_name
42.74206239181184,5.7052196199385,-40.71120321780086,9.739716489071933,553332.126222127,13507.019273152458,23843.579634657028,14.104259427308977,0.6056367292365206,18.584363012114068,89.01979357918458,76.85714603346332,59.11195875789314,-134.76843910285078,115.80836671229956,288.29109632017537,43.05743141835895,Fatigue
