emg_rms,emg_mav,emg_variance,emg_std,emg_waveform_length,emg_zero_crossing,emg_ssc,emg_kurtosis,emg_skewness,emg_peak,emg_median_freq,emg_mean_freq,emg_peak_freq,emg_total_power,emg_power_low,emg_power_mid,emg_power_high,class_name
-7.236254137837761,16.412699164660474,77.54539609130234,4.964283131658192,386342.0924981434,13653.149606534573,26136.917243726508,13.419539185948503,-0.9802660816164572,318.9159639107757,56.0868951148454,111.75670048352973,50.54955289854305,1023.8929969065198,233.55771115098744,99.1097083517731,45.787388056571146,Fatigue
