emg_rms,emg_mav,emg_variance,emg_std,emg_waveform_length,emg_zero_crossing,emg_ssc,emg_kurtosis,emg_skewness,emg_peak,emg_median_freq,emg_mean_freq,emg_peak_freq,emg_total_power,emg_power_low,emg_power_mid,emg_power_high,class_name
41.8774303042309,29.276294561181448,2534.7335400971424,24.67527953360008,80903.01724580768,11415.000279514828,28506.74400103979,8.650302739865678,0.4573919321122621,295.5322191862696,54.26259674674782,83.326966113081,52.27328496744798,-99.06777152007707,147.73309922175557,824.8404797741126,21.0399129736066,Fatigue
