emg_rms,emg_mav,emg_variance,emg_std,emg_waveform_length,emg_zero_crossing,emg_ssc,emg_kurtosis,emg_skewness,emg_peak,emg_median_freq,emg_mean_freq,emg_peak_freq,emg_total_power,emg_power_low,emg_power_mid,emg_power_high,class_name
16.664412412712913,23.56472152955472,-327.16453862558274,52.13950624367591,245098.0549280153,16234.840541524312,30118.284873343007,4.598465643504814,1.0077524348293807,214.5263790154833,85.36216265899802,56.28740096726533,44.40493304635218,-793.0001361697873,117.97114999615806,628.8349182782495,29.29556184608432,Fatigue
