emg_rms,emg_mav,emg_variance,emg_std,emg_waveform_length,emg_zero_crossing,emg_ssc,emg_kurtosis,emg_skewness,emg_peak,emg_median_freq,emg_mean_freq,emg_peak_freq,emg_total_power,emg_power_low,emg_power_mid,emg_power_high,class_name
56.37115940231334,20.02531935542584,815.6274093424131,18.02827613467235,444836.0704610789,14984.862030045357,33338.28839991176,7.929012875723778,0.5930430978543223,427.450259043165,93.25667255543416,85.71483448635806,55.52764087385221,458.0244557264312,-131.30153164114574,-105.24645919333516,-5.839627938777863,Fatigue
