emg_rms,emg_mav,emg_variance,emg_std,emg_waveform_length,emg_zero_crossing,emg_ssc,emg_kurtosis,emg_skewness,emg_peak,emg_median_freq,emg_mean_freq,emg_peak_freq,emg_total_power,emg_power_low,emg_power_mid,emg_power_high,class_name
36.28719237894053,18.180966121575405,2539.3584893387283,30.6279649278074,411527.3287757477,14189.17775170922,26534.27023158806,14.133406707936713,0.7721518309935288,369.2523027087101,54.55726967845952,51.64663365186249,38.328152216050384,166.32858559697712,-39.31423583116825,219.609143882662,14.81315370791364,Fatigue
