emg_rms,emg_mav,emg_variance,emg_std,emg_waveform_length,emg_zero_crossing,emg_ssc,emg_kurtosis,emg_skewness,emg_peak,emg_median_freq,emg_mean_freq,emg_peak_freq,emg_total_power,emg_power_low,emg_power_mid,emg_power_high,class_name
22.970055309368085,21.14740376536298,4063.1391231163807,12.30737616012409,183013.035720571,15933.359243296389,28406.121273851542,15.966851971135693,-0.6716186328006866,478.9537132505016,52.00928123082951,86.82224952209626,33.2838168283782,909.8758648139913,285.8677856535834,747.9427680039796,40.72525854663233,Fatigue
