emg_rms,emg_mav,emg_variance,emg_std,emg_waveform_length,emg_zero_crossing,emg_ssc,emg_kurtosis,emg_skewness,emg_peak,emg_median_freq,emg_mean_freq,emg_peak_freq,emg_total_power,emg_power_low,emg_power_mid,emg_power_high,class_name
10.102840412255436,12.40048718492341,-1116.7498852216827,34.6711125542451,483336.5170901317,13353.675192937408,38027.444473464144,10.166338712607637,0.9041534718658866,221.99617353277472,83.87701337197558,72.14717460401893,84.96252414560988,-48.56807433458852,235.42532746171213,151.06842593516188,-30.047789151599645,Fatigue
