emg_rms,emg_mav,emg_variance,emg_std,emg_waveform_length,emg_zero_crossing,emg_ssc,emg_kurtosis,emg_skewness,emg_peak,emg_median_freq,emg_mean_freq,emg_peak_freq,emg_total_power,emg_power_low,emg_power_mid,emg_power_high,class_name
-14.212404239369969,9.07186031004651,840.9726543767138,38.45313783357568,426155.7157953978,12217.634102854136,31529.84924954071,14.3595425825273,1.6791356758321891,81.66023474132135,58.88618198941146,76.3394464510318,66.93939041824468,198.1683583770829,-48.379486159324216,131.38465058333082,41.816783658651374,Fatigue
