emg_rms,emg_mav,emg_variance,emg_std,emg_waveform_length,emg_zero_crossing,emg_ssc,emg_kurtosis,emg_skewness,emg_peak,emg_median_freq,emg_mean_freq,emg_peak_freq,emg_total_power,emg_power_low,emg_power_mid,emg_power_high,class_name
15.582477959695083,7.835013436086191,1659.4050448404037,48.130387181533,625615.958472986,14868.239069579718,28920.60681946427,1.694726505910868,-0.1755344858579482,406.3052773944098,59.58543466556735,76.70117070809444,68.17069550905256,-258.8385943351171,-51.26933009583635,602.5984691741637,29.318828774487507,Fatigue
