emg_rms,emg_mav,emg_variance,emg_std,emg_waveform_length,emg_zero_crossing,emg_ssc,emg_kurtosis,emg_skewness,emg_peak,emg_median_freq,emg_mean_freq,emg_peak_freq,emg_total_power,emg_power_low,emg_power_mid,emg_power_high,class_name
17.28749011082847,32.09274308227229,4258.419954152921,26.86663688854825,280983.82611082133,12380.432334052595,29276.862505780377,18.69425103268057,1.9880511978052628,142.30260336080266,63.365387420584526,84.24860203518749,63.99556601060436,-37.0344078318617,466.32225684613695,-19.578129153430723,17.123452447745123,Fatigue
