emg_rms,emg_mav,emg_variance,emg_std,emg_waveform_length,emg_zero_crossing,emg_ssc,emg_kurtosis,emg_skewness,emg_peak,emg_median_freq,emg_mean_freq,emg_peak_freq,emg_total_power,emg_power_low,emg_power_mid,emg_power_high,class_name
53.93979874697976,26.482771628417147,-75.57771131969639,71.83592921810867,279908.7314915743,13489.401058328353,28680.84737725272,11.388157386629016,-0.9874206222107976,206.542817183428,66.62025417483633,83.98234504276428,37.168791967403344,1072.4116502938268,212.24766204210263,604.0256218747372,11.945455678914175,Fatigue
