emg_rms,emg_mav,emg_variance,emg_std,emg_waveform_length,emg_zero_crossing,emg_ssc,emg_kurtosis,emg_skewness,emg_peak,emg_median_freq,emg_mean_freq,emg_peak_freq,emg_total_power,emg_power_low,emg_power_mid,emg_power_high,class_name
38.072801295946284,13.370577044407428,-115.0878069775033,25.425310344510628,588670.6871421353,19213.031882316263,27289.32756858436,4.986242358977765,1.058004689103287,285.476686935034,55.21477161203171,88.77858735349562,35.44907603491924,812.6016097239067,264.902588619708,249.2793400536044,68.42627043679713,Fatigue
