emg_rms,emg_mav,emg_variance,emg_std,emg_waveform_length,emg_zero_crossing,emg_ssc,emg_kurtosis,emg_skewness,emg_peak,emg_median_freq,emg_mean_freq,emg_peak_freq,emg_total_power,emg_power_low,emg_power_mid,emg_power_high,class_name
58.47448638702155,4.060658360587764,1375.9834434435984,44.554798082194736,466962.6409386814,15700.058786633565,27416.984418694097,21.53900195705029,0.6787181748668921,50.31035809055737,52.39109315933953,100.82304199643757,39.64150997952693,241.4467882136091,-133.47294554420768,383.23565911868513,-43.67468047868795,Fatigue
