emg_rms,emg_mav,emg_variance,emg_std,emg_waveform_length,emg_zero_crossing,emg_ssc,emg_kurtosis,emg_skewness,emg_peak,emg_median_freq,emg_mean_freq,emg_peak_freq,emg_total_power,emg_power_low,emg_power_mid,emg_power_high,class_name
32.450119688542244,9.243997017003045,-53.68225318020336,61.19902868507087,469948.5026594442,9804.282548985402,29019.174518881977,4.14995857873465,0.0028095304363583,380.62434174722426,83.70316636277903,110.23593167048124,57.01202626949718,399.7606133113236,221.6180794080144,184.3381006408163,18.75435815632368,Fatigue
