emg_rms,emg_mav,emg_variance,emg_std,emg_waveform_length,emg_zero_crossing,emg_ssc,emg_kurtosis,emg_skewness,emg_peak,emg_median_freq,emg_mean_freq,emg_peak_freq,emg_total_power,emg_power_low,emg_power_mid,emg_power_high,class_name
77.43655495653448,9.666266823262085,906.6615299352834,44.22140432573779,407268.8737351373,15713.504198032708,23195.93137295943,17.851920927294216,-1.402007348331558,289.2662827297308,65.31290260616967,62.97464912625208,55.83218025675944,1190.1104456995342,414.3969373993238,-225.88592032395832,18.88766641199225,Fatigue
