emg_rms,emg_mav,emg_variance,emg_std,emg_waveform_length,emg_zero_crossing,emg_ssc,emg_kurtosis,emg_skewness,emg_peak,emg_median_freq,emg_mean_freq,emg_peak_freq,emg_total_power,emg_power_low,emg_power_mid,emg_power_high,class_name
47.10469434540451,32.91540081240413,1910.992601141563,27.132881353061347,208094.5155957482,11935.648770463806,24551.50812610504,5.588863503478029,-1.2200882718784138,270.8033636868581,56.21824974058172,79.35860125538244,64.5409713538699,1486.1129304743563,103.6370417832308,721.3063385800695,35.46823659998235,Fatigue
