emg_rms,emg_mav,emg_variance,emg_std,emg_waveform_length,emg_zero_crossing,emg_ssc,emg_kurtosis,emg_skewness,emg_peak,emg_median_freq,emg_mean_freq,emg_peak_freq,emg_total_power,emg_power_low,emg_power_mid,emg_power_high,class_name
26.494865380764328,15.588885018477145,1137.0773742690524,23.7270094423493,383309.9089014239,14933.803986612606,20594.357006201597,22.19697566980657,1.771945195462067,371.5995058807582,54.0006696490371,84.57397614947766,56.47055190308124,664.0365805398679,292.81823215290444,76.53960526993853,56.08688660982197,Fatigue
