emg_rms,emg_mav,emg_variance,emg_std,emg_waveform_length,emg_zero_crossing,emg_ssc,emg_kurtosis,emg_skewness,emg_peak,emg_median_freq,emg_mean_freq,emg_peak_freq,emg_total_power,emg_power_low,emg_power_mid,emg_power_high,class_name
16.77934031281507,12.03474337212528,-1294.6733349989686,-21.216932228298557,744337.8633870727,21303.419926051956,23996.293609365188,17.141576722355197,-1.92106467044702,414.1356357064468,64.30639400706093,55.974943826562,70.6560168376376,605.7700391034331,-2.116842173059297,54.58653629758754,-12.893990394409627,Fatigue
