emg_rms,emg_mav,emg_variance,emg_std,emg_waveform_length,emg_zero_crossing,emg_ssc,emg_kurtosis,emg_skewness,emg_peak,emg_median_freq,emg_mean_freq,emg_peak_freq,emg_total_power,emg_power_low,emg_power_mid,emg_power_high,class_name
9.350368553135066,40.03124981006045,-550.7515043343192,48.680231455254415,326856.9168987982,5602.296992945665,29790.290636994225,7.602589808256738,1.6147449564536205,279.03989987723065,93.23430059195958,84.60110625616595,73.56595408409495,855.1004276811884,20.03684552186658,755.0532101641514,9.448394785541344,Fatigue
