emg_rms,emg_mav,emg_variance,emg_std,emg_waveform_length,emg_zero_crossing,emg_ssc,emg_kurtosis,emg_skewness,emg_peak,emg_median_freq,emg_mean_freq,emg_peak_freq,emg_total_power,emg_power_low,emg_power_mid,emg_power_high,class_name
33.045894912967874,6.585708261524029,415.1879385035775,40.05276637059647,234745.9086564824,12220.861704791783,28967.4138596769,14.720052553478896,0.1582209345474385,214.9003164161308,78.38309710003332,76.4184583565338,63.5223927719495,780.4251187084128,129.64163478619784,225.70270266370065,14.907250870455869,Fatigue
