emg_rms,emg_mav,emg_variance,emg_std,emg_waveform_length,emg_zero_crossing,emg_ssc,emg_kurtosis,emg_skewness,emg_peak,emg_median_freq,emg_mean_freq,emg_peak_freq,emg_total_power,emg_power_low,emg_power_mid,emg_power_high,class_name
47.03249832383949,35.86592666480486,358.1042792834378,17.143058703827766,256558.4578357516,14314.353465822069,30377.307070800794,10.905479021174108,0.1821097324917612,196.9067325433818,71.66293314754826,95.07909956041289,59.70931811240882,1147.8985508385842,630.9205664144308,-23.977723633566427,10.22273852363615,Fatigue
