emg_rms,emg_mav,emg_variance,emg_std,emg_waveform_length,emg_zero_crossing,emg_ssc,emg_kurtosis,emg_skewness,emg_peak,emg_median_freq,emg_mean_freq,emg_peak_freq,emg_total_power,emg_power_low,emg_power_mid,emg_power_high,class_name
13.286149650025916,24.496596198031,2643.571558890761,79.0858200209386,-118622.62827130914,12226.615706720198,25106.013586800025,11.79885195529819,-0.1455177233553681,418.40313833720126,43.12151445354662,73.74959450774514,34.41789534938587,1296.974243144069,139.70415051570677,445.7718789753419,20.256815023669816,Fatigue
