emg_rms,emg_mav,emg_variance,emg_std,emg_waveform_length,emg_zero_crossing,emg_ssc,emg_kurtosis,emg_skewness,emg_peak,emg_median_freq,emg_mean_freq,emg_peak_freq,emg_total_power,emg_power_low,emg_power_mid,emg_power_high,class_name
27.85772431671901,20.798898042478037,4143.597305293983,39.12086699710677,395082.7180221472,15201.922776518184,28734.660194323453,2.1112851684185205,2.5083759317402787,288.8229494896516,69.60023059315097,107.4380435002679,55.19566361286196,788.0378659219559,6.572438172346139,-236.59899440134075,-7.534173668484705,Fatigue
