emg_rms,emg_mav,emg_variance,emg_std,emg_waveform_length,emg_zero_crossing,emg_ssc,emg_kurtosis,emg_skewness,emg_peak,emg_median_freq,emg_mean_freq,emg_peak_freq,emg_total_power,emg_power_low,emg_power_mid,emg_power_high,class_name
27.095969683966985,5.546703740146334,3735.4776910866494,-6.585880708302568,574613.7411933033,18984.524004586456,29133.311590581987,14.638702356543847,-0.7902491118842782,217.294073235754,74.22539715409738,66.73233110948387,39.88045479459405,434.31109043886966,106.48964461517944,164.521071074561,15.711580725374288,Fatigue
