emg_rms,emg_mav,emg_variance,emg_std,emg_waveform_length,emg_zero_crossing,emg_ssc,emg_kurtosis,emg_skewness,emg_peak,emg_median_freq,emg_mean_freq,emg_peak_freq,emg_total_power,emg_power_low,emg_power_mid,emg_power_high,class_name
42.0797235691987,14.589996000344597,1338.3887288087196,73.99212782215876,807663.4146654891,17150.802624562806,28024.17101454279,14.42229078147373,-0.4929244763470617,212.08999628246505,94.08702681914517,90.94506018709114,46.09186352514601,-239.3698795489417,-12.9674598632663,629.5886820756197,20.784448321688227,Fatigue
