emg_rms,emg_mav,emg_variance,emg_std,emg_waveform_length,emg_zero_crossing,emg_ssc,emg_kurtosis,emg_skewness,emg_peak,emg_median_freq,emg_mean_freq,emg_peak_freq,emg_total_power,emg_power_low,emg_power_mid,emg_power_high,class_name
33.39168600624634,26.015244905429768,-2394.645885342776,40.497314442004026,578664.8940052318,13391.008288560042,26141.379190142063,14.663961516925935,-0.4121793737325545,376.8516984281966,70.02139348132586,81.05826531976282,55.85349430348246,404.8974056992861,143.91252544570176,141.55501335167196,-50.73578541032588,Fatigue
