emg_rms,emg_mav,emg_variance,emg_std,emg_waveform_length,emg_zero_crossing,emg_ssc,emg_kurtosis,emg_skewness,emg_peak,emg_median_freq,emg_mean_freq,emg_peak_freq,emg_total_power,emg_power_low,emg_power_mid,emg_power_high,class_name
5.701166626767115,20.431110634630983,82.19744358984326,63.16598521963016,594381.7216489437,13834.956550597182,25135.56649984412,11.392322714876306,0.7941907620958684,367.9588591167366,90.64992682226097,84.49148243349171,36.88542305589546,-365.7605380885329,3.055402112600774,197.3483775614905,55.74504745056408,Fatigue
