emg_rms,emg_mav,emg_variance,emg_std,emg_waveform_length,emg_zero_crossing,emg_ssc,emg_kurtosis,emg_skewness,emg_peak,emg_median_freq,emg_mean_freq,emg_peak_freq,emg_total_power,emg_power_low,emg_power_mid,emg_power_high,class_name
45.30151130229161,9.112918928712483,3298.384606062501,6.741032529606709,358235.9166596277,10834.560390636032,29445.36029477837,9.255298047333843,1.4939644091966964,371.2979965958055,67.37218027669914,66.24180193582505,57.2012710734172,-527.5633364419552,72.93094768855883,428.035993196582,25.45328785941125,Fatigue
