emg_rms,emg_mav,emg_variance,emg_std,emg_waveform_length,emg_zero_crossing,emg_ssc,emg_kurtosis,emg_skewness,emg_peak,emg_median_freq,emg_mean_freq,emg_peak_freq,emg_total_power,emg_power_low,emg_power_mid,emg_power_high,class_name
14.578473098399726,17.068019957073233,-237.84407079705488,56.72599285241032,418967.4559036265,9927.466999428603,27163.43190255108,12.906413346451806,-0.3891153162597736,266.99100113190224,65.02109746850006,62.90626439712334,64.5303990379139,359.78129510917427,196.834046460629,26.92448892920657,-9.261548727854596,Fatigue
