emg_rms,emg_mav,emg_variance,emg_std,emg_waveform_length,emg_zero_crossing,emg_ssc,emg_kurtosis,emg_skewness,emg_peak,emg_median_freq,emg_mean_freq,emg_peak_freq,emg_total_power,emg_power_low,emg_power_mid,emg_power_high,class_name
36.25753244670326,12.928234056968064,1672.1519857567384,36.00255355948364,242040.40836526745,12765.767354482705,27748.2654932353,12.257761847018957,-0.4456753798060411,78.71049328222,81.12202950222766,84.69275080254471,49.03368143236544,1645.8070813096365,277.8771105094873,370.3467860433696,-7.97277872498476,Fatigue
