emg_rms,emg_mav,emg_variance,emg_std,emg_waveform_length,emg_zero_crossing,emg_ssc,emg_kurtosis,emg_skewness,emg_peak,emg_median_freq,emg_mean_freq,emg_peak_freq,emg_total_power,emg_power_low,emg_power_mid,emg_power_high,class_name
69.40991334388448,5.638895294068636,-3481.720575132934,36.87446906632774,784307.9105041442,18067.05038390871,31314.09250159683,11.349399774079462,0.0894871707594898,154.89535323984842,99.86456683094887,103.44218292557127,55.1984001098168,1481.207841136078,56.18820601229234,447.69633785538974,75.06354428207027,Fatigue
