emg_rms,emg_mav,emg_variance,emg_std,emg_waveform_length,emg_zero_crossing,emg_ssc,emg_kurtosis,emg_skewness,emg_peak,emg_median_freq,emg_mean_freq,emg_peak_freq,emg_total_power,emg_power_low,emg_power_mid,emg_power_high,class_name
-26.562608730194786,24.06415076728732,3055.396150364335,24.50714192467913,732550.4730011192,17897.141434434678,30580.416491190463,2.068152446585122,0.818301600384157,431.9616255983461,59.73657521966069,81.8305324190703,45.6499638520073,-215.93585577053608,2.9417049211817528,368.3974616827261,31.860254493131908,Fatigue
