emg_rms,emg_mav,emg_variance,emg_std,emg_waveform_length,emg_zero_crossing,emg_ssc,emg_kurtosis,emg_skewness,emg_peak,emg_median_freq,emg_mean_freq,emg_peak_freq,emg_total_power,emg_power_low,emg_power_mid,emg_power_high,class_name
35.52833497122275,17.56161692604617,-72.40791922438848,62.7898312769949,484415.3306926236,12721.938866379844,27673.500273245856,8.022670523189722,-0.1953502923336005,389.3320234007247,78.1036947191207,89.00210479739435,68.07144982371265,1147.7125275819787,236.7581331509236,460.87346674958457,14.644524727218018,Fatigue
