emg_rms,emg_mav,emg_variance,emg_std,emg_waveform_length,emg_zero_crossing,emg_ssc,emg_kurtosis,emg_skewness,emg_peak,emg_median_freq,emg_mean_freq,emg_peak_freq,emg_total_power,emg_power_low,emg_power_mid,emg_power_high,class_name
52.38770925272408,23.834374047831567,2590.453774027625,80.29979449655283,659365.1603739661,12740.146091293063,31488.08253819703,8.809327416857913,-1.6191801962094334,533.3024984101523,56.07098304665017,64.94594746947732,51.990638010110416,1053.3609137869482,200.32107340241657,338.0758940127067,19.636031657147576,Fatigue
