emg_rms,emg_mav,emg_variance,emg_std,emg_waveform_length,emg_zero_crossing,emg_ssc,emg_kurtosis,emg_skewness,emg_peak,emg_median_freq,emg_mean_freq,emg_peak_freq,emg_total_power,emg_power_low,emg_power_mid,emg_power_high,class_name
22.95028023479244,25.534182538122465,4632.851758843552,22.264328137253354,274945.08977889176,15713.424847279954,28570.08068647437,13.731683862437226,-0.9549181328380956,421.9010475642024,57.77865504450126,88.13870072062718,56.52964312736434,1112.1198661751764,-153.0422657397553,1268.069785406909,53.43953718593969,Fatigue
