emg_rms,emg_mav,emg_variance,emg_std,emg_waveform_length,emg_zero_crossing,emg_ssc,emg_kurtosis,emg_skewness,emg_peak,emg_median_freq,emg_mean_freq,emg_peak_freq,emg_total_power,emg_power_low,emg_power_mid,emg_power_high,class_name
26.498462591837928,25.23491060361309,-1284.7088747503049,56.93895101772681,429172.354159704,13181.674343588662,24778.910360332204,26.207435194645804,1.9275758965815049,551.1817177891988,72.0413935563013,123.4963151697646,61.03278216416455,869.1069430362093,-87.60180225417662,533.5524250547039,15.950113099382824,Fatigue
