emg_rms,emg_mav,emg_variance,emg_std,emg_waveform_length,emg_zero_crossing,emg_ssc,emg_kurtosis,emg_skewness,emg_peak,emg_median_freq,emg_mean_freq,emg_peak_freq,emg_total_power,emg_power_low,emg_power_mid,emg_power_high,class_name
42.95785520925144,14.168987442665893,2057.9997635611403,-8.224751964669736,578106.1432307349,11328.852444450426,31532.280593011263,19.631380560412527,0.5376975162223728,406.62636546356174,48.51532576571076,101.57788596051824,64.84615880854282,844.9417270743313,-98.99823367156348,-459.9974449513617,37.78851830864765,Fatigue
