emg_rms,emg_mav,emg_variance,emg_std,emg_waveform_length,emg_zero_crossing,emg_ssc,emg_kurtosis,emg_skewness,emg_peak,emg_median_freq,emg_mean_freq,emg_peak_freq,emg_total_power,emg_power_low,emg_power_mid,emg_power_high,class_name
45.73508968675397,19.867641524166523,554.3869724504996,71.07411746128427,393438.4506780367,17111.72941271829,23413.47678055257,8.32137473862453,0.3904524854151554,194.0855309246845,46.05188788957734,107.27812956885042,57.79726009802146,-247.42119887063853,0.948219929982372,271.0423656343044,17.628669381786448,Fatigue
