emg_rms,emg_mav,emg_variance,emg_std,emg_waveform_length,emg_zero_crossing,emg_ssc,emg_kurtosis,emg_skewness,emg_peak,emg_median_freq,emg_mean_freq,emg_peak_freq,emg_total_power,emg_power_low,emg_power_mid,emg_power_high,class_name
6.710842082763769,12.531896158421526,3321.8911566568354,52.90730322319009,731959.8527579837,15634.458093107418,21744.96394160903,15.898787026044692,-1.3318712254394949,321.1358399861118,73.46987297238263,50.17691324625928,52.94293708049457,308.04001692862306,16.853613764457478,-491.5304523346956,55.55460814483797,Fatigue
