emg_rms,emg_mav,emg_variance,emg_std,emg_waveform_length,emg_zero_crossing,emg_ssc,emg_kurtosis,emg_skewness,emg_peak,emg_median_freq,emg_mean_freq,emg_peak_freq,emg_total_power,emg_power_low,emg_power_mid,emg_power_high,class_name
54.75100430105108,20.493974198795865,2332.672540159921,32.25778849321897,269184.6473447535,15139.838591924166,28066.79769264952,16.466614483528154,-0.9383109456148124,459.89698230094825,57.53603319787175,93.1846050859486,33.96237134115216,62.467887555297125,-32.838127022672325,105.81570702081255,-7.425775436111447,Fatigue
