emg_rms,emg_mav,emg_variance,emg_std,emg_waveform_length,emg_zero_crossing,emg_ssc,emg_kurtosis,emg_skewness,emg_peak,emg_median_freq,emg_mean_freq,emg_peak_freq,emg_total_power,emg_power_low,emg_power_mid,emg_power_high,class_name
65.55868645408007,15.680738255043805,-28.22837863153518,43.32180975095558,404531.7638642922,7855.585593445973,32056.02903719427,9.996043318532804,1.5499584069114942,603.4804862692295,90.7495838176099,37.86943059462795,60.64106912881779,634.9808499061264,219.68687158685103,90.79732657489812,-33.03168802253698,Fatigue
