emg_rms,emg_mav,emg_variance,emg_std,emg_waveform_length,emg_zero_crossing,emg_ssc,emg_kurtosis,emg_skewness,emg_peak,emg_median_freq,emg_mean_freq,emg_peak_freq,emg_total_power,emg_power_low,emg_power_mid,emg_power_high,class_name
18.062806869706773,10.280700163819116,1432.063020595157,25.922277497002696,85085.94908632326,15284.213990404558,29656.78751590317,13.58154363724349,-0.4039994032748865,98.25084926108993,64.90079738247091,99.7623459323324,69.36289337747453,-41.43997219829697,195.34313470443527,139.56246406504764,9.873656352793253,Fatigue
