emg_rms,emg_mav,emg_variance,emg_std,emg_waveform_length,emg_zero_crossing,emg_ssc,emg_kurtosis,emg_skewness,emg_peak,emg_median_freq,emg_mean_freq,emg_peak_freq,emg_total_power,emg_power_low,emg_power_mid,emg_power_high,class_name
64.69982671684745,11.848079556696009,4350.64689300677,7.270109649697211,318704.48951496545,15969.182023170106,30293.33589993376,9.86149017488864,1.8031429829264627,453.94441204121694,75.06869592690468,94.86137361519202,71.15513506942926,-608.8167820503697,140.18928391734977,279.70318865185766,-19.861412150780424,Fatigue
