emg_rms,emg_mav,emg_variance,emg_std,emg_waveform_length,emg_zero_crossing,emg_ssc,emg_kurtosis,emg_skewness,emg_peak,emg_median_freq,emg_mean_freq,emg_peak_freq,emg_total_power,emg_power_low,emg_power_mid,emg_power_high,class_name
13.359286274679793,4.571626017701664,-1260.9720216699334,43.95605977604711,271317.12398490414,13388.43198067492,22990.864792860088,-0.6626599154088382,-0.6723558587299786,255.74439582408075,61.81823399416624,87.54246065628782,54.47913543617579,882.7530333804464,106.20311725635014,-327.3621083496806,-14.752799843581794,Fatigue
