emg_rms,emg_mav,emg_variance,emg_std,emg_waveform_length,emg_zero_crossing,emg_ssc,emg_kurtosis,emg_skewness,emg_peak,emg_median_freq,emg_mean_freq,emg_peak_freq,emg_total_power,emg_power_low,emg_power_mid,emg_power_high,class_name
57.44973673035791,9.458249985562004,-1599.3811180662492,10.662751912869616,280508.6474342364,9792.60549908044,34289.85637366953,10.574755240372276,0.6238622971428092,226.14970120805947,76.0165057679488,60.6410933274784,57.36987503554337,620.1651418827959,310.8194316078369,803.8871273685647,21.859771652147916,Fatigue
