emg_rms,emg_mav,emg_variance,emg_std,emg_waveform_length,emg_zero_crossing,emg_ssc,emg_kurtosis,emg_skewness,emg_peak,emg_median_freq,emg_mean_freq,emg_peak_freq,emg_total_power,emg_power_low,emg_power_mid,emg_power_high,class_name
47.96950866214344,24.80287648683744,198.5889861624264,27.57357573443302,350781.32138101524,16260.145306165408,33100.801729816514,3.3897594779763622,0.2067846313352704,111.19836587633372,72.70353680782155,54.54475271551782,64.31184038014045,563.5205627474306,355.3021249605333,-359.9127056600417,24.121717497984555,Fatigue
