emg_rms,emg_mav,emg_variance,emg_std,emg_waveform_length,emg_zero_crossing,emg_ssc,emg_kurtosis,emg_skewness,emg_peak,emg_median_freq,emg_mean_freq,emg_peak_freq,emg_total_power,emg_power_low,emg_power_mid,emg_power_high,class_name
41.6907846603426,3.4603356498803706,170.3092087134428,4.693233988229789,336257.65398366994,17097.703575708587,29748.849538001126,16.504545810852346,-0.6534758536057409,322.75396696634675,85.79019035209056,69.66610496111863,58.70210010254021,490.779564831688,17.292823126822952,170.35853003592692,33.230639434493575,Fatigue
