emg_rms,emg_mav,emg_variance,emg_std,emg_waveform_length,emg_zero_crossing,emg_ssc,emg_kurtosis,emg_skewness,emg_peak,emg_median_freq,emg_mean_freq,emg_peak_freq,emg_total_power,emg_power_low,emg_power_mid,emg_power_high,class_name
47.06386476533218,24.39956488535533,2544.785076301554,50.37497558035239,295626.80264617724,15957.638844631008,31831.354352805727,19.41077605281825,0.4697373900806845,378.21695601175657,65.20522191571378,70.07759403731063,74.41590197469768,-8.455355752519097,109.55130294209016,305.97266011787053,-34.61340403391216,Fatigue
