emg_rms,emg_mav,emg_variance,emg_std,emg_waveform_length,emg_zero_crossing,emg_ssc,emg_kurtosis,emg_skewness,emg_peak,emg_median_freq,emg_mean_freq,emg_peak_freq,emg_total_power,emg_power_low,emg_power_mid,emg_power_high,class_name
33.3343900621981,18.469372285519253,3126.04185698169,58.5933025574377,475864.1586995072,15799.901299951993,34306.47195373901,11.32180195186742,-0.4383720866783968,246.04433084853505,74.94463560126255,103.2577200637279,46.49263235365915,513.411700356396,-5.208681953783412,322.33945375554333,38.57684464363083,Fatigue
