emg_rms,emg_mav,emg_variance,emg_std,emg_waveform_length,emg_zero_crossing,emg_ssc,emg_kurtosis,emg_skewness,emg_peak,emg_median_freq,emg_mean_freq,emg_peak_freq,emg_total_power,emg_power_low,emg_power_mid,emg_power_high,class_name
25.97716882305144,8.661651005565021,1503.3669853690888,36.74813535953646,735282.3698052127,16396.468026290495,31794.409701415312,2.887895813895634,0.5075533114514137,454.0665914704714,80.98141077610603,85.08386297451965,78.02854395768465,235.39418985598027,256.22196555134605,872.1510804041083,-0.3665999152744845,Fatigue
