emg_rms,emg_mav,emg_variance,emg_std,emg_waveform_length,emg_zero_crossing,emg_ssc,emg_kurtosis,emg_skewness,emg_peak,emg_median_freq,emg_mean_freq,emg_peak_freq,emg_total_power,emg_power_low,emg_power_mid,emg_power_high,class_name
43.118475141914125,8.698883786810764,1820.8771536745896,61.93513871098863,198505.56699890495,18575.186563276573,30287.006052523004,9.274800843903137,-0.2339074612017569,287.0306458647155,65.12465746679577,64.96441168336817,64.00288099152637,486.3093077898287,-86.38342703604306,222.39234698457267,45.10017612007922,Fatigue
