emg_rms,emg_mav,emg_variance,emg_std,emg_waveform_length,emg_zero_crossing,emg_ssc,emg_kurtosis,emg_skewness,emg_peak,emg_median_freq,emg_mean_freq,emg_peak_freq,emg_total_power,emg_power_low,emg_power_mid,emg_power_high,class_name
43.04449901023965,19.86143868659798,-1491.101555233935,38.2948088033557,504120.2966370887,13467.917229876228,25693.823541425518,11.350694825540431,1.96069098255786,342.9970860218658,74.43506602103356,91.10590986530892,45.55094016828493,29.83435010402127,118.56048114231017,-293.90546945030053,28.609568577885423,Fatigue
