emg_rms,emg_mav,emg_variance,emg_std,emg_waveform_length,emg_zero_crossing,emg_ssc,emg_kurtosis,emg_skewness,emg_peak,emg_median_freq,emg_mean_freq,emg_peak_freq,emg_total_power,emg_power_low,emg_power_mid,emg_power_high,class_name
4.481810408394008,19.018096585298174,446.6837887391175,17.987652394850322,243993.30727753483,18105.58731129667,22566.542179701908,13.487198392246052,0.6961115999453797,483.24955990708384,59.00729445798085,103.21204677295604,51.94491578920045,307.75561579846294,101.75833414801076,376.3435129924,27.63368833878081,Fatigue
