emg_rms,emg_mav,emg_variance,emg_std,emg_waveform_length,emg_zero_crossing,emg_ssc,emg_kurtosis,emg_skewness,emg_peak,emg_median_freq,emg_mean_freq,emg_peak_freq,emg_total_power,emg_power_low,emg_power_mid,emg_power_high,class_name
43.39392224181198,14.249384764190353,2462.1090900796157,60.98083228907585,184785.82827393955,8695.19155335322,23601.76415336729,9.9711391599873,1.9743125102614296,355.73345887680625,90.53883358034363,59.11728155059728,50.091798088779285,1569.3349709600195,16.057237571265603,721.6262333111832,4.228480518690622,Fatigue
