emg_rms,emg_mav,emg_variance,emg_std,emg_waveform_length,emg_zero_crossing,emg_ssc,emg_kurtosis,emg_skewness,emg_peak,emg_median_freq,emg_mean_freq,emg_peak_freq,emg_total_power,emg_power_low,emg_power_mid,emg_power_high,class_name
36.83459255879002,16.473456033426515,348.4115638162341,18.163907259714307,622854.880113449,14247.769723126616,25957.03567018684,14.906994945270062,-0.1975767227541417,326.71951056385075,99.71782995327898,92.95321685466897,65.02084424704081,547.5488214501082,135.97152231934328,476.02850118332685,19.21776861466864,Fatigue
