emg_rms,emg_mav,emg_variance,emg_std,emg_waveform_length,emg_zero_crossing,emg_ssc,emg_kurtosis,emg_skewness,emg_peak,emg_median_freq,emg_mean_freq,emg_peak_freq,emg_total_power,emg_power_low,emg_power_mid,emg_power_high,class_name
51.8438282769032,13.571098840065249,3293.1845291207046,7.032409465336954,574857.8005352733,17847.19420456521,28125.919822814885,10.380889170471145,1.1095102666449688,326.7418687690081,89.97699985246638,90.37823355369594,50.47738645226341,488.4764100973328,407.3138993847676,-2.166145198196432,5.498183439032298,Fatigue
