emg_rms,emg_mav,emg_variance,emg_std,emg_waveform_length,emg_zero_crossing,emg_ssc,emg_kurtosis,emg_skewness,emg_peak,emg_median_freq,emg_mean_freq,emg_peak_freq,emg_total_power,emg_power_low,emg_power_mid,emg_power_high,class_name
72.86104873250176,15.935028897117396,747.6638855647036,69.18612486038255,140003.1178522049,13294.637046516598,22210.68062401377,14.819069424768044,-0.3302529975253052,246.43112229501293,98.01518139343052,104.87535877694448,68.36640193839399,-625.0650070598874,53.36814882636424,33.727294851221075,21.28870262712588,Fatigue
