emg_rms,emg_mav,emg_variance,emg_std,emg_waveform_length,emg_zero_crossing,emg_ssc,emg_kurtosis,emg_skewness,emg_peak,emg_median_freq,emg_mean_freq,emg_peak_freq,emg_total_power,emg_power_low,emg_power_mid,emg_power_high,class_name
5.221997296428999,28.408265521927564,678.4360914474694,7.995748107616308,702772.5641199141,18291.62102403279,23425.6097721686,5.502992616029264,-0.260577516342096,470.3408369441853,63.11496930181546,83.66159308704779,56.45852227755282,783.2536074824475,420.7962269466725,1155.2626533143225,20.965696026041645,Fatigue
