emg_rms,emg_mav,emg_variance,emg_std,emg_waveform_length,emg_zero_crossing,emg_ssc,emg_kurtosis,emg_skewness,emg_peak,emg_median_freq,emg_mean_freq,emg_peak_freq,emg_total_power,emg_power_low,emg_power_mid,emg_power_high,class_name
11.092022814722426,29.421016686651164,699.9041081391165,-9.825969827909738,474571.1244155376,14642.340345926708,31022.85362645887,17.0933164285491,-1.6640584710020436,398.9206097386836,67.25678744985036,69.23652206379685,76.68164277915979,542.9056860988655,269.80791234248875,-354.6299594041386,56.62855968996929,Fatigue
