emg_rms,emg_mav,emg_variance,emg_std,emg_waveform_length,emg_zero_crossing,emg_ssc,emg_kurtosis,emg_skewness,emg_peak,emg_median_freq,emg_mean_freq,emg_peak_freq,emg_total_power,emg_power_low,emg_power_mid,emg_power_high,class_name
62.85664791996334,15.07607671442007,3191.4260131390474,56.8824351158064,634384.6008458475,20077.148661065818,25129.096765349652,5.981138874171507,1.1305874530316071,116.85526969663208,57.460393867441866,78.01096131622619,60.01032825021069,188.6009978506246,73.19073212203594,796.0081710073988,25.796071473820557,Fatigue
