emg_rms,emg_mav,emg_variance,emg_std,emg_waveform_length,emg_zero_crossing,emg_ssc,emg_kurtosis,emg_skewness,emg_peak,emg_median_freq,emg_mean_freq,emg_peak_freq,emg_total_power,emg_power_low,emg_power_mid,emg_power_high,class_name
40.87774869227557,26.90001829265118,1598.7959244222427,41.12508796893742,709276.2179378463,14367.512314857717,30846.09535190294,11.125364718708472,-0.9639957948027196,391.2976582098965,35.12649263258266,89.59335806585128,66.60124651674643,349.6164721920294,415.9505631036748,-267.34928770482736,28.9441374942609,Fatigue
