emg_rms,emg_mav,emg_variance,emg_std,emg_waveform_length,emg_zero_crossing,emg_ssc,emg_kurtosis,emg_skewness,emg_peak,emg_median_freq,emg_mean_freq,emg_peak_freq,emg_total_power,emg_power_low,emg_power_mid,emg_power_high,class_name
26.833669375814065,12.947797615127673,350.00401546186595,14.50282690539823,421490.63997496665,17296.835543862286,24786.32042420413,13.184876815040663,-0.420226354594554,355.5296654324419,72.40664778280482,34.72343213817461,63.22273139084896,-297.4596994675469,56.79004451450348,261.02028753845764,4.411397951176058,Fatigue
