emg_rms,emg_mav,emg_variance,emg_std,emg_waveform_length,emg_zero_crossing,emg_ssc,emg_kurtosis,emg_skewness,emg_peak,emg_median_freq,emg_mean_freq,emg_peak_freq,emg_total_power,emg_power_low,emg_power_mid,emg_power_high,class_name
18.633940843035173,12.401518506141164,-96.72124608666512,24.41796658371185,580046.0351034801,15597.648596454605,29074.839566909715,8.952873095500356,0.5584620242635218,431.638211328325,67.76853891338676,76.86074176512277,63.82982005804677,1196.3210292270653,273.16029565773704,15.172528282973984,21.770871727990475,Fatigue
