emg_rms,emg_mav,emg_variance,emg_std,emg_waveform_length,emg_zero_crossing,emg_ssc,emg_kurtosis,emg_skewness,emg_peak,emg_median_freq,emg_mean_freq,emg_peak_freq,emg_total_power,emg_power_low,emg_power_mid,emg_power_high,class_name
17.627363078575783,16.26161058635447,2858.432430427032,15.402125373619082,254586.7654957883,12447.784640301688,34712.63153957171,8.500575062670704,0.9994839529608542,410.4137705945311,39.22883178687944,90.24647740256434,55.45848274629773,702.7410056353443,336.816552249548,155.21768344611095,6.836257932009795,Fatigue
