emg_rms,emg_mav,emg_variance,emg_std,emg_waveform_length,emg_zero_crossing,emg_ssc,emg_kurtosis,emg_skewness,emg_peak,emg_median_freq,emg_mean_freq,emg_peak_freq,emg_total_power,emg_power_low,emg_power_mid,emg_power_high,class_name
26.259412636702475,21.78368407325302,1835.8406560727028,60.0513291187848,358501.79198913864,13417.813455727604,25350.219925481644,6.062330023748004,2.179806966246865,91.19423724123942,46.741641163380166,109.13956177243595,39.35717457953784,431.11186178496587,258.74731945551207,737.9298621579758,-18.774312448466304,Fatigue
