emg_rms,emg_mav,emg_variance,emg_std,emg_waveform_length,emg_zero_crossing,emg_ssc,emg_kurtosis,emg_skewness,emg_peak,emg_median_freq,emg_mean_freq,emg_peak_freq,emg_total_power,emg_power_low,emg_power_mid,emg_power_high,class_name
43.18467033651861,18.59059767273882,-798.0579802295397,36.22507840630435,192087.2157823821,16097.288737169463,29635.902776171853,19.102375999808,0.2756924935748387,445.7157510490133,59.36458424305996,85.25671597171558,71.68909448488236,418.06825868014175,271.5603797916936,396.9801893310806,33.13655438614807,Fatigue
