emg_rms,emg_mav,emg_variance,emg_std,emg_waveform_length,emg_zero_crossing,emg_ssc,emg_kurtosis,emg_skewness,emg_peak,emg_median_freq,emg_mean_freq,emg_peak_freq,emg_total_power,emg_power_low,emg_power_mid,emg_power_high,class_name
64.55012497571845,12.389923512652004,128.42126007863112,89.76675060817598,1007202.4664129064,17844.938992364016,29913.29463213997,8.632433619639704,-1.037523165078726,241.872234557472,79.03456803420995,87.06357276415211,102.5545896362955,125.9329110494782,11.36299280234168,978.9694127619616,-1.5453893508262624,Fatigue
