emg_rms,emg_mav,emg_variance,emg_std,emg_waveform_length,emg_zero_crossing,emg_ssc,emg_kurtosis,emg_skewness,emg_peak,emg_median_freq,emg_mean_freq,emg_peak_freq,emg_total_power,emg_power_low,emg_power_mid,emg_power_high,class_name
33.19698057418634,28.173331734716022,3224.582617899208,28.717260887476467,290752.8218865783,12198.600051490164,26105.210740755952,9.987446492592456,2.329773877065569,464.7583961064547,77.51104566991036,60.42024661692423,33.38741833910564,-108.0037797087162,319.25059291763034,366.4395308008644,-0.8632497559025225,Fatigue
