emg_rms,emg_mav,emg_variance,emg_std,emg_waveform_length,emg_zero_crossing,emg_ssc,emg_kurtosis,emg_skewness,emg_peak,emg_median_freq,emg_mean_freq,emg_peak_freq,emg_total_power,emg_power_low,emg_power_mid,emg_power_high,class_name
39.12956053817198,34.38765963793038,2613.4648420374515,76.52584168874597,423277.57220623153,17034.17429852419,31583.285563110847,9.288592261016872,-0.3027917907152364,439.4410432288527,72.53840888590338,84.33333943422676,55.706108309489125,-80.52841880147474,116.1328963890156,364.16256050875535,-26.12990445549461,Fatigue
