emg_rms,emg_mav,emg_variance,emg_std,emg_waveform_length,emg_zero_crossing,emg_ssc,emg_kurtosis,emg_skewness,emg_peak,emg_median_freq,emg_mean_freq,emg_peak_freq,emg_total_power,emg_power_low,emg_power_mid,emg_power_high,class_name
7.287959831908566,14.941296440493533,74.24342061461948,28.893852306348315,488160.393549589,12367.779424390856,27133.892680097037,4.854582851176302,1.4912682535333224,259.4317237345549,55.56216988785524,94.12997557159312,52.75317592017869,868.9978961164425,327.4115992711696,-293.14808499357616,24.415289583912923,Fatigue
