emg_rms,emg_mav,emg_variance,emg_std,emg_waveform_length,emg_zero_crossing,emg_ssc,emg_kurtosis,emg_skewness,emg_peak,emg_median_freq,emg_mean_freq,emg_peak_freq,emg_total_power,emg_power_low,emg_power_mid,emg_power_high,class_name
16.409857289510505,17.50875835762651,1251.8188332692266,16.733122835765766,389208.97471184825,15803.705878041515,25192.936067669994,10.84614840270644,-0.5019705680698909,522.1253160700353,66.09393659171812,75.59565380360904,45.38999671462934,565.4994896656082,154.6863524532862,613.73139243552,14.904844713977534,Fatigue
