emg_rms,emg_mav,emg_variance,emg_std,emg_waveform_length,emg_zero_crossing,emg_ssc,emg_kurtosis,emg_skewness,emg_peak,emg_median_freq,emg_mean_freq,emg_peak_freq,emg_total_power,emg_power_low,emg_power_mid,emg_power_high,class_name
70.35971156874464,21.416620059034443,2390.5125371509985,38.33353822603358,331120.56633265305,12764.316237949788,22178.302790324127,6.650961022181156,-0.2387703750877181,473.40879895516366,64.74435507902797,88.3673509331656,37.18872167660831,1480.363856582179,-126.54751027899356,360.5436559215941,-12.356816642090225,Fatigue
