emg_rms,emg_mav,emg_variance,emg_std,emg_waveform_length,emg_zero_crossing,emg_ssc,emg_kurtosis,emg_skewness,emg_peak,emg_median_freq,emg_mean_freq,emg_peak_freq,emg_total_power,emg_power_low,emg_power_mid,emg_power_high,class_name
42.47619375771116,15.657908452001418,1270.3934231756225,40.9045867807323,198211.7122729229,9334.026807434311,18598.18156250423,15.070080076609855,0.7072721330404012,224.42786768937896,74.39309265530365,86.5189576786389,75.14576888009725,1323.4031400054305,215.95503599400143,632.5874117652867,22.3250779066104,Fatigue
