emg_rms,emg_mav,emg_variance,emg_std,emg_waveform_length,emg_zero_crossing,emg_ssc,emg_kurtosis,emg_skewness,emg_peak,emg_median_freq,emg_mean_freq,emg_peak_freq,emg_total_power,emg_power_low,emg_power_mid,emg_power_high,class_name
8.632929104725893,24.802941437268444,-2127.5018557156827,59.57778730678532,700249.2959004132,18643.14254405254,36272.664127551856,1.3225686528684817,0.3917913293411381,308.5978837952409,70.80159742731833,74.67522164819313,44.60786151094918,1386.7996513545577,54.098289901186405,-329.8864824630814,21.797947123771277,Fatigue
