emg_rms,emg_mav,emg_variance,emg_std,emg_waveform_length,emg_zero_crossing,emg_ssc,emg_kurtosis,emg_skewness,emg_peak,emg_median_freq,emg_mean_freq,emg_peak_freq,emg_total_power,emg_power_low,emg_power_mid,emg_power_high,class_name
18.448864733320224,12.332442188582316,589.6491954033113,50.75627868803155,539704.106111371,13213.33394801153,31332.069925806416,15.438411186319827,1.1834152465476595,280.4354685955884,67.33301306135313,65.12403207844531,43.275508283286015,663.9550216904079,51.62808982188078,587.7006209456223,33.679320824070395,Fatigue
