emg_rms,emg_mav,emg_variance,emg_std,emg_waveform_length,emg_zero_crossing,emg_ssc,emg_kurtosis,emg_skewness,emg_peak,emg_median_freq,emg_mean_freq,emg_peak_freq,emg_total_power,emg_power_low,emg_power_mid,emg_power_high,class_name
39.71756345157236,17.053453068383632,3972.457589610898,34.44306910274434,462183.16021295486,15244.759110936337,29923.29925703163,5.57835963582644,0.5538006646868073,422.0281593428805,79.7311505933659,102.3912357887524,45.67079778104679,-20.548926590982887,-121.67461547142014,179.7983363962809,44.50622236304379,Fatigue
