emg_rms,emg_mav,emg_variance,emg_std,emg_waveform_length,emg_zero_crossing,emg_ssc,emg_kurtosis,emg_skewness,emg_peak,emg_median_freq,emg_mean_freq,emg_peak_freq,emg_total_power,emg_power_low,emg_power_mid,emg_power_high,class_name
11.541400429404682,16.972340217941774,3143.462628032804,8.29803249275885,736111.5710190954,15007.684710691963,30384.658159490245,13.692070094587136,0.8730968392139051,327.67573708566835,48.177181509720334,79.10491472878088,55.726470309613546,496.540554017771,51.7057315703624,1094.0962071921065,49.31739043394928,Fatigue
