emg_rms,emg_mav,emg_variance,emg_std,emg_waveform_length,emg_zero_crossing,emg_ssc,emg_kurtosis,emg_skewness,emg_peak,emg_median_freq,emg_mean_freq,emg_peak_freq,emg_total_power,emg_power_low,emg_power_mid,emg_power_high,class_name
50.721512515056645,17.51718007321754,1379.4794723487248,43.5742468612818,707537.5530880663,15960.872590167392,29883.52504297785,13.51626351034331,-0.6458618215852074,331.2083233625182,70.70852579654145,26.808801269422297,45.55419213228696,1054.4971855065546,239.7291476858971,-102.91422597551492,-33.470172841347015,Fatigue
