emg_rms,emg_mav,emg_variance,emg_std,emg_waveform_length,emg_zero_crossing,emg_ssc,emg_kurtosis,emg_skewness,emg_peak,emg_median_freq,emg_mean_freq,emg_peak_freq,emg_total_power,emg_power_low,emg_power_mid,emg_power_high,class_name
24.58856169198377,16.56280153123328,-1977.435684512477,43.35928690003274,654797.4992441557,17735.316165838227,22100.37873176561,6.354205448574247,-0.7231262449506118,293.8866815386531,55.52937410964486,97.03688804624429,58.881200459142725,269.61206673256817,-5.077365589736672,339.4942825389832,22.53086119099537,Fatigue
