emg_rms,emg_mav,emg_variance,emg_std,emg_waveform_length,emg_zero_crossing,emg_ssc,emg_kurtosis,emg_skewness,emg_peak,emg_median_freq,emg_mean_freq,emg_peak_freq,emg_total_power,emg_power_low,emg_power_mid,emg_power_high,class_name
50.99934187110394,20.03833045943657,-623.6510855874126,7.94929308650255,-22502.87387190119,7826.876184852027,34399.322465928046,12.820931938371594,-0.0798069387708444,421.51654502144186,81.87013211534148,73.62550877257148,54.21934629312235,588.4575236831704,-333.5814141191608,-74.88237469701517,14.48211261359671,Fatigue
