emg_rms,emg_mav,emg_variance,emg_std,emg_waveform_length,emg_zero_crossing,emg_ssc,emg_kurtosis,emg_skewness,emg_peak,emg_median_freq,emg_mean_freq,emg_peak_freq,emg_total_power,emg_power_low,emg_power_mid,emg_power_high,class_name
29.265137436863508,6.684845592458428,3835.3076375117007,34.87537350503618,357254.0461658115,14922.783460765886,29381.545278077952,14.180188175392429,0.4203864494791787,368.6243081102626,70.87522220265626,75.13285204455613,67.92320924210395,221.6919453325337,246.2640788989364,-109.17257440354363,26.193171576599248,Fatigue
