emg_rms,emg_mav,emg_variance,emg_std,emg_waveform_length,emg_zero_crossing,emg_ssc,emg_kurtosis,emg_skewness,emg_peak,emg_median_freq,emg_mean_freq,emg_peak_freq,emg_total_power,emg_power_low,emg_power_mid,emg_power_high,class_name
18.01238602198998,18.22266063371158,4778.696889370015,75.37637912332988,299461.7142073872,11784.935274639602,21575.229074729818,17.37747017641285,2.1611236658499577,325.45512556847297,60.46298497664745,72.81089472588265,60.38672114940348,-75.02820633119978,109.58483631430812,418.5124028604355,36.03497101716353,Fatigue
