emg_rms,emg_mav,emg_variance,emg_std,emg_waveform_length,emg_zero_crossing,emg_ssc,emg_kurtosis,emg_skewness,emg_peak,emg_median_freq,emg_mean_freq,emg_peak_freq,emg_total_power,emg_power_low,emg_power_mid,emg_power_high,class_name
26.77230507164647,23.403797144418547,158.03171116082262,13.092072767771022,146124.74908947007,21637.462280837677,28618.967979481808,17.112082770303765,-0.2623760103887708,324.7737642017554,63.34941451874104,88.5655601563138,46.6807387255007,242.76222633412135,11.192701353862075,96.12702726192548,-17.012975608614667,Fatigue
