emg_rms,emg_mav,emg_variance,emg_std,emg_waveform_length,emg_zero_crossing,emg_ssc,emg_kurtosis,emg_skewness,emg_peak,emg_median_freq,emg_mean_freq,emg_peak_freq,emg_total_power,emg_power_low,emg_power_mid,emg_power_high,class_name
18.37230254212758,16.18047857491762,2760.493140341973,15.00137340864475,247691.78901321368,12575.2088284663,27821.29145355509,15.349975611926602,0.7328113154452004,294.29141015997345,55.01920825891586,81.31243434902227,50.56009096884993,547.8580314242079,180.99663499183004,172.06862611220848,1.2759858513112068,Fatigue
