emg_rms,emg_mav,emg_variance,emg_std,emg_waveform_length,emg_zero_crossing,emg_ssc,emg_kurtosis,emg_skewness,emg_peak,emg_median_freq,emg_mean_freq,emg_peak_freq,emg_total_power,emg_power_low,emg_power_mid,emg_power_high,class_name
44.069530393162566,11.323437706202858,1028.242581108262,31.697065387780505,331869.288425393,12954.385813547064,25571.65380027664,5.25932261226611,1.5049534161541085,256.9713619683896,54.86506743762813,68.18154242163568,81.0927374891074,-905.0138572846788,77.67406723823336,99.60593467635252,47.17260245718488,Fatigue
