emg_rms,emg_mav,emg_variance,emg_std,emg_waveform_length,emg_zero_crossing,emg_ssc,emg_kurtosis,emg_skewness,emg_peak,emg_median_freq,emg_mean_freq,emg_peak_freq,emg_total_power,emg_power_low,emg_power_mid,emg_power_high,class_name
45.53168474690372,-6.967763221393501,3208.674617778784,67.29249061908217,395459.2535337239,16077.22626565368,29836.37949001724,8.992125241170458,1.8916680748157944,398.0234025648929,106.15088415231244,101.26018530752047,49.92066948434903,767.2208014940179,503.5425573136957,229.64836045648343,2.189270582671797,Fatigue
