emg_rms,emg_mav,emg_variance,emg_std,emg_waveform_length,emg_zero_crossing,emg_ssc,emg_kurtosis,emg_skewness,emg_peak,emg_median_freq,emg_mean_freq,emg_peak_freq,emg_total_power,emg_power_low,emg_power_mid,emg_power_high,class_name
22.42570596340185,24.410416769548057,5300.118326599184,35.89862778633032,495384.4024273034,19353.05565258672,25085.80817558004,11.362028946207442,1.99605995337126,264.0620158107417,44.37601172074159,63.02383069670579,44.26916756704148,-117.99052468478834,64.70669248601918,560.4707364292982,6.301743663573443,Fatigue
