emg_rms,emg_mav,emg_variance,emg_std,emg_waveform_length,emg_zero_crossing,emg_ssc,emg_kurtosis,emg_skewness,emg_peak,emg_median_freq,emg_mean_freq,emg_peak_freq,emg_total_power,emg_power_low,emg_power_mid,emg_power_high,class_name
55.2048086277934,24.153003431207026,1385.433320337383,21.229393962461053,629787.1246883747,15642.507706405067,29347.558106993387,10.634784974331549,-0.4596954078183729,178.95811832111053,83.38223246636792,103.30149667974072,58.91493185023529,339.2744685300576,207.49317984008468,622.083686508314,22.98055779955081,Fatigue
