emg_rms,emg_mav,emg_variance,emg_std,emg_waveform_length,emg_zero_crossing,emg_ssc,emg_kurtosis,emg_skewness,emg_peak,emg_median_freq,emg_mean_freq,emg_peak_freq,emg_total_power,emg_power_low,emg_power_mid,emg_power_high,class_name
61.84390697738522,6.456639407775212,139.37796119268685,20.63007832409813,319520.7891569473,20414.579061261706,26292.72801545575,18.68776310142255,-0.7128917086091101,237.00948805468505,70.05034235261289,101.99414493521796,44.06302763523517,74.74747712048321,-131.89134446960423,457.8790340409547,-3.3852437728694014,Fatigue
