emg_rms,emg_mav,emg_variance,emg_std,emg_waveform_length,emg_zero_crossing,emg_ssc,emg_kurtosis,emg_skewness,emg_peak,emg_median_freq,emg_mean_freq,emg_peak_freq,emg_total_power,emg_power_low,emg_power_mid,emg_power_high,class_name
7.598827549059919,29.30355747651118,1471.6292707251753,58.37417740046425,444336.3087894344,12229.866046266212,31660.209705444868,21.369538336607235,-0.4949007048275735,473.64324430148326,67.85286238398785,78.1087175096517,41.85674649935001,1286.7379954377766,77.40819212506892,848.6900497888037,35.636215927885004,Fatigue
