emg_rms,emg_mav,emg_variance,emg_std,emg_waveform_length,emg_zero_crossing,emg_ssc,emg_kurtosis,emg_skewness,emg_peak,emg_median_freq,emg_mean_freq,emg_peak_freq,emg_total_power,emg_power_low,emg_power_mid,emg_power_high,class_name
40.473661056542745,10.289613858032189,3350.268154866818,15.483413488737677,438044.4013804901,12073.546466307424,29239.854140413387,16.199438450191888,1.1837280893445852,267.2821895497734,52.88117399590578,73.76506981269274,50.89341079083631,761.6665394528309,162.85756868621104,-194.2388307881481,21.05903037950301,Fatigue
