emg_rms,emg_mav,emg_variance,emg_std,emg_waveform_length,emg_zero_crossing,emg_ssc,emg_kurtosis,emg_skewness,emg_peak,emg_median_freq,emg_mean_freq,emg_peak_freq,emg_total_power,emg_power_low,emg_power_mid,emg_power_high,class_name
46.53642399378576,26.04324270657793,2920.954071510944,25.94649695382705,783096.9133495139,21820.619803395453,33221.24169539152,13.548293726463374,-1.2673237292194726,178.68613031826897,73.3913150594406,74.7662550389155,41.79554532691192,496.9806277524192,180.25573319260496,-114.56779365039137,21.49368561381966,Fatigue
