emg_rms,emg_mav,emg_variance,emg_std,emg_waveform_length,emg_zero_crossing,emg_ssc,emg_kurtosis,emg_skewness,emg_peak,emg_median_freq,emg_mean_freq,emg_peak_freq,emg_total_power,emg_power_low,emg_power_mid,emg_power_high,class_name
48.868442948226736,23.91030206992037,2543.579863232694,24.09506254521493,518990.0183956014,12710.95070073984,30400.68642111027,13.916633956744514,0.4914871827061758,314.4486226290996,70.65434831696108,76.76507200527348,65.01181911183484,1089.899523638493,133.11617877144025,227.22464444112737,1.267923483068433,Fatigue
