emg_rms,emg_mav,emg_variance,emg_std,emg_waveform_length,emg_zero_crossing,emg_ssc,emg_kurtosis,emg_skewness,emg_peak,emg_median_freq,emg_mean_freq,emg_peak_freq,emg_total_power,emg_power_low,emg_power_mid,emg_power_high,class_name
46.05677335643428,9.8000164086578,-297.36379070235625,28.84181403326355,534895.1832762159,15382.068812885947,25424.17962723198,4.879269129484162,-1.2685169552914128,333.8559689083098,65.41810749564468,51.67627183605755,58.00210165986934,597.8445956209724,134.1538782204264,560.041465605087,78.22210967724337,Fatigue
