emg_rms,emg_mav,emg_variance,emg_std,emg_waveform_length,emg_zero_crossing,emg_ssc,emg_kurtosis,emg_skewness,emg_peak,emg_median_freq,emg_mean_freq,emg_peak_freq,emg_total_power,emg_power_low,emg_power_mid,emg_power_high,class_name
36.65439049326273,22.812917632049768,6683.809019293744,71.48892310672557,488883.0868062719,10250.516472398122,30313.321506797223,7.564559674487739,-0.4160015180574855,264.68931243146665,66.70000973853614,88.9295883027988,49.869270406393206,81.25410591469165,116.77191407682336,513.5303604613908,74.21522072749245,Fatigue
