emg_rms,emg_mav,emg_variance,emg_std,emg_waveform_length,emg_zero_crossing,emg_ssc,emg_kurtosis,emg_skewness,emg_peak,emg_median_freq,emg_mean_freq,emg_peak_freq,emg_total_power,emg_power_low,emg_power_mid,emg_power_high,class_name
49.531789998984,22.59358383020888,-1648.3532152335015,28.956140199420087,159858.49037248146,12001.99984188878,24774.597750323857,7.514149328944845,-0.679246874747412,157.80984733529914,97.37987572011816,75.81058271323832,68.83825691883153,265.9690631354944,-20.9509103973231,-574.0014814834593,29.1192456855676,Fatigue
