emg_rms,emg_mav,emg_variance,emg_std,emg_waveform_length,emg_zero_crossing,emg_ssc,emg_kurtosis,emg_skewness,emg_peak,emg_median_freq,emg_mean_freq,emg_peak_freq,emg_total_power,emg_power_low,emg_power_mid,emg_power_high,class_name
60.098744508424886,20.837816407390942,-2323.7847046954475,18.624147384935284,328198.7048543191,11406.080217261122,17619.943661374127,8.612315749463043,0.5613682075260112,439.5144515481349,67.25171662132281,80.41958468549629,64.5875178182958,987.8909455155654,7.925503609112184,-279.17010834581833,-1.3085915328001008,Fatigue
