emg_rms,emg_mav,emg_variance,emg_std,emg_waveform_length,emg_zero_crossing,emg_ssc,emg_kurtosis,emg_skewness,emg_peak,emg_median_freq,emg_mean_freq,emg_peak_freq,emg_total_power,emg_power_low,emg_power_mid,emg_power_high,class_name
45.29981677796657,6.217555277172519,1981.0360673052533,45.448617541366,385223.7424641999,10573.111303775504,27290.378742855453,5.877879230171071,-0.4676555386976145,235.88898755724423,34.70517561427776,83.32309032551647,65.02991167215424,671.4841736722524,263.8573284884494,228.09602021692672,56.81075317269218,Fatigue
