emg_rms,emg_mav,emg_variance,emg_std,emg_waveform_length,emg_zero_crossing,emg_ssc,emg_kurtosis,emg_skewness,emg_peak,emg_median_freq,emg_mean_freq,emg_peak_freq,emg_total_power,emg_power_low,emg_power_mid,emg_power_high,class_name
32.7780697417545,32.3310946185201,1959.4484978977573,33.86788872525273,596811.8911927897,12715.63573088268,30611.04490671596,1.215053912401446,1.7766086668503485,495.8210060669177,58.850891944231385,68.11405052921067,78.52740204368853,897.5983158108654,457.4321430433773,-272.3501496479272,-7.959016072498283,Fatigue
