emg_rms,emg_mav,emg_variance,emg_std,emg_waveform_length,emg_zero_crossing,emg_ssc,emg_kurtosis,emg_skewness,emg_peak,emg_median_freq,emg_mean_freq,emg_peak_freq,emg_total_power,emg_power_low,emg_power_mid,emg_power_high,class_name
71.77812843480203,27.354466993971943,1288.8304202674003,14.490993134765034,263775.70390305505,16248.150971589974,23959.701851107297,10.93054654007717,-1.7687621334614585,324.32639996526336,79.3655663331664,94.45527575990803,35.19356220917085,69.4325015309567,165.11572119509137,61.36650187803156,40.59937943412585,Fatigue
