emg_rms,emg_mav,emg_variance,emg_std,emg_waveform_length,emg_zero_crossing,emg_ssc,emg_kurtosis,emg_skewness,emg_peak,emg_median_freq,emg_mean_freq,emg_peak_freq,emg_total_power,emg_power_low,emg_power_mid,emg_power_high,class_name
37.09410850584149,8.499950123423263,905.6180940437026,39.46501434926969,633951.9359700239,12244.270039713956,21363.310084580196,14.802330787729408,-0.5286537130002334,182.656233445994,77.62863687504844,82.482238422331,52.21097779028671,-858.916383855576,423.9372360234513,455.98053594318014,27.4648658849134,Fatigue
