emg_rms,emg_mav,emg_variance,emg_std,emg_waveform_length,emg_zero_crossing,emg_ssc,emg_kurtosis,emg_skewness,emg_peak,emg_median_freq,emg_mean_freq,emg_peak_freq,emg_total_power,emg_power_low,emg_power_mid,emg_power_high,class_name
17.860174135496806,22.344153828947857,2888.402965801852,80.90069999123972,386088.2206571971,17261.12108823367,28136.53993037418,16.562790755696028,-0.2804343711393766,258.6781600960705,48.22655307566436,79.14217913415455,66.59013115592072,1402.1534030562914,368.2739235247426,147.38132748753907,-2.5501992581750343,Fatigue
