emg_rms,emg_mav,emg_variance,emg_std,emg_waveform_length,emg_zero_crossing,emg_ssc,emg_kurtosis,emg_skewness,emg_peak,emg_median_freq,emg_mean_freq,emg_peak_freq,emg_total_power,emg_power_low,emg_power_mid,emg_power_high,class_name
30.25526973561149,16.564434832821483,2985.3793093179265,47.22830495671933,532560.25651641,17338.63217307953,24034.797313378112,10.401186612700842,3.1377568218262324,424.9393091937808,64.91350144434537,83.69975169245755,61.24923206034612,-8.882002924256994,2.016499719324344,382.4373019759123,-8.179510857877194,Fatigue
