emg_rms,emg_mav,emg_variance,emg_std,emg_waveform_length,emg_zero_crossing,emg_ssc,emg_kurtosis,emg_skewness,emg_peak,emg_median_freq,emg_mean_freq,emg_peak_freq,emg_total_power,emg_power_low,emg_power_mid,emg_power_high,class_name
39.05017657319746,6.725889729100697,91.02519367087984,27.32301724730464,239175.38822939183,18258.53309089908,31363.53215505567,5.949727470758188,-0.9068643007172578,277.12767030218697,82.5336781359801,66.13446084592685,52.21433107825193,-261.9879531969536,-41.888251898908464,417.566820457315,-2.9176014263008483,Fatigue
