emg_rms,emg_mav,emg_variance,emg_std,emg_waveform_length,emg_zero_crossing,emg_ssc,emg_kurtosis,emg_skewness,emg_peak,emg_median_freq,emg_mean_freq,emg_peak_freq,emg_total_power,emg_power_low,emg_power_mid,emg_power_high,class_name
36.17873985282471,18.42675578395821,1112.0928786668192,39.130455403842575,180828.2432562724,13340.09440962588,27532.862917723425,1.1029172899623738,-0.3237232676452077,330.35711339336933,57.672552483833535,53.71537353715413,44.84815756165088,-444.73079710590986,81.22880977477018,496.7926117597356,-6.553257798413945,Fatigue
