emg_rms,emg_mav,emg_variance,emg_std,emg_waveform_length,emg_zero_crossing,emg_ssc,emg_kurtosis,emg_skewness,emg_peak,emg_median_freq,emg_mean_freq,emg_peak_freq,emg_total_power,emg_power_low,emg_power_mid,emg_power_high,class_name
46.85702069075892,13.685769407479343,1820.2251372934452,27.28423274556189,407478.7348278966,17178.616553629457,33474.14674301831,2.5735700460408726,-0.1969938570478507,467.7432386830649,63.7315033664004,106.13138604474324,33.65814778991822,507.354334997178,-100.60955672271848,481.5285796876785,21.404766626840484,Fatigue
