emg_rms,emg_mav,emg_variance,emg_std,emg_waveform_length,emg_zero_crossing,emg_ssc,emg_kurtosis,emg_skewness,emg_peak,emg_median_freq,emg_mean_freq,emg_peak_freq,emg_total_power,emg_power_low,emg_power_mid,emg_power_high,class_name
37.13119130938072,16.57387040911858,868.9539054868304,43.38951253477917,346378.6789047631,15570.131335113543,30503.901774186903,15.117507269856954,1.4936277880350122,151.02745139715375,79.29668260544942,74.4721302223625,67.40364679093665,1441.7736553881982,145.2703832789401,555.6682093335739,17.17826353691623,Fatigue
