emg_rms,emg_mav,emg_variance,emg_std,emg_waveform_length,emg_zero_crossing,emg_ssc,emg_kurtosis,emg_skewness,emg_peak,emg_median_freq,emg_mean_freq,emg_peak_freq,emg_total_power,emg_power_low,emg_power_mid,emg_power_high,class_name
62.68838149794684,15.647348580704454,5538.817329001628,4.208773097659897,991375.2218195652,18254.14410225904,37488.88228606312,10.628404369793548,3.378752755473057,168.92812977018306,49.91573984189604,83.37407573581031,84.75505753910888,967.7541558745828,199.12351058197493,240.63400753633147,15.298683237250431,Fatigue
