emg_rms,emg_mav,emg_variance,emg_std,emg_waveform_length,emg_zero_crossing,emg_ssc,emg_kurtosis,emg_skewness,emg_peak,emg_median_freq,emg_mean_freq,emg_peak_freq,emg_total_power,emg_power_low,emg_power_mid,emg_power_high,class_name
59.74356130987133,6.4040225256969485,3135.2354001543163,63.89606531974894,287531.3344495996,13759.920397005091,27256.181571306926,20.60310190156409,-0.648559807311938,361.11604368373054,45.05723104376844,105.88658173248032,59.58261526130261,-237.79417301947268,370.5069398119869,250.04597543295768,26.557395942884945,Fatigue
