emg_rms,emg_mav,emg_variance,emg_std,emg_waveform_length,emg_zero_crossing,emg_ssc,emg_kurtosis,emg_skewness,emg_peak,emg_median_freq,emg_mean_freq,emg_peak_freq,emg_total_power,emg_power_low,emg_power_mid,emg_power_high,class_name
7.685244595511122,36.97797979705607,-275.14759757933507,3.1096967955403727,597228.1827252429,11053.320907976144,32888.45079203354,11.099522242063044,0.0091225740722576,151.21581333735293,68.63864706857476,64.79579528684748,76.35650228479284,265.66973621551165,190.12697262257,617.6800477290617,-1.4096120877895544,Fatigue
