emg_rms,emg_mav,emg_variance,emg_std,emg_waveform_length,emg_zero_crossing,emg_ssc,emg_kurtosis,emg_skewness,emg_peak,emg_median_freq,emg_mean_freq,emg_peak_freq,emg_total_power,emg_power_low,emg_power_mid,emg_power_high,class_name
0.6874654296595537,29.893903923134417,5459.967881656181,12.864164348350773,251912.54243653957,11542.441510826504,32032.343335007623,11.954560325454937,2.1675440902316425,444.8724392743394,41.52730398784813,66.52278797677072,58.74074563353409,-123.23256621054684,-103.41450088923612,398.092376453924,-4.020084943534403,Fatigue
