emg_rms,emg_mav,emg_variance,emg_std,emg_waveform_length,emg_zero_crossing,emg_ssc,emg_kurtosis,emg_skewness,emg_peak,emg_median_freq,emg_mean_freq,emg_peak_freq,emg_total_power,emg_power_low,emg_power_mid,emg_power_high,class_name
66.96774810342615,26.7446476691793,2785.7011683158003,39.18940881167737,270049.5981859735,16027.592541554715,28291.631737518037,15.191883309141849,1.2230515519883276,83.98577854229941,71.24834568589239,53.84055782246219,39.07360315368321,967.7071791941156,236.25390284897705,-19.45383394927876,49.0315847401286,Fatigue
