emg_rms,emg_mav,emg_variance,emg_std,emg_waveform_length,emg_zero_crossing,emg_ssc,emg_kurtosis,emg_skewness,emg_peak,emg_median_freq,emg_mean_freq,emg_peak_freq,emg_total_power,emg_power_low,emg_power_mid,emg_power_high,class_name
19.769830308672912,5.955346218720241,1161.8974389292016,17.400773765320118,698951.6854796472,13042.638662394722,31235.34903323353,19.05572069270809,0.1607434512453247,358.53964884388296,77.15979747881188,98.17069085837085,39.51513799693163,735.0764503109618,232.57162996850175,42.92948480069691,35.11203631942378,Fatigue
