emg_rms,emg_mav,emg_variance,emg_std,emg_waveform_length,emg_zero_crossing,emg_ssc,emg_kurtosis,emg_skewness,emg_peak,emg_median_freq,emg_mean_freq,emg_peak_freq,emg_total_power,emg_power_low,emg_power_mid,emg_power_high,class_name
32.60286028002424,27.64807092561673,2504.580856945763,24.81484642526121,403926.51475808176,16431.880646201964,24382.40144376425,13.329160219434645,-0.4523688590487514,181.3054655689167,43.10050454359839,97.250891109306,51.28472805389232,675.042930650159,18.97956815300634,-253.6807460688998,5.3850869103007,Fatigue
