emg_rms,emg_mav,emg_variance,emg_std,emg_waveform_length,emg_zero_crossing,emg_ssc,emg_kurtosis,emg_skewness,emg_peak,emg_median_freq,emg_mean_freq,emg_peak_freq,emg_total_power,emg_power_low,emg_power_mid,emg_power_high,class_name
90.38436119557872,18.53207583589905,597.8721940229566,33.95139330707196,736694.3571307397,10407.52525668636,26009.84968853204,10.312604710639372,1.4625241517227348,323.5430668303061,58.4087382701367,67.50730914939868,68.07384672385824,394.2245151464293,-52.91327690443572,46.73316414809807,12.476614785515842,Fatigue
