emg_rms,emg_mav,emg_variance,emg_std,emg_waveform_length,emg_zero_crossing,emg_ssc,emg_kurtosis,emg_skewness,emg_peak,emg_median_freq,emg_mean_freq,emg_peak_freq,emg_total_power,emg_power_low,emg_power_mid,emg_power_high,class_name
51.60140271626612,11.343607266843636,3121.640997257417,42.16361068372927,456238.5589004172,10127.670238364884,30482.025073045643,18.60928232995465,-0.7740984526889904,426.76793352238633,92.53914796364528,89.26863762506558,57.5323265516964,282.27204076212,226.272956406711,-367.80732445959177,-13.753340695288426,Fatigue
