emg_rms,emg_mav,emg_variance,emg_std,emg_waveform_length,emg_zero_crossing,emg_ssc,emg_kurtosis,emg_skewness,emg_peak,emg_median_freq,emg_mean_freq,emg_peak_freq,emg_total_power,emg_power_low,emg_power_mid,emg_power_high,class_name
60.40635166963877,6.901982986627209,-469.8228070327682,25.416348567197165,209049.97617914423,13312.775821122574,25242.59121624765,10.742693818086432,-1.43489845311625,355.87185937929405,65.31010850604812,73.03124869431197,72.80449224174347,195.95643964725,143.04235969899605,258.4587266608755,-2.5993867402560618,Fatigue
