emg_rms,emg_mav,emg_variance,emg_std,emg_waveform_length,emg_zero_crossing,emg_ssc,emg_kurtosis,emg_skewness,emg_peak,emg_median_freq,emg_mean_freq,emg_peak_freq,emg_total_power,emg_power_low,emg_power_mid,emg_power_high,class_name
55.39958176811879,-1.566535357500079,1792.310264591503,45.25355400516527,561002.5430912429,20566.30197726721,19367.67224003539,7.936510980925423,0.3699541886022068,401.2429792962394,46.00655505923831,73.16348341354804,37.54017915026675,288.9713641826455,255.85156848671352,16.480098642562496,37.1367027061125,Fatigue
