emg_rms,emg_mav,emg_variance,emg_std,emg_waveform_length,emg_zero_crossing,emg_ssc,emg_kurtosis,emg_skewness,emg_peak,emg_median_freq,emg_mean_freq,emg_peak_freq,emg_total_power,emg_power_low,emg_power_mid,emg_power_high,class_name
67.13266256336254,14.010945155721789,1268.4950858272,67.97052234640502,619918.9639784622,11315.893273475232,29648.874613340147,21.311376314669943,-0.8883061673101592,502.9921062733303,90.1137966006108,77.74806289497435,60.57173875506226,93.85864321315744,38.102622431825935,543.7214316807542,47.61857339527253,Fatigue
