emg_rms,emg_mav,emg_variance,emg_std,emg_waveform_length,emg_zero_crossing,emg_ssc,emg_kurtosis,emg_skewness,emg_peak,emg_median_freq,emg_mean_freq,emg_peak_freq,emg_total_power,emg_power_low,emg_power_mid,emg_power_high,class_name
25.50155248211593,43.06474446321906,3239.2232766195693,29.38006266180174,759737.7374429419,13645.209055060282,31779.82275858453,1.216686166287026,-0.5493025906810838,516.2993671480576,72.82664797918652,44.62403204751622,67.10030024787987,699.1509608908111,264.63829918035105,652.3737644581361,-3.7244788308034096,Fatigue
