emg_rms,emg_mav,emg_variance,emg_std,emg_waveform_length,emg_zero_crossing,emg_ssc,emg_kurtosis,emg_skewness,emg_peak,emg_median_freq,emg_mean_freq,emg_peak_freq,emg_total_power,emg_power_low,emg_power_mid,emg_power_high,class_name
40.14914959308636,13.596272347035711,1678.854214394872,35.47180966685487,539122.9505907078,15920.552200030785,28252.759896439184,7.479197259924228,-0.0264822171046647,366.8101629757101,80.07686573052008,77.69702542667018,69.0331101657541,394.0799605249773,351.9024597109901,138.52237672910317,24.979951010751087,Fatigue
