emg_rms,emg_mav,emg_variance,emg_std,emg_waveform_length,emg_zero_crossing,emg_ssc,emg_kurtosis,emg_skewness,emg_peak,emg_median_freq,emg_mean_freq,emg_peak_freq,emg_total_power,emg_power_low,emg_power_mid,emg_power_high,class_name
24.956585280816064,23.94499657659403,1342.712943289014,24.39925843020232,692637.015811178,9504.960740955175,33488.35571586523,11.31395634808522,3.286617009788161,197.14702191752696,78.72726710097226,74.77141755526924,59.244159497537694,392.32273632262377,35.667494593999606,472.1871745892513,43.2756595711063,Fatigue
