emg_rms,emg_mav,emg_variance,emg_std,emg_waveform_length,emg_zero_crossing,emg_ssc,emg_kurtosis,emg_skewness,emg_peak,emg_median_freq,emg_mean_freq,emg_peak_freq,emg_total_power,emg_power_low,emg_power_mid,emg_power_high,class_name
55.3735794190231,26.9759937754874,-106.26292126530552,8.07046267061618,401454.50373152585,8947.023222054246,29458.493992731925,4.151129449207626,-2.2503065586789743,197.26913706315636,61.574102212176506,66.00875433138232,59.28026173266024,800.2556927547228,171.59382715140532,-113.13193459018248,23.811203480226133,Fatigue
