emg_rms,emg_mav,emg_variance,emg_std,emg_waveform_length,emg_zero_crossing,emg_ssc,emg_kurtosis,emg_skewness,emg_peak,emg_median_freq,emg_mean_freq,emg_peak_freq,emg_total_power,emg_power_low,emg_power_mid,emg_power_high,class_name
13.26661232045532,19.45404445841044,3145.2191696944183,46.54994615590599,328023.4353416706,10319.39103760502,24187.11145404008,8.272003848153146,-0.8285840074000875,211.36723316181985,55.28309800648743,87.06140357647918,43.4283884553748,-512.284268130167,283.4851216499607,509.07378345421023,40.28641807775848,Fatigue
