emg_rms,emg_mav,emg_variance,emg_std,emg_waveform_length,emg_zero_crossing,emg_ssc,emg_kurtosis,emg_skewness,emg_peak,emg_median_freq,emg_mean_freq,emg_peak_freq,emg_total_power,emg_power_low,emg_power_mid,emg_power_high,class_name
39.77964296508315,18.242940349984245,5132.844877277316,44.30595147756021,612556.7046605443,15460.782727544854,26255.403556797864,4.973307586153538,0.0291557653353362,230.65392986826637,69.00845470623592,90.90884984728842,61.32938136540761,375.9570585146947,115.6579660395424,161.86463027312408,13.456187578239136,Fatigue
