emg_rms,emg_mav,emg_variance,emg_std,emg_waveform_length,emg_zero_crossing,emg_ssc,emg_kurtosis,emg_skewness,emg_peak,emg_median_freq,emg_mean_freq,emg_peak_freq,emg_total_power,emg_power_low,emg_power_mid,emg_power_high,class_name
40.97720617025775,10.33547299083307,2031.476869833747,73.87113888629631,311888.7396393326,16810.84414928033,25801.90891300405,16.081109505597855,1.4243695101019331,319.6658386252832,86.08178312180065,73.81019597168518,59.51148123744571,712.9229597548413,-25.594679064543985,-338.49193139112833,25.30471037780197,Fatigue
