emg_rms,emg_mav,emg_variance,emg_std,emg_waveform_length,emg_zero_crossing,emg_ssc,emg_kurtosis,emg_skewness,emg_peak,emg_median_freq,emg_mean_freq,emg_peak_freq,emg_total_power,emg_power_low,emg_power_mid,emg_power_high,class_name
54.2751570728468,18.07328548399356,-661.5782915010732,11.160582645427509,660109.819162291,17272.109148702486,25308.73037807136,13.468024265431657,1.0170763888949872,364.6307251429063,55.54863198543252,94.2076559076651,73.09722531429618,154.91121544731146,275.00583410273896,524.9577129344309,-4.897663258165849,Fatigue
