emg_rms,emg_mav,emg_variance,emg_std,emg_waveform_length,emg_zero_crossing,emg_ssc,emg_kurtosis,emg_skewness,emg_peak,emg_median_freq,emg_mean_freq,emg_peak_freq,emg_total_power,emg_power_low,emg_power_mid,emg_power_high,class_name
39.51232064270973,2.3534017224047226,561.1052352283352,47.24930683933172,292281.19235848746,15720.368378380528,31759.781011167663,10.933773210464423,-1.2320165245608292,430.3713570410168,93.86829101268418,113.47817264688832,58.120412341119405,405.8932059820197,-15.043046492600212,-379.7616154351064,-29.754453593942053,Fatigue
