emg_rms,emg_mav,emg_variance,emg_std,emg_waveform_length,emg_zero_crossing,emg_ssc,emg_kurtosis,emg_skewness,emg_peak,emg_median_freq,emg_mean_freq,emg_peak_freq,emg_total_power,emg_power_low,emg_power_mid,emg_power_high,class_name
56.71126771108662,28.82087707674342,3212.7266673058048,35.337963485715406,829114.2759775158,8278.798963149451,29134.474314273342,5.149958816527572,0.6861737146457794,455.8352656707644,74.6474641180019,90.06274814570821,55.39560821550971,422.538053256174,411.6322061297384,-57.51698022078892,31.94135198053448,Fatigue
