emg_rms,emg_mav,emg_variance,emg_std,emg_waveform_length,emg_zero_crossing,emg_ssc,emg_kurtosis,emg_skewness,emg_peak,emg_median_freq,emg_mean_freq,emg_peak_freq,emg_total_power,emg_power_low,emg_power_mid,emg_power_high,class_name
54.68141131694318,23.763279196197445,1553.973941276343,38.71882929891634,652494.6281502743,13560.635586527484,29119.61164692305,15.767062462693625,1.397612569035286,336.945965132116,66.00098534183529,84.73399600631032,56.20422249431648,1134.2929018154,347.37270820672734,-455.489339966124,14.56238632166316,Fatigue
