emg_rms,emg_mav,emg_variance,emg_std,emg_waveform_length,emg_zero_crossing,emg_ssc,emg_kurtosis,emg_skewness,emg_peak,emg_median_freq,emg_mean_freq,emg_peak_freq,emg_total_power,emg_power_low,emg_power_mid,emg_power_high,class_name
18.99598526972856,10.654953729773949,-601.786380439326,63.01702096675648,458506.5348462254,10208.881409071217,24897.58333027847,13.547636356327754,0.4130327135403877,242.31524661474936,49.34395825165075,110.84709388042688,39.03972092922157,476.237890477012,105.85407653786496,274.1125469055156,-27.699226279562964,Fatigue
