emg_rms,emg_mav,emg_variance,emg_std,emg_waveform_length,emg_zero_crossing,emg_ssc,emg_kurtosis,emg_skewness,emg_peak,emg_median_freq,emg_mean_freq,emg_peak_freq,emg_total_power,emg_power_low,emg_power_mid,emg_power_high,class_name
1.3142749171601693,31.654843330361626,1063.728714957972,14.032199104653497,599190.4229840436,19801.39306050832,34305.26562166818,3.994902965225825,1.0970263066784172,381.7296952358136,57.874692315526886,86.39029464939739,35.6440216401202,-22.37381767665198,309.6701304606016,232.2171012492689,18.702270397978776,Fatigue
