emg_rms,emg_mav,emg_variance,emg_std,emg_waveform_length,emg_zero_crossing,emg_ssc,emg_kurtosis,emg_skewness,emg_peak,emg_median_freq,emg_mean_freq,emg_peak_freq,emg_total_power,emg_power_low,emg_power_mid,emg_power_high,class_name
35.172311630949984,12.563738141782238,-1124.9992395327415,33.827181031525775,-79679.0310793693,6523.180492815365,35631.04779055893,9.124664540787531,2.11998480477677,372.4939512032551,66.78278770601996,82.66854139446801,61.83914212950319,-512.7120242778844,49.685098633020274,-194.43247931701853,-25.498396889938505,Fatigue
