emg_rms,emg_mav,emg_variance,emg_std,emg_waveform_length,emg_zero_crossing,emg_ssc,emg_kurtosis,emg_skewness,emg_peak,emg_median_freq,emg_mean_freq,emg_peak_freq,emg_total_power,emg_power_low,emg_power_mid,emg_power_high,class_name
10.10179642802581,5.281702654364008,-630.7481035752958,62.81912484615896,209907.29976987155,10793.860967463985,30653.307711339017,15.32601777665164,1.868643040797471,160.81362907804697,90.65359226051103,99.90441885838482,68.29673652843755,-98.09147135030577,95.3504979479736,605.5763570869041,26.13718819375409,Fatigue
