emg_rms,emg_mav,emg_variance,emg_std,emg_waveform_length,emg_zero_crossing,emg_ssc,emg_kurtosis,emg_skewness,emg_peak,emg_median_freq,emg_mean_freq,emg_peak_freq,emg_total_power,emg_power_low,emg_power_mid,emg_power_high,class_name
47.187180750447936,10.517554964284646,289.59336292952685,22.43943333273653,285515.7114422751,8144.115490910394,28888.87098655161,11.439380733448235,0.8183864966424884,491.9871058891052,78.85976829422015,83.89229929418765,38.76737425648452,-331.845552381804,234.7935206917424,156.2180801210363,0.1537259495142766,Fatigue
