emg_rms,emg_mav,emg_variance,emg_std,emg_waveform_length,emg_zero_crossing,emg_ssc,emg_kurtosis,emg_skewness,emg_peak,emg_median_freq,emg_mean_freq,emg_peak_freq,emg_total_power,emg_power_low,emg_power_mid,emg_power_high,class_name
46.21287650677559,2.532414669229889,1819.609724403037,81.67703388552039,244945.39370151004,21614.567777714303,23909.30061970727,14.43409666702138,0.4742197293618136,184.82224118082297,57.36127648367936,86.01337826221891,60.86870172903077,1519.5732380126185,302.1531328075058,32.775749553093135,14.09694002444622,Fatigue
