emg_rms,emg_mav,emg_variance,emg_std,emg_waveform_length,emg_zero_crossing,emg_ssc,emg_kurtosis,emg_skewness,emg_peak,emg_median_freq,emg_mean_freq,emg_peak_freq,emg_total_power,emg_power_low,emg_power_mid,emg_power_high,class_name
27.10197456113232,37.44745503956841,2018.3016562393227,9.415956883889294,636034.7723018191,15209.674756743363,24428.35151455276,2.342939586463189,0.3791789778673673,135.22512224355194,51.04483577676154,80.34157969364973,60.1823508944888,430.7952323028416,87.45919542267198,-31.606401182690604,-30.95952793733023,Fatigue
