emg_rms,emg_mav,emg_variance,emg_std,emg_waveform_length,emg_zero_crossing,emg_ssc,emg_kurtosis,emg_skewness,emg_peak,emg_median_freq,emg_mean_freq,emg_peak_freq,emg_total_power,emg_power_low,emg_power_mid,emg_power_high,class_name
7.337099379177225,13.354292583116498,4875.4653588114725,80.27613778147344,387603.1566640622,20778.02746506237,20507.162345183737,9.998763368798125,1.1905443530926656,222.609956531824,69.57783211084497,78.92803898144764,48.72028146631831,562.5308294370673,94.96048439893598,211.659068491066,-1.6773062633600055,Fatigue
