emg_rms,emg_mav,emg_variance,emg_std,emg_waveform_length,emg_zero_crossing,emg_ssc,emg_kurtosis,emg_skewness,emg_peak,emg_median_freq,emg_mean_freq,emg_peak_freq,emg_total_power,emg_power_low,emg_power_mid,emg_power_high,class_name
65.85417849700369,25.60661544275823,2998.2924395190994,30.61860863350685,714432.5374180835,11075.725940552453,27675.00893754833,19.303065210967496,0.9744577440228606,203.12769114404216,58.9678275377932,111.80245823288467,51.658861095831874,672.3260104843595,-193.88900334733296,164.15445701220477,47.23747593701265,Fatigue
