emg_rms,emg_mav,emg_variance,emg_std,emg_waveform_length,emg_zero_crossing,emg_ssc,emg_kurtosis,emg_skewness,emg_peak,emg_median_freq,emg_mean_freq,emg_peak_freq,emg_total_power,emg_power_low,emg_power_mid,emg_power_high,class_name
48.001016964374415,22.00297079791077,4090.983800059802,14.72131788886777,363651.0456061506,11918.069356862195,28581.8229258854,15.098106955073291,0.5799382904444832,385.7952431992079,96.21973587652042,80.60799412024986,66.23951907915658,339.0121849962285,183.6399184091185,95.90563173689596,26.03311087552945,Fatigue
