emg_rms,emg_mav,emg_variance,emg_std,emg_waveform_length,emg_zero_crossing,emg_ssc,emg_kurtosis,emg_skewness,emg_peak,emg_median_freq,emg_mean_freq,emg_peak_freq,emg_total_power,emg_power_low,emg_power_mid,emg_power_high,class_name
61.92934643443571,15.172020501392195,1639.6460621865913,62.6445198090685,328956.5205154998,14842.735058739128,24541.99052207288,13.272394530096507,2.059015447663291,298.93291135289047,77.73825442482749,84.51578982142527,68.42707748907691,117.04722838192448,129.2910351058337,311.5383028180384,59.05146451428898,Fatigue
