emg_rms,emg_mav,emg_variance,emg_std,emg_waveform_length,emg_zero_crossing,emg_ssc,emg_kurtosis,emg_skewness,emg_peak,emg_median_freq,emg_mean_freq,emg_peak_freq,emg_total_power,emg_power_low,emg_power_mid,emg_power_high,class_name
18.145153780446115,3.9435169183583927,854.9455962286686,32.49979917196296,467045.9982837304,18441.2386404969,28728.087381235902,11.606989388615702,-0.0276508974055537,319.96295108505205,89.95583314625618,89.49866512885419,67.500688961886,-79.8383900865868,140.76640482855322,702.3366537633974,36.32569031199912,Fatigue
