emg_rms,emg_mav,emg_variance,emg_std,emg_waveform_length,emg_zero_crossing,emg_ssc,emg_kurtosis,emg_skewness,emg_peak,emg_median_freq,emg_mean_freq,emg_peak_freq,emg_total_power,emg_power_low,emg_power_mid,emg_power_high,class_name
5.41585156642854,29.010442203011134,3541.5612221236997,60.68136560484575,455843.2779658597,11346.029698581904,24566.082451932496,6.141140761907315,2.4786205673724564,415.5613209219336,83.7027582935355,79.10408135390006,66.7341663285718,903.132211759238,129.82740235064597,-854.3847962377381,14.253616501733884,Fatigue
