emg_rms,emg_mav,emg_variance,emg_std,emg_waveform_length,emg_zero_crossing,emg_ssc,emg_kurtosis,emg_skewness,emg_peak,emg_median_freq,emg_mean_freq,emg_peak_freq,emg_total_power,emg_power_low,emg_power_mid,emg_power_high,class_name
22.87967078736898,21.07516594688256,3758.090875947768,78.70242547839597,317996.5360774369,12857.457531549728,24428.845418519588,16.980064264644728,-0.8411161712938856,105.21860588822776,59.018463162642576,76.01507316014809,75.56066677393372,240.42562274984223,138.05682135500254,878.4465080167143,56.25048993186109,Fatigue
