emg_rms,emg_mav,emg_variance,emg_std,emg_waveform_length,emg_zero_crossing,emg_ssc,emg_kurtosis,emg_skewness,emg_peak,emg_median_freq,emg_mean_freq,emg_peak_freq,emg_total_power,emg_power_low,emg_power_mid,emg_power_high,class_name
33.097630507313106,36.89943879152692,3235.6419462441286,52.810704024453,234173.8710891085,15344.245895869926,32486.789567940097,7.656921917800052,-0.4634930527547541,96.52823781916148,65.10313488058954,83.68223238575803,61.90071273468494,-531.2679871220623,291.0562333662741,324.85728303963697,48.86724247273772,Fatigue
