emg_rms,emg_mav,emg_variance,emg_std,emg_waveform_length,emg_zero_crossing,emg_ssc,emg_kurtosis,emg_skewness,emg_peak,emg_median_freq,emg_mean_freq,emg_peak_freq,emg_total_power,emg_power_low,emg_power_mid,emg_power_high,class_name
16.386582152109533,18.101596263951077,-322.07058987238406,43.10403408810394,418449.75370932,15222.423371319352,28362.88735529015,10.207135955228097,-0.7758944076668776,351.162191152938,49.66454357548819,73.39685093999915,57.24046755294441,803.5900847173978,-89.20664916108046,-123.38037356362162,43.24100497993318,Fatigue
