emg_rms,emg_mav,emg_variance,emg_std,emg_waveform_length,emg_zero_crossing,emg_ssc,emg_kurtosis,emg_skewness,emg_peak,emg_median_freq,emg_mean_freq,emg_peak_freq,emg_total_power,emg_power_low,emg_power_mid,emg_power_high,class_name
63.26336205450242,7.739231796901191,1452.2045214998832,25.52783448858142,432245.0884947848,16999.66812529948,19139.51959362056,16.297134887429955,1.279352517027211,274.0175109961851,38.57112623536704,99.63273720158143,56.151447387751205,199.37325618772397,-68.32066177102914,95.17937071855673,6.762116623000141,Fatigue
