emg_rms,emg_mav,emg_variance,emg_std,emg_waveform_length,emg_zero_crossing,emg_ssc,emg_kurtosis,emg_skewness,emg_peak,emg_median_freq,emg_mean_freq,emg_peak_freq,emg_total_power,emg_power_low,emg_power_mid,emg_power_high,class_name
28.260027957089758,2.28306283482188,3473.248236179167,50.23912358959101,289460.1423393518,7175.332482852312,28385.14949526245,10.576045161374374,1.635126615194486,307.9799612967617,82.90001259986518,74.2700120333226,58.43094434975145,652.5947253653559,70.03212962763786,490.2420070689351,52.114567670031136,Fatigue
