emg_rms,emg_mav,emg_variance,emg_std,emg_waveform_length,emg_zero_crossing,emg_ssc,emg_kurtosis,emg_skewness,emg_peak,emg_median_freq,emg_mean_freq,emg_peak_freq,emg_total_power,emg_power_low,emg_power_mid,emg_power_high,class_name
23.248018323155165,16.075066365770624,727.2823805550656,40.4564732734722,179289.21685406636,13191.278206598618,32225.729013102635,12.976433270353962,2.166447362448499,431.0853498516086,42.64188698779181,69.20690867312226,71.77786283554303,370.4056067739209,95.79600454961616,636.9662063346742,37.95363427154832,Fatigue
