emg_rms,emg_mav,emg_variance,emg_std,emg_waveform_length,emg_zero_crossing,emg_ssc,emg_kurtosis,emg_skewness,emg_peak,emg_median_freq,emg_mean_freq,emg_peak_freq,emg_total_power,emg_power_low,emg_power_mid,emg_power_high,class_name
55.96640429238903,17.689553166992404,1244.3941448607366,43.02300573748822,287259.2603443379,12903.085514082208,30419.397326599523,8.747037559712666,1.5734861653782244,366.8910636161432,59.59630267868692,66.57669391145093,54.973265625256346,722.3492797152246,164.5550517593456,673.7682008280085,35.90675249087364,Fatigue
