emg_rms,emg_mav,emg_variance,emg_std,emg_waveform_length,emg_zero_crossing,emg_ssc,emg_kurtosis,emg_skewness,emg_peak,emg_median_freq,emg_mean_freq,emg_peak_freq,emg_total_power,emg_power_low,emg_power_mid,emg_power_high,class_name
57.387092959907534,13.987890037915456,3412.7118734464566,59.37675717781957,168245.9327160829,16829.531662703914,28033.35665119938,14.181525397418948,0.1593059114372058,375.1858430974633,75.13615924318668,78.59238402218281,55.643820727192754,288.4377202085729,391.0235517898665,116.16561044071793,25.18233135331696,Fatigue
