emg_rms,emg_mav,emg_variance,emg_std,emg_waveform_length,emg_zero_crossing,emg_ssc,emg_kurtosis,emg_skewness,emg_peak,emg_median_freq,emg_mean_freq,emg_peak_freq,emg_total_power,emg_power_low,emg_power_mid,emg_power_high,class_name
46.577934744970726,14.382570459023126,2910.2055172147457,34.62604562305552,865880.0811291207,16179.890205764512,29058.97238713526,10.069056074206497,-1.0655602848144738,321.2830712184869,61.482123126708736,96.57661397063136,37.18652611860275,1246.7126997916084,1.9809456132698244,-0.2657549244252095,1.6605661278945334,Fatigue
