emg_rms,emg_mav,emg_variance,emg_std,emg_waveform_length,emg_zero_crossing,emg_ssc,emg_kurtosis,emg_skewness,emg_peak,emg_median_freq,emg_mean_freq,emg_peak_freq,emg_total_power,emg_power_low,emg_power_mid,emg_power_high,class_name
47.30105169699308,12.75920741790155,6868.704077846993,-0.1977384789507965,505574.7379365634,10985.500661935956,27875.8160169446,8.001843843636806,0.4334786115625175,237.94850695108855,81.93501713309053,57.44612149649632,55.16909489039563,1855.286300829564,238.5380569652113,955.4515699118332,19.97767559999876,Fatigue
