emg_rms,emg_mav,emg_variance,emg_std,emg_waveform_length,emg_zero_crossing,emg_ssc,emg_kurtosis,emg_skewness,emg_peak,emg_median_freq,emg_mean_freq,emg_peak_freq,emg_total_power,emg_power_low,emg_power_mid,emg_power_high,class_name
8.999912989372756,18.044548326773224,2856.673139440953,13.61497008759224,575128.8362229678,16885.093171393026,25296.635736260745,14.598510427608971,-0.5017277778886395,437.69719240141313,92.28978665756335,83.21798909188311,67.22504601433128,1017.7004988373394,-98.6001238923616,527.4575165523762,73.22611478974733,Fatigue
