emg_rms,emg_mav,emg_variance,emg_std,emg_waveform_length,emg_zero_crossing,emg_ssc,emg_kurtosis,emg_skewness,emg_peak,emg_median_freq,emg_mean_freq,emg_peak_freq,emg_total_power,emg_power_low,emg_power_mid,emg_power_high,class_name
25.96692242061718,9.070525736994812,-1764.4171040689353,45.39988057620016,534067.3480765049,11867.96748440702,30814.167367794813,13.036593394646946,1.2193357446438584,127.46056666498748,78.93743703745913,96.32731641596251,48.87840828823588,743.323199095932,-7.839294089037708,541.5366131509737,17.995783875717315,Fatigue
