emg_rms,emg_mav,emg_variance,emg_std,emg_waveform_length,emg_zero_crossing,emg_ssc,emg_kurtosis,emg_skewness,emg_peak,emg_median_freq,emg_mean_freq,emg_peak_freq,emg_total_power,emg_power_low,emg_power_mid,emg_power_high,class_name
31.23753498383793,21.91570482118024,2100.1868585141565,17.145047345778213,293306.0511259755,9901.515695646383,19916.76134252458,5.737411660082235,0.4877624225636814,233.6841628562842,84.89441100645809,97.7095578009692,61.61393813916544,1438.1027161894715,91.22480567548216,292.9417483532653,0.8196887324257283,Fatigue
