emg_rms,emg_mav,emg_variance,emg_std,emg_waveform_length,emg_zero_crossing,emg_ssc,emg_kurtosis,emg_skewness,emg_peak,emg_median_freq,emg_mean_freq,emg_peak_freq,emg_total_power,emg_power_low,emg_power_mid,emg_power_high,class_name
58.79038670360066,29.187583677344914,1568.4818760116311,50.79288726585484,353865.0610700535,17396.493973021803,30605.15238131288,14.098923750344154,-0.847781300426459,203.36334271891397,53.51926924272313,69.2318543142902,68.47671406587118,649.8086443318651,178.08428652290206,730.6113259139181,1.5052484708374276,Fatigue
