emg_rms,emg_mav,emg_variance,emg_std,emg_waveform_length,emg_zero_crossing,emg_ssc,emg_kurtosis,emg_skewness,emg_peak,emg_median_freq,emg_mean_freq,emg_peak_freq,emg_total_power,emg_power_low,emg_power_mid,emg_power_high,class_name
72.33627280602877,24.17655384870043,2371.850619675084,11.222618233696366,633544.8677366492,16994.63500410036,26568.915862488284,10.024055012789756,1.0810128786754016,384.66762506360647,66.25577414433948,76.20921168893776,30.839351823412574,-38.83757551824078,359.1570578679914,282.03155071970707,28.78137469158797,Fatigue
