emg_rms,emg_mav,emg_variance,emg_std,emg_waveform_length,emg_zero_crossing,emg_ssc,emg_kurtosis,emg_skewness,emg_peak,emg_median_freq,emg_mean_freq,emg_peak_freq,emg_total_power,emg_power_low,emg_power_mid,emg_power_high,class_name
8.598619676689562,9.69287357040732,3650.70804237608,16.818940147162664,649209.1517147736,14297.466443501624,30949.61519785165,12.77209327775661,-0.971785052007452,544.277484612755,34.71344047731134,86.54467529564103,45.01554344278805,396.1899103859821,462.2053965317456,551.4959168929292,-22.87168987620067,Fatigue
