emg_rms,emg_mav,emg_variance,emg_std,emg_waveform_length,emg_zero_crossing,emg_ssc,emg_kurtosis,emg_skewness,emg_peak,emg_median_freq,emg_mean_freq,emg_peak_freq,emg_total_power,emg_power_low,emg_power_mid,emg_power_high,class_name
46.88784932019718,14.760424009285488,5890.234872921608,27.295560787078895,518469.0379620864,11637.29213428308,31747.616741879687,8.586324475464647,-0.3883589282103771,398.0456136790234,59.1611062644441,55.76510651270498,69.94694814572651,552.8486555565362,38.79212985405688,918.3969225998233,29.35210192302101,Fatigue
