emg_rms,emg_mav,emg_variance,emg_std,emg_waveform_length,emg_zero_crossing,emg_ssc,emg_kurtosis,emg_skewness,emg_peak,emg_median_freq,emg_mean_freq,emg_peak_freq,emg_total_power,emg_power_low,emg_power_mid,emg_power_high,class_name
25.80857160164329,10.281858478643612,2170.827027190768,54.46663393716312,200683.70192349743,11954.798378515585,35236.30050022183,9.514212863044971,-1.1906960326264864,312.20159165153274,85.7414748347268,64.10499055688318,55.43256340924823,1026.711247308198,-331.44454176457003,454.8311243557446,17.517269988109913,Fatigue
