emg_rms,emg_mav,emg_variance,emg_std,emg_waveform_length,emg_zero_crossing,emg_ssc,emg_kurtosis,emg_skewness,emg_peak,emg_median_freq,emg_mean_freq,emg_peak_freq,emg_total_power,emg_power_low,emg_power_mid,emg_power_high,class_name
17.964322261042696,17.23592778757516,771.5743036073154,25.980562035239743,393292.8164090964,13690.260060539604,32674.27402377201,8.29510252016894,0.233490601562964,414.27728468467245,64.82438409371355,76.15791796582099,66.27682903322791,688.6512109908219,251.46671180372624,805.7666443804537,44.38043203855644,Fatigue
