emg_rms,emg_mav,emg_variance,emg_std,emg_waveform_length,emg_zero_crossing,emg_ssc,emg_kurtosis,emg_skewness,emg_peak,emg_median_freq,emg_mean_freq,emg_peak_freq,emg_total_power,emg_power_low,emg_power_mid,emg_power_high,class_name
83.56133507506128,27.67266905708265,-179.70446402322705,79.89841003853437,574449.8323635126,19047.79868086831,27002.92277588469,4.615952567820349,0.6266922418133127,372.3992085629932,57.8774744231482,81.06141087555183,52.66135508737173,496.09634387384335,205.01179013147052,263.86008491355483,1.339844725102438,Fatigue
