emg_rms,emg_mav,emg_variance,emg_std,emg_waveform_length,emg_zero_crossing,emg_ssc,emg_kurtosis,emg_skewness,emg_peak,emg_median_freq,emg_mean_freq,emg_peak_freq,emg_total_power,emg_power_low,emg_power_mid,emg_power_high,class_name
19.54946420060028,31.734722458524736,561.7622203039916,34.489846749867105,434303.14725209615,16318.967627477132,29028.33677855041,8.720654582199128,-1.391555364810718,222.33723620493936,65.63023574440895,110.97314917081242,53.1373757278884,-511.453117147988,194.6268605899623,570.4854142017956,-31.630089491912663,Fatigue
