emg_rms,emg_mav,emg_variance,emg_std,emg_waveform_length,emg_zero_crossing,emg_ssc,emg_kurtosis,emg_skewness,emg_peak,emg_median_freq,emg_mean_freq,emg_peak_freq,emg_total_power,emg_power_low,emg_power_mid,emg_power_high,class_name
33.376320635917835,12.235482959843855,2995.4306158317704,-12.397884487796873,308918.50526392774,17817.5840556105,28501.930879075007,18.31450906952474,0.2019786216521579,375.9765583464424,52.32548186535822,90.24929162802756,61.275959972596056,240.6757542032872,65.1408454854357,292.39839800991865,20.572122113988392,Fatigue
