emg_rms,emg_mav,emg_variance,emg_std,emg_waveform_length,emg_zero_crossing,emg_ssc,emg_kurtosis,emg_skewness,emg_peak,emg_median_freq,emg_mean_freq,emg_peak_freq,emg_total_power,emg_power_low,emg_power_mid,emg_power_high,class_name
36.48205410113804,-1.410276344198696,-1260.6299909875916,63.45850247003391,667563.586021099,14903.132405658363,29873.077374408305,17.77465785877395,-1.050619507883618,130.70607845064038,72.70971191000703,103.61014195985668,74.90454000807183,-183.2345260556792,204.71179202694591,511.9554309496584,-17.785396079416742,Fatigue
