emg_rms,emg_mav,emg_variance,emg_std,emg_waveform_length,emg_zero_crossing,emg_ssc,emg_kurtosis,emg_skewness,emg_peak,emg_median_freq,emg_mean_freq,emg_peak_freq,emg_total_power,emg_power_low,emg_power_mid,emg_power_high,class_name
20.420143778141515,5.858817013695456,760.8259181976855,24.27181344885126,284320.0684439712,12880.15149355836,24901.844476651426,16.579638578763596,0.7854371596745724,464.0003993065791,72.27451944277425,109.11734974269248,52.12837636229786,842.5422715869274,305.7387197631823,671.5722373996396,0.4910425238105915,Fatigue
