emg_rms,emg_mav,emg_variance,emg_std,emg_waveform_length,emg_zero_crossing,emg_ssc,emg_kurtosis,emg_skewness,emg_peak,emg_median_freq,emg_mean_freq,emg_peak_freq,emg_total_power,emg_power_low,emg_power_mid,emg_power_high,class_name
46.80498059267434,18.746916031419868,-1082.898152380536,27.74741695519001,303580.0793859264,17382.834807493993,28589.643964718565,4.734082858537269,-0.0770944881048185,231.53148123643007,67.50483458626884,70.99541154045404,56.58186457360228,1231.8790426091623,43.96424032873552,383.086831141273,36.91769582708475,Fatigue
