emg_rms,emg_mav,emg_variance,emg_std,emg_waveform_length,emg_zero_crossing,emg_ssc,emg_kurtosis,emg_skewness,emg_peak,emg_median_freq,emg_mean_freq,emg_peak_freq,emg_total_power,emg_power_low,emg_power_mid,emg_power_high,class_name
2.985517525064232,16.760270245150252,2692.906013745388,50.38889939968816,509777.9369471899,11230.64172546511,34186.39049759766,9.901618782336136,0.2842287062434771,399.5032950182676,31.09298242864021,66.51643562732123,70.73314844931541,76.24655007344654,131.80839843514156,377.2335152982472,19.844269939765816,Fatigue
