emg_rms,emg_mav,emg_variance,emg_std,emg_waveform_length,emg_zero_crossing,emg_ssc,emg_kurtosis,emg_skewness,emg_peak,emg_median_freq,emg_mean_freq,emg_peak_freq,emg_total_power,emg_power_low,emg_power_mid,emg_power_high,class_name
42.97320679398714,22.310274665456795,1767.597987748146,29.544892916811104,532982.4435235487,18038.8370018087,23558.648510067294,10.257549770520338,1.1532642807377012,247.3661556398561,66.33149882586554,74.17347439583506,77.70045272923248,993.7917134993417,-8.37898897923742,624.391777922126,-11.182851136818195,Fatigue
