emg_rms,emg_mav,emg_variance,emg_std,emg_waveform_length,emg_zero_crossing,emg_ssc,emg_kurtosis,emg_skewness,emg_peak,emg_median_freq,emg_mean_freq,emg_peak_freq,emg_total_power,emg_power_low,emg_power_mid,emg_power_high,class_name
52.75750017873428,-1.0536749912488226,3055.9540852618065,27.88388982930534,231547.4861905352,11138.20692631324,30249.11865848048,15.739429505401873,0.3749084718302943,471.0073302005033,61.6423843877205,106.79920241366789,64.20212689390225,357.6768546334412,131.91097671968586,329.3755861603823,10.69002178990193,Fatigue
