emg_rms,emg_mav,emg_variance,emg_std,emg_waveform_length,emg_zero_crossing,emg_ssc,emg_kurtosis,emg_skewness,emg_peak,emg_median_freq,emg_mean_freq,emg_peak_freq,emg_total_power,emg_power_low,emg_power_mid,emg_power_high,class_name
28.531529647085005,17.338490684782084,4028.5019239632143,22.837956216450465,579500.5771818759,11805.538434995657,19856.0797965683,6.7529512507013205,-1.0660438300372752,274.81862159806235,71.2233611673526,81.53790331250609,52.63889839542245,-361.2950625761891,-190.58282033372183,345.4955190723676,56.96159304809149,Fatigue
