emg_rms,emg_mav,emg_variance,emg_std,emg_waveform_length,emg_zero_crossing,emg_ssc,emg_kurtosis,emg_skewness,emg_peak,emg_median_freq,emg_mean_freq,emg_peak_freq,emg_total_power,emg_power_low,emg_power_mid,emg_power_high,class_name
35.80761080470285,32.66665748621702,310.98566702287485,38.08015911182708,359744.273989763,8350.423633825487,28576.111598435786,6.415045221395218,1.058356796778071,640.412572373817,66.22514246283195,103.07458022420882,58.16384880927545,1552.6684845402126,62.97945888729643,109.41367204576758,-12.722166828413616,Fatigue
