emg_rms,emg_mav,emg_variance,emg_std,emg_waveform_length,emg_zero_crossing,emg_ssc,emg_kurtosis,emg_skewness,emg_peak,emg_median_freq,emg_mean_freq,emg_peak_freq,emg_total_power,emg_power_low,emg_power_mid,emg_power_high,class_name
43.70430504863704,10.597453565608292,-1317.658899964762,39.35489866174218,294323.9205828302,15277.800463758784,32109.03255281764,7.8974225601905825,-0.6625864182162565,416.02548570310137,38.09318193936092,77.35219936232923,66.23650198987896,159.47020540317504,-24.743442066254342,164.03964827438452,-18.10278969772847,Fatigue
