emg_rms,emg_mav,emg_variance,emg_std,emg_waveform_length,emg_zero_crossing,emg_ssc,emg_kurtosis,emg_skewness,emg_peak,emg_median_freq,emg_mean_freq,emg_peak_freq,emg_total_power,emg_power_low,emg_power_mid,emg_power_high,class_name
8.777405271672734,15.688695452756008,4899.141287912904,53.33853828603493,247853.4356564647,15824.194592759712,32850.20986257714,8.155805823289676,-0.9657339522470684,255.44136365989343,66.85265967348514,71.41650917983614,65.62827687399576,714.5244084315086,340.7871850224042,508.4901630091405,33.93826275423189,Fatigue
