emg_rms,emg_mav,emg_variance,emg_std,emg_waveform_length,emg_zero_crossing,emg_ssc,emg_kurtosis,emg_skewness,emg_peak,emg_median_freq,emg_mean_freq,emg_peak_freq,emg_total_power,emg_power_low,emg_power_mid,emg_power_high,class_name
40.0601690826873,22.754022695018477,3725.337796333716,34.37095963951434,669564.1983850874,11012.663204833329,27391.289250173613,11.521118060460983,-0.0204663126807014,260.99884732773444,73.61477927455881,103.99765210144244,62.49373268403516,739.4575290705404,79.3941778463803,671.6326248127897,81.48035495401096,Fatigue
