emg_rms,emg_mav,emg_variance,emg_std,emg_waveform_length,emg_zero_crossing,emg_ssc,emg_kurtosis,emg_skewness,emg_peak,emg_median_freq,emg_mean_freq,emg_peak_freq,emg_total_power,emg_power_low,emg_power_mid,emg_power_high,class_name
43.0508860566688,32.45108354615947,-1034.6901373983824,74.79261558401072,537514.4633334044,15180.141522379372,30710.118126343717,15.429970527664986,1.0294657140068513,356.406795575307,44.80800958200983,83.97651409866525,68.72609959316443,876.1537524456346,239.03892445841532,102.32596806976528,6.09365787307056,Fatigue
