emg_rms,emg_mav,emg_variance,emg_std,emg_waveform_length,emg_zero_crossing,emg_ssc,emg_kurtosis,emg_skewness,emg_peak,emg_median_freq,emg_mean_freq,emg_peak_freq,emg_total_power,emg_power_low,emg_power_mid,emg_power_high,class_name
13.257714013189592,33.37233469709136,-940.560308593836,28.748573167453323,708954.6690548196,8010.116310549419,32626.375384061525,2.9785341146639013,0.9492775334976667,397.1264637656024,65.30041888873076,89.86357731317244,81.62665131884127,862.0837842183425,139.47551581489554,-41.15935485786747,-20.218664193938476,Fatigue
