emg_rms,emg_mav,emg_variance,emg_std,emg_waveform_length,emg_zero_crossing,emg_ssc,emg_kurtosis,emg_skewness,emg_peak,emg_median_freq,emg_mean_freq,emg_peak_freq,emg_total_power,emg_power_low,emg_power_mid,emg_power_high,class_name
56.50936018005484,19.716327821337536,2991.096901207707,51.85361564863373,382625.7427317905,13635.210080893929,22833.350284231383,21.22840694006601,-0.0134744837200978,86.43266947658682,30.077996272306716,122.10304921675392,68.71542359528748,750.0439059045368,78.8508606608298,687.5561342163725,45.17521776903705,Fatigue
