emg_rms,emg_mav,emg_variance,emg_std,emg_waveform_length,emg_zero_crossing,emg_ssc,emg_kurtosis,emg_skewness,emg_peak,emg_median_freq,emg_mean_freq,emg_peak_freq,emg_total_power,emg_power_low,emg_power_mid,emg_power_high,class_name
1.5382744069569654,24.26707722694276,2298.2833392151288,76.66274841115029,164511.72672867338,13634.177739036582,25317.121853240184,16.426675133760213,2.4061554979778976,439.120499371555,45.47636211107988,79.07561864476052,55.54786615884752,514.9409011357235,330.5792188526036,319.32622006741474,46.04228294705996,Fatigue
