emg_rms,emg_mav,emg_variance,emg_std,emg_waveform_length,emg_zero_crossing,emg_ssc,emg_kurtosis,emg_skewness,emg_peak,emg_median_freq,emg_mean_freq,emg_peak_freq,emg_total_power,emg_power_low,emg_power_mid,emg_power_high,class_name
30.9843365044248,13.416887769035016,3932.004716348913,47.98188107969663,439241.6025481689,16318.245257693508,23961.696276102382,20.48976315832228,2.329800221550011,585.620284394704,73.80480674916504,98.93250590005547,66.02721006567577,628.0749503450008,305.56182376432963,452.6546994234458,-32.414873207837736,Fatigue
