emg_rms,emg_mav,emg_variance,emg_std,emg_waveform_length,emg_zero_crossing,emg_ssc,emg_kurtosis,emg_skewness,emg_peak,emg_median_freq,emg_mean_freq,emg_peak_freq,emg_total_power,emg_power_low,emg_power_mid,emg_power_high,class_name
45.25241362039223,20.60311334861673,3403.040198579315,34.06226984533102,487296.7297663552,12351.667912116634,24906.452960914416,11.081903037570992,3.711217688691221,342.63727057257165,86.17351416174637,101.84848111954535,58.99329487628226,776.3663360745709,59.51663723803907,1326.133009346347,-12.801093098012654,Fatigue
