emg_rms,emg_mav,emg_variance,emg_std,emg_waveform_length,emg_zero_crossing,emg_ssc,emg_kurtosis,emg_skewness,emg_peak,emg_median_freq,emg_mean_freq,emg_peak_freq,emg_total_power,emg_power_low,emg_power_mid,emg_power_high,class_name
13.690507843600384,26.510029416072648,475.62714311101786,24.98445114691001,238621.29611192853,20029.02735444969,37879.64178443973,17.39460007587391,-1.3244673939424016,337.6561714654612,76.1071842767607,54.93675440286594,58.17973999405911,682.8197029146613,-39.52392492140504,669.3251303963718,36.9983696592206,Fatigue
