emg_rms,emg_mav,emg_variance,emg_std,emg_waveform_length,emg_zero_crossing,emg_ssc,emg_kurtosis,emg_skewness,emg_peak,emg_median_freq,emg_mean_freq,emg_peak_freq,emg_total_power,emg_power_low,emg_power_mid,emg_power_high,class_name
56.36666280062573,6.972501252942019,-1680.815545930704,8.320680007419757,-4206.030943080026,11195.862600673068,28404.92101641817,13.21288955449012,0.9762961467837954,37.07619953498158,102.4813465183063,86.07083414454388,66.05692529961021,22.2079838830291,258.37898829189646,142.12427161064596,24.695029399862747,Fatigue
