emg_rms,emg_mav,emg_variance,emg_std,emg_waveform_length,emg_zero_crossing,emg_ssc,emg_kurtosis,emg_skewness,emg_peak,emg_median_freq,emg_mean_freq,emg_peak_freq,emg_total_power,emg_power_low,emg_power_mid,emg_power_high,class_name
11.345459118666898,16.1023169574929,4258.196146539361,52.53553462906602,342556.1023356995,11163.912854529137,28357.37225429016,15.09464454257211,-0.0448047913364213,126.5278617470106,65.13090211247098,58.19752484342764,55.24966545596888,490.7709868263392,298.5071322001531,547.0617973084561,33.70295646749766,Fatigue
