emg_rms,emg_mav,emg_variance,emg_std,emg_waveform_length,emg_zero_crossing,emg_ssc,emg_kurtosis,emg_skewness,emg_peak,emg_median_freq,emg_mean_freq,emg_peak_freq,emg_total_power,emg_power_low,emg_power_mid,emg_power_high,class_name
34.72402086054089,7.174694709999084,-1095.716887949873,35.68422031541731,472351.8761693027,17418.572264702336,29297.09447145074,-0.98650330892562,-0.8895877231011687,327.5060353276172,64.4535264217545,89.64996282247797,48.81541032172275,403.95541450855046,115.2200428525156,252.14274670613565,67.19312590928264,Fatigue
