emg_rms,emg_mav,emg_variance,emg_std,emg_waveform_length,emg_zero_crossing,emg_ssc,emg_kurtosis,emg_skewness,emg_peak,emg_median_freq,emg_mean_freq,emg_peak_freq,emg_total_power,emg_power_low,emg_power_mid,emg_power_high,class_name
11.345330009636449,30.296737147836687,3472.3145799199583,0.127833150946536,335884.0992045337,13053.94160320556,29931.32561778375,17.381101851031417,-0.8091701487201336,49.2467715781894,56.922680289205765,78.03975149919138,61.34366451373511,586.3919159385612,-41.20375897363599,346.8875392469155,18.625576998737856,Fatigue
