emg_rms,emg_mav,emg_variance,emg_std,emg_waveform_length,emg_zero_crossing,emg_ssc,emg_kurtosis,emg_skewness,emg_peak,emg_median_freq,emg_mean_freq,emg_peak_freq,emg_total_power,emg_power_low,emg_power_mid,emg_power_high,class_name
18.57264011517455,8.668889478017222,1371.1889605900574,23.37728541305077,508205.0378273072,17652.624030783893,39561.76978990531,7.33509296219742,-0.1957473569781509,276.81643223103384,55.32000904724079,93.85080551452135,64.9796363195466,415.93356838735394,33.95515747015037,170.6968559273684,24.19384214155845,Fatigue
