emg_rms,emg_mav,emg_variance,emg_std,emg_waveform_length,emg_zero_crossing,emg_ssc,emg_kurtosis,emg_skewness,emg_peak,emg_median_freq,emg_mean_freq,emg_peak_freq,emg_total_power,emg_power_low,emg_power_mid,emg_power_high,class_name
31.791652560768046,22.064365664967557,3384.4209575914037,52.63905072573904,231854.99796493037,21202.926618612884,32210.378085642693,13.482297543733374,-0.2360961956463799,300.67124489358326,99.36562901893608,78.58593070475817,42.3149210407719,873.5461330081996,182.03321088889248,598.8552567395602,3.471559821126265,Fatigue
