emg_rms,emg_mav,emg_variance,emg_std,emg_waveform_length,emg_zero_crossing,emg_ssc,emg_kurtosis,emg_skewness,emg_peak,emg_median_freq,emg_mean_freq,emg_peak_freq,emg_total_power,emg_power_low,emg_power_mid,emg_power_high,class_name
33.17052475752626,30.329210274983748,6595.6281442153,22.524546211957933,204892.45739463423,12932.508886648384,26753.89288377569,7.863662381516278,0.3121406940376204,218.11955959721604,72.60831745077843,75.57047102881266,74.48661941478365,1747.4065678247823,404.8248750744106,929.430613202934,45.8914973712666,Fatigue
