emg_rms,emg_mav,emg_variance,emg_std,emg_waveform_length,emg_zero_crossing,emg_ssc,emg_kurtosis,emg_skewness,emg_peak,emg_median_freq,emg_mean_freq,emg_peak_freq,emg_total_power,emg_power_low,emg_power_mid,emg_power_high,class_name
21.235602192525867,15.321211498888728,1385.7714592101488,68.9678261904752,600049.5280413026,16223.172044082436,27155.51852828225,9.718039886542693,0.8103863618822419,457.1562691994079,48.693396509883385,81.84769638777676,51.5461937518552,599.3976231682752,-0.5511900140267016,219.921931364764,-3.082365729034024,Fatigue
