emg_rms,emg_mav,emg_variance,emg_std,emg_waveform_length,emg_zero_crossing,emg_ssc,emg_kurtosis,emg_skewness,emg_peak,emg_median_freq,emg_mean_freq,emg_peak_freq,emg_total_power,emg_power_low,emg_power_mid,emg_power_high,class_name
67.62082743376942,21.283038293089454,1211.7502321155516,59.69790530962917,549194.337741,19570.72828535938,31922.16893670524,6.572160356245839,0.8168084230484246,449.3524486839847,86.83056582328676,84.09765297034372,57.02496337887987,1069.0038206740194,107.65454463176803,-650.7178670111753,13.741291403089742,Fatigue
