emg_rms,emg_mav,emg_variance,emg_std,emg_waveform_length,emg_zero_crossing,emg_ssc,emg_kurtosis,emg_skewness,emg_peak,emg_median_freq,emg_mean_freq,emg_peak_freq,emg_total_power,emg_power_low,emg_power_mid,emg_power_high,class_name
32.003759032237944,25.583267090463288,4413.3825442795,34.62338561603531,342132.2247983827,14105.590736605513,31267.62980160764,13.368234550347944,-0.6978977452924084,354.7868669764624,64.13842285810298,77.27254793340377,55.97726415205466,-116.84561248242568,1.523956475707763,374.8238889909613,6.094933059106205,Fatigue
