emg_rms,emg_mav,emg_variance,emg_std,emg_waveform_length,emg_zero_crossing,emg_ssc,emg_kurtosis,emg_skewness,emg_peak,emg_median_freq,emg_mean_freq,emg_peak_freq,emg_total_power,emg_power_low,emg_power_mid,emg_power_high,class_name
-5.157339197188371,7.260155365503325,-2265.070961667545,9.48405303201326,217858.6847404991,17368.330226230075,25003.87230588142,8.11203073229919,0.9751733027324684,406.6818588763984,62.509798197584566,75.57586342733156,56.930046566054585,1266.8839244143458,355.1493971225365,347.0160131760192,22.7413008010374,Fatigue
