emg_rms,emg_mav,emg_variance,emg_std,emg_waveform_length,emg_zero_crossing,emg_ssc,emg_kurtosis,emg_skewness,emg_peak,emg_median_freq,emg_mean_freq,emg_peak_freq,emg_total_power,emg_power_low,emg_power_mid,emg_power_high,class_name
38.13228274212948,23.101655316502427,2913.4934347120743,16.888513472691603,481210.0636923983,10045.863578133543,31830.247108934786,7.4034074648419,-1.6339846272555296,137.8454668631275,41.96695602736968,78.05232828052847,36.86318651491313,118.98051079394236,-139.98159825152965,378.5077995918068,6.548415172210008,Fatigue
