emg_rms,emg_mav,emg_variance,emg_std,emg_waveform_length,emg_zero_crossing,emg_ssc,emg_kurtosis,emg_skewness,emg_peak,emg_median_freq,emg_mean_freq,emg_peak_freq,emg_total_power,emg_power_low,emg_power_mid,emg_power_high,class_name
18.313606344315115,17.05506232196885,850.7738639503414,62.2378503222841,381488.5887076356,8992.77349074816,28633.93238494825,18.054934732303423,-1.7971410497004672,209.37435617955103,85.52617832692653,68.36501150713337,49.93771815998647,488.00525832723696,46.84295325847167,286.2156831397412,-34.94927718976639,Fatigue
