emg_rms,emg_mav,emg_variance,emg_std,emg_waveform_length,emg_zero_crossing,emg_ssc,emg_kurtosis,emg_skewness,emg_peak,emg_median_freq,emg_mean_freq,emg_peak_freq,emg_total_power,emg_power_low,emg_power_mid,emg_power_high,class_name
22.19009107432664,3.5097759471939725,699.6928677598762,4.693426857367694,419722.1229491285,15811.744558691582,28877.56191466433,11.653916981579227,0.2089125794701528,211.43206309250465,47.21499327699395,87.62588160721752,81.18398144132473,172.196857084123,233.83711816442047,412.1766086234504,23.7071165303955,Fatigue
