emg_rms,emg_mav,emg_variance,emg_std,emg_waveform_length,emg_zero_crossing,emg_ssc,emg_kurtosis,emg_skewness,emg_peak,emg_median_freq,emg_mean_freq,emg_peak_freq,emg_total_power,emg_power_low,emg_power_mid,emg_power_high,class_name
16.057248132110686,30.11872553239165,2239.6829488540816,27.48247987721475,888528.2402954821,11995.65417688054,31870.16221887453,9.623975696814355,-1.3417046843206253,342.60899200929106,84.76348621150063,85.54509698431299,54.86833332300141,-515.8189196063604,156.17889188298597,33.5144196523363,79.07967684789149,Fatigue
