emg_rms,emg_mav,emg_variance,emg_std,emg_waveform_length,emg_zero_crossing,emg_ssc,emg_kurtosis,emg_skewness,emg_peak,emg_median_freq,emg_mean_freq,emg_peak_freq,emg_total_power,emg_power_low,emg_power_mid,emg_power_high,class_name
50.650907930525136,16.64386414392141,964.3675634529908,22.07333975915568,295475.51542780944,17092.48215491447,27704.64042040384,11.446850897703952,-0.6974283634462871,92.15946670463497,66.35924240518386,87.02634300583595,52.89608907536638,905.7396080255612,132.83362639299102,492.4712451981196,0.5834593781175954,Fatigue
