emg_rms,emg_mav,emg_variance,emg_std,emg_waveform_length,emg_zero_crossing,emg_ssc,emg_kurtosis,emg_skewness,emg_peak,emg_median_freq,emg_mean_freq,emg_peak_freq,emg_total_power,emg_power_low,emg_power_mid,emg_power_high,class_name
19.015273998324883,25.96274139946884,1707.1356341529097,63.56131686605366,278039.2627822396,12638.086132225882,29785.03607813749,16.865489420414466,0.8154087147198935,316.3849658644892,52.296567687592585,72.8642803543793,57.45339286216651,216.28684293266735,5.945687243697989,402.73311619995775,-2.540627664248248,Fatigue
