emg_rms,emg_mav,emg_variance,emg_std,emg_waveform_length,emg_zero_crossing,emg_ssc,emg_kurtosis,emg_skewness,emg_peak,emg_median_freq,emg_mean_freq,emg_peak_freq,emg_total_power,emg_power_low,emg_power_mid,emg_power_high,class_name
74.23703571396648,31.62860494466559,689.0972812994382,37.32226398663537,439684.0531402952,17707.888305237135,31440.37368968817,17.693354357852233,-0.7919894704030533,380.5867850439806,71.437366835215,78.9800035411517,53.47809489184955,186.5963172669771,357.96970148396406,705.4921496971572,-9.611196637081072,Fatigue
