emg_rms,emg_mav,emg_variance,emg_std,emg_waveform_length,emg_zero_crossing,emg_ssc,emg_kurtosis,emg_skewness,emg_peak,emg_median_freq,emg_mean_freq,emg_peak_freq,emg_total_power,emg_power_low,emg_power_mid,emg_power_high,class_name
37.2706752402794,9.542302651924864,-996.2499666889508,20.683837225715443,501310.76077520056,14743.93888295516,33696.795222985915,13.037972747274337,-0.4727901759619438,203.55283045980832,51.74590316910697,75.28049975049696,33.83827207565626,110.8163559433434,187.91161099184092,536.674910222898,-2.765899335046601,Fatigue
