emg_rms,emg_mav,emg_variance,emg_std,emg_waveform_length,emg_zero_crossing,emg_ssc,emg_kurtosis,emg_skewness,emg_peak,emg_median_freq,emg_mean_freq,emg_peak_freq,emg_total_power,emg_power_low,emg_power_mid,emg_power_high,class_name
58.77834358657935,5.72331921948571,-950.3969665034284,61.56935091770399,471432.1591546821,12745.909551603958,32345.431662380288,15.494003207264916,2.976760416532793,545.4262917484141,49.53123113153701,90.51165883992452,59.85515642286131,660.3761873072928,243.5222677639162,-52.94578688268052,4.206336721369533,Fatigue
