emg_rms,emg_mav,emg_variance,emg_std,emg_waveform_length,emg_zero_crossing,emg_ssc,emg_kurtosis,emg_skewness,emg_peak,emg_median_freq,emg_mean_freq,emg_peak_freq,emg_total_power,emg_power_low,emg_power_mid,emg_power_high,class_name
34.77905312708447,0.2331058830694026,3585.296620433003,35.19547421998052,454562.4851509571,15141.385695819436,25259.76184662478,24.9023629451075,-0.7081366445541121,342.04117057285254,93.10491309799065,82.0330180714343,57.61630405654064,1109.8675356091535,-19.793241557541137,-9.098812275618627,10.920889382120292,Fatigue
