emg_rms,emg_mav,emg_variance,emg_std,emg_waveform_length,emg_zero_crossing,emg_ssc,emg_kurtosis,emg_skewness,emg_peak,emg_median_freq,emg_mean_freq,emg_peak_freq,emg_total_power,emg_power_low,emg_power_mid,emg_power_high,class_name
57.56919753260969,9.471866200817974,439.6782950783168,40.72111656904609,366537.3388673007,12350.213398541704,22415.91278875063,8.133849642899044,1.5846435378309407,310.3701117263976,76.06738509371583,81.28685168113391,49.15672125584389,89.03568861853296,139.5892169887563,248.43045253289117,-0.7902636255701303,Fatigue
