emg_rms,emg_mav,emg_variance,emg_std,emg_waveform_length,emg_zero_crossing,emg_ssc,emg_kurtosis,emg_skewness,emg_peak,emg_median_freq,emg_mean_freq,emg_peak_freq,emg_total_power,emg_power_low,emg_power_mid,emg_power_high,class_name
50.355318430813846,5.688595807873385,1312.886384631841,70.50084365712365,914999.4895977946,7054.393763825211,30983.428069190617,11.763667974700738,2.92509140343047,184.2447716325837,56.147211248252646,70.17881451671401,71.86356842931897,178.9790675848668,113.08049647546096,748.7830702343051,-15.078422103291963,Fatigue
