emg_rms,emg_mav,emg_variance,emg_std,emg_waveform_length,emg_zero_crossing,emg_ssc,emg_kurtosis,emg_skewness,emg_peak,emg_median_freq,emg_mean_freq,emg_peak_freq,emg_total_power,emg_power_low,emg_power_mid,emg_power_high,class_name
10.84446072030769,15.28907668678072,393.11944014080336,49.86502736722434,780489.5090052731,16520.712262178804,28235.43606945128,20.120827109066152,-1.912822455009592,257.33285009001764,45.01451380692011,94.89671083103686,63.109473941036896,713.5470410036089,-59.028466658428215,374.42669106804914,29.949125660516813,Fatigue
