emg_rms,emg_mav,emg_variance,emg_std,emg_waveform_length,emg_zero_crossing,emg_ssc,emg_kurtosis,emg_skewness,emg_peak,emg_median_freq,emg_mean_freq,emg_peak_freq,emg_total_power,emg_power_low,emg_power_mid,emg_power_high,class_name
39.16607854168473,2.5577382047297306,3850.61338686688,32.24622925571549,376542.9417455322,21881.863604582013,26538.869044261457,17.156242511355725,0.4867398755139815,501.6956508503139,81.67528598079902,85.61703721198224,39.870834262180885,-61.992407181815054,-16.4107911480304,474.8941044784585,-3.4285249022912403,Fatigue
