emg_rms,emg_mav,emg_variance,emg_std,emg_waveform_length,emg_zero_crossing,emg_ssc,emg_kurtosis,emg_skewness,emg_peak,emg_median_freq,emg_mean_freq,emg_peak_freq,emg_total_power,emg_power_low,emg_power_mid,emg_power_high,class_name
40.92159269500517,17.986429685950903,2015.2788369081136,82.96571282493454,529039.5292663098,15959.89447558724,30201.972118442576,9.094219980764144,-1.54394432809273,487.3869410995735,82.62424307865318,83.18295207391873,73.37706892286586,964.733927792596,112.14721065498595,1069.0771472283222,20.50793708937593,Fatigue
