emg_rms,emg_mav,emg_variance,emg_std,emg_waveform_length,emg_zero_crossing,emg_ssc,emg_kurtosis,emg_skewness,emg_peak,emg_median_freq,emg_mean_freq,emg_peak_freq,emg_total_power,emg_power_low,emg_power_mid,emg_power_high,class_name
47.20225055957735,19.883474271915016,7533.400462701811,53.17387734222056,175781.56794737634,8626.625342206104,32146.92221499731,14.161852734633712,0.6612729492928621,268.74323120317086,45.52723225280657,59.34940310901948,42.39836856398215,-64.1833138838536,108.7182451747158,83.55339958321906,29.914183899058443,Fatigue
