emg_rms,emg_mav,emg_variance,emg_std,emg_waveform_length,emg_zero_crossing,emg_ssc,emg_kurtosis,emg_skewness,emg_peak,emg_median_freq,emg_mean_freq,emg_peak_freq,emg_total_power,emg_power_low,emg_power_mid,emg_power_high,class_name
27.4222093579436,16.399227780014936,1156.8145845379636,44.29225486511624,484979.09971406334,9965.66958016997,32521.73832628199,12.385860747039906,-1.8990585788056904,388.954328325516,60.730365288174376,60.06718742988308,60.099308887907725,671.4299090711386,212.059314603497,189.7598985803724,5.6409033912182185,Fatigue
