emg_rms,emg_mav,emg_variance,emg_std,emg_waveform_length,emg_zero_crossing,emg_ssc,emg_kurtosis,emg_skewness,emg_peak,emg_median_freq,emg_mean_freq,emg_peak_freq,emg_total_power,emg_power_low,emg_power_mid,emg_power_high,class_name
57.81608476872748,23.40342231304605,2214.004303176743,30.261722745405983,822995.8688921033,15181.351323136478,28592.354009583265,12.505770742814052,-0.2133586655771584,502.97415303026565,68.25317335779344,74.8504378483022,54.831962356164496,-275.69039553320766,31.21119395201468,525.997885014651,29.053085937074933,Fatigue
