emg_rms,emg_mav,emg_variance,emg_std,emg_waveform_length,emg_zero_crossing,emg_ssc,emg_kurtosis,emg_skewness,emg_peak,emg_median_freq,emg_mean_freq,emg_peak_freq,emg_total_power,emg_power_low,emg_power_mid,emg_power_high,class_name
8.237650522018296,23.8332797790202,431.8258946625458,51.62234155332631,447119.01189561497,9548.35864415293,26199.39417975314,9.42870813971052,1.1620764823048464,482.6132059800684,76.84574432016109,70.6063510103233,61.62535872628811,464.1057798761534,-146.33897946888044,-29.70748567320959,-56.32613272344128,Fatigue
