emg_rms,emg_mav,emg_variance,emg_std,emg_waveform_length,emg_zero_crossing,emg_ssc,emg_kurtosis,emg_skewness,emg_peak,emg_median_freq,emg_mean_freq,emg_peak_freq,emg_total_power,emg_power_low,emg_power_mid,emg_power_high,class_name
53.77601452684811,14.284850138845655,1577.1929446032566,32.59445490540593,438427.2593559202,19211.844000499303,33806.80065672344,11.118926979210457,0.0591530188649928,494.90847738246765,66.01148290726412,61.60613388846495,100.4571190517322,170.98439330593857,-68.65074089179217,583.1733146676752,29.2816098249651,Fatigue
