emg_rms,emg_mav,emg_variance,emg_std,emg_waveform_length,emg_zero_crossing,emg_ssc,emg_kurtosis,emg_skewness,emg_peak,emg_median_freq,emg_mean_freq,emg_peak_freq,emg_total_power,emg_power_low,emg_power_mid,emg_power_high,class_name
60.00105023527642,10.250915320403752,1617.560328981813,40.3397461691581,116177.51841668738,8571.396182583005,33875.95371139444,9.423604298362443,-1.811463158631624,164.98870034508425,44.29482194987695,88.81886249199066,64.47554608847986,690.4138621335259,90.92434457267768,316.69144541095466,19.971302562955163,Fatigue
