emg_rms,emg_mav,emg_variance,emg_std,emg_waveform_length,emg_zero_crossing,emg_ssc,emg_kurtosis,emg_skewness,emg_peak,emg_median_freq,emg_mean_freq,emg_peak_freq,emg_total_power,emg_power_low,emg_power_mid,emg_power_high,class_name
51.45193472894656,22.247980537748177,4484.977583289414,25.42659027344941,447334.8917275416,16806.191404123645,27177.051506361044,18.24239978708117,1.8337047479154625,338.89200517894534,71.9198292306834,86.54065115615727,22.880058984630796,-1196.6371428451905,-118.02396998342354,553.8016887638778,9.582293961789794,Fatigue
