emg_rms,emg_mav,emg_variance,emg_std,emg_waveform_length,emg_zero_crossing,emg_ssc,emg_kurtosis,emg_skewness,emg_peak,emg_median_freq,emg_mean_freq,emg_peak_freq,emg_total_power,emg_power_low,emg_power_mid,emg_power_high,class_name
56.26152504387324,12.307916555770944,2432.1749303416705,61.17117685398048,596723.9386209724,10002.282371200312,27708.762744853622,14.560134055161711,2.0140984422342374,329.54867813705255,91.75485496065224,104.45022654232775,64.78622211483999,203.99600163462225,68.01308864426119,27.88648218952397,48.41417734466728,Fatigue
