emg_rms,emg_mav,emg_variance,emg_std,emg_waveform_length,emg_zero_crossing,emg_ssc,emg_kurtosis,emg_skewness,emg_peak,emg_median_freq,emg_mean_freq,emg_peak_freq,emg_total_power,emg_power_low,emg_power_mid,emg_power_high,class_name
19.319671827204207,23.54456222009105,4401.769746526499,-2.276806893093536,91596.87065557584,11718.36025458384,24741.77361509965,9.808500343430277,1.0574174387741968,44.70670589305684,77.88763657894953,70.12025412582892,55.58509592430025,-223.35698741316,320.5640564002612,605.0426693478578,31.574294747768956,Fatigue
