emg_rms,emg_mav,emg_variance,emg_std,emg_waveform_length,emg_zero_crossing,emg_ssc,emg_kurtosis,emg_skewness,emg_peak,emg_median_freq,emg_mean_freq,emg_peak_freq,emg_total_power,emg_power_low,emg_power_mid,emg_power_high,class_name
14.049814052249609,20.295910112118214,953.010283311012,34.963073535717825,510034.4445056169,16830.01164828265,30126.7287929923,4.544390520361189,1.87470805903816,255.4887626852458,81.34485160731121,61.925225805010825,74.9872918397539,1048.0650165028055,198.37485548626984,-130.37510447461614,31.301416335753487,Fatigue
