emg_rms,emg_mav,emg_variance,emg_std,emg_waveform_length,emg_zero_crossing,emg_ssc,emg_kurtosis,emg_skewness,emg_peak,emg_median_freq,emg_mean_freq,emg_peak_freq,emg_total_power,emg_power_low,emg_power_mid,emg_power_high,class_name
44.78778475070729,18.1320883569243,-2015.1853118541103,46.74495134593764,202463.35814333413,13046.960753702766,29644.92916885791,14.09049399449272,-0.3830850325802862,414.2607195232698,59.01815648391344,104.40050392885615,61.04357327523936,437.12425392651255,126.77159645432884,125.77951200786252,17.37586910692712,Fatigue
