emg_rms,emg_mav,emg_variance,emg_std,emg_waveform_length,emg_zero_crossing,emg_ssc,emg_kurtosis,emg_skewness,emg_peak,emg_median_freq,emg_mean_freq,emg_peak_freq,emg_total_power,emg_power_low,emg_power_mid,emg_power_high,class_name
41.1630857121256,23.86001928629572,3284.4021672645663,92.60166835458192,295825.503762297,14571.758224709616,28826.80095167361,26.004552543438468,-0.3795062436196589,218.96266393191308,53.23885317646009,67.74036517654605,47.6069606838068,-101.73148699848964,29.360837521274465,773.5663622287632,16.44610547906166,Fatigue
