emg_rms,emg_mav,emg_variance,emg_std,emg_waveform_length,emg_zero_crossing,emg_ssc,emg_kurtosis,emg_skewness,emg_peak,emg_median_freq,emg_mean_freq,emg_peak_freq,emg_total_power,emg_power_low,emg_power_mid,emg_power_high,class_name
34.84923695967031,15.58671212019304,2214.119156827695,32.41331423813353,485649.7925086863,18322.25689659733,26516.622124831792,7.351395520877572,1.499263229375285,326.05934323825795,76.73905890657812,43.53219077974335,64.62438406956763,755.7057325434023,177.0229182450627,401.808946534549,-16.341536480132728,Fatigue
