emg_rms,emg_mav,emg_variance,emg_std,emg_waveform_length,emg_zero_crossing,emg_ssc,emg_kurtosis,emg_skewness,emg_peak,emg_median_freq,emg_mean_freq,emg_peak_freq,emg_total_power,emg_power_low,emg_power_mid,emg_power_high,class_name
12.152581468441166,13.630588499259025,1898.2942179434967,-16.923496022453385,598968.769226423,15494.912389681333,30773.71842041065,10.26578160448067,0.663028611667462,225.36117161084263,71.99830128514029,76.75568572948117,32.847626504329604,981.402703415817,165.00261382830956,430.6827331923323,-32.362846467323635,Fatigue
