emg_rms,emg_mav,emg_variance,emg_std,emg_waveform_length,emg_zero_crossing,emg_ssc,emg_kurtosis,emg_skewness,emg_peak,emg_median_freq,emg_mean_freq,emg_peak_freq,emg_total_power,emg_power_low,emg_power_mid,emg_power_high,class_name
23.60179703966733,15.536886345463468,710.7465497638912,59.90855178535395,515458.6589055016,16531.437776399038,29507.299284644865,17.07664659033277,3.419083660043711,333.01207643593415,93.89051969734956,55.51028337961593,58.936237542332016,774.3406264608478,300.9878841490752,940.6274898716458,42.2113453700361,Fatigue
