emg_rms,emg_mav,emg_variance,emg_std,emg_waveform_length,emg_zero_crossing,emg_ssc,emg_kurtosis,emg_skewness,emg_peak,emg_median_freq,emg_mean_freq,emg_peak_freq,emg_total_power,emg_power_low,emg_power_mid,emg_power_high,class_name
39.6274423695452,8.896998823646628,1074.3423540074684,29.73726867787486,652459.9627454109,13080.2279409892,27581.6258534052,17.010123347849195,-1.476154743978203,121.787259078234,47.38170769304014,61.377931805190855,75.40199715160065,568.5940933784104,62.14316209349339,-194.75686035639865,64.37679231441545,Fatigue
