emg_rms,emg_mav,emg_variance,emg_std,emg_waveform_length,emg_zero_crossing,emg_ssc,emg_kurtosis,emg_skewness,emg_peak,emg_median_freq,emg_mean_freq,emg_peak_freq,emg_total_power,emg_power_low,emg_power_mid,emg_power_high,class_name
44.17695237030839,30.04755847558047,1608.7724548114036,44.59779572058264,716953.7329616349,9860.66706593829,23347.771456658185,19.25884357339691,-0.0773748018331011,354.8548670068706,64.14514610223324,86.24490466842259,52.077646405052896,868.1185913309549,60.49602333931823,276.67374969726563,14.266142358188686,Fatigue
