emg_rms,emg_mav,emg_variance,emg_std,emg_waveform_length,emg_zero_crossing,emg_ssc,emg_kurtosis,emg_skewness,emg_peak,emg_median_freq,emg_mean_freq,emg_peak_freq,emg_total_power,emg_power_low,emg_power_mid,emg_power_high,class_name
48.31011909150508,23.321308639260668,293.27326273038466,6.60720252789659,774858.5124183813,20098.86250677034,29301.784136553757,14.680682516356644,1.222794500029709,173.4771848504093,54.23354795742776,104.82529241484414,57.7825691439904,233.02320374367508,69.49927058245093,-141.11381075570642,50.57005469514118,Fatigue
