emg_rms,emg_mav,emg_variance,emg_std,emg_waveform_length,emg_zero_crossing,emg_ssc,emg_kurtosis,emg_skewness,emg_peak,emg_median_freq,emg_mean_freq,emg_peak_freq,emg_total_power,emg_power_low,emg_power_mid,emg_power_high,class_name
41.37518817722109,21.21501512499401,2761.735541382862,28.782888393136577,614953.7742856676,11082.57355600022,24104.906490224632,10.97116967731824,1.8267068056765212,295.17690008179056,58.9891306645394,81.8200913561557,57.65017328193497,714.127204648707,274.744795507894,358.72722327076724,-4.764811249802229,Fatigue
