emg_rms,emg_mav,emg_variance,emg_std,emg_waveform_length,emg_zero_crossing,emg_ssc,emg_kurtosis,emg_skewness,emg_peak,emg_median_freq,emg_mean_freq,emg_peak_freq,emg_total_power,emg_power_low,emg_power_mid,emg_power_high,class_name
32.93352098136606,29.6537040845593,679.6919125494683,56.22623995108467,228746.0530767864,19048.019960315272,34867.92449099163,11.8847664729041,0.8358378890348408,231.4128324967407,77.50443482646264,86.42872008635065,60.34136843487789,781.7291670584655,73.77451194520735,575.3858305840416,14.50518075245618,Fatigue
