emg_rms,emg_mav,emg_variance,emg_std,emg_waveform_length,emg_zero_crossing,emg_ssc,emg_kurtosis,emg_skewness,emg_peak,emg_median_freq,emg_mean_freq,emg_peak_freq,emg_total_power,emg_power_low,emg_power_mid,emg_power_high,class_name
59.38749029301368,15.58413909627799,5057.560570889101,58.02009390789727,191470.28163099324,11217.039529412188,36173.478535431095,12.276605847848549,0.5856913253374357,209.63513448030363,33.919015155437634,59.364112765291,53.74612014876461,1819.6408998068823,-63.1605427517726,285.487282868855,26.177271452993004,Fatigue
