emg_rms,emg_mav,emg_variance,emg_std,emg_waveform_length,emg_zero_crossing,emg_ssc,emg_kurtosis,emg_skewness,emg_peak,emg_median_freq,emg_mean_freq,emg_peak_freq,emg_total_power,emg_power_low,emg_power_mid,emg_power_high,class_name
48.83355445948044,17.73761467686227,3303.5616677924336,36.55726871896018,588860.8680713098,14747.029644966156,29478.09555239738,9.777705391736568,-0.2122034724606133,326.5937566898733,61.83487792187481,46.165652834816456,67.9385803133726,1100.5769459690273,376.2936524750668,254.46233109802537,52.72385417931636,Fatigue
