emg_rms,emg_mav,emg_variance,emg_std,emg_waveform_length,emg_zero_crossing,emg_ssc,emg_kurtosis,emg_skewness,emg_peak,emg_median_freq,emg_mean_freq,emg_peak_freq,emg_total_power,emg_power_low,emg_power_mid,emg_power_high,class_name
25.578203421417903,-1.710068195168578,6629.63666118645,36.74701675558709,859228.0661253543,13801.52235348518,27001.42446051457,11.310609327723943,0.8423864369254165,271.22699340816285,51.19626734311594,83.29833929725214,40.30433034749657,429.2364363676695,269.3371247469604,-41.57835159002963,51.31661153787235,Fatigue
