emg_rms,emg_mav,emg_variance,emg_std,emg_waveform_length,emg_zero_crossing,emg_ssc,emg_kurtosis,emg_skewness,emg_peak,emg_median_freq,emg_mean_freq,emg_peak_freq,emg_total_power,emg_power_low,emg_power_mid,emg_power_high,class_name
51.408676266530726,11.317106541785556,2707.1295912152345,38.98343084613155,624209.8247188968,19804.83301365893,35804.079920433374,13.300428870016663,0.8783308551250593,374.624727284216,80.31094822903776,80.33976052193785,79.02764210868051,532.6911244195256,269.9646883146368,895.0568178933462,6.242955161406135,Fatigue
