emg_rms,emg_mav,emg_variance,emg_std,emg_waveform_length,emg_zero_crossing,emg_ssc,emg_kurtosis,emg_skewness,emg_peak,emg_median_freq,emg_mean_freq,emg_peak_freq,emg_total_power,emg_power_low,emg_power_mid,emg_power_high,class_name
27.71680929362132,18.69217388161782,1677.0289107496387,39.30270382873699,427118.0363769312,13915.586361788248,25720.951086332523,4.28987141773989,0.3687789638131847,469.3452436737448,83.34434070076378,49.15291348756963,60.89799458153436,707.4496938752877,-47.547281586066674,794.8116743154992,35.7099693191887,Fatigue
