emg_rms,emg_mav,emg_variance,emg_std,emg_waveform_length,emg_zero_crossing,emg_ssc,emg_kurtosis,emg_skewness,emg_peak,emg_median_freq,emg_mean_freq,emg_peak_freq,emg_total_power,emg_power_low,emg_power_mid,emg_power_high,class_name
30.776163954261463,20.20964638657112,-868.6350707284164,23.45911108217632,300998.553739608,11677.252953746807,31513.829880196285,15.737513714823544,0.030221695159246,355.2655564686175,74.46675834529913,94.03942997040664,52.33770756434141,1060.9478689357154,-59.1283969939532,73.41788523711531,27.99430697549742,Fatigue
