emg_rms,emg_mav,emg_variance,emg_std,emg_waveform_length,emg_zero_crossing,emg_ssc,emg_kurtosis,emg_skewness,emg_peak,emg_median_freq,emg_mean_freq,emg_peak_freq,emg_total_power,emg_power_low,emg_power_mid,emg_power_high,class_name
69.02404143758585,3.751155196730462,660.487095448651,15.347256473732347,449103.2670661578,11889.946755506757,29445.938035338208,12.998310497295556,-0.9937633980997695,361.11945505576,63.94641991430871,90.05861724409037,52.783726682091256,-163.02637877272804,182.7298811731906,-29.19714175347275,27.50838116266626,Fatigue
