emg_rms,emg_mav,emg_variance,emg_std,emg_waveform_length,emg_zero_crossing,emg_ssc,emg_kurtosis,emg_skewness,emg_peak,emg_median_freq,emg_mean_freq,emg_peak_freq,emg_total_power,emg_power_low,emg_power_mid,emg_power_high,class_name
34.89627179288181,10.8249719965536,1719.848348274683,55.65776724377497,429512.0221366804,13150.088332171616,28127.04170870499,20.01760157052656,-1.6394819346598126,413.6844604805864,87.9675329550458,105.48620507080489,70.50856700432175,1368.1623825370914,32.429855226168755,832.7801808911721,-17.171288708748115,Fatigue
