emg_rms,emg_mav,emg_variance,emg_std,emg_waveform_length,emg_zero_crossing,emg_ssc,emg_kurtosis,emg_skewness,emg_peak,emg_median_freq,emg_mean_freq,emg_peak_freq,emg_total_power,emg_power_low,emg_power_mid,emg_power_high,class_name
24.28278116284997,20.024157843643327,5055.939779971966,59.11414912321497,493552.0411488636,11660.656295705656,32924.77428991838,13.94415381760869,1.5605290605971216,300.5454888585502,79.1543032614228,95.75931223462698,47.02754679602282,868.2459192142871,388.4001744005646,417.4187858579551,78.24009495507546,Fatigue
