emg_rms,emg_mav,emg_variance,emg_std,emg_waveform_length,emg_zero_crossing,emg_ssc,emg_kurtosis,emg_skewness,emg_peak,emg_median_freq,emg_mean_freq,emg_peak_freq,emg_total_power,emg_power_low,emg_power_mid,emg_power_high,class_name
59.94532947090887,12.449556154865522,-2099.17463466022,53.1726492122621,405614.11611717375,10480.08599020684,25140.100919348315,18.663044929019183,-0.1466542367280961,43.29318386259877,43.205433101674735,94.33031266755404,50.02766732054357,-146.93689036575944,299.5394112129432,89.47473566618496,19.562989402502023,Fatigue
