emg_rms,emg_mav,emg_variance,emg_std,emg_waveform_length,emg_zero_crossing,emg_ssc,emg_kurtosis,emg_skewness,emg_peak,emg_median_freq,emg_mean_freq,emg_peak_freq,emg_total_power,emg_power_low,emg_power_mid,emg_power_high,class_name
18.062741739155783,20.32855433783911,1547.9657546633198,42.63042241779714,220900.59689572288,8719.59827331597,27988.67563235704,12.894209707066626,-1.1682998655100842,417.66094576507527,56.11633145062201,79.48618639225502,34.40948123319661,-178.62917153920154,204.7351121096397,306.9818615707893,65.7753585747972,Fatigue
