emg_rms,emg_mav,emg_variance,emg_std,emg_waveform_length,emg_zero_crossing,emg_ssc,emg_kurtosis,emg_skewness,emg_peak,emg_median_freq,emg_mean_freq,emg_peak_freq,emg_total_power,emg_power_low,emg_power_mid,emg_power_high,class_name
60.03923491667251,17.021581903736227,1291.803056840903,86.88637614762905,428181.2882131392,10948.790856372449,29524.8285885588,14.403636348595406,0.7603595315439139,505.6703530704181,64.17903499801865,75.46322605438715,40.60100752768634,1109.778706470365,-280.7942728459614,-195.18372235256743,35.903791352940544,Fatigue
