emg_rms,emg_mav,emg_variance,emg_std,emg_waveform_length,emg_zero_crossing,emg_ssc,emg_kurtosis,emg_skewness,emg_peak,emg_median_freq,emg_mean_freq,emg_peak_freq,emg_total_power,emg_power_low,emg_power_mid,emg_power_high,class_name
26.81363162737564,10.869535718344018,2284.769541595393,24.22840230723564,415682.0996175077,13963.199847384984,21722.52379044917,18.584269182416385,2.080200788039529,485.0465175829908,91.38987039405168,72.76845383504035,63.88967241027104,1526.0954782084723,278.873927520832,714.7534914802607,27.53504951090624,Fatigue
