emg_rms,emg_mav,emg_variance,emg_std,emg_waveform_length,emg_zero_crossing,emg_ssc,emg_kurtosis,emg_skewness,emg_peak,emg_median_freq,emg_mean_freq,emg_peak_freq,emg_total_power,emg_power_low,emg_power_mid,emg_power_high,class_name
20.71146910247461,24.897263615345345,-64.63489655823787,65.93580640667274,453591.59734336514,9403.200932284404,23703.59590978324,13.427090105521298,0.080852531096385,151.46144912888877,82.89046166065715,96.6092276396589,64.5607590513704,154.8667059734986,147.24635540815356,279.0246542366026,60.752349860776135,Fatigue
