emg_rms,emg_mav,emg_variance,emg_std,emg_waveform_length,emg_zero_crossing,emg_ssc,emg_kurtosis,emg_skewness,emg_peak,emg_median_freq,emg_mean_freq,emg_peak_freq,emg_total_power,emg_power_low,emg_power_mid,emg_power_high,class_name
63.19396322591459,8.964010593539228,1365.418774270018,65.72848816168039,588605.4252908707,15589.91761805109,27983.882008615183,6.969796486688014,-0.832390548337992,401.6222197989836,45.6128338558795,96.38764699869702,63.35066757269107,-170.38238846632754,231.8589465436983,225.6163101752186,-7.148845726139811,Fatigue
