emg_rms,emg_mav,emg_variance,emg_std,emg_waveform_length,emg_zero_crossing,emg_ssc,emg_kurtosis,emg_skewness,emg_peak,emg_median_freq,emg_mean_freq,emg_peak_freq,emg_total_power,emg_power_low,emg_power_mid,emg_power_high,class_name
56.3643521993644,36.821534709379904,1254.3126767428305,36.21088607640634,484796.71898410976,13141.602874621733,25714.491294941283,12.401471621195077,1.3696519320227711,21.17370361023376,44.78023792840917,76.36427127515081,73.96398396414712,551.7929124564263,-249.90772392673165,-5.9882012210568405,9.018093414376132,Fatigue
