emg_rms,emg_mav,emg_variance,emg_std,emg_waveform_length,emg_zero_crossing,emg_ssc,emg_kurtosis,emg_skewness,emg_peak,emg_median_freq,emg_mean_freq,emg_peak_freq,emg_total_power,emg_power_low,emg_power_mid,emg_power_high,class_name
20.899772603230208,13.552424901976872,-1716.0639135339925,20.347727495063552,530839.3436269456,16157.06655895948,29475.24985168224,13.188049669007698,-1.7151038376982772,275.9464710320663,89.03632281794633,77.27866403955291,63.13806526610017,582.2111830549104,48.0567857506808,374.54478785948976,18.182381608109008,Fatigue
