emg_rms,emg_mav,emg_variance,emg_std,emg_waveform_length,emg_zero_crossing,emg_ssc,emg_kurtosis,emg_skewness,emg_peak,emg_median_freq,emg_mean_freq,emg_peak_freq,emg_total_power,emg_power_low,emg_power_mid,emg_power_high,class_name
17.219870805903746,18.05579431799911,3612.491186584245,26.99195181690373,942571.4245125653,13772.071058620018,29577.64252843836,12.971531950944938,-1.7023867259934329,277.4735322783452,77.11167909298382,97.84289038654454,65.8511100689701,444.1648333753739,31.45480375927032,509.4160331413247,-5.506438618101793,Fatigue
