emg_rms,emg_mav,emg_variance,emg_std,emg_waveform_length,emg_zero_crossing,emg_ssc,emg_kurtosis,emg_skewness,emg_peak,emg_median_freq,emg_mean_freq,emg_peak_freq,emg_total_power,emg_power_low,emg_power_mid,emg_power_high,class_name
39.37467886974745,5.102802849945867,2024.3543737464088,10.95733002701375,442055.7680420908,12497.405105319474,27079.057483626104,9.851046416373054,1.7897873479093307,347.27194168874735,60.438292711053,66.5115950150915,59.74878393839487,606.0073411192508,83.99888922048285,285.7540390368154,-5.104994592495203,Fatigue
