emg_rms,emg_mav,emg_variance,emg_std,emg_waveform_length,emg_zero_crossing,emg_ssc,emg_kurtosis,emg_skewness,emg_peak,emg_median_freq,emg_mean_freq,emg_peak_freq,emg_total_power,emg_power_low,emg_power_mid,emg_power_high,class_name
42.34326043667359,29.19598485959428,3429.7494263163308,55.70183095615522,814799.0330081778,17868.213907415626,28784.829326564883,17.704069537946808,1.7578824819043473,226.81236000940797,67.0470555508361,70.53057222695625,66.24642699303493,506.8145550724448,112.33044755807988,62.561161216146445,4.083240953602406,Fatigue
