emg_rms,emg_mav,emg_variance,emg_std,emg_waveform_length,emg_zero_crossing,emg_ssc,emg_kurtosis,emg_skewness,emg_peak,emg_median_freq,emg_mean_freq,emg_peak_freq,emg_total_power,emg_power_low,emg_power_mid,emg_power_high,class_name
52.80784760151885,6.280124187874748,-1718.9127743289578,34.62880671655292,-118093.02658692509,22431.90708447769,30453.10385444037,19.24641042208389,-1.5614915548076678,157.0467641288698,66.20413244150971,107.62967006907056,68.9146001097078,-225.7802483239544,-53.95417204954583,579.5583868307561,65.13122467108012,Fatigue
