emg_rms,emg_mav,emg_variance,emg_std,emg_waveform_length,emg_zero_crossing,emg_ssc,emg_kurtosis,emg_skewness,emg_peak,emg_median_freq,emg_mean_freq,emg_peak_freq,emg_total_power,emg_power_low,emg_power_mid,emg_power_high,class_name
47.41467300245307,23.99874285679566,-5020.438466728047,66.06308299861946,533741.3746912378,16315.03111542465,31274.877010998596,13.677992899983307,-0.5663200864517558,279.8460997473438,53.77641833767087,95.91056932191864,77.74069458986716,1014.7246531864284,126.65627453421476,182.5240997400203,-7.248945085652032,Fatigue
