emg_rms,emg_mav,emg_variance,emg_std,emg_waveform_length,emg_zero_crossing,emg_ssc,emg_kurtosis,emg_skewness,emg_peak,emg_median_freq,emg_mean_freq,emg_peak_freq,emg_total_power,emg_power_low,emg_power_mid,emg_power_high,class_name
72.52698418586328,15.794793998236598,3848.535289559185,42.38942782871501,454901.1836698612,12611.168795481664,25127.475800280976,8.156775813107469,0.7537358686979181,382.87239231588063,62.7628978366261,89.0270148826398,64.23447845459272,1483.5214337630523,255.2606455630101,208.34544598282696,53.99906807850838,Fatigue
