emg_rms,emg_mav,emg_variance,emg_std,emg_waveform_length,emg_zero_crossing,emg_ssc,emg_kurtosis,emg_skewness,emg_peak,emg_median_freq,emg_mean_freq,emg_peak_freq,emg_total_power,emg_power_low,emg_power_mid,emg_power_high,class_name
23.68658095763156,9.407802082477073,1746.6433567686531,52.88533204626694,442422.551009835,9523.94411072405,24114.407583842018,5.456013201654336,-0.7874455386694549,579.9509089436002,76.12518188888312,74.61471549905983,62.00052409224073,347.4130346361,112.59987906258404,-191.11388058367615,-20.04163650172884,Fatigue
