emg_rms,emg_mav,emg_variance,emg_std,emg_waveform_length,emg_zero_crossing,emg_ssc,emg_kurtosis,emg_skewness,emg_peak,emg_median_freq,emg_mean_freq,emg_peak_freq,emg_total_power,emg_power_low,emg_power_mid,emg_power_high,class_name
30.480505426987207,4.05684672098633,2000.8369555624556,4.35265216087895,467385.4756289256,18047.260376501486,24643.8347308092,11.721608654691462,0.2403688687714429,421.60817439050015,36.32925823782069,85.14512660025623,59.73473851471525,933.1077306527144,-7.11693753870145,302.7312797006363,-34.58698455937122,Fatigue
