emg_rms,emg_mav,emg_variance,emg_std,emg_waveform_length,emg_zero_crossing,emg_ssc,emg_kurtosis,emg_skewness,emg_peak,emg_median_freq,emg_mean_freq,emg_peak_freq,emg_total_power,emg_power_low,emg_power_mid,emg_power_high,class_name
16.944166014053526,26.463361385382136,3556.4638621118984,49.99784460313453,556561.9980866238,14495.759808876966,25482.69360957918,7.9211675878425,-0.7499319770298196,300.6999792767997,73.04174740117502,65.36224225712014,53.044199649336605,667.4922896479447,85.87760758581373,1233.5598817112386,40.72927120588735,Fatigue
