emg_rms,emg_mav,emg_variance,emg_std,emg_waveform_length,emg_zero_crossing,emg_ssc,emg_kurtosis,emg_skewness,emg_peak,emg_median_freq,emg_mean_freq,emg_peak_freq,emg_total_power,emg_power_low,emg_power_mid,emg_power_high,class_name
12.487685356378268,17.11456722570487,-1843.5923196429892,41.25231252593134,429911.4023233187,18509.40939435074,26117.102484714265,23.337977615851177,1.882258741363097,246.5380629481674,79.61742779361354,97.05789952929784,58.11627915011261,1335.2801713669753,249.1351281996554,183.3515957658614,-0.3928945587498695,Fatigue
