emg_rms,emg_mav,emg_variance,emg_std,emg_waveform_length,emg_zero_crossing,emg_ssc,emg_kurtosis,emg_skewness,emg_peak,emg_median_freq,emg_mean_freq,emg_peak_freq,emg_total_power,emg_power_low,emg_power_mid,emg_power_high,class_name
50.30224601409963,8.40029185620947,41.63858336083194,54.13153485578658,414963.5305398508,13880.04992437252,30811.907384991257,16.05994206923281,1.525864501539821,400.98095779466144,66.75273110067924,68.73765948933604,66.65784290226077,-191.42200659042567,-102.83810777308132,185.1119911377164,18.33948221636293,Fatigue
