emg_rms,emg_mav,emg_variance,emg_std,emg_waveform_length,emg_zero_crossing,emg_ssc,emg_kurtosis,emg_skewness,emg_peak,emg_median_freq,emg_mean_freq,emg_peak_freq,emg_total_power,emg_power_low,emg_power_mid,emg_power_high,class_name
78.63570155082937,17.57683597430058,-848.752564687386,42.731318873341,213784.27510209745,13102.933939645429,27222.532597121182,18.917462792530767,-0.1005789007044796,506.7488895583824,66.637436489753,92.7039227453796,49.86800556718968,126.41082941405595,22.547135125973384,-42.62080694701911,26.45253502240555,Fatigue
