emg_rms,emg_mav,emg_variance,emg_std,emg_waveform_length,emg_zero_crossing,emg_ssc,emg_kurtosis,emg_skewness,emg_peak,emg_median_freq,emg_mean_freq,emg_peak_freq,emg_total_power,emg_power_low,emg_power_mid,emg_power_high,class_name
21.851403477025546,26.126710362933824,2018.34633635382,48.223187092463874,521213.3099872717,14883.69779010425,31842.19144347221,5.254283554067086,-0.0059558304784204,373.6884431583906,70.43777021866109,94.71698156732738,53.76063276024848,748.8686207961825,59.21432634990964,64.65932193142663,27.98315567286067,Fatigue
