emg_rms,emg_mav,emg_variance,emg_std,emg_waveform_length,emg_zero_crossing,emg_ssc,emg_kurtosis,emg_skewness,emg_peak,emg_median_freq,emg_mean_freq,emg_peak_freq,emg_total_power,emg_power_low,emg_power_mid,emg_power_high,class_name
21.7541420955048,9.102338996722152,2260.215816385999,31.57455424964219,218747.88940634436,5398.298801267765,31788.634106183643,9.305308286893894,0.298581418367939,511.965769042558,73.78999111247306,65.00618997435875,51.348951006060005,649.1404857815602,219.0618259475432,267.0350818201844,37.31671149511212,Fatigue
