emg_rms,emg_mav,emg_variance,emg_std,emg_waveform_length,emg_zero_crossing,emg_ssc,emg_kurtosis,emg_skewness,emg_peak,emg_median_freq,emg_mean_freq,emg_peak_freq,emg_total_power,emg_power_low,emg_power_mid,emg_power_high,class_name
68.49507828511028,13.907478814419262,3282.1762996348634,16.81628657296745,120067.0505218046,13701.6724235383,28359.24626334853,14.518889924008535,0.4422053979769403,206.99228685475543,77.07411690071979,80.32855999931252,24.22816095843208,391.7794619869164,115.56588517421028,188.45191117721487,15.383979195562276,Fatigue
