emg_rms,emg_mav,emg_variance,emg_std,emg_waveform_length,emg_zero_crossing,emg_ssc,emg_kurtosis,emg_skewness,emg_peak,emg_median_freq,emg_mean_freq,emg_peak_freq,emg_total_power,emg_power_low,emg_power_mid,emg_power_high,class_name
33.59205539445137,23.99964715911745,-721.5121378990434,67.04098787135223,604873.7974132417,14552.158796779251,28274.13164258463,16.027535226766982,1.54083477304779,446.9761540651013,88.66300283607298,92.25731692566136,57.02740532410877,1540.867338659084,281.408834155972,683.304524193888,43.11863389244632,Fatigue
