emg_rms,emg_mav,emg_variance,emg_std,emg_waveform_length,emg_zero_crossing,emg_ssc,emg_kurtosis,emg_skewness,emg_peak,emg_median_freq,emg_mean_freq,emg_peak_freq,emg_total_power,emg_power_low,emg_power_mid,emg_power_high,class_name
39.25728299312557,18.687326343659183,349.55857059066943,63.56253042725012,285849.02461206075,13598.775650765556,26698.005042321405,7.1314291573305,1.6709945862122633,471.39214471376295,71.43686417150599,87.76750407813283,50.81566601746688,1438.546948689037,279.804692426166,-615.5361490791387,-0.312846960407267,Fatigue
