emg_rms,emg_mav,emg_variance,emg_std,emg_waveform_length,emg_zero_crossing,emg_ssc,emg_kurtosis,emg_skewness,emg_peak,emg_median_freq,emg_mean_freq,emg_peak_freq,emg_total_power,emg_power_low,emg_power_mid,emg_power_high,class_name
52.606571637266455,6.1696464723134845,5965.240015957274,23.88266489449476,523065.6686817216,13477.731239591938,34015.41577610474,6.953324312435362,0.0455157426218265,337.2623164179137,84.93272971468782,71.34573004261978,60.584460235624896,307.4487906229336,55.36437115283563,-314.8079998772979,50.56401373087978,Fatigue
