emg_rms,emg_mav,emg_variance,emg_std,emg_waveform_length,emg_zero_crossing,emg_ssc,emg_kurtosis,emg_skewness,emg_peak,emg_median_freq,emg_mean_freq,emg_peak_freq,emg_total_power,emg_power_low,emg_power_mid,emg_power_high,class_name
15.353202362209174,16.338958075355805,1921.0673648274333,43.639438647216565,533894.4021863035,13613.47624555212,35938.55424676058,15.919724653293546,0.5923883401347521,314.0099336429589,71.6918618076652,86.23408531056563,35.03794719725244,237.9506223427146,187.3828203646836,282.9416998679747,71.23416960137673,Fatigue
