emg_rms,emg_mav,emg_variance,emg_std,emg_waveform_length,emg_zero_crossing,emg_ssc,emg_kurtosis,emg_skewness,emg_peak,emg_median_freq,emg_mean_freq,emg_peak_freq,emg_total_power,emg_power_low,emg_power_mid,emg_power_high,class_name
38.60699431676752,19.409149016641905,3412.7799982690085,16.347934233262386,273935.1403749497,17571.68798693843,28561.926475526747,12.77325115698328,0.3562354819958613,97.6152307219018,64.66857324169465,75.5075961146392,34.87546145040815,565.1094618693036,395.66103831065294,340.53649606453087,14.974420814312886,Fatigue
