emg_rms,emg_mav,emg_variance,emg_std,emg_waveform_length,emg_zero_crossing,emg_ssc,emg_kurtosis,emg_skewness,emg_peak,emg_median_freq,emg_mean_freq,emg_peak_freq,emg_total_power,emg_power_low,emg_power_mid,emg_power_high,class_name
60.251316199052894,10.335548680596377,3661.748345567723,65.13560968987872,288702.1703591849,6226.709416258927,36890.15082947721,13.20066420830051,-0.8340915433360486,327.56800522391273,63.59786761804301,80.21604769994612,57.96840129793564,-38.07217041937463,-218.76759198371508,1014.1767098380336,2.9501411885116,Fatigue
