emg_rms,emg_mav,emg_variance,emg_std,emg_waveform_length,emg_zero_crossing,emg_ssc,emg_kurtosis,emg_skewness,emg_peak,emg_median_freq,emg_mean_freq,emg_peak_freq,emg_total_power,emg_power_low,emg_power_mid,emg_power_high,class_name
53.59254138716285,21.694589308866405,3557.0252464711666,54.26553428613737,558909.6081257646,16956.800786164837,25443.42025008082,9.274651259268046,-1.547124799056245,457.9000691754606,75.1963799014772,77.66619555040184,46.22258039788415,-522.1965793206855,341.2492985563721,-569.9614600800091,39.48602916653167,Fatigue
