emg_rms,emg_mav,emg_variance,emg_std,emg_waveform_length,emg_zero_crossing,emg_ssc,emg_kurtosis,emg_skewness,emg_peak,emg_median_freq,emg_mean_freq,emg_peak_freq,emg_total_power,emg_power_low,emg_power_mid,emg_power_high,class_name
15.40961432495184,13.80826970404263,2650.885161222593,22.27825738707332,221082.70494256623,17642.1540475966,28820.496035415697,12.292700135604928,-1.7407839701394654,324.32447385231706,86.10642688803662,43.27984147240022,45.40810033084264,1458.6981863116775,15.304278462871238,630.3745034353084,34.90632996325448,Fatigue
