emg_rms,emg_mav,emg_variance,emg_std,emg_waveform_length,emg_zero_crossing,emg_ssc,emg_kurtosis,emg_skewness,emg_peak,emg_median_freq,emg_mean_freq,emg_peak_freq,emg_total_power,emg_power_low,emg_power_mid,emg_power_high,class_name
38.0989405939425,13.57343576490139,2143.497597378493,30.725023104873063,252385.14765895365,17161.5399351769,33563.832812167195,9.914963317377676,-0.7875533456414444,328.0800582570556,94.94855036506198,68.12531327851875,46.10109642957653,-30.66791766455907,-278.44803913767964,38.67588322558902,-16.876194303846773,Fatigue
