emg_rms,emg_mav,emg_variance,emg_std,emg_waveform_length,emg_zero_crossing,emg_ssc,emg_kurtosis,emg_skewness,emg_peak,emg_median_freq,emg_mean_freq,emg_peak_freq,emg_total_power,emg_power_low,emg_power_mid,emg_power_high,class_name
11.55255039636345,-1.5141685385845776,699.480365918183,62.496005986915485,455047.412346575,11492.174977835297,30799.929884263507,4.544223003975828,1.3317867279547364,372.1897898133948,74.17713117430134,62.13925330796968,44.448768772827854,1074.551539078354,289.39769953262066,44.32232729225552,3.7707782178367246,Fatigue
