emg_rms,emg_mav,emg_variance,emg_std,emg_waveform_length,emg_zero_crossing,emg_ssc,emg_kurtosis,emg_skewness,emg_peak,emg_median_freq,emg_mean_freq,emg_peak_freq,emg_total_power,emg_power_low,emg_power_mid,emg_power_high,class_name
81.05998763611356,5.105584476209737,2683.908400953909,39.91122040825008,554545.8021541515,15023.276855133456,20397.36464701166,20.003262508062026,-0.2328439308618887,382.7745748431621,56.52932701486469,85.94918730943613,24.461079348768465,1685.997422835237,-174.80625471960582,616.1004406353513,-9.862659080231104,Fatigue
