emg_rms,emg_mav,emg_variance,emg_std,emg_waveform_length,emg_zero_crossing,emg_ssc,emg_kurtosis,emg_skewness,emg_peak,emg_median_freq,emg_mean_freq,emg_peak_freq,emg_total_power,emg_power_low,emg_power_mid,emg_power_high,class_name
38.00853144522648,11.909016721206132,5171.405558660272,23.514155399709807,532414.4908424605,13045.558537683575,35707.78671567713,1.4182869178938464,1.6457500773628426,407.9975453906549,64.86381271805486,94.45403276727936,53.88592431820717,618.9531620082403,73.84166488505642,547.435840871811,30.32131798527342,Fatigue
