emg_rms,emg_mav,emg_variance,emg_std,emg_waveform_length,emg_zero_crossing,emg_ssc,emg_kurtosis,emg_skewness,emg_peak,emg_median_freq,emg_mean_freq,emg_peak_freq,emg_total_power,emg_power_low,emg_power_mid,emg_power_high,class_name
88.16007889286838,2.22538338264099,-476.75021654472766,50.83521165537694,404902.3415254357,17705.725345874987,25689.50204158556,11.93138675141314,1.2271951460874124,108.74006689776364,75.48507834246777,92.47156857857676,59.951142611443125,541.4440378567265,193.310670759525,609.7076004629139,9.209745762269767,Fatigue
