emg_rms,emg_mav,emg_variance,emg_std,emg_waveform_length,emg_zero_crossing,emg_ssc,emg_kurtosis,emg_skewness,emg_peak,emg_median_freq,emg_mean_freq,emg_peak_freq,emg_total_power,emg_power_low,emg_power_mid,emg_power_high,class_name
70.09866078161534,5.854052570171055,1664.5338770024646,47.974815205178,107680.83488617936,14792.02087915988,28034.29788302028,1.629102352191632,-0.7706932421625824,217.24514410470863,55.6510005744492,76.72020720792375,52.50178845160667,1372.1989350145004,197.3156953369368,226.8632636417016,-24.905832810244448,Fatigue
