emg_rms,emg_mav,emg_variance,emg_std,emg_waveform_length,emg_zero_crossing,emg_ssc,emg_kurtosis,emg_skewness,emg_peak,emg_median_freq,emg_mean_freq,emg_peak_freq,emg_total_power,emg_power_low,emg_power_mid,emg_power_high,class_name
39.74350682743291,18.11567394712997,3663.7276641879976,46.94023091697812,480380.4651359369,14439.901483660242,33250.379797786954,9.560878881521363,0.6766852274383414,204.0818334034212,87.0726861529175,80.91429501359835,47.38141257241296,1128.024209446093,121.49192703556844,563.4573973929735,-14.053798225273509,Fatigue
