emg_rms,emg_mav,emg_variance,emg_std,emg_waveform_length,emg_zero_crossing,emg_ssc,emg_kurtosis,emg_skewness,emg_peak,emg_median_freq,emg_mean_freq,emg_peak_freq,emg_total_power,emg_power_low,emg_power_mid,emg_power_high,class_name
30.16798581033869,4.5627800018266615,1044.623523202784,25.997135250951157,360607.1552917232,16951.16683781777,25800.16426594876,9.617530308808982,1.9116167413452008,351.30187247931826,59.13049685946295,78.3484830175708,43.80090446889449,1087.4011940749413,287.7826733110594,942.872073535748,12.33155388437232,Fatigue
