emg_rms,emg_mav,emg_variance,emg_std,emg_waveform_length,emg_zero_crossing,emg_ssc,emg_kurtosis,emg_skewness,emg_peak,emg_median_freq,emg_mean_freq,emg_peak_freq,emg_total_power,emg_power_low,emg_power_mid,emg_power_high,class_name
30.77504154483872,16.83377711928871,3112.407683454403,58.13114477431375,314811.3701864303,17235.807304671853,25283.82301431083,15.534404130805854,0.3612490295041285,-15.324143317033986,70.20595652216825,61.20082138992607,53.71386846822761,1619.416937080312,-103.7690883293971,-306.72143116299696,24.373162321375258,Fatigue
