emg_rms,emg_mav,emg_variance,emg_std,emg_waveform_length,emg_zero_crossing,emg_ssc,emg_kurtosis,emg_skewness,emg_peak,emg_median_freq,emg_mean_freq,emg_peak_freq,emg_total_power,emg_power_low,emg_power_mid,emg_power_high,class_name
23.620433825369258,27.684181872207613,3217.4686103562453,72.2617458664297,481826.0973502593,12799.397895201542,30530.30402621445,10.534094387027482,1.3015032823170467,172.44261490521734,68.75071811796198,83.49123519812767,70.32012105980849,-72.33631434213095,82.18185554609047,94.9769898662008,16.090158258258796,Fatigue
