emg_rms,emg_mav,emg_variance,emg_std,emg_waveform_length,emg_zero_crossing,emg_ssc,emg_kurtosis,emg_skewness,emg_peak,emg_median_freq,emg_mean_freq,emg_peak_freq,emg_total_power,emg_power_low,emg_power_mid,emg_power_high,class_name
49.76821423648223,19.80211928603692,1057.2101276098492,53.397518330162725,809298.1754728712,14138.1749052761,27550.186864496336,3.787970065432434,-0.1583554325659391,519.5144701789582,53.064990603026295,87.76657952252654,67.47104715907338,-167.53247355382672,367.8621778304778,362.48567534763566,-6.058978151265233,Fatigue
