emg_rms,emg_mav,emg_variance,emg_std,emg_waveform_length,emg_zero_crossing,emg_ssc,emg_kurtosis,emg_skewness,emg_peak,emg_median_freq,emg_mean_freq,emg_peak_freq,emg_total_power,emg_power_low,emg_power_mid,emg_power_high,class_name
43.977201260921404,18.280549997470597,-2870.869737887311,39.62496939425678,594757.5453394507,8173.480107720341,35936.78854605446,19.863491177693472,0.0722795273621469,369.4382297998756,48.310440326752754,50.40361563502196,85.90849540929591,333.4641534191973,107.3766059696468,355.1585644074744,27.562577899311087,Fatigue
