emg_rms,emg_mav,emg_variance,emg_std,emg_waveform_length,emg_zero_crossing,emg_ssc,emg_kurtosis,emg_skewness,emg_peak,emg_median_freq,emg_mean_freq,emg_peak_freq,emg_total_power,emg_power_low,emg_power_mid,emg_power_high,class_name
34.00419681173033,17.05114956025871,2052.283943228548,47.16290202498046,219512.98059173304,16462.769138390162,25603.69937945628,15.93102429539464,-0.1311388201378115,475.5225129789752,94.79093371677132,87.83257435104365,68.24643365439697,743.9375250647277,42.972531639234745,582.9234131460471,5.094248949837063,Fatigue
