emg_rms,emg_mav,emg_variance,emg_std,emg_waveform_length,emg_zero_crossing,emg_ssc,emg_kurtosis,emg_skewness,emg_peak,emg_median_freq,emg_mean_freq,emg_peak_freq,emg_total_power,emg_power_low,emg_power_mid,emg_power_high,class_name
39.50719247605699,23.131005750354376,220.25171931938416,42.41982473466649,327421.3290822284,10628.482056734529,33062.27051972474,10.569096677304678,-1.5646025211700645,312.5518082980031,50.47891623857681,79.79103060924652,70.2602444902889,-251.9333222239399,89.90779635514318,-62.15486748361451,60.80667143512082,Fatigue
