emg_rms,emg_mav,emg_variance,emg_std,emg_waveform_length,emg_zero_crossing,emg_ssc,emg_kurtosis,emg_skewness,emg_peak,emg_median_freq,emg_mean_freq,emg_peak_freq,emg_total_power,emg_power_low,emg_power_mid,emg_power_high,class_name
54.51613841072697,21.805033255665148,2497.222572638333,27.953324658967997,593786.637690335,19090.882228070277,30186.040619803483,13.815302949324742,1.6700991120316668,206.92975616138816,82.06413759728163,86.06264888434248,50.08431551508984,776.5794370475646,32.929089335016016,690.7431012167112,-2.6760921786744305,Fatigue
