emg_rms,emg_mav,emg_variance,emg_std,emg_waveform_length,emg_zero_crossing,emg_ssc,emg_kurtosis,emg_skewness,emg_peak,emg_median_freq,emg_mean_freq,emg_peak_freq,emg_total_power,emg_power_low,emg_power_mid,emg_power_high,class_name
50.82559812157642,-3.590816752601345,-1850.0095620955767,41.006985419711945,433414.3041160444,14993.453675326684,27104.786470635485,25.17546779991133,1.2058800265534153,148.4866371526671,56.88274099490149,68.68491620068025,70.31220332157338,392.9941661332842,32.39111375336671,189.9340115904447,35.61692236178166,Fatigue
