emg_rms,emg_mav,emg_variance,emg_std,emg_waveform_length,emg_zero_crossing,emg_ssc,emg_kurtosis,emg_skewness,emg_peak,emg_median_freq,emg_mean_freq,emg_peak_freq,emg_total_power,emg_power_low,emg_power_mid,emg_power_high,class_name
69.37668996153695,-2.782030679992648,1419.9974465489684,18.979121507008674,535750.7551721452,12485.167901119634,28135.244158944493,9.025960385922412,1.509638822004541,303.5839604341164,77.65894270923906,73.68277767535207,57.0247757121111,199.9811900580449,290.7600898793024,788.036029989399,29.83364654863914,Fatigue
