emg_rms,emg_mav,emg_variance,emg_std,emg_waveform_length,emg_zero_crossing,emg_ssc,emg_kurtosis,emg_skewness,emg_peak,emg_median_freq,emg_mean_freq,emg_peak_freq,emg_total_power,emg_power_low,emg_power_mid,emg_power_high,class_name
31.879434079570256,16.254299974770706,3570.096323804655,16.911016223186287,495222.52895865554,15119.501861305996,30737.57404137577,18.33723670430194,0.0635667488992093,195.80072517820668,78.69625598061475,79.48853369984688,60.24358562892463,512.5279701240881,98.15493499227176,-33.19698943769845,85.27099131175024,Fatigue
