emg_rms,emg_mav,emg_variance,emg_std,emg_waveform_length,emg_zero_crossing,emg_ssc,emg_kurtosis,emg_skewness,emg_peak,emg_median_freq,emg_mean_freq,emg_peak_freq,emg_total_power,emg_power_low,emg_power_mid,emg_power_high,class_name
50.64442591846745,10.013944135954045,4208.915393226218,42.365203984467215,441168.9933953995,10965.18745105406,27938.41149989103,12.66115222076454,0.4955062717128653,323.6053171361376,83.54242868188655,86.1928088079037,49.16391425986075,1007.7887254164434,87.00075160815945,412.48024862784456,43.12972820897859,Fatigue
