emg_rms,emg_mav,emg_variance,emg_std,emg_waveform_length,emg_zero_crossing,emg_ssc,emg_kurtosis,emg_skewness,emg_peak,emg_median_freq,emg_mean_freq,emg_peak_freq,emg_total_power,emg_power_low,emg_power_mid,emg_power_high,class_name
2.269241224529317,23.02500869320895,5417.386096342231,5.022115075550126,430642.4707387834,15403.818052688965,30468.71206287734,9.953216035242663,-1.3736259004127835,33.54903784273773,64.0094997991509,66.48044345583783,54.14736044600088,1287.042836619051,35.66335694286818,-9.14091348453843,14.561894227394829,Fatigue
