emg_rms,emg_mav,emg_variance,emg_std,emg_waveform_length,emg_zero_crossing,emg_ssc,emg_kurtosis,emg_skewness,emg_peak,emg_median_freq,emg_mean_freq,emg_peak_freq,emg_total_power,emg_power_low,emg_power_mid,emg_power_high,class_name
29.426080100915875,22.30478931933484,329.78490702846943,41.862097722014354,303774.1908957316,11452.343046646847,23362.12078929619,8.49007623182193,-1.4735455799220365,472.8202778396799,65.95734250989426,58.57348088180491,47.17427539592968,635.0935893068126,86.45141433464906,205.88902375610337,18.88311031566613,Fatigue
