emg_rms,emg_mav,emg_variance,emg_std,emg_waveform_length,emg_zero_crossing,emg_ssc,emg_kurtosis,emg_skewness,emg_peak,emg_median_freq,emg_mean_freq,emg_peak_freq,emg_total_power,emg_power_low,emg_power_mid,emg_power_high,class_name
72.55996135024839,15.47634856690545,2032.91715433162,27.873183978138584,570381.356837567,20121.26451790266,36755.34567665496,12.033634915867758,0.4926046512715546,235.4707739960146,87.51147410841367,58.549429033059205,69.58464040426354,651.2926132724087,4.763144853804022,789.0390382094176,24.619335919516743,Fatigue
