emg_rms,emg_mav,emg_variance,emg_std,emg_waveform_length,emg_zero_crossing,emg_ssc,emg_kurtosis,emg_skewness,emg_peak,emg_median_freq,emg_mean_freq,emg_peak_freq,emg_total_power,emg_power_low,emg_power_mid,emg_power_high,class_name
-12.384997365232678,16.68046313546833,-847.7684480866983,78.36007104760237,336028.7264106109,15215.221898719949,31285.025746781364,12.542775257679663,-2.9618231725348108,344.71514325266514,84.26649338278699,99.66612636825457,54.32369056121576,415.9110065327081,78.54320537238672,157.92209701344987,37.183797666500254,Fatigue
