emg_rms,emg_mav,emg_variance,emg_std,emg_waveform_length,emg_zero_crossing,emg_ssc,emg_kurtosis,emg_skewness,emg_peak,emg_median_freq,emg_mean_freq,emg_peak_freq,emg_total_power,emg_power_low,emg_power_mid,emg_power_high,class_name
57.58051385974238,9.129216276895749,1282.612920139119,17.639166133944148,573351.4261280856,15736.382776660435,30508.06028385866,7.59420006019915,-0.9978178521963867,343.06887219058177,73.66337772520237,86.77688696816514,63.98945438449931,-504.3093250570509,132.6918297948296,861.6027031254366,12.74789123112247,Fatigue
