emg_rms,emg_mav,emg_variance,emg_std,emg_waveform_length,emg_zero_crossing,emg_ssc,emg_kurtosis,emg_skewness,emg_peak,emg_median_freq,emg_mean_freq,emg_peak_freq,emg_total_power,emg_power_low,emg_power_mid,emg_power_high,class_name
-3.4572057107533567,23.155177570392443,2896.634120567433,42.37463542921742,352579.8091936129,12588.363845201056,23932.013675186296,13.0981434670788,2.221931207181196,92.84926635698304,67.93306389072984,79.8622285143097,47.52830924992999,431.5861813967533,146.83672256013497,284.76016732714817,52.26208733360435,Fatigue
