emg_rms,emg_mav,emg_variance,emg_std,emg_waveform_length,emg_zero_crossing,emg_ssc,emg_kurtosis,emg_skewness,emg_peak,emg_median_freq,emg_mean_freq,emg_peak_freq,emg_total_power,emg_power_low,emg_power_mid,emg_power_high,class_name
23.589889909222045,23.993984089663652,-2225.3114301024325,56.24755375505863,648083.9811964569,18919.01985012796,21799.12335898033,0.1359129736186535,0.4676759097851901,304.7605554434257,88.59873123246994,73.76423592604682,26.14797778421122,624.9853397399988,172.2960388271839,425.0152660040947,31.18183445823857,Fatigue
