emg_rms,emg_mav,emg_variance,emg_std,emg_waveform_length,emg_zero_crossing,emg_ssc,emg_kurtosis,emg_skewness,emg_peak,emg_median_freq,emg_mean_freq,emg_peak_freq,emg_total_power,emg_power_low,emg_power_mid,emg_power_high,class_name
9.945126071798974,29.126240605024343,3186.839896839292,41.79067551231195,385157.9965830167,15074.18176548851,18752.81456085999,14.403330356167036,1.8271768657224905,320.62905400817647,85.83583988888282,45.35871479744792,56.37037910602968,-347.7512620425088,89.15392836494888,777.5622120225653,-39.70688288210404,Fatigue
