emg_rms,emg_mav,emg_variance,emg_std,emg_waveform_length,emg_zero_crossing,emg_ssc,emg_kurtosis,emg_skewness,emg_peak,emg_median_freq,emg_mean_freq,emg_peak_freq,emg_total_power,emg_power_low,emg_power_mid,emg_power_high,class_name
5.477855617881016,23.35315069083363,1365.9907538085042,21.720706706356506,317401.2346521204,16391.192551771946,30342.244331907765,10.551999855983455,1.856402810720276,260.02834747077776,70.24353896841231,64.64064492208317,62.857104336053126,471.0288107562024,246.1420119319796,682.3526215575735,30.05661336485652,Fatigue
