emg_rms,emg_mav,emg_variance,emg_std,emg_waveform_length,emg_zero_crossing,emg_ssc,emg_kurtosis,emg_skewness,emg_peak,emg_median_freq,emg_mean_freq,emg_peak_freq,emg_total_power,emg_power_low,emg_power_mid,emg_power_high,class_name
21.49827719439954,15.678523887864788,1038.1234075596758,52.42702301422992,550048.7911254895,12425.65965318514,29721.491239173505,4.735474018506629,1.0425641620164845,420.2160045360176,93.44428428704268,77.62143737075958,43.89684935942949,1228.946833212744,28.95474271790769,262.3132704096555,-3.739487556737,Fatigue
