emg_rms,emg_mav,emg_variance,emg_std,emg_waveform_length,emg_zero_crossing,emg_ssc,emg_kurtosis,emg_skewness,emg_peak,emg_median_freq,emg_mean_freq,emg_peak_freq,emg_total_power,emg_power_low,emg_power_mid,emg_power_high,class_name
20.284767414666604,13.093364609311932,-538.6458768313514,54.71014984894008,286657.2254094357,19082.96273849247,26257.00983273978,20.225183847284875,-0.8926537891631122,321.67066738243113,86.05946309197228,98.38986502827518,34.137405169258564,1857.011808800276,-197.4344433181905,167.83635749011495,59.62946681198307,Fatigue
