emg_rms,emg_mav,emg_variance,emg_std,emg_waveform_length,emg_zero_crossing,emg_ssc,emg_kurtosis,emg_skewness,emg_peak,emg_median_freq,emg_mean_freq,emg_peak_freq,emg_total_power,emg_power_low,emg_power_mid,emg_power_high,class_name
28.41366963854292,30.865117825802542,395.8372858211753,16.784986084473545,864720.5984427683,17017.594556452645,29010.052219554025,19.69673981452758,2.197128982657305,266.14831840533674,76.67372111647254,112.36096824796677,46.86480501304512,-44.54488647729721,-49.79936390155706,521.1794643290423,8.409775103397218,Fatigue
