emg_rms,emg_mav,emg_variance,emg_std,emg_waveform_length,emg_zero_crossing,emg_ssc,emg_kurtosis,emg_skewness,emg_peak,emg_median_freq,emg_mean_freq,emg_peak_freq,emg_total_power,emg_power_low,emg_power_mid,emg_power_high,class_name
45.678453144469394,10.790528463056704,2665.4276925998647,47.49952955203036,415020.8286812212,12904.898214830811,26970.53565071004,19.275536186471243,1.6765539823493654,340.1093683070475,60.771904151751706,88.67510361827341,63.763873752821375,744.053092514348,194.4057510756469,-135.607831904869,2.8295962885972443,Fatigue
