emg_rms,emg_mav,emg_variance,emg_std,emg_waveform_length,emg_zero_crossing,emg_ssc,emg_kurtosis,emg_skewness,emg_peak,emg_median_freq,emg_mean_freq,emg_peak_freq,emg_total_power,emg_power_low,emg_power_mid,emg_power_high,class_name
67.17524095082521,8.627144687331194,1112.4801543769524,72.15265546042647,296733.1491351881,13636.578045122807,24584.49352212933,3.250795888099552,1.2171969887817409,-38.62231559193128,85.2362901786359,105.4508629917305,78.11090729576617,42.359563176351344,36.38187775147321,733.4608382607648,13.86696746584003,Fatigue
