emg_rms,emg_mav,emg_variance,emg_std,emg_waveform_length,emg_zero_crossing,emg_ssc,emg_kurtosis,emg_skewness,emg_peak,emg_median_freq,emg_mean_freq,emg_peak_freq,emg_total_power,emg_power_low,emg_power_mid,emg_power_high,class_name
10.224906817925088,13.057143370308582,-1210.5492055783034,-5.440987587779205,270264.5272975021,12284.994772323049,30945.31359810937,5.647173233386157,0.2740410862113918,301.9083356031604,64.96713302822786,71.35084620580763,43.96829023663693,873.6608224517502,-95.38438597162607,1238.243513782826,-18.416306692311444,Fatigue
