emg_rms,emg_mav,emg_variance,emg_std,emg_waveform_length,emg_zero_crossing,emg_ssc,emg_kurtosis,emg_skewness,emg_peak,emg_median_freq,emg_mean_freq,emg_peak_freq,emg_total_power,emg_power_low,emg_power_mid,emg_power_high,class_name
24.86099558137384,36.324768252900206,1847.024281821623,28.270809998624895,679426.1204048902,14318.858516849685,29002.595216414924,11.00008534713952,0.102472620290009,366.9109788963483,78.17368341412644,73.12933948207599,62.09839444893848,163.80147655636927,59.356382486085366,466.89732312329255,14.365481248609347,Fatigue
