emg_rms,emg_mav,emg_variance,emg_std,emg_waveform_length,emg_zero_crossing,emg_ssc,emg_kurtosis,emg_skewness,emg_peak,emg_median_freq,emg_mean_freq,emg_peak_freq,emg_total_power,emg_power_low,emg_power_mid,emg_power_high,class_name
45.05333689309376,24.938030350518865,4414.619156079478,36.73268631147316,341147.8174948583,13611.593407625298,29958.353013711043,-0.7913038131986543,-0.4853504941513179,387.4414738741162,52.777934374940486,89.70159516764217,46.68873622098221,100.45308006097196,276.35740418214755,738.0603684655732,-12.808891367062165,Fatigue
