emg_rms,emg_mav,emg_variance,emg_std,emg_waveform_length,emg_zero_crossing,emg_ssc,emg_kurtosis,emg_skewness,emg_peak,emg_median_freq,emg_mean_freq,emg_peak_freq,emg_total_power,emg_power_low,emg_power_mid,emg_power_high,class_name
30.04041925816881,5.847677285345929,4716.824544768047,6.393851063599815,339901.32775172766,13311.804493566848,34898.866509866035,20.601612510119327,0.4806140486581074,290.18342035161226,69.27097132133052,84.56191337829526,54.21647643854689,1204.2387349471107,167.06626118399652,-19.22743653560906,36.83834581679063,Fatigue
