emg_rms,emg_mav,emg_variance,emg_std,emg_waveform_length,emg_zero_crossing,emg_ssc,emg_kurtosis,emg_skewness,emg_peak,emg_median_freq,emg_mean_freq,emg_peak_freq,emg_total_power,emg_power_low,emg_power_mid,emg_power_high,class_name
17.171803756745085,11.679274805359563,1980.275236851258,48.870931596865454,470402.6355917593,13268.76286637559,24401.08897308362,14.365319852520066,-0.9080908677466204,351.00629115214696,64.86013177745784,83.81480358979445,61.48836144768436,104.84017482862396,425.87270003066254,1003.889818481564,41.76182412990392,Fatigue
