emg_rms,emg_mav,emg_variance,emg_std,emg_waveform_length,emg_zero_crossing,emg_ssc,emg_kurtosis,emg_skewness,emg_peak,emg_median_freq,emg_mean_freq,emg_peak_freq,emg_total_power,emg_power_low,emg_power_mid,emg_power_high,class_name
-1.0841430861054349,21.236811573113027,1080.0975863116173,11.939132114514017,680634.776330905,15105.15647135547,28670.19168665196,14.948630867654805,1.6091681007151162,375.1439319532681,42.30720016510849,77.9591332757654,45.957267772843565,-541.9975474624503,375.037045233366,-146.5001843451626,17.534651946343807,Fatigue
