emg_rms,emg_mav,emg_variance,emg_std,emg_waveform_length,emg_zero_crossing,emg_ssc,emg_kurtosis,emg_skewness,emg_peak,emg_median_freq,emg_mean_freq,emg_peak_freq,emg_total_power,emg_power_low,emg_power_mid,emg_power_high,class_name
-0.8211078008774351,11.03890356135396,-835.6819761663537,39.4083931330916,295984.8224200383,10441.65225063702,26524.98684962813,7.701295445501582,0.9420455626954592,358.3473923146669,64.26380093962862,84.81555940039352,68.84779205212487,11.568257066162971,75.5085075628304,24.620575119329487,16.955056308616733,Fatigue
