emg_rms,emg_mav,emg_variance,emg_std,emg_waveform_length,emg_zero_crossing,emg_ssc,emg_kurtosis,emg_skewness,emg_peak,emg_median_freq,emg_mean_freq,emg_peak_freq,emg_total_power,emg_power_low,emg_power_mid,emg_power_high,class_name
24.11788640750645,14.075055581460328,2692.1250052543955,38.66228280671876,385398.3432572137,18898.464578444327,30393.130607892977,14.472723636722217,-2.2142032492315726,517.8730894656628,36.02637580694014,110.81191352281073,77.63702701492454,113.87956014672125,292.633715044073,57.3604469790443,24.89315967169665,Fatigue
