emg_rms,emg_mav,emg_variance,emg_std,emg_waveform_length,emg_zero_crossing,emg_ssc,emg_kurtosis,emg_skewness,emg_peak,emg_median_freq,emg_mean_freq,emg_peak_freq,emg_total_power,emg_power_low,emg_power_mid,emg_power_high,class_name
38.7301720584878,4.112615673030083,2811.142630672282,34.00866526124629,240905.15504212296,12323.32198271516,24205.115257058696,2.83697669513022,0.1508203771285773,189.59019028555088,58.64517477047676,83.11951656922656,55.76298163407704,362.53321306309385,62.05261730363968,-507.35372167852495,9.12366192934186,Fatigue
