emg_rms,emg_mav,emg_variance,emg_std,emg_waveform_length,emg_zero_crossing,emg_ssc,emg_kurtosis,emg_skewness,emg_peak,emg_median_freq,emg_mean_freq,emg_peak_freq,emg_total_power,emg_power_low,emg_power_mid,emg_power_high,class_name
21.250622919349446,30.70082330216964,469.6055266694548,20.118892302136228,416140.1912701939,12333.845525190747,26809.65993187874,7.059748276633258,1.8590403733835448,277.94693747221794,46.292444286980114,93.33418301556722,55.78478155290356,740.3857593029128,105.27490404274252,762.2120633119099,14.365441220982047,Fatigue
