emg_rms,emg_mav,emg_variance,emg_std,emg_waveform_length,emg_zero_crossing,emg_ssc,emg_kurtosis,emg_skewness,emg_peak,emg_median_freq,emg_mean_freq,emg_peak_freq,emg_total_power,emg_power_low,emg_power_mid,emg_power_high,class_name
33.77476935304978,43.59456105049279,1444.8882543791217,38.88035793700823,263667.43322250363,18157.726241243443,31537.003902150456,2.17817869463674,-0.3985603691830377,264.27402009799107,54.28259546662013,76.76240363567041,64.14202807113338,-135.28891289819677,318.8837162234308,243.25899859809124,-18.55384047949744,Fatigue
