emg_rms,emg_mav,emg_variance,emg_std,emg_waveform_length,emg_zero_crossing,emg_ssc,emg_kurtosis,emg_skewness,emg_peak,emg_median_freq,emg_mean_freq,emg_peak_freq,emg_total_power,emg_power_low,emg_power_mid,emg_power_high,class_name
32.11615266218139,5.190976540887817,1632.0802926883448,48.86765704634174,717506.7280978945,20474.87386532005,18381.37349999017,9.831539084295654,-0.6803707361697224,270.1472485925014,52.88342948102223,89.01979489058627,61.81891885105509,787.2385449803862,-49.200066705896575,293.1706282953276,29.983766354332445,Fatigue
