emg_rms,emg_mav,emg_variance,emg_std,emg_waveform_length,emg_zero_crossing,emg_ssc,emg_kurtosis,emg_skewness,emg_peak,emg_median_freq,emg_mean_freq,emg_peak_freq,emg_total_power,emg_power_low,emg_power_mid,emg_power_high,class_name
27.88900118614244,21.663039961240383,1128.991820849163,70.4020615115576,597309.827822941,10379.261887967456,33721.44068574371,26.816592373618523,-0.2983102158756613,354.2590637398372,63.16546728466353,97.29198619140824,67.89712460511987,624.4380216522079,-101.00647640294072,70.25489920217666,42.15753155151558,Fatigue
