emg_rms,emg_mav,emg_variance,emg_std,emg_waveform_length,emg_zero_crossing,emg_ssc,emg_kurtosis,emg_skewness,emg_peak,emg_median_freq,emg_mean_freq,emg_peak_freq,emg_total_power,emg_power_low,emg_power_mid,emg_power_high,class_name
42.47295438631002,8.683973255020934,4045.689811284144,35.27219099380938,343487.93503022206,10115.924085278768,22223.105252653542,18.41571646867696,0.0633031224953456,211.5783208658708,61.29555905454103,82.93184086821857,50.43159739998569,684.5320669324351,186.69979507971885,546.5022132004467,-15.593040173855137,Fatigue
