emg_rms,emg_mav,emg_variance,emg_std,emg_waveform_length,emg_zero_crossing,emg_ssc,emg_kurtosis,emg_skewness,emg_peak,emg_median_freq,emg_mean_freq,emg_peak_freq,emg_total_power,emg_power_low,emg_power_mid,emg_power_high,class_name
58.9996878797414,16.467421069561553,-425.3154529112089,62.32924427627966,463655.33957171,13408.887100471118,30613.360524074677,6.8285942010119385,0.8099444990745677,328.96253804520546,60.38071420744536,117.78939980478224,47.31593670597655,694.5892538562447,32.620084680823496,1369.8141190686806,-9.71217073976728,Fatigue
