emg_rms,emg_mav,emg_variance,emg_std,emg_waveform_length,emg_zero_crossing,emg_ssc,emg_kurtosis,emg_skewness,emg_peak,emg_median_freq,emg_mean_freq,emg_peak_freq,emg_total_power,emg_power_low,emg_power_mid,emg_power_high,class_name
6.328116978680068,2.318551893438004,-2827.33611261425,4.145114867764782,575610.6080869131,14600.082716576248,25287.66704396576,14.281568019125142,-0.7592165269300939,7.205289563736699,77.82414205048767,76.83549965789706,67.12420925681121,784.2564250069621,396.1715944838215,602.9388246359445,23.73421811228613,Fatigue
