emg_rms,emg_mav,emg_variance,emg_std,emg_waveform_length,emg_zero_crossing,emg_ssc,emg_kurtosis,emg_skewness,emg_peak,emg_median_freq,emg_mean_freq,emg_peak_freq,emg_total_power,emg_power_low,emg_power_mid,emg_power_high,class_name
34.058118427717474,17.874376198904844,-25.16346658480802,41.24197949759154,324673.4493150417,16014.615099165658,33754.75349601185,8.603654795144513,0.9048367509543992,321.9800411487328,53.82351155718517,114.88953905281504,49.94602569767677,583.0194277025751,185.0546353442991,492.21945215708047,-40.521094564833824,Fatigue
