emg_rms,emg_mav,emg_variance,emg_std,emg_waveform_length,emg_zero_crossing,emg_ssc,emg_kurtosis,emg_skewness,emg_peak,emg_median_freq,emg_mean_freq,emg_peak_freq,emg_total_power,emg_power_low,emg_power_mid,emg_power_high,class_name
33.335709876300456,23.518621602910667,3675.505881294598,40.252686997724695,479469.48223508376,17761.45418003387,28772.57129201485,14.192581428672336,0.5121992437576919,302.4289425934528,57.07260904654687,86.6732981936345,47.71407957757374,-222.1305065201638,230.025963354645,396.5875412004781,-6.15498880050966,Fatigue
