emg_rms,emg_mav,emg_variance,emg_std,emg_waveform_length,emg_zero_crossing,emg_ssc,emg_kurtosis,emg_skewness,emg_peak,emg_median_freq,emg_mean_freq,emg_peak_freq,emg_total_power,emg_power_low,emg_power_mid,emg_power_high,class_name
41.13638587801951,22.42966238426336,2391.353749020907,0.6936541904288234,89913.33208051464,14546.415078867329,33873.04654008835,19.489913416149797,-0.7870850994928348,214.77746910756832,79.22151553944464,57.5953490109029,62.31759010204055,478.35122683352125,185.3829016070437,75.85278027981957,23.253441792208267,Fatigue
