emg_rms,emg_mav,emg_variance,emg_std,emg_waveform_length,emg_zero_crossing,emg_ssc,emg_kurtosis,emg_skewness,emg_peak,emg_median_freq,emg_mean_freq,emg_peak_freq,emg_total_power,emg_power_low,emg_power_mid,emg_power_high,class_name
29.99967153936569,13.543164106095013,3236.225972061516,70.90863713645814,230588.16013642136,12727.093197869151,26043.985054902183,9.411368468459218,-0.9849239413846071,471.17074596569455,70.02669872798269,102.06024208255572,59.24123708669642,171.6000520000648,436.28744060497456,455.573259173049,-14.276460151760514,Fatigue
