emg_rms,emg_mav,emg_variance,emg_std,emg_waveform_length,emg_zero_crossing,emg_ssc,emg_kurtosis,emg_skewness,emg_peak,emg_median_freq,emg_mean_freq,emg_peak_freq,emg_total_power,emg_power_low,emg_power_mid,emg_power_high,class_name
49.23446099799716,21.42782382912292,3862.632617919867,39.68132088029434,518052.5510394318,9451.90772674268,25884.011372383666,9.645682408245952,0.2893106147953577,239.5047840444142,79.02761501072011,123.5439842885278,68.42110124260695,1519.898067153743,-48.34665427629753,795.9399518968153,33.74857185592828,Fatigue
