emg_rms,emg_mav,emg_variance,emg_std,emg_waveform_length,emg_zero_crossing,emg_ssc,emg_kurtosis,emg_skewness,emg_peak,emg_median_freq,emg_mean_freq,emg_peak_freq,emg_total_power,emg_power_low,emg_power_mid,emg_power_high,class_name
30.51060025612298,15.412316305986067,3653.194807712138,68.59261922290708,563551.0454306297,13335.039497058437,26422.8950695434,1.1890269077835836,-0.8396229166850767,296.407431805861,78.28473602596254,46.98948803766047,58.21302439936232,1030.3304054116943,168.8277394481762,463.74853098412063,55.92385262123211,Fatigue
