emg_rms,emg_mav,emg_variance,emg_std,emg_waveform_length,emg_zero_crossing,emg_ssc,emg_kurtosis,emg_skewness,emg_peak,emg_median_freq,emg_mean_freq,emg_peak_freq,emg_total_power,emg_power_low,emg_power_mid,emg_power_high,class_name
15.53899196228782,14.375578028257504,2054.137854927723,44.94273534078974,434391.05758426513,10377.617931048288,23492.15739691037,19.93042849356649,0.1061650271477391,201.66569687757948,66.80622057817273,74.48429465047153,37.4427655043351,576.7859821549787,40.25142160893476,175.49058077498012,-1.4474135046594867,Fatigue
