emg_rms,emg_mav,emg_variance,emg_std,emg_waveform_length,emg_zero_crossing,emg_ssc,emg_kurtosis,emg_skewness,emg_peak,emg_median_freq,emg_mean_freq,emg_peak_freq,emg_total_power,emg_power_low,emg_power_mid,emg_power_high,class_name
54.10066224148948,9.18761370191261,4006.5655831230447,50.11696999017717,411820.8623357038,17098.331074397833,27611.114609750643,12.562680500354016,-0.7858120120454878,445.57685707140615,55.28617592477439,45.26815236863609,71.35116404549167,924.8868185104488,74.25214065686701,687.6900357952848,-42.796577753923486,Fatigue
