emg_rms,emg_mav,emg_variance,emg_std,emg_waveform_length,emg_zero_crossing,emg_ssc,emg_kurtosis,emg_skewness,emg_peak,emg_median_freq,emg_mean_freq,emg_peak_freq,emg_total_power,emg_power_low,emg_power_mid,emg_power_high,class_name
43.90391815928794,7.07374890717179,-1307.2071002990174,33.049147892805955,591001.5484944653,10976.21525145138,30145.919999612328,9.89174797960946,1.5081543250570897,155.3231083665021,87.3236848339665,85.8990720536984,61.788860241011534,959.581753925862,-17.756349829320584,333.44536105609785,28.442693180635622,Fatigue
