emg_rms,emg_mav,emg_variance,emg_std,emg_waveform_length,emg_zero_crossing,emg_ssc,emg_kurtosis,emg_skewness,emg_peak,emg_median_freq,emg_mean_freq,emg_peak_freq,emg_total_power,emg_power_low,emg_power_mid,emg_power_high,class_name
22.76133525570198,22.92792539979309,-1156.5305612123789,44.32439187467262,32595.97289502248,18384.873723502427,25952.46942704764,11.67957334730922,1.3700581522679212,167.66142091683813,73.49556389057825,59.59238014355725,52.18180585946291,1004.5466990064926,98.89535830913448,264.3276392947822,1.358404811050102,Fatigue
