emg_rms,emg_mav,emg_variance,emg_std,emg_waveform_length,emg_zero_crossing,emg_ssc,emg_kurtosis,emg_skewness,emg_peak,emg_median_freq,emg_mean_freq,emg_peak_freq,emg_total_power,emg_power_low,emg_power_mid,emg_power_high,class_name
28.371105176276902,12.28596235166085,1327.3565610060643,76.0471273030865,116559.35856983846,11930.125165409425,31078.52499286178,7.126233151901112,2.925715088123632,166.4760390717237,74.16885815480532,54.85369577973584,53.326898648080665,358.00016205074826,77.77048433291999,268.99017964277857,34.01606189728548,Fatigue
