emg_rms,emg_mav,emg_variance,emg_std,emg_waveform_length,emg_zero_crossing,emg_ssc,emg_kurtosis,emg_skewness,emg_peak,emg_median_freq,emg_mean_freq,emg_peak_freq,emg_total_power,emg_power_low,emg_power_mid,emg_power_high,class_name
33.47699815599069,6.756998799867214,-1665.3174596363028,28.47699843162363,521667.5164286463,14892.618326994669,26594.854018993,8.05189948162326,0.3554404159440483,447.31232359475456,63.00930544465815,96.30329895468915,51.02882812031567,131.58401537440892,-76.67113708609199,-229.8775269360217,-7.467367854330142,Fatigue
