emg_rms,emg_mav,emg_variance,emg_std,emg_waveform_length,emg_zero_crossing,emg_ssc,emg_kurtosis,emg_skewness,emg_peak,emg_median_freq,emg_mean_freq,emg_peak_freq,emg_total_power,emg_power_low,emg_power_mid,emg_power_high,class_name
63.631826336838095,23.63249090038872,2723.962049279382,20.63042575869728,427277.0504691916,13702.562890332378,26615.06487867067,10.217035377698643,1.959109313710208,449.15671560061134,69.69554634668577,74.09424042971605,64.6227884150396,45.56055133331665,218.83001282411564,11.025754268248477,15.611868448886243,Fatigue
