emg_rms,emg_mav,emg_variance,emg_std,emg_waveform_length,emg_zero_crossing,emg_ssc,emg_kurtosis,emg_skewness,emg_peak,emg_median_freq,emg_mean_freq,emg_peak_freq,emg_total_power,emg_power_low,emg_power_mid,emg_power_high,class_name
17.64407771569273,7.319600326048512,-2674.7746511323103,47.08804505625242,672462.1154559798,7300.039614150076,33084.102278352664,11.903635824064272,0.3232923358341702,240.7628421316284,66.8193796051771,110.14332807003024,71.78311320847837,48.17425092885395,-138.66044582367925,748.8581133841283,9.226357877765912,Fatigue
