emg_rms,emg_mav,emg_variance,emg_std,emg_waveform_length,emg_zero_crossing,emg_ssc,emg_kurtosis,emg_skewness,emg_peak,emg_median_freq,emg_mean_freq,emg_peak_freq,emg_total_power,emg_power_low,emg_power_mid,emg_power_high,class_name
29.623222461529704,27.772093273906517,2311.0196824320524,10.854268140905424,643486.7645873158,10101.503186171272,31156.009926693925,10.069475456890109,2.107640563093069,537.7928222536527,91.5746324845255,72.63153261295386,66.08137006179683,599.5178281161949,478.74782317742745,37.13814069286968,14.259043647384855,Fatigue
