emg_rms,emg_mav,emg_variance,emg_std,emg_waveform_length,emg_zero_crossing,emg_ssc,emg_kurtosis,emg_skewness,emg_peak,emg_median_freq,emg_mean_freq,emg_peak_freq,emg_total_power,emg_power_low,emg_power_mid,emg_power_high,class_name
59.60028559460503,9.437931718813449,1925.287131734352,30.242424953304585,240127.1788343968,8404.21214434349,28168.809013707378,7.247839104264936,-1.6108266163529652,241.1092239648188,84.28676147728784,81.06694866640989,51.0849312655032,89.2545806886514,28.676310070752063,285.6478414606684,27.614871530380054,Fatigue
