emg_rms,emg_mav,emg_variance,emg_std,emg_waveform_length,emg_zero_crossing,emg_ssc,emg_kurtosis,emg_skewness,emg_peak,emg_median_freq,emg_mean_freq,emg_peak_freq,emg_total_power,emg_power_low,emg_power_mid,emg_power_high,class_name
28.944766056419528,7.556799488655447,3868.05297461318,64.44172554000325,645516.9510314688,16273.591030553502,21499.87471691276,13.07913876642668,0.8549749866394272,283.7693562761405,50.804508518201445,110.23589155070142,34.17461653571532,502.999709147763,181.6283474582236,880.5263763863198,8.160349746202288,Fatigue
