emg_rms,emg_mav,emg_variance,emg_std,emg_waveform_length,emg_zero_crossing,emg_ssc,emg_kurtosis,emg_skewness,emg_peak,emg_median_freq,emg_mean_freq,emg_peak_freq,emg_total_power,emg_power_low,emg_power_mid,emg_power_high,class_name
45.37394056531251,26.21235684814333,4286.460506457894,89.67743228849663,396881.6596631482,15343.208361324429,24246.90980148485,19.155893851791543,1.4352911429003994,185.0652656791817,71.97148907674847,83.7497532932639,72.39433652036756,327.28107111142265,36.29091776428013,496.238463307138,15.516076293410956,Fatigue
