emg_rms,emg_mav,emg_variance,emg_std,emg_waveform_length,emg_zero_crossing,emg_ssc,emg_kurtosis,emg_skewness,emg_peak,emg_median_freq,emg_mean_freq,emg_peak_freq,emg_total_power,emg_power_low,emg_power_mid,emg_power_high,class_name
11.882953940672412,23.084750179071825,1933.4357140626605,33.282524715053526,275671.74294310785,14883.156639136289,27108.53749905119,11.431993035974989,1.0647848768019703,127.83357145628568,81.89614256338875,89.66399049634279,64.87024502074206,826.667327949646,-74.73748472115048,263.1100153773556,-0.8821867976427704,Fatigue
