emg_rms,emg_mav,emg_variance,emg_std,emg_waveform_length,emg_zero_crossing,emg_ssc,emg_kurtosis,emg_skewness,emg_peak,emg_median_freq,emg_mean_freq,emg_peak_freq,emg_total_power,emg_power_low,emg_power_mid,emg_power_high,class_name
58.55933314947099,24.871897025728927,2585.568144950152,52.52275268011342,594762.4147071926,11345.259908804064,25527.371532427976,7.838511420456955,1.2319388509460265,345.93701291189814,62.57088859180079,77.76324703669216,25.920224785990573,489.4379865214729,153.81469759573395,378.2621024639354,-13.470496802234813,Fatigue
