emg_rms,emg_mav,emg_variance,emg_std,emg_waveform_length,emg_zero_crossing,emg_ssc,emg_kurtosis,emg_skewness,emg_peak,emg_median_freq,emg_mean_freq,emg_peak_freq,emg_total_power,emg_power_low,emg_power_mid,emg_power_high,class_name
75.63065696682452,-3.402386324229901,714.26173011985,33.834747971450206,727355.0619360497,13020.793840389177,28494.92237146523,10.267221779738978,-1.831478868387844,120.09199898817845,74.02739314779384,80.93727968643013,75.26892446331371,559.0998186445438,50.54388534658091,-613.7470221644215,43.759883888690354,Fatigue
