emg_rms,emg_mav,emg_variance,emg_std,emg_waveform_length,emg_zero_crossing,emg_ssc,emg_kurtosis,emg_skewness,emg_peak,emg_median_freq,emg_mean_freq,emg_peak_freq,emg_total_power,emg_power_low,emg_power_mid,emg_power_high,class_name
36.73150117373197,2.5778210559938,1894.597735972432,55.05552909636866,558227.7767047228,9233.813079334086,25454.49927904816,13.537905653282571,0.2344326975558481,326.7627884628507,89.74902062516665,74.97484315004758,68.11295675307393,839.8797735096821,317.3587971146516,-128.01733752945415,15.458406542682916,Fatigue
