emg_rms,emg_mav,emg_variance,emg_std,emg_waveform_length,emg_zero_crossing,emg_ssc,emg_kurtosis,emg_skewness,emg_peak,emg_median_freq,emg_mean_freq,emg_peak_freq,emg_total_power,emg_power_low,emg_power_mid,emg_power_high,class_name
15.797099668719092,-4.891272555100997,1534.8018716408578,62.31265717972103,509018.1345026568,14318.726610979716,32985.640807525524,12.960231857426706,-0.0517754012252449,318.8832604255662,62.92348166322772,78.55967075958246,60.95237071717865,765.6898813087142,471.4064875282093,176.439693319483,-28.57282414317954,Fatigue
