emg_rms,emg_mav,emg_variance,emg_std,emg_waveform_length,emg_zero_crossing,emg_ssc,emg_kurtosis,emg_skewness,emg_peak,emg_median_freq,emg_mean_freq,emg_peak_freq,emg_total_power,emg_power_low,emg_power_mid,emg_power_high,class_name
24.054331145754084,16.873189249271075,3039.0817691701377,62.89642217438737,187191.0337521353,19120.12298834765,26009.171916827952,10.071892240916254,1.7747652940745025,438.4806366503291,45.74198117372018,64.1679895009341,76.88042196163099,767.0630757100762,227.88283991218648,-440.5221560451984,32.418087854504094,Fatigue
