emg_rms,emg_mav,emg_variance,emg_std,emg_waveform_length,emg_zero_crossing,emg_ssc,emg_kurtosis,emg_skewness,emg_peak,emg_median_freq,emg_mean_freq,emg_peak_freq,emg_total_power,emg_power_low,emg_power_mid,emg_power_high,class_name
71.95611669909161,19.445164911675207,1077.8682428821082,20.99623505215772,232672.15616359972,14841.735493311044,31263.722647726565,11.260005577173214,0.1073593888968078,338.2460177106988,86.89812390432775,83.44204266230409,54.924075238341416,12.234869220783024,-21.479942266432005,172.9813168266824,-17.345969881554787,Fatigue
