emg_rms,emg_mav,emg_variance,emg_std,emg_waveform_length,emg_zero_crossing,emg_ssc,emg_kurtosis,emg_skewness,emg_peak,emg_median_freq,emg_mean_freq,emg_peak_freq,emg_total_power,emg_power_low,emg_power_mid,emg_power_high,class_name
25.22807955733713,24.629819888505864,4829.5371683315125,37.71036211047233,325311.4195848513,14689.157923333869,29355.433170987133,18.153190035062728,0.2273099902287952,227.5851370502882,65.6635693326725,69.69709289335256,77.09103785970719,1761.727885497385,121.17072741389924,200.2620574537919,3.140598864951235,Fatigue
