emg_rms,emg_mav,emg_variance,emg_std,emg_waveform_length,emg_zero_crossing,emg_ssc,emg_kurtosis,emg_skewness,emg_peak,emg_median_freq,emg_mean_freq,emg_peak_freq,emg_total_power,emg_power_low,emg_power_mid,emg_power_high,class_name
54.92498736245933,13.128087397925963,-296.6805126486047,54.89856484994179,432848.29566714686,14911.59216733098,28633.76861173773,14.1902244888627,-0.6597073860991138,246.86241206739172,78.65863308725174,96.89366914033016,48.53276561827555,833.1086387352198,165.05347991552864,710.6489816501838,4.154338985770448,Fatigue
