emg_rms,emg_mav,emg_variance,emg_std,emg_waveform_length,emg_zero_crossing,emg_ssc,emg_kurtosis,emg_skewness,emg_peak,emg_median_freq,emg_mean_freq,emg_peak_freq,emg_total_power,emg_power_low,emg_power_mid,emg_power_high,class_name
40.69409697472065,19.705498173867923,681.7300026863736,30.240091232538912,921495.4869205424,9894.987301583831,28654.424577574053,16.936327813639988,-0.4033671160219049,313.0622386025439,60.92027871619089,58.803961964871824,37.50787197795805,-99.94660162101223,189.8931439314181,54.24729241274417,30.413950376819344,Fatigue
