emg_rms,emg_mav,emg_variance,emg_std,emg_waveform_length,emg_zero_crossing,emg_ssc,emg_kurtosis,emg_skewness,emg_peak,emg_median_freq,emg_mean_freq,emg_peak_freq,emg_total_power,emg_power_low,emg_power_mid,emg_power_high,class_name
47.82597757212496,14.077997028837192,4485.240600420551,58.0720407747703,260978.5550603036,12642.556337586237,30929.72570592857,12.883860695529188,-0.2936606925131562,368.1506684660161,90.54960310187272,96.41170433783172,65.0601788235353,-195.5427478379716,-41.14939443447736,515.1117881415986,68.1530805432166,Fatigue
