emg_rms,emg_mav,emg_variance,emg_std,emg_waveform_length,emg_zero_crossing,emg_ssc,emg_kurtosis,emg_skewness,emg_peak,emg_median_freq,emg_mean_freq,emg_peak_freq,emg_total_power,emg_power_low,emg_power_mid,emg_power_high,class_name
46.865933729565896,35.35567390659469,-1177.6817835855754,39.634037811674254,686113.3080563146,14958.535531687472,26721.152406197903,6.793616058533974,-1.2007991932917847,204.7548783314718,69.6211297748488,67.65811242768393,63.92065995328949,1132.6862764086256,-143.93028178603146,320.49770508177613,5.58720177374966,Fatigue
