emg_rms,emg_mav,emg_variance,emg_std,emg_waveform_length,emg_zero_crossing,emg_ssc,emg_kurtosis,emg_skewness,emg_peak,emg_median_freq,emg_mean_freq,emg_peak_freq,emg_total_power,emg_power_low,emg_power_mid,emg_power_high,class_name
50.7704010395894,22.38627052882386,5007.614086534427,24.89948820355024,616455.4045014275,13362.982843937529,18569.305976413907,8.820360387319583,-1.5011775884374918,352.3606890785804,86.6779854738379,59.10972184474767,76.8310078875648,576.2324969921185,70.01750097348503,560.8056167701754,38.02051485272419,Fatigue
