emg_rms,emg_mav,emg_variance,emg_std,emg_waveform_length,emg_zero_crossing,emg_ssc,emg_kurtosis,emg_skewness,emg_peak,emg_median_freq,emg_mean_freq,emg_peak_freq,emg_total_power,emg_power_low,emg_power_mid,emg_power_high,class_name
11.738846211694389,17.137995557417838,6800.88990721782,46.28449624706849,-374019.11289093975,17125.397803815726,33554.532888265174,16.821650209306373,-0.2691210971823101,221.34877914180777,59.86112522423724,83.255147370297,55.36316799964893,509.7497819279957,113.63960356669872,527.122541202412,45.4627765826238,Fatigue
