emg_rms,emg_mav,emg_variance,emg_std,emg_waveform_length,emg_zero_crossing,emg_ssc,emg_kurtosis,emg_skewness,emg_peak,emg_median_freq,emg_mean_freq,emg_peak_freq,emg_total_power,emg_power_low,emg_power_mid,emg_power_high,class_name
52.32497547095136,30.700100064065083,2058.142468115056,50.21588891944191,190982.9603813832,12436.452519676428,32348.718005927945,13.711470582246994,1.489814870306423,431.29272176898337,61.85315800440955,91.81960189931516,72.77543706629133,593.4926980700022,468.331580548372,621.771612525838,-26.19534923937546,Fatigue
