emg_rms,emg_mav,emg_variance,emg_std,emg_waveform_length,emg_zero_crossing,emg_ssc,emg_kurtosis,emg_skewness,emg_peak,emg_median_freq,emg_mean_freq,emg_peak_freq,emg_total_power,emg_power_low,emg_power_mid,emg_power_high,class_name
39.00665807638881,19.11275697664329,-2725.622236772717,35.43026023994605,369756.689063682,18642.552577269485,31230.480078444634,13.972465592268296,0.1659752092957006,182.97080869227364,84.12121987270649,70.39814092578622,63.05835105844575,951.5801606386328,29.676568491115475,867.5901176460005,6.474558092559832,Fatigue
