emg_rms,emg_mav,emg_variance,emg_std,emg_waveform_length,emg_zero_crossing,emg_ssc,emg_kurtosis,emg_skewness,emg_peak,emg_median_freq,emg_mean_freq,emg_peak_freq,emg_total_power,emg_power_low,emg_power_mid,emg_power_high,class_name
52.361759100639446,16.321874316626808,796.7981910249212,21.14471369633167,266525.0450027202,15103.909264438063,28995.48844712406,8.459176435458417,0.9882160963256372,342.39462700252784,63.94710327364021,94.80386901651528,62.710655630997024,-699.5084080940981,126.09407478690436,221.515120506403,-26.939605660689743,Fatigue
