emg_rms,emg_mav,emg_variance,emg_std,emg_waveform_length,emg_zero_crossing,emg_ssc,emg_kurtosis,emg_skewness,emg_peak,emg_median_freq,emg_mean_freq,emg_peak_freq,emg_total_power,emg_power_low,emg_power_mid,emg_power_high,class_name
10.87105118153201,19.956461264109723,1673.1288964257608,32.531203942361614,373657.7080051877,16241.133965662568,32005.36034832377,15.635819147446062,0.3666278879994286,288.20657059291904,57.600879670138994,77.41434788646487,65.31021780372885,753.4663217372693,396.62854248092873,-185.59498796282637,27.59297628658081,Fatigue
