emg_rms,emg_mav,emg_variance,emg_std,emg_waveform_length,emg_zero_crossing,emg_ssc,emg_kurtosis,emg_skewness,emg_peak,emg_median_freq,emg_mean_freq,emg_peak_freq,emg_total_power,emg_power_low,emg_power_mid,emg_power_high,class_name
54.19650261897616,33.92959548269172,2635.012570163613,30.718113721962418,206813.9886620991,18871.89444640969,30598.63878498779,14.80046558761136,0.5036861489820492,286.16362415908844,52.96077060895456,73.79445246375671,56.47723241460536,1454.6952778818736,229.32315001740824,-47.45728739350483,34.35300190666555,Fatigue
