emg_rms,emg_mav,emg_variance,emg_std,emg_waveform_length,emg_zero_crossing,emg_ssc,emg_kurtosis,emg_skewness,emg_peak,emg_median_freq,emg_mean_freq,emg_peak_freq,emg_total_power,emg_power_low,emg_power_mid,emg_power_high,class_name
44.66614757532357,27.13176333845994,593.0192169408542,45.89619854768888,2282.1404893376166,17439.63462552939,22268.59487302444,8.182936047488635,0.8097691914971517,283.35650091229786,74.79945741240603,104.90051218795632,42.623633974610485,752.0184531542616,244.08401755778152,184.5718008625952,4.830205330580057,Fatigue
