emg_rms,emg_mav,emg_variance,emg_std,emg_waveform_length,emg_zero_crossing,emg_ssc,emg_kurtosis,emg_skewness,emg_peak,emg_median_freq,emg_mean_freq,emg_peak_freq,emg_total_power,emg_power_low,emg_power_mid,emg_power_high,class_name
46.12935247321194,29.26745991290275,2687.3707464518047,35.6947667604349,436204.7887935916,13500.34410438569,27309.314256231923,6.0378868266768135,-0.09471826898127,252.59426893876145,54.98786584928836,63.59144722704263,28.36712446709852,-97.33212611576032,-101.93683675711716,1028.5376758521734,-10.060884381067346,Fatigue
