emg_rms,emg_mav,emg_variance,emg_std,emg_waveform_length,emg_zero_crossing,emg_ssc,emg_kurtosis,emg_skewness,emg_peak,emg_median_freq,emg_mean_freq,emg_peak_freq,emg_total_power,emg_power_low,emg_power_mid,emg_power_high,class_name
63.03148154666209,20.034550601080035,1222.92752735073,59.66618033349694,430020.2084630864,14137.081681900943,36308.200858882105,9.836921717835011,2.335803143636933,330.3072044170861,50.72088453256751,91.63163450121245,59.39723379605877,752.0815808373347,-206.1797760581191,8.419358289920808,36.6585588775789,Fatigue
