emg_rms,emg_mav,emg_variance,emg_std,emg_waveform_length,emg_zero_crossing,emg_ssc,emg_kurtosis,emg_skewness,emg_peak,emg_median_freq,emg_mean_freq,emg_peak_freq,emg_total_power,emg_power_low,emg_power_mid,emg_power_high,class_name
35.4951226741312,19.301350096753158,1503.9252433503652,51.39580572566327,592305.1299090539,7060.650107291828,25874.124546771927,9.499308455362126,1.914222305772616,202.1102941413712,59.36690627892696,69.57815086817817,42.57155009291813,83.2015712694311,-96.6349804603418,-207.33030321212027,-34.34473859664165,Fatigue
