emg_rms,emg_mav,emg_variance,emg_std,emg_waveform_length,emg_zero_crossing,emg_ssc,emg_kurtosis,emg_skewness,emg_peak,emg_median_freq,emg_mean_freq,emg_peak_freq,emg_total_power,emg_power_low,emg_power_mid,emg_power_high,class_name
20.32028548039115,22.642289232032248,122.7847973026087,34.02290019355824,519864.7089588449,11752.177974005908,27850.913177926926,16.473126531525146,0.8029547895482914,382.53042415311273,54.92894438206086,82.795041568688,41.874674813636645,164.4397218890286,278.3351387943844,436.8793947821249,24.851058604277384,Fatigue
