emg_rms,emg_mav,emg_variance,emg_std,emg_waveform_length,emg_zero_crossing,emg_ssc,emg_kurtosis,emg_skewness,emg_peak,emg_median_freq,emg_mean_freq,emg_peak_freq,emg_total_power,emg_power_low,emg_power_mid,emg_power_high,class_name
49.65806183813439,14.801234667507362,3686.904727443738,31.8130050499908,566142.0275431483,6407.3912793700765,23235.65057081053,5.4225856770233385,-1.408931862479608,326.2342521933402,68.2127498384981,76.6664672306182,40.09676958581365,440.1720546650721,199.28299246768265,1236.383688341703,31.30083632447313,Fatigue
