emg_rms,emg_mav,emg_variance,emg_std,emg_waveform_length,emg_zero_crossing,emg_ssc,emg_kurtosis,emg_skewness,emg_peak,emg_median_freq,emg_mean_freq,emg_peak_freq,emg_total_power,emg_power_low,emg_power_mid,emg_power_high,class_name
53.697583286678025,19.81669832035709,334.0357251501878,10.702418224234464,503289.9664784085,12028.182889130803,26411.92739791805,11.095809550040943,-2.212334320111485,169.10444363838363,77.26135172208222,79.28647380358737,66.34156696410703,883.347253872264,133.3723361100882,-186.3827895518376,34.33553071772009,Fatigue
