emg_rms,emg_mav,emg_variance,emg_std,emg_waveform_length,emg_zero_crossing,emg_ssc,emg_kurtosis,emg_skewness,emg_peak,emg_median_freq,emg_mean_freq,emg_peak_freq,emg_total_power,emg_power_low,emg_power_mid,emg_power_high,class_name
29.9201616029058,9.251701367127048,-675.0898887054691,41.04682855923952,574109.1568376287,14840.816156427358,26288.677918919988,11.2516624402733,1.130768640033881,-63.77731663300966,58.48348716078672,73.82168367999219,69.96853923439753,873.634946171822,-201.29742787694977,478.4353473894424,55.44777571631934,Fatigue
