emg_rms,emg_mav,emg_variance,emg_std,emg_waveform_length,emg_zero_crossing,emg_ssc,emg_kurtosis,emg_skewness,emg_peak,emg_median_freq,emg_mean_freq,emg_peak_freq,emg_total_power,emg_power_low,emg_power_mid,emg_power_high,class_name
0.7534965102070075,34.389267264526566,2027.01080896498,24.11599554097561,213648.29856639425,12493.061550812405,29018.549356246876,16.534973019517476,-0.2654278273524546,337.8371479681172,55.98966085901446,93.70886406876788,69.94566785443186,698.197618442502,299.47316694434625,573.1535901090466,35.50739542214879,Fatigue
