emg_rms,emg_mav,emg_variance,emg_std,emg_waveform_length,emg_zero_crossing,emg_ssc,emg_kurtosis,emg_skewness,emg_peak,emg_median_freq,emg_mean_freq,emg_peak_freq,emg_total_power,emg_power_low,emg_power_mid,emg_power_high,class_name
31.61544634316937,20.39868263766636,1991.2971120512063,69.0597214944999,491828.8848769359,17070.246263478424,31853.02956318167,-0.185455339792961,-1.0305000675082994,258.49189079145145,70.97671590928556,86.21828274318514,57.55247248208802,-564.1240260056786,326.15541686238544,58.21073239845282,-29.49199775419023,Fatigue
