emg_rms,emg_mav,emg_variance,emg_std,emg_waveform_length,emg_zero_crossing,emg_ssc,emg_kurtosis,emg_skewness,emg_peak,emg_median_freq,emg_mean_freq,emg_peak_freq,emg_total_power,emg_power_low,emg_power_mid,emg_power_high,class_name
37.47552094897494,22.652130495456717,3192.768732480865,29.5514749915366,426012.3330080342,17419.998881427935,38486.39191193058,5.880414558660181,-0.1271189739942052,311.4927669423411,50.06704777369822,44.11809145553869,38.967625690046745,18.99979515334394,171.87358101143136,434.0491236754512,11.031695285135331,Fatigue
