emg_rms,emg_mav,emg_variance,emg_std,emg_waveform_length,emg_zero_crossing,emg_ssc,emg_kurtosis,emg_skewness,emg_peak,emg_median_freq,emg_mean_freq,emg_peak_freq,emg_total_power,emg_power_low,emg_power_mid,emg_power_high,class_name
32.23240474955838,23.7087332948694,3292.9766997388238,12.021343678530474,457272.2954087987,16971.54032155685,36833.95540740659,8.528272978265392,-3.5019810009087164,105.82110616510278,48.93196665363655,77.79977843434968,44.76062208336731,-129.94242230461515,300.17201598477584,685.9910048007886,-26.915197260800447,Fatigue
