emg_rms,emg_mav,emg_variance,emg_std,emg_waveform_length,emg_zero_crossing,emg_ssc,emg_kurtosis,emg_skewness,emg_peak,emg_median_freq,emg_mean_freq,emg_peak_freq,emg_total_power,emg_power_low,emg_power_mid,emg_power_high,class_name
28.48946949623388,4.363213267179592,-1155.7486265769758,36.39422480027324,251228.44813298224,26153.318056188906,33276.337623242056,12.517035933108536,-1.1916239753307365,555.6758975875832,81.53907388022286,81.9109190757345,67.7841436129021,-31.46804256944307,130.21309938676418,197.44995788513657,13.224916294342352,Fatigue
