emg_rms,emg_mav,emg_variance,emg_std,emg_waveform_length,emg_zero_crossing,emg_ssc,emg_kurtosis,emg_skewness,emg_peak,emg_median_freq,emg_mean_freq,emg_peak_freq,emg_total_power,emg_power_low,emg_power_mid,emg_power_high,class_name
21.27127006816931,16.040527176885437,66.52452553115995,38.16412419397816,339950.36772062496,14041.7799372834,27268.103443069485,19.597776426644018,0.6821422399345416,175.25160952607553,82.08416809707153,79.11082918640733,54.89962741168242,-221.82982152570827,-88.17146393282428,1038.7163803984895,76.54483798933576,Fatigue
