emg_rms,emg_mav,emg_variance,emg_std,emg_waveform_length,emg_zero_crossing,emg_ssc,emg_kurtosis,emg_skewness,emg_peak,emg_median_freq,emg_mean_freq,emg_peak_freq,emg_total_power,emg_power_low,emg_power_mid,emg_power_high,class_name
26.430977806950576,27.03009284367645,431.3414805466066,51.03853289175797,480822.7512599712,17071.644299141622,30830.88332591053,24.87207091588237,-0.6380565948171182,259.3623684101037,88.37554054373285,88.07034939231735,81.92735044036615,828.4003417993601,457.86018484962113,477.8631933756439,-10.385506077408262,Fatigue
