emg_rms,emg_mav,emg_variance,emg_std,emg_waveform_length,emg_zero_crossing,emg_ssc,emg_kurtosis,emg_skewness,emg_peak,emg_median_freq,emg_mean_freq,emg_peak_freq,emg_total_power,emg_power_low,emg_power_mid,emg_power_high,class_name
51.6696584082004,16.348745102001494,125.130026570273,31.01318599664246,292706.69810915075,19172.05322877356,31138.12525978058,14.392262564627703,2.212098491302432,189.80354627648268,58.16770584536133,102.96166477051752,47.78314756395527,725.8317894765578,-53.30874084204518,975.4349586096322,20.206155807769225,Fatigue
