emg_rms,emg_mav,emg_variance,emg_std,emg_waveform_length,emg_zero_crossing,emg_ssc,emg_kurtosis,emg_skewness,emg_peak,emg_median_freq,emg_mean_freq,emg_peak_freq,emg_total_power,emg_power_low,emg_power_mid,emg_power_high,class_name
59.91203218350791,6.779399281267745,302.4137987252418,41.18601264971627,560337.8022145871,17838.547041213667,29181.93984642389,4.111411303349501,-2.1183699709662758,449.0735144772568,70.7768426499287,67.42518532557705,47.970220770083074,-148.15374953361726,241.75918974653575,519.2369726855151,3.769656210054226,Fatigue
