emg_rms,emg_mav,emg_variance,emg_std,emg_waveform_length,emg_zero_crossing,emg_ssc,emg_kurtosis,emg_skewness,emg_peak,emg_median_freq,emg_mean_freq,emg_peak_freq,emg_total_power,emg_power_low,emg_power_mid,emg_power_high,class_name
19.365128265189902,21.891763775326258,3526.312844164091,61.96472544980181,484876.1804015688,7491.001397538846,29158.31722503044,-0.2754726248011483,0.0120854837244047,238.0078416836418,75.98613399880466,77.77752683613662,64.99392132833123,161.1964725740939,270.16879034711,-2.6200668417367865,28.99192744885453,Fatigue
