emg_rms,emg_mav,emg_variance,emg_std,emg_waveform_length,emg_zero_crossing,emg_ssc,emg_kurtosis,emg_skewness,emg_peak,emg_median_freq,emg_mean_freq,emg_peak_freq,emg_total_power,emg_power_low,emg_power_mid,emg_power_high,class_name
20.85581731016978,20.73126865821392,-3254.178090433582,28.87274569422611,801972.4720388805,18273.44470792865,30824.983507159493,4.452560605325005,-0.1130005859328244,332.2224913142596,74.56899637192652,90.3877207087674,44.712862430860895,734.1091269713938,173.11409000994402,594.3403677156871,2.907420961806894,Fatigue
