emg_rms,emg_mav,emg_variance,emg_std,emg_waveform_length,emg_zero_crossing,emg_ssc,emg_kurtosis,emg_skewness,emg_peak,emg_median_freq,emg_mean_freq,emg_peak_freq,emg_total_power,emg_power_low,emg_power_mid,emg_power_high,class_name
24.408539978270376,23.820037247871944,2070.581988818126,2.92830103653818,552831.1099229209,11303.944149630235,29833.471083928995,7.173398546236816,-0.6653668502622926,257.62701013202826,54.80357598355221,109.85466332811777,69.34312293765025,118.82314672414856,234.29842163911465,895.762208498138,-20.71697966642442,Fatigue
