emg_rms,emg_mav,emg_variance,emg_std,emg_waveform_length,emg_zero_crossing,emg_ssc,emg_kurtosis,emg_skewness,emg_peak,emg_median_freq,emg_mean_freq,emg_peak_freq,emg_total_power,emg_power_low,emg_power_mid,emg_power_high,class_name
27.194248674717947,15.463599476833876,2986.168055224274,48.08914674332645,487779.508913742,8631.129295353006,27007.67354203352,13.124698542658235,-0.7043546864757085,558.0549986191662,67.60453573413328,75.47883871141266,69.13910583381701,276.92326459306173,106.93300669790584,-84.41354707010208,20.207860406687296,Fatigue
