emg_rms,emg_mav,emg_variance,emg_std,emg_waveform_length,emg_zero_crossing,emg_ssc,emg_kurtosis,emg_skewness,emg_peak,emg_median_freq,emg_mean_freq,emg_peak_freq,emg_total_power,emg_power_low,emg_power_mid,emg_power_high,class_name
1.541481420813696,8.075154685596566,3378.483361896353,35.47847669040215,776931.7667506081,16833.999644959782,26507.16625173785,14.482595150441858,0.6517420469152323,283.2241493808366,60.03272429472736,86.5414851757479,47.42147591529882,-179.29091226211477,97.38137237558848,807.4419239285683,10.522458052552269,Fatigue
