emg_rms,emg_mav,emg_variance,emg_std,emg_waveform_length,emg_zero_crossing,emg_ssc,emg_kurtosis,emg_skewness,emg_peak,emg_median_freq,emg_mean_freq,emg_peak_freq,emg_total_power,emg_power_low,emg_power_mid,emg_power_high,class_name
41.53403135313958,2.709021339764293,453.7176380662781,58.58127468685511,517465.7414707831,10788.71130319136,32912.12142485329,6.044540856660387,-2.271411199085595,299.19737930062536,57.20522812355957,65.00328544411906,63.05250270615058,420.4533978018276,-200.1352419864556,181.52266868292543,-26.269019320978103,Fatigue
