emg_rms,emg_mav,emg_variance,emg_std,emg_waveform_length,emg_zero_crossing,emg_ssc,emg_kurtosis,emg_skewness,emg_peak,emg_median_freq,emg_mean_freq,emg_peak_freq,emg_total_power,emg_power_low,emg_power_mid,emg_power_high,class_name
64.23276909883951,24.50272659407888,265.2058913654578,36.53428585655536,644156.8728194087,16606.396936264136,30965.30192177916,9.2638170597455,-2.064834428588453,293.41498741129857,57.864576128730576,70.13973254623419,67.41741943656345,232.0218566221292,316.33344817300497,517.7015739167928,54.02241590085918,Fatigue
