emg_rms,emg_mav,emg_variance,emg_std,emg_waveform_length,emg_zero_crossing,emg_ssc,emg_kurtosis,emg_skewness,emg_peak,emg_median_freq,emg_mean_freq,emg_peak_freq,emg_total_power,emg_power_low,emg_power_mid,emg_power_high,class_name
47.94888552937243,11.59066691387738,-3147.4074226982066,36.564840118401854,834562.19199354,12396.208260524014,25397.823703826336,14.34303626163223,2.266018706074635,370.51031168494734,65.31188501572427,89.99714940365192,42.341939599491766,806.0194588268237,201.10427896503316,163.97055762126553,-16.386409512851156,Fatigue
