emg_rms,emg_mav,emg_variance,emg_std,emg_waveform_length,emg_zero_crossing,emg_ssc,emg_kurtosis,emg_skewness,emg_peak,emg_median_freq,emg_mean_freq,emg_peak_freq,emg_total_power,emg_power_low,emg_power_mid,emg_power_high,class_name
32.47456372943756,12.111433225838027,1716.085271953679,57.44916657672083,76160.73029859562,17843.475156462224,36744.096917302406,7.71128755013841,1.8628246996419415,255.21382856515064,50.18351917550504,63.079128562276985,53.01481694443532,554.4814002337707,24.09541753497166,-447.0135479506537,4.58805063211277,Fatigue
