emg_rms,emg_mav,emg_variance,emg_std,emg_waveform_length,emg_zero_crossing,emg_ssc,emg_kurtosis,emg_skewness,emg_peak,emg_median_freq,emg_mean_freq,emg_peak_freq,emg_total_power,emg_power_low,emg_power_mid,emg_power_high,class_name
33.128234056090015,21.508757731276752,725.5000956245158,43.63192003304987,442280.65297297295,15871.062761950452,27434.93809412291,11.189268552596063,1.1241318271238083,425.42746095470574,76.17130361474368,56.45412842851724,59.34778658650557,-763.404700932892,204.77344900912396,162.63264544914125,45.40421251767143,Fatigue
