emg_rms,emg_mav,emg_variance,emg_std,emg_waveform_length,emg_zero_crossing,emg_ssc,emg_kurtosis,emg_skewness,emg_peak,emg_median_freq,emg_mean_freq,emg_peak_freq,emg_total_power,emg_power_low,emg_power_mid,emg_power_high,class_name
58.10615805195456,22.40383952105193,-96.29548979869946,57.363566001959725,120009.62101670698,11352.709294326156,30133.32353300098,12.349837601159518,0.8321733092765244,419.9474136171463,65.32934634080438,76.69986384614953,50.4282131227549,203.2441298438752,209.73127807085524,369.3367797661171,26.015739507507057,Fatigue
