emg_rms,emg_mav,emg_variance,emg_std,emg_waveform_length,emg_zero_crossing,emg_ssc,emg_kurtosis,emg_skewness,emg_peak,emg_median_freq,emg_mean_freq,emg_peak_freq,emg_total_power,emg_power_low,emg_power_mid,emg_power_high,class_name
41.24238904276825,14.677756935098447,-357.2959337469524,34.704298282478064,132983.05660003185,8512.997072922282,30812.068652241825,10.52234233541325,1.1098218041671055,250.34740758156005,71.26017820354289,76.38233219456788,84.32441736683826,269.9998276828304,-90.13406269351508,231.01311416181107,25.0792373239532,Fatigue
