emg_rms,emg_mav,emg_variance,emg_std,emg_waveform_length,emg_zero_crossing,emg_ssc,emg_kurtosis,emg_skewness,emg_peak,emg_median_freq,emg_mean_freq,emg_peak_freq,emg_total_power,emg_power_low,emg_power_mid,emg_power_high,class_name
39.998039208963085,3.542696790809698,436.8490578028777,34.429547487171114,525988.9512528798,11059.334520188671,24856.364028239117,11.771327997343908,0.6511847885035228,395.8430909199071,69.46051585036084,127.23702500915584,33.854271519708576,465.7382114907632,-27.48894830257157,658.3112598040004,15.028614975113106,Fatigue
