emg_rms,emg_mav,emg_variance,emg_std,emg_waveform_length,emg_zero_crossing,emg_ssc,emg_kurtosis,emg_skewness,emg_peak,emg_median_freq,emg_mean_freq,emg_peak_freq,emg_total_power,emg_power_low,emg_power_mid,emg_power_high,class_name
51.9428898132461,13.244582208247897,-1403.5724906181358,33.429012041631054,863905.7249593169,17875.26806477595,22589.55066658988,8.15098215715055,-1.0572464714153176,376.34046878904735,74.43108843729453,107.72507642479177,38.19643763490524,181.9886656515913,203.7718064207765,453.6169890128541,-32.17814508025264,Fatigue
