emg_rms,emg_mav,emg_variance,emg_std,emg_waveform_length,emg_zero_crossing,emg_ssc,emg_kurtosis,emg_skewness,emg_peak,emg_median_freq,emg_mean_freq,emg_peak_freq,emg_total_power,emg_power_low,emg_power_mid,emg_power_high,class_name
24.178432397869187,16.572786573147194,5245.779504513678,26.832356466838156,656951.0730380793,9097.453254150005,20451.190447583384,9.398155689001722,0.0268480988238865,233.54156449158728,61.79322692706448,70.82601505930312,42.44209303665855,88.2055707753297,158.24078236689675,-847.6468173101248,32.14015613488217,Fatigue
