emg_rms,emg_mav,emg_variance,emg_std,emg_waveform_length,emg_zero_crossing,emg_ssc,emg_kurtosis,emg_skewness,emg_peak,emg_median_freq,emg_mean_freq,emg_peak_freq,emg_total_power,emg_power_low,emg_power_mid,emg_power_high,class_name
39.36160391405574,16.09378825279807,4990.855865294601,35.588392147739164,467223.37591285934,18669.99995375605,32989.69721671071,9.001073374930606,0.1442491405946876,262.9877274726049,62.57614910537924,87.10407581665868,54.487593698511965,-80.29702147278641,4.867127834668636,506.8914467846362,23.925877280651047,Fatigue
