emg_rms,emg_mav,emg_variance,emg_std,emg_waveform_length,emg_zero_crossing,emg_ssc,emg_kurtosis,emg_skewness,emg_peak,emg_median_freq,emg_mean_freq,emg_peak_freq,emg_total_power,emg_power_low,emg_power_mid,emg_power_high,class_name
25.35900409285944,26.58455256037877,1151.10653962238,58.06040253643306,723372.2383565039,15280.279351997524,32730.315818341936,5.959485707112352,0.0763830596865952,355.84448591314856,42.02966423670354,67.99014322959162,41.45086310505199,1035.7307807700693,-9.861639853975902,1206.6882736285088,19.617801428898893,Fatigue
