emg_rms,emg_mav,emg_variance,emg_std,emg_waveform_length,emg_zero_crossing,emg_ssc,emg_kurtosis,emg_skewness,emg_peak,emg_median_freq,emg_mean_freq,emg_peak_freq,emg_total_power,emg_power_low,emg_power_mid,emg_power_high,class_name
43.09212180607692,25.136860464098092,3166.5645764600586,7.905653595802352,311463.42758797173,9896.795357603,26860.83353148533,12.55886872805263,0.1275104819909713,490.4459613086121,50.715942112375664,72.63709520571096,62.42199798699448,-88.47007753669317,118.24579212119428,271.10152899587194,45.01403054884776,Fatigue
