emg_rms,emg_mav,emg_variance,emg_std,emg_waveform_length,emg_zero_crossing,emg_ssc,emg_kurtosis,emg_skewness,emg_peak,emg_median_freq,emg_mean_freq,emg_peak_freq,emg_total_power,emg_power_low,emg_power_mid,emg_power_high,class_name
19.499620834779748,28.022406435008147,5833.189525139098,51.69933466429725,241331.30187179332,12663.165253419344,29575.50942054306,6.527400631427459,-0.1450249676748779,515.3621496414611,86.53640355072761,67.88605178544084,52.995349521280666,-906.793991995224,90.68977857789244,841.4547894971959,-24.604162685641136,Fatigue
