emg_rms,emg_mav,emg_variance,emg_std,emg_waveform_length,emg_zero_crossing,emg_ssc,emg_kurtosis,emg_skewness,emg_peak,emg_median_freq,emg_mean_freq,emg_peak_freq,emg_total_power,emg_power_low,emg_power_mid,emg_power_high,class_name
38.25437742955678,12.85544217943305,2829.715064466442,88.14321401232071,478296.13913535024,9793.854266015667,30229.49181480961,9.74395097782427,-0.0887008942547264,440.7270432620886,97.50573770918244,90.18660019641348,52.02904895907203,458.0162691139549,245.51040221284092,369.9889170005367,43.62537597524285,Fatigue
