emg_rms,emg_mav,emg_variance,emg_std,emg_waveform_length,emg_zero_crossing,emg_ssc,emg_kurtosis,emg_skewness,emg_peak,emg_median_freq,emg_mean_freq,emg_peak_freq,emg_total_power,emg_power_low,emg_power_mid,emg_power_high,class_name
26.970595758223077,3.331025558339512,2153.8564783109427,42.80575192506558,226454.40604200496,12081.701872230711,30554.934248850237,1.044208376453863,-0.2380057869099388,599.4626505657388,60.46033220272648,87.2237247358293,50.94339883376166,1370.353355331726,-82.04170580858025,1345.4437668088835,26.2917320778382,Fatigue
