emg_rms,emg_mav,emg_variance,emg_std,emg_waveform_length,emg_zero_crossing,emg_ssc,emg_kurtosis,emg_skewness,emg_peak,emg_median_freq,emg_mean_freq,emg_peak_freq,emg_total_power,emg_power_low,emg_power_mid,emg_power_high,class_name
20.704982594172648,29.81187251085733,-857.4840141742948,51.80559520205086,201187.6888113108,14801.593597205476,33948.9641221972,9.827879522586697,-0.8761989083551386,367.87593793552566,74.5204950923758,85.68173501571096,78.23468603920622,1044.8104584062762,144.99466036419977,1431.2719142897165,-49.75112411149223,Fatigue
