emg_rms,emg_mav,emg_variance,emg_std,emg_waveform_length,emg_zero_crossing,emg_ssc,emg_kurtosis,emg_skewness,emg_peak,emg_median_freq,emg_mean_freq,emg_peak_freq,emg_total_power,emg_power_low,emg_power_mid,emg_power_high,class_name
22.263696657111165,1.8533062397982416,3131.1095254534703,28.117063273170828,730808.2778795811,11657.52019681608,23018.26429383916,9.925782277546606,2.016503020692164,376.49538960426105,70.38812036256752,43.65374414344628,52.60860408065746,364.99641976176736,-135.5648436615346,-237.3871109626081,15.793129640887445,Fatigue
