emg_rms,emg_mav,emg_variance,emg_std,emg_waveform_length,emg_zero_crossing,emg_ssc,emg_kurtosis,emg_skewness,emg_peak,emg_median_freq,emg_mean_freq,emg_peak_freq,emg_total_power,emg_power_low,emg_power_mid,emg_power_high,class_name
66.89330966073288,9.275161453253764,3904.234366786776,67.79603992607886,580348.6581070878,8794.68273913251,27239.02149167755,8.219969102927948,0.883393846752671,183.3011486450673,57.36926271786734,89.61251864148453,60.08544043010197,216.93443044339585,191.0043406472068,176.8442721843489,12.95733217873444,Fatigue
