emg_rms,emg_mav,emg_variance,emg_std,emg_waveform_length,emg_zero_crossing,emg_ssc,emg_kurtosis,emg_skewness,emg_peak,emg_median_freq,emg_mean_freq,emg_peak_freq,emg_total_power,emg_power_low,emg_power_mid,emg_power_high,class_name
51.2349737970416,17.303712623050984,1957.1570960585543,34.66142760391478,645340.3831391151,16854.171166206674,34574.25275889867,18.113083900412555,-0.3612555056802973,188.4466579574158,68.73839264977711,92.25225823156195,51.54318211509344,542.3129718246079,-72.45330585045329,465.4543599294671,-12.499740877115157,Fatigue
