emg_rms,emg_mav,emg_variance,emg_std,emg_waveform_length,emg_zero_crossing,emg_ssc,emg_kurtosis,emg_skewness,emg_peak,emg_median_freq,emg_mean_freq,emg_peak_freq,emg_total_power,emg_power_low,emg_power_mid,emg_power_high,class_name
64.72918264878844,6.902958681088824,-2148.7261820523804,58.32796740038324,85218.69572187157,9584.803560822678,24713.78639355127,12.98652023337391,2.704973375431516,454.0544396652711,69.73081304080475,99.70643080198484,63.8653337950008,879.4555125168022,-56.577344140065634,533.3402841477072,18.984894896423725,Fatigue
