emg_rms,emg_mav,emg_variance,emg_std,emg_waveform_length,emg_zero_crossing,emg_ssc,emg_kurtosis,emg_skewness,emg_peak,emg_median_freq,emg_mean_freq,emg_peak_freq,emg_total_power,emg_power_low,emg_power_mid,emg_power_high,class_name
45.55389460027134,28.162368961246784,838.6565840062366,38.64584771558716,846352.7842408497,16918.060546780456,26242.60157617366,21.591147531959045,0.7035291469203299,378.7146623078475,59.51863410027006,51.77440273428938,58.33254323408787,-268.4337854333276,211.2839344365518,271.962837802239,12.518545377889414,Fatigue
