emg_rms,emg_mav,emg_variance,emg_std,emg_waveform_length,emg_zero_crossing,emg_ssc,emg_kurtosis,emg_skewness,emg_peak,emg_median_freq,emg_mean_freq,emg_peak_freq,emg_total_power,emg_power_low,emg_power_mid,emg_power_high,class_name
34.28074193866744,9.139224191677672,2148.322853216798,34.638310721603254,102505.78870030068,17474.97467784729,28788.05443853904,19.83570779233437,0.6770355272553158,241.28108046831585,67.59360792502996,96.83875943347672,44.84346180125088,1435.1429498606203,104.34139283420711,565.3569963192602,-3.217329845209456,Fatigue
