emg_rms,emg_mav,emg_variance,emg_std,emg_waveform_length,emg_zero_crossing,emg_ssc,emg_kurtosis,emg_skewness,emg_peak,emg_median_freq,emg_mean_freq,emg_peak_freq,emg_total_power,emg_power_low,emg_power_mid,emg_power_high,class_name
59.62583846800847,19.92988519534093,211.51528844806444,55.92573592359558,678339.423716761,12249.47626656818,27930.786713749952,14.245763332267666,0.2905317461267332,400.6877788767089,51.51507738179647,76.26512385271923,63.21592095875673,163.23844959027974,204.4376320145007,631.9991391656163,-61.24764722334207,Fatigue
