emg_rms,emg_mav,emg_variance,emg_std,emg_waveform_length,emg_zero_crossing,emg_ssc,emg_kurtosis,emg_skewness,emg_peak,emg_median_freq,emg_mean_freq,emg_peak_freq,emg_total_power,emg_power_low,emg_power_mid,emg_power_high,class_name
77.57068937121737,9.827603920800822,3906.306210597517,15.988733430699618,714676.5686384737,5132.053556113038,32461.662575548267,2.9497222726210808,1.61316167353022,316.0921098812521,90.31886059663115,58.9665901140674,65.71857455869718,122.25014153898928,103.94276561966448,353.7314379217823,23.4612069200982,Fatigue
