emg_rms,emg_mav,emg_variance,emg_std,emg_waveform_length,emg_zero_crossing,emg_ssc,emg_kurtosis,emg_skewness,emg_peak,emg_median_freq,emg_mean_freq,emg_peak_freq,emg_total_power,emg_power_low,emg_power_mid,emg_power_high,class_name
50.42802658218842,24.354565548881528,2616.5101159424744,39.70297972007352,317435.70256438665,6300.902363608013,34192.66108350973,6.317915733884354,0.7306480273839899,339.70039709110887,71.86139954704154,93.85164316399256,81.58360259086942,2.467679476461853,181.36030444025013,-66.68747815789152,0.4556612016621031,Fatigue
