emg_rms,emg_mav,emg_variance,emg_std,emg_waveform_length,emg_zero_crossing,emg_ssc,emg_kurtosis,emg_skewness,emg_peak,emg_median_freq,emg_mean_freq,emg_peak_freq,emg_total_power,emg_power_low,emg_power_mid,emg_power_high,class_name
52.84104632567478,23.94573290358836,1728.9866588274924,25.92844989856205,432388.8889140796,12847.226879040532,32621.76751812925,13.615006272817096,0.4026097341110897,245.3672660258636,51.166675246618254,75.37679657568643,58.50279707027953,1083.5851422341984,123.071814326869,141.55845262027375,-19.790371045229925,Fatigue
