emg_rms,emg_mav,emg_variance,emg_std,emg_waveform_length,emg_zero_crossing,emg_ssc,emg_kurtosis,emg_skewness,emg_peak,emg_median_freq,emg_mean_freq,emg_peak_freq,emg_total_power,emg_power_low,emg_power_mid,emg_power_high,class_name
57.85615231664816,-4.140372909508155,3327.699362998067,49.45821005218335,178358.9760026029,10382.759910611128,29775.669549099683,10.54116087978263,1.2788449424606585,434.4796819817364,54.85933973902086,59.76157637210572,53.64946105256871,338.7120839166769,72.36383222427634,-323.745707827919,38.84158957654755,Fatigue
