emg_rms,emg_mav,emg_variance,emg_std,emg_waveform_length,emg_zero_crossing,emg_ssc,emg_kurtosis,emg_skewness,emg_peak,emg_median_freq,emg_mean_freq,emg_peak_freq,emg_total_power,emg_power_low,emg_power_mid,emg_power_high,class_name
51.11654550563303,22.264378554913133,279.49718171052155,20.905389907356447,986568.1397972596,10804.399878206686,22574.56544171647,15.162313516246533,-0.0045467601466039,498.3235120831505,52.43921467041358,85.08823312962717,67.60689492114614,9.416377687712384,297.9265765392721,259.3582619492412,20.775498322732084,Fatigue
