emg_rms,emg_mav,emg_variance,emg_std,emg_waveform_length,emg_zero_crossing,emg_ssc,emg_kurtosis,emg_skewness,emg_peak,emg_median_freq,emg_mean_freq,emg_peak_freq,emg_total_power,emg_power_low,emg_power_mid,emg_power_high,class_name
43.21651527578179,19.898005955672176,2281.560896721824,43.48666694887035,316032.5356724019,12772.307717838416,33026.31905535934,11.478715760108122,2.336677812997872,455.5040756293481,58.27281729097159,78.95884512007875,68.2190149508001,1205.340960748474,186.27994762779207,666.4417598986456,21.6831453739022,Fatigue
