emg_rms,emg_mav,emg_variance,emg_std,emg_waveform_length,emg_zero_crossing,emg_ssc,emg_kurtosis,emg_skewness,emg_peak,emg_median_freq,emg_mean_freq,emg_peak_freq,emg_total_power,emg_power_low,emg_power_mid,emg_power_high,class_name
11.0476242347074,14.58695580944007,1125.649470245664,24.25629168153195,543516.9395625843,15367.95452725492,29232.60197605745,18.947196282908568,0.5756249413743909,325.4114421825002,57.37821656758106,79.77087702824532,44.198753291633935,1021.4457696106732,247.83617321108653,379.7069454716024,7.04042375531238,Fatigue
