emg_rms,emg_mav,emg_variance,emg_std,emg_waveform_length,emg_zero_crossing,emg_ssc,emg_kurtosis,emg_skewness,emg_peak,emg_median_freq,emg_mean_freq,emg_peak_freq,emg_total_power,emg_power_low,emg_power_mid,emg_power_high,class_name
49.17791867727639,14.353332606805663,2198.5415740721337,41.10044057312554,493147.8794786999,13157.429345202749,31312.361960571598,11.39368739875002,-0.5247855591265365,404.6364216153923,57.1458722130714,59.70601410822767,47.62947991896552,-167.44006725145954,69.73316611800891,477.5220400459039,3.41012694110162,Fatigue
