emg_rms,emg_mav,emg_variance,emg_std,emg_waveform_length,emg_zero_crossing,emg_ssc,emg_kurtosis,emg_skewness,emg_peak,emg_median_freq,emg_mean_freq,emg_peak_freq,emg_total_power,emg_power_low,emg_power_mid,emg_power_high,class_name
80.13201411389095,12.933173215289669,-438.1674823041758,45.05486999905296,358202.2567364621,12253.46025764586,28825.433487538583,4.0525172648852745,1.1517578979753142,399.2101795011724,64.80198133589582,45.60949151621218,67.79682860531841,126.1017881294062,61.07904211454331,459.92397113536174,-17.132528043907683,Fatigue
