emg_rms,emg_mav,emg_variance,emg_std,emg_waveform_length,emg_zero_crossing,emg_ssc,emg_kurtosis,emg_skewness,emg_peak,emg_median_freq,emg_mean_freq,emg_peak_freq,emg_total_power,emg_power_low,emg_power_mid,emg_power_high,class_name
18.60544393705122,32.74111720460808,5943.709738774217,31.857863802963276,436350.82840421615,11908.68049367732,23790.078202336263,16.396547950224978,1.0996194245167807,176.3618888241564,61.843863181806014,66.77268320980697,64.02015357602549,1331.9722749734613,116.4365312340678,1081.6300561439698,16.18823336152655,Fatigue
