emg_rms,emg_mav,emg_variance,emg_std,emg_waveform_length,emg_zero_crossing,emg_ssc,emg_kurtosis,emg_skewness,emg_peak,emg_median_freq,emg_mean_freq,emg_peak_freq,emg_total_power,emg_power_low,emg_power_mid,emg_power_high,class_name
40.78886283787602,16.820999050777708,512.7414624198973,54.41167623680685,327437.559302493,16009.621450128,27270.490417360143,14.078376747805818,1.7027740363780863,167.1117595124456,68.06912944605247,94.15709554944208,68.43859208462904,310.1519160861004,302.2191825168041,287.09727185305263,28.398394460854067,Fatigue
