emg_rms,emg_mav,emg_variance,emg_std,emg_waveform_length,emg_zero_crossing,emg_ssc,emg_kurtosis,emg_skewness,emg_peak,emg_median_freq,emg_mean_freq,emg_peak_freq,emg_total_power,emg_power_low,emg_power_mid,emg_power_high,class_name
27.93740894581328,32.77463345467328,3721.2360100365486,39.90884671558671,546810.2587724135,11340.906252562145,26973.65068869077,2.32564428634746,-0.6975266645973723,526.6272658617947,75.08357260735755,82.48144487650917,50.92689445109252,47.21801463253712,337.0152443547918,135.97909360936302,23.431978156461355,Fatigue
