emg_rms,emg_mav,emg_variance,emg_std,emg_waveform_length,emg_zero_crossing,emg_ssc,emg_kurtosis,emg_skewness,emg_peak,emg_median_freq,emg_mean_freq,emg_peak_freq,emg_total_power,emg_power_low,emg_power_mid,emg_power_high,class_name
72.01861009589697,12.879740960296717,-473.789934336185,19.796661217784457,596091.1618035962,11651.829775792785,38174.684094148055,14.846025760860806,1.0020689523083048,-1.25801662468308,69.94360321729553,100.73703935120449,54.957253786677214,294.7589901495158,56.932152799440416,129.70696602830031,24.920971047306352,Fatigue
