emg_rms,emg_mav,emg_variance,emg_std,emg_waveform_length,emg_zero_crossing,emg_ssc,emg_kurtosis,emg_skewness,emg_peak,emg_median_freq,emg_mean_freq,emg_peak_freq,emg_total_power,emg_power_low,emg_power_mid,emg_power_high,class_name
55.39606119611574,9.213405863113977,1889.136909440504,68.98854699038598,513737.6475666804,9091.563532841214,28571.23621555953,14.005449936685189,1.0761411938611718,68.99210954869508,53.5735306585788,98.40865184308568,41.35883269012665,469.2657252975826,-52.307690441403054,1044.8504672624963,-2.8209874035204976,Fatigue
