emg_rms,emg_mav,emg_variance,emg_std,emg_waveform_length,emg_zero_crossing,emg_ssc,emg_kurtosis,emg_skewness,emg_peak,emg_median_freq,emg_mean_freq,emg_peak_freq,emg_total_power,emg_power_low,emg_power_mid,emg_power_high,class_name
1.2375764763686448,-7.363761773544063,5023.360726043948,48.8841501822147,668173.8036822944,19337.30771364844,26962.13896427747,15.535880021572815,0.2319161165796636,268.3885220903286,65.95754903336129,94.03074272391544,69.25215762534674,-73.96393078266561,50.20114654097799,15.38938103649707,22.937928904814257,Fatigue
