emg_rms,emg_mav,emg_variance,emg_std,emg_waveform_length,emg_zero_crossing,emg_ssc,emg_kurtosis,emg_skewness,emg_peak,emg_median_freq,emg_mean_freq,emg_peak_freq,emg_total_power,emg_power_low,emg_power_mid,emg_power_high,class_name
18.06761711931536,41.81594634825287,1255.954092140793,8.133879613127675,415036.8294474654,17767.463427473238,22458.23519269641,13.442099470230364,1.574096929417284,306.8979700966481,49.14644068703247,131.35750701675315,66.6626262896371,1607.132069856244,140.5643429747938,741.487727220446,33.29790712366382,Fatigue
