emg_rms,emg_mav,emg_variance,emg_std,emg_waveform_length,emg_zero_crossing,emg_ssc,emg_kurtosis,emg_skewness,emg_peak,emg_median_freq,emg_mean_freq,emg_peak_freq,emg_total_power,emg_power_low,emg_power_mid,emg_power_high,class_name
58.008817574498565,17.1162357787409,1036.87461951958,73.55542961528732,858274.2122328558,15901.494542445778,19804.58164176686,9.739623272010528,-1.0429693554697304,232.38661503204904,49.75617064562486,100.74951624314748,53.882354591507536,696.2239154116228,239.46279099243836,466.1620148759839,2.440725499299461,Fatigue
