emg_rms,emg_mav,emg_variance,emg_std,emg_waveform_length,emg_zero_crossing,emg_ssc,emg_kurtosis,emg_skewness,emg_peak,emg_median_freq,emg_mean_freq,emg_peak_freq,emg_total_power,emg_power_low,emg_power_mid,emg_power_high,class_name
28.23920782592086,36.18956437363603,737.2030389439715,78.01026161234417,301906.8174186244,17469.534086269217,25718.908067910797,9.854571768675218,-1.1686990000606583,171.54337548078644,71.14727151925945,71.92599929204066,61.604975815319214,105.85746642488785,7.953089168616898,751.1982731022412,-12.959794594124538,Fatigue
