emg_rms,emg_mav,emg_variance,emg_std,emg_waveform_length,emg_zero_crossing,emg_ssc,emg_kurtosis,emg_skewness,emg_peak,emg_median_freq,emg_mean_freq,emg_peak_freq,emg_total_power,emg_power_low,emg_power_mid,emg_power_high,class_name
23.527212811245565,24.691485469178836,1065.3793907205468,9.959006736879918,257534.79861071403,16076.040701993888,31798.571682334423,9.848525208758462,-1.5878941710710055,472.8259340324173,34.35356003406719,81.15474722790043,49.56200985465579,-121.70624533716938,340.05721263285784,520.8612566373488,18.677545789743508,Fatigue
