emg_rms,emg_mav,emg_variance,emg_std,emg_waveform_length,emg_zero_crossing,emg_ssc,emg_kurtosis,emg_skewness,emg_peak,emg_median_freq,emg_mean_freq,emg_peak_freq,emg_total_power,emg_power_low,emg_power_mid,emg_power_high,class_name
45.28252002797838,14.05573800901578,889.8605397255074,41.10046497713593,183430.0775858865,8774.612160801218,31028.66918762151,15.711369806610175,0.8621907619689799,437.7834621078362,54.69106001081014,79.08206694286115,27.864274214385667,625.8799724836712,-69.80263942617577,838.6432190856523,23.14096559549194,Fatigue
