emg_rms,emg_mav,emg_variance,emg_std,emg_waveform_length,emg_zero_crossing,emg_ssc,emg_kurtosis,emg_skewness,emg_peak,emg_median_freq,emg_mean_freq,emg_peak_freq,emg_total_power,emg_power_low,emg_power_mid,emg_power_high,class_name
-3.384517121401004,13.783729331147372,-375.9682017086302,58.98004955327248,467814.2629569399,13881.415322260798,25773.19568828031,6.372217326284406,1.1445301711168878,339.0085911935065,77.58029209321141,85.88424821182866,58.23516512847663,94.04705864827406,240.6654531397837,90.8621336695794,12.911472751306306,Fatigue
