emg_rms,emg_mav,emg_variance,emg_std,emg_waveform_length,emg_zero_crossing,emg_ssc,emg_kurtosis,emg_skewness,emg_peak,emg_median_freq,emg_mean_freq,emg_peak_freq,emg_total_power,emg_power_low,emg_power_mid,emg_power_high,class_name
48.18009562528116,11.504474481516493,1642.2370912122892,68.03475129547799,535615.0769193963,18946.561653878576,25761.045618323427,12.161176884488844,-0.6075596609767219,425.57166663779407,74.48647166196866,91.413102429983,54.61702904094372,459.2505694511759,179.4726785992366,47.84762704767326,-23.57115691342917,Fatigue
