emg_rms,emg_mav,emg_variance,emg_std,emg_waveform_length,emg_zero_crossing,emg_ssc,emg_kurtosis,emg_skewness,emg_peak,emg_median_freq,emg_mean_freq,emg_peak_freq,emg_total_power,emg_power_low,emg_power_mid,emg_power_high,class_name
18.57095177487151,16.82692143457038,4094.289852776535,22.210157182974516,315244.3376859311,18299.02796139159,28551.808901635588,17.577620074806894,0.5184687966725666,428.9643180766288,37.896637865272,86.03232418984315,63.99188359267311,60.274860272778994,47.35282165458053,-165.72256263041123,-6.5676993068961735,Fatigue
