emg_rms,emg_mav,emg_variance,emg_std,emg_waveform_length,emg_zero_crossing,emg_ssc,emg_kurtosis,emg_skewness,emg_peak,emg_median_freq,emg_mean_freq,emg_peak_freq,emg_total_power,emg_power_low,emg_power_mid,emg_power_high,class_name
76.77517997211146,19.62244630273505,3858.135861386835,33.85558894355441,380173.5545840934,14393.83869055115,24232.661793643587,17.485109307205605,-2.1192423219817527,262.51467772893454,54.44545849700156,63.04702281181157,65.60153696757394,-1177.8641900635118,255.55940423684308,881.9316640364019,-10.166627689766257,Fatigue
