emg_rms,emg_mav,emg_variance,emg_std,emg_waveform_length,emg_zero_crossing,emg_ssc,emg_kurtosis,emg_skewness,emg_peak,emg_median_freq,emg_mean_freq,emg_peak_freq,emg_total_power,emg_power_low,emg_power_mid,emg_power_high,class_name
13.878597230580404,12.764323335619872,1633.348132278126,15.652918825637672,628904.8467433155,17917.1786440386,25813.783130308853,5.569940426160285,0.9199026108866148,636.1178536472813,63.04881139199583,107.40028511728862,61.67920120571305,276.2878902287367,55.36126655421712,783.5013654860527,-30.18596558866084,Fatigue
