emg_rms,emg_mav,emg_variance,emg_std,emg_waveform_length,emg_zero_crossing,emg_ssc,emg_kurtosis,emg_skewness,emg_peak,emg_median_freq,emg_mean_freq,emg_peak_freq,emg_total_power,emg_power_low,emg_power_mid,emg_power_high,class_name
35.33807560751596,0.7771069060547262,2803.0635241182126,36.89454589680313,501833.8683240468,13910.94003306393,32237.07873902546,11.582786477271108,-0.6573457850286839,177.37291686770834,68.59115681687939,72.26252253783441,57.38166969579179,477.242150881835,411.17711657959205,539.0835440045175,41.814878992463846,Fatigue
