emg_rms,emg_mav,emg_variance,emg_std,emg_waveform_length,emg_zero_crossing,emg_ssc,emg_kurtosis,emg_skewness,emg_peak,emg_median_freq,emg_mean_freq,emg_peak_freq,emg_total_power,emg_power_low,emg_power_mid,emg_power_high,class_name
40.69172337353281,30.85202213821899,2528.3901333868957,44.68944201713811,566761.8069059475,15859.917974991908,23020.07187088587,9.012032179438933,-0.9914024882875928,294.3587012687704,54.26438299197327,86.34928665373869,57.98663657694037,794.949964659125,-46.243282355089576,179.35901294995176,-1.881427939548708,Fatigue
