emg_rms,emg_mav,emg_variance,emg_std,emg_waveform_length,emg_zero_crossing,emg_ssc,emg_kurtosis,emg_skewness,emg_peak,emg_median_freq,emg_mean_freq,emg_peak_freq,emg_total_power,emg_power_low,emg_power_mid,emg_power_high,class_name
37.904313312951246,19.75567251000096,1597.9434680795168,4.887809789752062,894173.201970661,14991.47043774625,30475.607162354358,9.827749683376972,0.4713008785543316,259.303129897444,48.90988888306159,66.49381195406274,79.28456286227419,263.4907458004983,55.85207185059295,-467.5780913562743,51.37526528331387,Fatigue
