emg_rms,emg_mav,emg_variance,emg_std,emg_waveform_length,emg_zero_crossing,emg_ssc,emg_kurtosis,emg_skewness,emg_peak,emg_median_freq,emg_mean_freq,emg_peak_freq,emg_total_power,emg_power_low,emg_power_mid,emg_power_high,class_name
42.21461977949026,16.525477447889877,1687.9086410170285,23.489229698275743,528615.1492004946,13676.641839523889,23016.91592685587,14.275806794016727,-0.4317680248574569,194.6944738482977,61.06130288432834,61.090807619115466,46.60856196553214,405.0835179661671,50.32501598554606,157.13056384548358,3.3181547055629146,Fatigue
