emg_rms,emg_mav,emg_variance,emg_std,emg_waveform_length,emg_zero_crossing,emg_ssc,emg_kurtosis,emg_skewness,emg_peak,emg_median_freq,emg_mean_freq,emg_peak_freq,emg_total_power,emg_power_low,emg_power_mid,emg_power_high,class_name
74.06270815558838,12.148142595423671,3719.2088723045786,89.70788843976257,407382.4175968685,14695.61886184433,22607.44810104605,11.512350595781404,-0.1281407150843939,322.1913394960004,68.95106447434897,89.4709290500773,63.10926343865958,860.2184435509884,100.4671981314352,991.2408815652218,22.74635850155511,Fatigue
