emg_rms,emg_mav,emg_variance,emg_std,emg_waveform_length,emg_zero_crossing,emg_ssc,emg_kurtosis,emg_skewness,emg_peak,emg_median_freq,emg_mean_freq,emg_peak_freq,emg_total_power,emg_power_low,emg_power_mid,emg_power_high,class_name
7.9534521698913,21.57202987148901,2546.839653530422,7.26610822554111,397773.8812136303,10662.083804154743,29239.230731213436,15.836680108763453,0.5600507873724441,331.6673045896403,69.26943962898008,64.99495824291452,57.196457455131565,-170.93998687511026,336.5780719935332,-463.68734963068846,-1.5060791161227165,Fatigue
