emg_rms,emg_mav,emg_variance,emg_std,emg_waveform_length,emg_zero_crossing,emg_ssc,emg_kurtosis,emg_skewness,emg_peak,emg_median_freq,emg_mean_freq,emg_peak_freq,emg_total_power,emg_power_low,emg_power_mid,emg_power_high,class_name
45.14250932201145,23.38420980335813,5266.219271457931,49.7725728590863,111377.1559215816,14058.493699350389,21111.167561498165,12.93559287106516,-0.7706520063300538,420.4219914058824,80.29589950475072,103.80859628645464,47.92219646812372,93.8917524657332,188.54385945409356,234.03370702042992,-6.212983789620591,Fatigue
