emg_rms,emg_mav,emg_variance,emg_std,emg_waveform_length,emg_zero_crossing,emg_ssc,emg_kurtosis,emg_skewness,emg_peak,emg_median_freq,emg_mean_freq,emg_peak_freq,emg_total_power,emg_power_low,emg_power_mid,emg_power_high,class_name
74.8922745623803,15.63078541389064,5186.933603982676,18.83092759676366,602550.9082252686,17258.60606749995,27097.869582908203,16.603303632411215,-0.061484087328329,417.6985407987146,61.91237208486872,83.28884354373461,76.42445524520586,1155.024069050358,167.22288993811986,188.49281977905903,27.29473218915269,Fatigue
