emg_rms,emg_mav,emg_variance,emg_std,emg_waveform_length,emg_zero_crossing,emg_ssc,emg_kurtosis,emg_skewness,emg_peak,emg_median_freq,emg_mean_freq,emg_peak_freq,emg_total_power,emg_power_low,emg_power_mid,emg_power_high,class_name
10.043482065889007,16.7754540391293,1636.7197945481248,18.968036745620825,279155.468749484,16453.855053996303,28907.979744705564,10.469743175821236,0.6736478587310921,338.3317996021327,89.52331829432521,97.54583088122948,52.32654414785307,686.9800048214975,436.0224345393606,782.1805929054495,14.956267269368988,Fatigue
