emg_rms,emg_mav,emg_variance,emg_std,emg_waveform_length,emg_zero_crossing,emg_ssc,emg_kurtosis,emg_skewness,emg_peak,emg_median_freq,emg_mean_freq,emg_peak_freq,emg_total_power,emg_power_low,emg_power_mid,emg_power_high,class_name
66.29880345454636,8.69789980538876,4015.368649508037,28.75415031652633,588196.7514056041,9789.770334034332,27898.16511867221,10.604755152027804,-0.5137798964469766,448.7078933038047,74.70750327046768,72.4106137967814,74.67007432331984,194.4575104904924,-163.3482776800821,451.4726132287799,-4.794922839044247,Fatigue
