emg_rms,emg_mav,emg_variance,emg_std,emg_waveform_length,emg_zero_crossing,emg_ssc,emg_kurtosis,emg_skewness,emg_peak,emg_median_freq,emg_mean_freq,emg_peak_freq,emg_total_power,emg_power_low,emg_power_mid,emg_power_high,class_name
23.064843900554795,22.579283866369728,2614.233818052446,13.681392473957906,608421.5429607675,15208.341800378552,33862.312125744655,17.60186309999338,0.6003218795306177,433.18488809593873,54.88009264144966,90.59347878454588,62.90391839494801,482.7905712351752,177.3218673513007,-18.02960021910502,4.857935454776618,Fatigue
