emg_rms,emg_mav,emg_variance,emg_std,emg_waveform_length,emg_zero_crossing,emg_ssc,emg_kurtosis,emg_skewness,emg_peak,emg_median_freq,emg_mean_freq,emg_peak_freq,emg_total_power,emg_power_low,emg_power_mid,emg_power_high,class_name
41.52119858185434,21.189403310325776,3102.5076918704763,66.11554772852594,360878.289508119,14984.632323800522,28128.94203594957,13.038494552255148,-1.1430679706431603,418.3661132206984,79.63079209541843,93.91552394262094,48.01466990165241,488.9847841152285,-176.59274762354067,2.6509146002635475,20.868117971968022,Fatigue
