emg_rms,emg_mav,emg_variance,emg_std,emg_waveform_length,emg_zero_crossing,emg_ssc,emg_kurtosis,emg_skewness,emg_peak,emg_median_freq,emg_mean_freq,emg_peak_freq,emg_total_power,emg_power_low,emg_power_mid,emg_power_high,class_name
20.894244824379346,23.264560221187363,1695.4240970874537,22.03297732326773,728373.4919158425,11887.457932205509,29345.618520882905,12.201750623023408,-0.1423286353274749,326.5524033001679,71.62845038026833,84.78997208054946,65.81846854907438,595.3584135017625,239.274523229701,654.6748852028695,-0.8307393376315524,Fatigue
