emg_rms,emg_mav,emg_variance,emg_std,emg_waveform_length,emg_zero_crossing,emg_ssc,emg_kurtosis,emg_skewness,emg_peak,emg_median_freq,emg_mean_freq,emg_peak_freq,emg_total_power,emg_power_low,emg_power_mid,emg_power_high,class_name
18.03022292547455,32.93025073865451,2535.044310531006,49.01255079944889,522046.8167112092,13895.524251627456,30713.20352157641,18.47672473106727,-1.0192149215203292,376.64490633060257,72.37500427797313,84.86954505880853,48.710072134777135,850.8527808841852,-96.58480903379149,495.3145366021684,32.465286336427404,Fatigue
