emg_rms,emg_mav,emg_variance,emg_std,emg_waveform_length,emg_zero_crossing,emg_ssc,emg_kurtosis,emg_skewness,emg_peak,emg_median_freq,emg_mean_freq,emg_peak_freq,emg_total_power,emg_power_low,emg_power_mid,emg_power_high,class_name
42.05700694485129,24.65220634796691,825.2459123241135,37.11575764531632,630920.6460329175,13051.756792148004,22677.10905264728,0.2615997340476017,0.1966005853252485,288.37136428788455,75.70483270212853,71.82342409384228,37.87468020616271,479.55490683412,-186.6513029369836,781.0665284939523,-19.680772610629525,Fatigue
