emg_rms,emg_mav,emg_variance,emg_std,emg_waveform_length,emg_zero_crossing,emg_ssc,emg_kurtosis,emg_skewness,emg_peak,emg_median_freq,emg_mean_freq,emg_peak_freq,emg_total_power,emg_power_low,emg_power_mid,emg_power_high,class_name
39.219695676690826,5.467437016874726,-2110.4682881992617,40.81480843500399,379718.1096020332,8514.966056583746,33943.18072179882,12.38139214714262,-0.7169533991517005,109.91672783867202,52.14263751797638,78.23596945159937,52.91368415951829,293.07159859650244,286.3754752857666,748.4178262090555,12.60266999503328,Fatigue
