emg_rms,emg_mav,emg_variance,emg_std,emg_waveform_length,emg_zero_crossing,emg_ssc,emg_kurtosis,emg_skewness,emg_peak,emg_median_freq,emg_mean_freq,emg_peak_freq,emg_total_power,emg_power_low,emg_power_mid,emg_power_high,class_name
22.658111354029,24.860596646590334,2664.48199235748,33.34720875446161,322313.336230174,10448.14603623138,27255.284890173123,16.774758231295877,1.3010338410301336,232.32552394629727,44.0440173234047,104.29904479162263,45.62059861327071,254.86200530415263,169.5053774647651,879.400874650187,1.2773955770612222,Fatigue
