emg_rms,emg_mav,emg_variance,emg_std,emg_waveform_length,emg_zero_crossing,emg_ssc,emg_kurtosis,emg_skewness,emg_peak,emg_median_freq,emg_mean_freq,emg_peak_freq,emg_total_power,emg_power_low,emg_power_mid,emg_power_high,class_name
7.637106725310364,9.95198348012173,214.83560704434197,41.42073169050474,102609.26552968926,10694.635647711824,28303.233839059863,7.494906976457331,0.9719287848431768,398.1863363852507,66.70446587978513,84.0482427099958,74.65539970584393,625.6076129308041,237.59473617219908,245.62595773984685,-33.27081874055415,Fatigue
