emg_rms,emg_mav,emg_variance,emg_std,emg_waveform_length,emg_zero_crossing,emg_ssc,emg_kurtosis,emg_skewness,emg_peak,emg_median_freq,emg_mean_freq,emg_peak_freq,emg_total_power,emg_power_low,emg_power_mid,emg_power_high,class_name
33.52428261878086,25.447048010844767,2699.6064253409254,68.12572359650432,333989.72475546075,10222.614124618727,29466.007444308198,8.117649368138403,0.7746759837777277,137.16811770526465,63.30772630635903,90.40022085820414,45.88590927628001,731.2909057214547,331.8261370241735,971.2259250606317,26.8722196718584,Fatigue
