emg_rms,emg_mav,emg_variance,emg_std,emg_waveform_length,emg_zero_crossing,emg_ssc,emg_kurtosis,emg_skewness,emg_peak,emg_median_freq,emg_mean_freq,emg_peak_freq,emg_total_power,emg_power_low,emg_power_mid,emg_power_high,class_name
13.329847491754176,19.446635957558563,-866.615897715249,23.784015727066475,558745.593788305,15947.332543398272,25401.481951901605,7.23871106469223,-1.2330472875167615,461.3000635253587,82.99374866616478,61.84152020551696,46.18464549633137,857.5552461168743,281.8121585984426,718.7199089465222,34.19257026719576,Fatigue
