emg_rms,emg_mav,emg_variance,emg_std,emg_waveform_length,emg_zero_crossing,emg_ssc,emg_kurtosis,emg_skewness,emg_peak,emg_median_freq,emg_mean_freq,emg_peak_freq,emg_total_power,emg_power_low,emg_power_mid,emg_power_high,class_name
45.97101428207935,20.84058589466335,7.132394455263011,9.48594850601744,346343.73062991106,10919.443240822678,33760.58947984758,15.711277758974504,0.2302580034247529,143.76317426109236,62.73346534895372,68.44156500142657,51.06871230954787,933.4811566229976,127.22441158693026,466.19130203458656,20.30967434939009,Fatigue
