emg_rms,emg_mav,emg_variance,emg_std,emg_waveform_length,emg_zero_crossing,emg_ssc,emg_kurtosis,emg_skewness,emg_peak,emg_median_freq,emg_mean_freq,emg_peak_freq,emg_total_power,emg_power_low,emg_power_mid,emg_power_high,class_name
18.02181921562055,8.838296946163876,1308.0058607607216,50.15322466675822,211892.2084217791,15757.924551848506,33596.980011864034,11.090493007847906,0.1691595042198986,268.9509459219466,72.50836516524181,77.34983025864844,45.015160261628665,1067.0206059963768,112.8853097470473,495.6182604522771,19.344565071584476,Fatigue
