emg_rms,emg_mav,emg_variance,emg_std,emg_waveform_length,emg_zero_crossing,emg_ssc,emg_kurtosis,emg_skewness,emg_peak,emg_median_freq,emg_mean_freq,emg_peak_freq,emg_total_power,emg_power_low,emg_power_mid,emg_power_high,class_name
40.33292251902255,8.896437486395719,1104.215859628379,25.34577274261692,482818.9504942957,8576.234834503808,31614.753973309605,11.86962973806876,0.5703150040639405,476.57520270674655,67.54675772631934,92.34628911724656,68.75813137916417,492.2951844830855,321.18789723816195,365.7176746967241,-18.9487141982585,Fatigue
