emg_rms,emg_mav,emg_variance,emg_std,emg_waveform_length,emg_zero_crossing,emg_ssc,emg_kurtosis,emg_skewness,emg_peak,emg_median_freq,emg_mean_freq,emg_peak_freq,emg_total_power,emg_power_low,emg_power_mid,emg_power_high,class_name
58.40951921498642,24.088437706768715,2791.5137558814963,81.2091058765675,654897.9056319938,14018.939675178495,34566.46881997737,9.894368397007918,-1.2082847346855548,264.8459998507164,68.26190098661644,81.53897765286727,42.33199597413865,647.3244854384977,91.19336903955316,605.8892393720787,13.676682503515288,Fatigue
