emg_rms,emg_mav,emg_variance,emg_std,emg_waveform_length,emg_zero_crossing,emg_ssc,emg_kurtosis,emg_skewness,emg_peak,emg_median_freq,emg_mean_freq,emg_peak_freq,emg_total_power,emg_power_low,emg_power_mid,emg_power_high,class_name
18.575500838422556,22.43235811399024,458.4544976394245,27.2213608688541,338629.52750493947,11467.698690538482,31133.066652529666,16.99621280207571,-0.2318486707624332,134.53915802411103,67.41776226977301,75.44614188436282,41.85601318141647,97.80169645901344,227.81440651813085,438.9491077588143,45.541999531004095,Fatigue
