emg_rms,emg_mav,emg_variance,emg_std,emg_waveform_length,emg_zero_crossing,emg_ssc,emg_kurtosis,emg_skewness,emg_peak,emg_median_freq,emg_mean_freq,emg_peak_freq,emg_total_power,emg_power_low,emg_power_mid,emg_power_high,class_name
73.97543153337523,8.240140432279759,3372.7872983171146,27.272791582915502,535878.7393740832,17586.532940644527,24180.07104779617,8.257727169529353,-0.7081449104028309,183.88789886931264,83.39129682963342,67.46157978953279,55.37126207447025,1181.1516522941952,43.00031847487192,-173.04215738732523,43.723354334435946,Fatigue
