emg_rms,emg_mav,emg_variance,emg_std,emg_waveform_length,emg_zero_crossing,emg_ssc,emg_kurtosis,emg_skewness,emg_peak,emg_median_freq,emg_mean_freq,emg_peak_freq,emg_total_power,emg_power_low,emg_power_mid,emg_power_high,class_name
62.797259409820526,9.670421092974216,-2191.5687672095405,23.3930402822972,347568.7051060257,17878.381004027786,28618.51323352021,19.847242543685468,-0.1351736341841654,347.5851690501443,60.7029346619902,98.96173383944064,75.52763399110603,625.3115105662853,368.5485002939524,153.66754635036875,11.000569881631908,Fatigue
