emg_rms,emg_mav,emg_variance,emg_std,emg_waveform_length,emg_zero_crossing,emg_ssc,emg_kurtosis,emg_skewness,emg_peak,emg_median_freq,emg_mean_freq,emg_peak_freq,emg_total_power,emg_power_low,emg_power_mid,emg_power_high,class_name
29.352907805869197,8.573412813540306,2583.852786372344,44.82638539902837,173358.46108324564,12617.083597017552,37135.27884466796,18.779000406634623,0.1369145549011814,404.00587922441287,84.9458061019161,89.79736532719214,53.44316630489608,-281.5003658172175,240.9469157220936,-167.77291820473062,5.154025570130473,Fatigue
