emg_rms,emg_mav,emg_variance,emg_std,emg_waveform_length,emg_zero_crossing,emg_ssc,emg_kurtosis,emg_skewness,emg_peak,emg_median_freq,emg_mean_freq,emg_peak_freq,emg_total_power,emg_power_low,emg_power_mid,emg_power_high,class_name
23.93037669902958,6.684504531222705,3356.3213836172126,26.57799031349567,371585.2901425437,17182.33420302713,31326.14156659156,1.0317289144726072,-1.3044188923836395,235.07476737645925,69.6839073861469,84.51171840490679,52.475686291267216,-189.5235165026623,103.0778748142784,618.5932789360356,1.7864876431376118,Fatigue
