emg_rms,emg_mav,emg_variance,emg_std,emg_waveform_length,emg_zero_crossing,emg_ssc,emg_kurtosis,emg_skewness,emg_peak,emg_median_freq,emg_mean_freq,emg_peak_freq,emg_total_power,emg_power_low,emg_power_mid,emg_power_high,class_name
26.334167323131496,16.25092033944353,2211.6775603630963,13.618153364395004,400086.6519373243,18093.294620781675,29835.1336800334,11.421354693350338,-0.029878384418628,176.1403379418445,48.01746407311492,83.52658747283205,51.54338845323348,49.55911989996417,-143.87131240733595,292.4461084857292,18.92225495458307,Fatigue
