emg_rms,emg_mav,emg_variance,emg_std,emg_waveform_length,emg_zero_crossing,emg_ssc,emg_kurtosis,emg_skewness,emg_peak,emg_median_freq,emg_mean_freq,emg_peak_freq,emg_total_power,emg_power_low,emg_power_mid,emg_power_high,class_name
13.685200075806506,6.040460177442673,31.06746424215703,4.192864128753964,273309.519845954,12085.471718973204,33553.10841784305,4.638156520718151,-0.957915201929372,430.7847172288673,72.62043619528123,92.24274489931692,73.63782060663144,423.9017176286567,82.6633091600004,148.64638442710338,45.82993859539616,Fatigue
