emg_rms,emg_mav,emg_variance,emg_std,emg_waveform_length,emg_zero_crossing,emg_ssc,emg_kurtosis,emg_skewness,emg_peak,emg_median_freq,emg_mean_freq,emg_peak_freq,emg_total_power,emg_power_low,emg_power_mid,emg_power_high,class_name
20.898512292856672,9.306034302548646,3610.470914470765,41.14811779827732,577893.8290970146,16751.7689233094,30070.96748675245,18.405111800214,-0.448310388046354,293.93137276307937,56.01532832512792,66.62531288697086,80.36634993282935,618.4801364591849,136.94523729469998,948.5479426256846,30.95422360769166,Fatigue
