emg_rms,emg_mav,emg_variance,emg_std,emg_waveform_length,emg_zero_crossing,emg_ssc,emg_kurtosis,emg_skewness,emg_peak,emg_median_freq,emg_mean_freq,emg_peak_freq,emg_total_power,emg_power_low,emg_power_mid,emg_power_high,class_name
42.14089061290058,6.785029451320041,-57.7328295165546,49.12186941913913,763651.6578825668,11405.007262792518,26728.43943067714,4.181879614580038,0.146189361267733,441.7503077095952,58.547274064405656,66.68001246685554,59.9000213127858,1270.2869109526134,152.22562450441205,184.43865559450697,42.93420131891113,Fatigue
