emg_rms,emg_mav,emg_variance,emg_std,emg_waveform_length,emg_zero_crossing,emg_ssc,emg_kurtosis,emg_skewness,emg_peak,emg_median_freq,emg_mean_freq,emg_peak_freq,emg_total_power,emg_power_low,emg_power_mid,emg_power_high,class_name
50.321287684025926,16.615965577605355,3624.4272050667305,10.45676162949504,480557.89009901753,16618.447964820316,29964.91338238803,4.3635341320665,2.577744526037395,419.9066928770714,62.924852878792215,81.04521262408112,47.9353820606233,-155.61656588188183,72.91413178342452,160.3972623218953,10.524216016153414,Fatigue
