emg_rms,emg_mav,emg_variance,emg_std,emg_waveform_length,emg_zero_crossing,emg_ssc,emg_kurtosis,emg_skewness,emg_peak,emg_median_freq,emg_mean_freq,emg_peak_freq,emg_total_power,emg_power_low,emg_power_mid,emg_power_high,class_name
38.87565848447799,9.754033392528434,883.8186105930899,-4.505176806728755,349402.5226389352,12244.515982753614,23375.40788464688,14.77151697580148,1.4969857016566583,351.2943660559376,54.68560320457216,73.33873158988833,70.08484414926724,1012.7841828518808,192.65283446703032,543.8616153342822,-0.6133846593641046,Fatigue
