emg_rms,emg_mav,emg_variance,emg_std,emg_waveform_length,emg_zero_crossing,emg_ssc,emg_kurtosis,emg_skewness,emg_peak,emg_median_freq,emg_mean_freq,emg_peak_freq,emg_total_power,emg_power_low,emg_power_mid,emg_power_high,class_name
50.64073506081242,13.097225484913624,2112.422742826046,29.40818474755749,588152.0360102027,8061.118687646392,21073.485655974604,15.822591085457828,0.2979722894543828,264.35271524240704,55.96984695538417,86.32705284166373,56.57824744690075,1397.977672084039,-94.29740281527104,653.3504921397758,105.0409968137068,Fatigue
