emg_rms,emg_mav,emg_variance,emg_std,emg_waveform_length,emg_zero_crossing,emg_ssc,emg_kurtosis,emg_skewness,emg_peak,emg_median_freq,emg_mean_freq,emg_peak_freq,emg_total_power,emg_power_low,emg_power_mid,emg_power_high,class_name
42.62987235939986,5.797897758850754,4047.411649418268,22.673511721243205,463841.2938959565,20302.101461447743,28821.340370628768,8.318178251909888,-0.3103732379048519,229.16898840098355,64.92000972363883,79.86956608711368,50.48014327360372,1630.1209781774537,339.2224785001658,1095.3904528961723,-3.11390575252484,Fatigue
