emg_rms,emg_mav,emg_variance,emg_std,emg_waveform_length,emg_zero_crossing,emg_ssc,emg_kurtosis,emg_skewness,emg_peak,emg_median_freq,emg_mean_freq,emg_peak_freq,emg_total_power,emg_power_low,emg_power_mid,emg_power_high,class_name
62.92757581527001,11.18758585439796,945.312332657172,53.445516929084846,352915.1324689511,18123.63608582008,31493.20549570706,13.04727142787025,-0.0263032652006604,314.35101987197424,73.94624236668527,54.83718374710904,79.5166030830524,784.4208748249824,235.29599248610043,95.71899678764213,16.024267419633194,Fatigue
