emg_rms,emg_mav,emg_variance,emg_std,emg_waveform_length,emg_zero_crossing,emg_ssc,emg_kurtosis,emg_skewness,emg_peak,emg_median_freq,emg_mean_freq,emg_peak_freq,emg_total_power,emg_power_low,emg_power_mid,emg_power_high,class_name
71.87968325021367,16.32283906935455,4207.916403258763,43.2317987124644,627306.7739130607,14003.21008255452,23653.38562101056,16.585794471745494,1.1251129119541967,458.7472580994127,70.06107736005204,79.79115110008851,49.6188425778175,-122.60944858326268,105.0360796713685,959.1845141834452,-3.824431893615021,Fatigue
