emg_rms,emg_mav,emg_variance,emg_std,emg_waveform_length,emg_zero_crossing,emg_ssc,emg_kurtosis,emg_skewness,emg_peak,emg_median_freq,emg_mean_freq,emg_peak_freq,emg_total_power,emg_power_low,emg_power_mid,emg_power_high,class_name
26.91383296363803,-0.6377613867088954,-536.0893843933432,23.449247280192477,425183.0436387576,14165.848900197509,24567.57818989493,12.64475270287287,-0.936352651793673,178.69335726041558,54.47858363775477,115.4460104960868,41.32495182992413,198.19128106868231,-24.49649098104913,-435.01943118686734,-17.787668950582948,Fatigue
