emg_rms,emg_mav,emg_variance,emg_std,emg_waveform_length,emg_zero_crossing,emg_ssc,emg_kurtosis,emg_skewness,emg_peak,emg_median_freq,emg_mean_freq,emg_peak_freq,emg_total_power,emg_power_low,emg_power_mid,emg_power_high,class_name
29.82869182783055,23.280448121445936,3059.128261953507,23.70962981756645,578527.4200493791,15187.258684236962,38458.52501919059,11.21920390426694,1.547916834391714,382.5783218970672,87.96566431479371,60.19532688939249,59.837297658426245,1330.960302345807,88.29857078009954,910.8064066305456,-9.550781006660753,Fatigue
