emg_rms,emg_mav,emg_variance,emg_std,emg_waveform_length,emg_zero_crossing,emg_ssc,emg_kurtosis,emg_skewness,emg_peak,emg_median_freq,emg_mean_freq,emg_peak_freq,emg_total_power,emg_power_low,emg_power_mid,emg_power_high,class_name
33.94722678573186,14.172431046210962,2018.3617415179656,19.126313114639306,367581.9188947826,15374.128620800118,30808.132860029196,14.767576311909918,0.4635766743496784,254.56819780525524,90.94981346859086,81.61506163831974,29.43002831860501,764.4780203236328,-40.95470810752008,246.8533260456053,-50.2825632160104,Fatigue
