emg_rms,emg_mav,emg_variance,emg_std,emg_waveform_length,emg_zero_crossing,emg_ssc,emg_kurtosis,emg_skewness,emg_peak,emg_median_freq,emg_mean_freq,emg_peak_freq,emg_total_power,emg_power_low,emg_power_mid,emg_power_high,class_name
55.76080119117532,-4.795695028114164,-435.5385694734887,34.4417371358347,644430.2064491427,10758.882236165053,27245.75830831218,16.51158296985528,0.1245460965918228,157.2920227246463,80.25254917739167,95.86572623733028,48.98646104321023,-79.5005004186624,-110.26181416651022,176.81326560518136,31.20768127289404,Fatigue
