emg_rms,emg_mav,emg_variance,emg_std,emg_waveform_length,emg_zero_crossing,emg_ssc,emg_kurtosis,emg_skewness,emg_peak,emg_median_freq,emg_mean_freq,emg_peak_freq,emg_total_power,emg_power_low,emg_power_mid,emg_power_high,class_name
37.92530215478259,21.820889955120727,-1446.8940980341065,19.47351445746364,805148.7529939627,18490.73122396157,31736.552548891385,10.256745097577229,1.2969494880287424,329.26732422417047,83.63149421115483,95.88536770227962,72.96383668989054,927.1966841262256,-1.680071026143679,60.621716638440375,9.335779602550776,Fatigue
