emg_rms,emg_mav,emg_variance,emg_std,emg_waveform_length,emg_zero_crossing,emg_ssc,emg_kurtosis,emg_skewness,emg_peak,emg_median_freq,emg_mean_freq,emg_peak_freq,emg_total_power,emg_power_low,emg_power_mid,emg_power_high,class_name
34.90330581359129,21.55111017997386,2805.683800004129,65.48334347213475,135357.2527936459,14558.366251482566,29471.376068763107,9.306006787700946,2.5550288925637816,381.3360862087142,54.00634049965824,96.23825443015065,57.51062659432412,1553.750786714277,-66.85561852401426,-109.97027778449308,14.343532277166064,Fatigue
