emg_rms,emg_mav,emg_variance,emg_std,emg_waveform_length,emg_zero_crossing,emg_ssc,emg_kurtosis,emg_skewness,emg_peak,emg_median_freq,emg_mean_freq,emg_peak_freq,emg_total_power,emg_power_low,emg_power_mid,emg_power_high,class_name
26.277684053273155,19.543738103237374,4986.03111328096,40.70123137354038,789490.6301320556,12310.190783165855,25967.15273661755,6.326249061279487,-1.7928107819688734,241.01072470921295,54.05950936430521,89.68012139084861,65.97671129129205,1589.0522844873194,-181.8779817936989,106.48960239285876,11.637687738256272,Fatigue
