emg_rms,emg_mav,emg_variance,emg_std,emg_waveform_length,emg_zero_crossing,emg_ssc,emg_kurtosis,emg_skewness,emg_peak,emg_median_freq,emg_mean_freq,emg_peak_freq,emg_total_power,emg_power_low,emg_power_mid,emg_power_high,class_name
34.68394754617548,15.012700032047109,2636.8849995584733,36.63266714210431,417649.7425723471,12210.782439718949,27851.101978533323,18.57801162958935,2.31673983118126,299.5620147176936,91.0523856551284,60.56351590310336,48.43928178240289,658.154474228224,238.8417180204364,361.83650529573714,35.1347434981564,Fatigue
