emg_rms,emg_mav,emg_variance,emg_std,emg_waveform_length,emg_zero_crossing,emg_ssc,emg_kurtosis,emg_skewness,emg_peak,emg_median_freq,emg_mean_freq,emg_peak_freq,emg_total_power,emg_power_low,emg_power_mid,emg_power_high,class_name
12.24112405842033,17.65953262270045,2065.3401249343897,22.998670789037053,740305.5928852079,10334.98613754756,25797.48924894134,26.7402894686389,1.504345590715544,246.5720711343744,48.12158586390186,81.09175139725038,58.91128352259968,811.2707529195072,-68.47210606661599,998.50243511991,18.231809164812383,Fatigue
