emg_rms,emg_mav,emg_variance,emg_std,emg_waveform_length,emg_zero_crossing,emg_ssc,emg_kurtosis,emg_skewness,emg_peak,emg_median_freq,emg_mean_freq,emg_peak_freq,emg_total_power,emg_power_low,emg_power_mid,emg_power_high,class_name
32.77594555150607,29.094314841015677,3245.4138771294784,21.73754679899537,679400.8378716679,12240.415864367696,27421.985388366047,5.714348479500263,-0.2946754482603148,322.8978097965661,52.28091637313048,92.745455684151,62.2934029544691,187.70589237904164,229.1786946374301,627.4287742260321,11.297302574925064,Fatigue
