emg_rms,emg_mav,emg_variance,emg_std,emg_waveform_length,emg_zero_crossing,emg_ssc,emg_kurtosis,emg_skewness,emg_peak,emg_median_freq,emg_mean_freq,emg_peak_freq,emg_total_power,emg_power_low,emg_power_mid,emg_power_high,class_name
55.62296172608674,7.766541485794075,296.8338246250057,-15.7231317134802,657435.933409724,13686.499803317984,26020.782375998748,12.778545610105404,0.460667651339133,563.7974180134609,78.54777922705928,71.43680812670087,44.47393217989396,741.9410237625965,111.1597125350342,708.7476155564668,25.870024411960195,Fatigue
