emg_rms,emg_mav,emg_variance,emg_std,emg_waveform_length,emg_zero_crossing,emg_ssc,emg_kurtosis,emg_skewness,emg_peak,emg_median_freq,emg_mean_freq,emg_peak_freq,emg_total_power,emg_power_low,emg_power_mid,emg_power_high,class_name
33.10191689434885,33.98560960627458,3045.3793422122394,15.727565369166122,273586.0388144702,13660.864848801904,29122.06082424583,12.947261406431023,0.0530245759344555,450.77160640609975,81.66830659715302,77.94133157310101,70.87107689746558,78.9107960919817,44.018686305770544,248.60885019163828,51.67362080555338,Fatigue
