emg_rms,emg_mav,emg_variance,emg_std,emg_waveform_length,emg_zero_crossing,emg_ssc,emg_kurtosis,emg_skewness,emg_peak,emg_median_freq,emg_mean_freq,emg_peak_freq,emg_total_power,emg_power_low,emg_power_mid,emg_power_high,class_name
60.17843031046931,5.637699836899907,-2071.184217349136,-4.1968544557381335,743056.7188257929,14204.30264687775,29186.762245444963,14.572365416775732,0.6255690259617807,201.3004242378332,41.88708372578444,95.22137920757676,80.89665863720678,852.8870437606283,125.67260877534176,801.5454156014323,37.32214250241484,Fatigue
