emg_rms,emg_mav,emg_variance,emg_std,emg_waveform_length,emg_zero_crossing,emg_ssc,emg_kurtosis,emg_skewness,emg_peak,emg_median_freq,emg_mean_freq,emg_peak_freq,emg_total_power,emg_power_low,emg_power_mid,emg_power_high,class_name
16.526327871325755,14.318333617899588,-1271.9300346014356,46.05160747223911,491081.52951274434,8795.643276650211,30686.262057632062,13.564990886723985,0.1492977150743828,200.29940988236137,84.79260009170488,81.84281265817832,62.60177508922476,60.42188923004244,-189.6574164904393,-96.59407707633954,79.36434094341047,Fatigue
