emg_rms,emg_mav,emg_variance,emg_std,emg_waveform_length,emg_zero_crossing,emg_ssc,emg_kurtosis,emg_skewness,emg_peak,emg_median_freq,emg_mean_freq,emg_peak_freq,emg_total_power,emg_power_low,emg_power_mid,emg_power_high,class_name
-3.750590814155025,0.8051471849323732,-1302.7474828890786,62.14947341566667,682022.7441051619,16659.418775313075,28377.703680079725,17.015938741728355,-2.22933020373025,332.0805877672012,50.7306459558732,29.90414051014286,67.38737593997637,679.2554612582544,27.11247115177937,383.8633134190728,40.85670204818981,Fatigue
