emg_rms,emg_mav,emg_variance,emg_std,emg_waveform_length,emg_zero_crossing,emg_ssc,emg_kurtosis,emg_skewness,emg_peak,emg_median_freq,emg_mean_freq,emg_peak_freq,emg_total_power,emg_power_low,emg_power_mid,emg_power_high,class_name
47.98317289740668,15.66498918926402,-1541.144290215438,52.73760575764918,577303.1267181328,20088.57985295965,27801.086339491874,11.73628759205976,0.3089740849797128,104.82717585168515,78.66243677853691,105.65202618088895,40.70939841002779,943.0658143509988,88.13216917674633,184.31466006859995,37.15394425604098,Fatigue
