emg_rms,emg_mav,emg_variance,emg_std,emg_waveform_length,emg_zero_crossing,emg_ssc,emg_kurtosis,emg_skewness,emg_peak,emg_median_freq,emg_mean_freq,emg_peak_freq,emg_total_power,emg_power_low,emg_power_mid,emg_power_high,class_name
66.34204642921382,27.55063237763725,-661.4470499772988,37.09028444684476,577301.256668781,12333.179738482198,37433.27576368303,4.91833193392666,-0.691272823721874,170.37452921335043,68.31987507392861,90.08036749806314,64.27105818742547,189.1055061750128,279.03755602429464,880.3070093506665,69.529494181828,Fatigue
