emg_rms,emg_mav,emg_variance,emg_std,emg_waveform_length,emg_zero_crossing,emg_ssc,emg_kurtosis,emg_skewness,emg_peak,emg_median_freq,emg_mean_freq,emg_peak_freq,emg_total_power,emg_power_low,emg_power_mid,emg_power_high,class_name
26.83026183227015,9.122520724786,-764.8651799384415,20.999586732106927,632839.4313249142,16522.061954442648,30371.838633811945,9.196681626683684,0.9695787044784528,314.4845457990482,49.464397411991925,91.9447277025229,28.84870047382993,575.2797161502025,153.552351802256,548.8312037874807,1.295761528165368,Fatigue
