emg_rms,emg_mav,emg_variance,emg_std,emg_waveform_length,emg_zero_crossing,emg_ssc,emg_kurtosis,emg_skewness,emg_peak,emg_median_freq,emg_mean_freq,emg_peak_freq,emg_total_power,emg_power_low,emg_power_mid,emg_power_high,class_name
56.51807377246749,18.835050234966435,-1339.6932813390697,24.036347728588776,359535.19636767346,14071.110853424914,24975.935240897797,7.893322278320828,1.8547007380095215,308.56587302252177,68.95948211944417,49.78631975406384,92.22057416458227,-118.75671478700023,-26.62620521767829,-171.70164001301578,-3.049793018929531,Fatigue
