emg_rms,emg_mav,emg_variance,emg_std,emg_waveform_length,emg_zero_crossing,emg_ssc,emg_kurtosis,emg_skewness,emg_peak,emg_median_freq,emg_mean_freq,emg_peak_freq,emg_total_power,emg_power_low,emg_power_mid,emg_power_high,class_name
40.67906327718422,21.696548058364776,684.7916861989227,50.0800239056373,195721.03730805055,11301.06364425532,28799.2956475686,19.00943497626856,2.2867182237104053,209.21004739975865,81.56698356803747,59.87141116052682,62.10372393116222,226.2760144498554,-286.18585692022725,709.6437524189791,12.252015222691734,Fatigue
