emg_rms,emg_mav,emg_variance,emg_std,emg_waveform_length,emg_zero_crossing,emg_ssc,emg_kurtosis,emg_skewness,emg_peak,emg_median_freq,emg_mean_freq,emg_peak_freq,emg_total_power,emg_power_low,emg_power_mid,emg_power_high,class_name
32.64800678238279,7.978273489305748,3921.529913180204,17.897642861629496,452824.913760536,11131.484563533802,29143.239203307425,-4.420173857261023,-2.050387585584903,245.49629630042756,82.05455594169136,57.306124225654926,62.54734356840319,-71.84232521232951,95.7799426369732,520.8355877955539,57.75443949710191,Fatigue
