emg_rms,emg_mav,emg_variance,emg_std,emg_waveform_length,emg_zero_crossing,emg_ssc,emg_kurtosis,emg_skewness,emg_peak,emg_median_freq,emg_mean_freq,emg_peak_freq,emg_total_power,emg_power_low,emg_power_mid,emg_power_high,class_name
48.1646279909708,14.210169511123317,3455.3624600513685,7.408912391712526,574369.20900034,9776.55624834946,24708.709795652765,9.911946911866458,1.7151608058833527,343.0117268728975,76.82609813143242,83.19727441999527,62.53166152194981,-116.74669329781152,133.573491355263,456.9217357331791,19.0944432899921,Fatigue
