emg_rms,emg_mav,emg_variance,emg_std,emg_waveform_length,emg_zero_crossing,emg_ssc,emg_kurtosis,emg_skewness,emg_peak,emg_median_freq,emg_mean_freq,emg_peak_freq,emg_total_power,emg_power_low,emg_power_mid,emg_power_high,class_name
70.95982330029446,26.545956329273864,2194.987301103068,8.044468522694224,506209.9891181714,11033.60425608847,29876.04537651546,5.780568997675185,0.7337897145237644,167.62062817428844,80.92496700986098,92.0060834329237,69.005368530202,431.0437443881653,324.6311391803697,1106.6728066438918,12.819990026232214,Fatigue
