emg_rms,emg_mav,emg_variance,emg_std,emg_waveform_length,emg_zero_crossing,emg_ssc,emg_kurtosis,emg_skewness,emg_peak,emg_median_freq,emg_mean_freq,emg_peak_freq,emg_total_power,emg_power_low,emg_power_mid,emg_power_high,class_name
72.26573934420747,9.828370764276617,1733.234962200807,33.2104329278588,654584.0718027875,15796.725435286431,29783.39446194663,15.79567990195043,0.0288678303039905,689.7343047007953,66.21820502619745,58.61488537462255,34.81324757387844,-292.8678470644484,191.78436259151175,344.8851415836304,-5.306919168362928,Fatigue
