emg_rms,emg_mav,emg_variance,emg_std,emg_waveform_length,emg_zero_crossing,emg_ssc,emg_kurtosis,emg_skewness,emg_peak,emg_median_freq,emg_mean_freq,emg_peak_freq,emg_total_power,emg_power_low,emg_power_mid,emg_power_high,class_name
7.512973467691001,8.448992931490174,2747.626386115927,-12.816784333506142,376240.0957687329,12739.655760720718,25263.939905012405,7.175679320281994,-1.2843799133299658,476.4435985281792,41.85908631794017,79.67370695083483,60.86509871199666,1376.4862640799042,99.75897540474357,607.6867463774977,25.094906293521227,Fatigue
