emg_rms,emg_mav,emg_variance,emg_std,emg_waveform_length,emg_zero_crossing,emg_ssc,emg_kurtosis,emg_skewness,emg_peak,emg_median_freq,emg_mean_freq,emg_peak_freq,emg_total_power,emg_power_low,emg_power_mid,emg_power_high,class_name
17.849152812831377,15.048457338007726,4153.881451724831,44.14423719440413,710516.4140941524,10276.671418216943,25524.26877786238,19.111659531578344,1.856186934647834,187.01251541833403,63.80439870444766,74.1728924509131,46.78553533416315,282.47277460742504,281.00749126091284,493.5242468340249,44.58765862919335,Fatigue
