emg_rms,emg_mav,emg_variance,emg_std,emg_waveform_length,emg_zero_crossing,emg_ssc,emg_kurtosis,emg_skewness,emg_peak,emg_median_freq,emg_mean_freq,emg_peak_freq,emg_total_power,emg_power_low,emg_power_mid,emg_power_high,class_name
29.611767311224888,16.380253505634087,923.2902034828124,17.11793515230402,367696.37834440987,16166.000603133843,28529.587525142924,12.917250750159806,0.0508749542331821,330.4889334283847,46.12715502947256,50.93903994969185,64.65106400430095,151.71002045292863,114.99173196070248,327.0106238578378,57.3453934990851,Fatigue
