emg_rms,emg_mav,emg_variance,emg_std,emg_waveform_length,emg_zero_crossing,emg_ssc,emg_kurtosis,emg_skewness,emg_peak,emg_median_freq,emg_mean_freq,emg_peak_freq,emg_total_power,emg_power_low,emg_power_mid,emg_power_high,class_name
47.31813379866533,15.208224030677584,-572.0470214977104,12.934939233477802,204125.23457541372,14358.9657491477,23695.310711282014,15.19428925985241,-0.8559094680545302,216.37733278649767,98.10796192935864,99.8458699666906,64.28139285109683,1703.6180536609147,107.48478670318396,538.5622027429037,-23.74395773319403,Fatigue
