emg_rms,emg_mav,emg_variance,emg_std,emg_waveform_length,emg_zero_crossing,emg_ssc,emg_kurtosis,emg_skewness,emg_peak,emg_median_freq,emg_mean_freq,emg_peak_freq,emg_total_power,emg_power_low,emg_power_mid,emg_power_high,class_name
19.2302131122954,16.241863775161292,-1145.0506417566844,52.50540477766873,614791.9283518344,9454.115108235275,18131.94915555496,12.007160031436078,1.8501418924482171,545.1176434229852,71.85490637700266,87.29126063858642,60.47962092252614,875.9985474887645,-90.3329664265477,-144.62826322239897,2.1310723873020976,Fatigue
