emg_rms,emg_mav,emg_variance,emg_std,emg_waveform_length,emg_zero_crossing,emg_ssc,emg_kurtosis,emg_skewness,emg_peak,emg_median_freq,emg_mean_freq,emg_peak_freq,emg_total_power,emg_power_low,emg_power_mid,emg_power_high,class_name
34.794890019401564,18.76125337687841,-391.3961844434575,29.97886954308108,427949.808191205,15500.59037121167,23628.57750537439,19.79707761470967,0.1037649251623053,423.2023785140719,64.37820326826028,56.26628826902493,55.20847213632891,-34.71805165203483,484.4003310619222,-340.84889828150165,36.72232603534002,Fatigue
