emg_rms,emg_mav,emg_variance,emg_std,emg_waveform_length,emg_zero_crossing,emg_ssc,emg_kurtosis,emg_skewness,emg_peak,emg_median_freq,emg_mean_freq,emg_peak_freq,emg_total_power,emg_power_low,emg_power_mid,emg_power_high,class_name
11.507332134715984,22.896708471919183,1926.3085083448257,59.330542756065256,500678.93895669846,17411.248850771884,23411.13089533673,15.273615875022491,-0.6729604105342553,237.120431763094,71.57790563962881,69.70236267256489,44.840664933015056,411.476122675186,1.2751818130806498,554.4551633728075,29.79626240384413,Fatigue
