emg_rms,emg_mav,emg_variance,emg_std,emg_waveform_length,emg_zero_crossing,emg_ssc,emg_kurtosis,emg_skewness,emg_peak,emg_median_freq,emg_mean_freq,emg_peak_freq,emg_total_power,emg_power_low,emg_power_mid,emg_power_high,class_name
29.243203353614,11.687468801416614,-2808.821768478549,14.566709562679566,384201.3351376133,14411.94756015427,23406.854170943923,14.02695757978502,-2.504920698630731,530.5454216252667,60.32240973613147,112.27388637205406,66.89778652562507,63.70456772969476,205.1642439015841,301.4182252771552,74.11585887583907,Fatigue
