emg_rms,emg_mav,emg_variance,emg_std,emg_waveform_length,emg_zero_crossing,emg_ssc,emg_kurtosis,emg_skewness,emg_peak,emg_median_freq,emg_mean_freq,emg_peak_freq,emg_total_power,emg_power_low,emg_power_mid,emg_power_high,class_name
37.80994848690045,7.087568468931142,1400.234273019411,45.862210905623016,305181.25666585297,13389.908377308117,32392.03958574244,19.079765401794305,3.040949861599892,393.904409066111,62.658462889192656,100.71180063418576,71.66251113065753,1083.4110783257474,4.811173233764421,863.0365334328006,15.08319141975717,Fatigue
