emg_rms,emg_mav,emg_variance,emg_std,emg_waveform_length,emg_zero_crossing,emg_ssc,emg_kurtosis,emg_skewness,emg_peak,emg_median_freq,emg_mean_freq,emg_peak_freq,emg_total_power,emg_power_low,emg_power_mid,emg_power_high,class_name
4.382291756627481,8.354997392753692,-1902.8207161161645,64.9067433000369,732060.8216896934,13442.125433774658,27520.54825802687,5.11209218600009,-0.9633090044392086,96.274745863761,66.9677560005484,97.8611965021367,32.231343275363194,54.42533450502117,297.75146292713544,-492.0934031462266,48.96355509455512,Fatigue
