emg_rms,emg_mav,emg_variance,emg_std,emg_waveform_length,emg_zero_crossing,emg_ssc,emg_kurtosis,emg_skewness,emg_peak,emg_median_freq,emg_mean_freq,emg_peak_freq,emg_total_power,emg_power_low,emg_power_mid,emg_power_high,class_name
51.183750495308445,10.044068302941394,2089.2929328394744,31.439985269437344,390643.4092829415,14254.448567549543,23078.03251284807,20.458095061679455,-0.7431799368223032,433.9888490174076,75.74061259723632,98.55260620469755,65.48142734881054,209.128072703446,184.88088517349493,-327.58374080065096,-0.6688653265758937,Fatigue
