emg_rms,emg_mav,emg_variance,emg_std,emg_waveform_length,emg_zero_crossing,emg_ssc,emg_kurtosis,emg_skewness,emg_peak,emg_median_freq,emg_mean_freq,emg_peak_freq,emg_total_power,emg_power_low,emg_power_mid,emg_power_high,class_name
46.79112026778564,13.404372191077558,580.9009369554808,55.40554671491537,486130.47655263776,9649.797206951896,24732.808732341728,3.01807775342688,-1.9344141241231223,327.86252025995805,75.07665002994273,98.81590572251376,67.23770753917654,-81.47832793236665,263.041202073828,-42.93218319064289,33.65053585819362,Fatigue
