emg_rms,emg_mav,emg_variance,emg_std,emg_waveform_length,emg_zero_crossing,emg_ssc,emg_kurtosis,emg_skewness,emg_peak,emg_median_freq,emg_mean_freq,emg_peak_freq,emg_total_power,emg_power_low,emg_power_mid,emg_power_high,class_name
56.95033457998703,15.141666625660497,5017.368945063776,48.76811098650376,403080.3711209961,15484.250299246209,29012.933914740846,9.468466920569671,0.5600391339771552,293.868612422216,62.60451308684887,88.39524899940628,62.8565643753284,-219.07657374240097,-43.550938693636425,860.8092331147567,32.96502576349953,Fatigue
