emg_rms,emg_mav,emg_variance,emg_std,emg_waveform_length,emg_zero_crossing,emg_ssc,emg_kurtosis,emg_skewness,emg_peak,emg_median_freq,emg_mean_freq,emg_peak_freq,emg_total_power,emg_power_low,emg_power_mid,emg_power_high,class_name
33.003808423338306,21.049421286823524,2922.272406013464,63.61073705639964,596033.7693519825,15482.66907676761,24599.602827938368,11.982868785049591,-0.7182616074256749,249.2547534154592,49.81590166322636,94.88436802970836,52.25663075140156,843.1866024474479,136.38164528013837,-35.322837872059324,25.407131479930325,Fatigue
