emg_rms,emg_mav,emg_variance,emg_std,emg_waveform_length,emg_zero_crossing,emg_ssc,emg_kurtosis,emg_skewness,emg_peak,emg_median_freq,emg_mean_freq,emg_peak_freq,emg_total_power,emg_power_low,emg_power_mid,emg_power_high,class_name
60.94408056150779,4.384973460307231,5129.376261863051,18.631785647233265,453316.8250329667,12518.608325439109,23796.564199340806,23.546945056079718,1.5438993290524996,207.5849337975995,91.42639900097716,67.07853574112424,75.88089138747516,199.571227523398,85.24800324960907,355.34370555998026,-23.53679116085552,Fatigue
