emg_rms,emg_mav,emg_variance,emg_std,emg_waveform_length,emg_zero_crossing,emg_ssc,emg_kurtosis,emg_skewness,emg_peak,emg_median_freq,emg_mean_freq,emg_peak_freq,emg_total_power,emg_power_low,emg_power_mid,emg_power_high,class_name
47.966293388137885,27.891442940474047,889.1481571360453,62.72623399614661,242549.02639439105,11849.62746056651,28253.24133514205,4.356453055831966,0.688490674932328,264.8739063076557,72.7899246043535,49.98833199458663,63.58221147898065,-204.73723715571185,-94.97068840562152,421.5050256671436,52.84063025630301,Fatigue
