emg_rms,emg_mav,emg_variance,emg_std,emg_waveform_length,emg_zero_crossing,emg_ssc,emg_kurtosis,emg_skewness,emg_peak,emg_median_freq,emg_mean_freq,emg_peak_freq,emg_total_power,emg_power_low,emg_power_mid,emg_power_high,class_name
51.796744559553545,10.5204266238101,-951.3673696883484,16.609147251677765,356607.4269285549,12944.872188459496,29857.994164657903,9.001203145992607,-0.017955560008691,291.014910968005,81.16581224954098,103.0556518514728,60.019480205263136,510.5453837738346,85.73620719369005,615.7638366464007,38.9122561884746,Fatigue
