emg_rms,emg_mav,emg_variance,emg_std,emg_waveform_length,emg_zero_crossing,emg_ssc,emg_kurtosis,emg_skewness,emg_peak,emg_median_freq,emg_mean_freq,emg_peak_freq,emg_total_power,emg_power_low,emg_power_mid,emg_power_high,class_name
33.43210240523072,20.77405583984626,-2.3844603775501128,15.653034521918077,402720.8227967958,5897.707947085954,28478.92304703011,13.284880039995688,-2.691939385015056,290.387620287199,44.62400328887455,65.3200265752207,63.94247541951827,286.7023541440212,144.52728587369668,518.3291179254642,29.57772275383952,Fatigue
