emg_rms,emg_mav,emg_variance,emg_std,emg_waveform_length,emg_zero_crossing,emg_ssc,emg_kurtosis,emg_skewness,emg_peak,emg_median_freq,emg_mean_freq,emg_peak_freq,emg_total_power,emg_power_low,emg_power_mid,emg_power_high,class_name
19.47843069252676,8.600003765104976,480.75442911070286,25.85563920830784,252256.4723769388,9844.146027891518,31377.494175301734,14.90611346704332,1.1263628532754737,243.41786494686943,67.85942352280517,80.99533523295528,50.96785224960355,796.4368576985354,142.0072793477212,-235.54206737748743,4.477311924889415,Fatigue
