emg_rms,emg_mav,emg_variance,emg_std,emg_waveform_length,emg_zero_crossing,emg_ssc,emg_kurtosis,emg_skewness,emg_peak,emg_median_freq,emg_mean_freq,emg_peak_freq,emg_total_power,emg_power_low,emg_power_mid,emg_power_high,class_name
50.0066252215525,26.049675508007844,-1536.8224221144278,30.42939413264193,535301.3231488056,18353.25574562664,32033.18358718909,12.870442522310608,-0.1904006699586603,386.4483037160346,71.39683418016271,71.80839108249897,62.771269634771706,443.8170741593746,-38.931469558791775,424.08888898325097,7.138036959097056,Fatigue
