emg_rms,emg_mav,emg_variance,emg_std,emg_waveform_length,emg_zero_crossing,emg_ssc,emg_kurtosis,emg_skewness,emg_peak,emg_median_freq,emg_mean_freq,emg_peak_freq,emg_total_power,emg_power_low,emg_power_mid,emg_power_high,class_name
47.768247973256656,6.62610199620835,2665.36907273559,35.437643653254774,531791.8831541239,16551.320381645564,26918.92763133822,25.008463830106788,1.2825697096256363,308.01735191078376,85.03369548414916,69.32630214850589,27.07497340037787,549.5413605303319,111.37289919732603,-641.2842717900418,18.955098376494163,Fatigue
