emg_rms,emg_mav,emg_variance,emg_std,emg_waveform_length,emg_zero_crossing,emg_ssc,emg_kurtosis,emg_skewness,emg_peak,emg_median_freq,emg_mean_freq,emg_peak_freq,emg_total_power,emg_power_low,emg_power_mid,emg_power_high,class_name
39.77138868385608,9.37864155014867,3943.032873327142,43.552588167347416,464491.830010962,17480.85484075928,35959.89305246697,19.57482652564043,0.8490512842303909,486.0982506095644,74.50537340038878,101.59485704478736,64.39954595692649,219.12657100721395,-174.32325055509727,414.26220115338776,-13.28207398415508,Fatigue
