emg_rms,emg_mav,emg_variance,emg_std,emg_waveform_length,emg_zero_crossing,emg_ssc,emg_kurtosis,emg_skewness,emg_peak,emg_median_freq,emg_mean_freq,emg_peak_freq,emg_total_power,emg_power_low,emg_power_mid,emg_power_high,class_name
22.37164487685907,24.686010977448163,3636.1005777960954,40.989231843753686,345107.11495598604,14223.796260052995,22492.52242322776,4.240773250611311,0.2084695405021884,230.30070441005827,39.91402733755204,79.28507897525651,55.28878920975762,-266.9804831399732,23.28259473851905,211.32256697257608,41.26443160044196,Fatigue
