emg_rms,emg_mav,emg_variance,emg_std,emg_waveform_length,emg_zero_crossing,emg_ssc,emg_kurtosis,emg_skewness,emg_peak,emg_median_freq,emg_mean_freq,emg_peak_freq,emg_total_power,emg_power_low,emg_power_mid,emg_power_high,class_name
42.93057786067598,5.714574991891247,20.828878858306098,33.284665548939394,453162.835367089,10683.21206103484,30818.51250162225,7.240574319406873,0.9668947739425612,366.32085920734943,52.38725923870796,100.96449485887923,69.91389931150519,241.25599821481956,-99.17958737161644,-34.53156888965583,15.629412094941785,Fatigue
