emg_rms,emg_mav,emg_variance,emg_std,emg_waveform_length,emg_zero_crossing,emg_ssc,emg_kurtosis,emg_skewness,emg_peak,emg_median_freq,emg_mean_freq,emg_peak_freq,emg_total_power,emg_power_low,emg_power_mid,emg_power_high,class_name
29.938892136841364,23.917570657659297,4299.881659986697,34.95413654399373,584900.7558752671,10793.827444523748,29299.27812876197,11.637416527240372,-0.6424043042525643,334.92547360535417,78.58597847845506,58.26733755849034,69.40185351049337,761.8986527135849,67.79474593141552,555.427029217733,-0.8948536545831374,Fatigue
