emg_rms,emg_mav,emg_variance,emg_std,emg_waveform_length,emg_zero_crossing,emg_ssc,emg_kurtosis,emg_skewness,emg_peak,emg_median_freq,emg_mean_freq,emg_peak_freq,emg_total_power,emg_power_low,emg_power_mid,emg_power_high,class_name
22.490951547240748,8.765900996750837,279.39856578777494,32.72915827153596,260213.93784156413,18702.44290072141,27711.930592426597,8.045119967017136,1.26417019139051,331.00461515359177,72.79801387104547,82.57920612321806,78.6834475456949,1062.6463352468863,-20.337271655088955,37.58116519162928,6.716078533539413,Fatigue
