emg_rms,emg_mav,emg_variance,emg_std,emg_waveform_length,emg_zero_crossing,emg_ssc,emg_kurtosis,emg_skewness,emg_peak,emg_median_freq,emg_mean_freq,emg_peak_freq,emg_total_power,emg_power_low,emg_power_mid,emg_power_high,class_name
54.52035954448775,16.094924921698926,1805.0613585397136,48.86565545233707,333082.45646752074,8284.460595552755,28932.79321357354,4.409106854476174,1.6593357289921504,300.8146099187129,63.727629747808265,93.78210845068703,58.4269553485352,609.7484881851306,570.9722786637933,-157.9339624552274,-2.8415887006472964,Fatigue
