emg_rms,emg_mav,emg_variance,emg_std,emg_waveform_length,emg_zero_crossing,emg_ssc,emg_kurtosis,emg_skewness,emg_peak,emg_median_freq,emg_mean_freq,emg_peak_freq,emg_total_power,emg_power_low,emg_power_mid,emg_power_high,class_name
75.65304880105367,9.451640919749655,2497.090076653162,67.101862128343,651005.0852151841,16474.766459863593,28823.08560193596,6.339076966351616,1.3175827827389746,378.2223087843822,81.24588242262408,92.8134559973476,66.91830124503412,944.4980605868903,-60.79754908702395,201.4665984564853,42.138395264053074,Fatigue
