emg_rms,emg_mav,emg_variance,emg_std,emg_waveform_length,emg_zero_crossing,emg_ssc,emg_kurtosis,emg_skewness,emg_peak,emg_median_freq,emg_mean_freq,emg_peak_freq,emg_total_power,emg_power_low,emg_power_mid,emg_power_high,class_name
32.86846588472904,14.54292335306231,5320.260502773942,34.92723964722713,527100.6714217757,19906.263414432688,31527.19549661429,6.916643656646451,-0.4998940512519376,-140.97311379792183,53.28035258777263,99.16853589300268,48.25410660168208,341.51799821893945,184.54129978479187,178.84830140758774,16.11675462901676,Fatigue
