emg_rms,emg_mav,emg_variance,emg_std,emg_waveform_length,emg_zero_crossing,emg_ssc,emg_kurtosis,emg_skewness,emg_peak,emg_median_freq,emg_mean_freq,emg_peak_freq,emg_total_power,emg_power_low,emg_power_mid,emg_power_high,class_name
40.59111760612997,10.366801182420756,2261.850963117739,64.07618322541694,381947.22245372034,9997.936850812086,27840.130800330684,12.099651770020271,0.6965857876900018,336.3349839955731,68.99091924077236,80.88614267781129,40.82070795780821,826.5290747981952,100.0976756979954,140.60291954740748,3.486324763528053,Fatigue
