emg_rms,emg_mav,emg_variance,emg_std,emg_waveform_length,emg_zero_crossing,emg_ssc,emg_kurtosis,emg_skewness,emg_peak,emg_median_freq,emg_mean_freq,emg_peak_freq,emg_total_power,emg_power_low,emg_power_mid,emg_power_high,class_name
19.622852267023,15.781111802596046,3378.2613300683506,32.67922370401392,350599.0690722959,17314.65701768898,24167.366453714363,11.733022705195392,2.704027355049839,-69.40520589274416,52.87687941370967,66.37005682580498,55.46388858452133,226.64746618793157,-189.90223663085868,1364.867246913628,13.1496993823199,Fatigue
