emg_rms,emg_mav,emg_variance,emg_std,emg_waveform_length,emg_zero_crossing,emg_ssc,emg_kurtosis,emg_skewness,emg_peak,emg_median_freq,emg_mean_freq,emg_peak_freq,emg_total_power,emg_power_low,emg_power_mid,emg_power_high,class_name
52.42674316154287,7.799254892095949,2034.6562316791992,48.93660757412127,96855.21038708318,9604.047758020766,23271.45735420388,10.996153318133844,-1.242006546388505,645.3068207520739,71.11631959909403,92.53521849363696,60.38711413027609,201.3659844759926,508.16572704672575,-173.981890181133,5.545022101890588,Fatigue
