emg_rms,emg_mav,emg_variance,emg_std,emg_waveform_length,emg_zero_crossing,emg_ssc,emg_kurtosis,emg_skewness,emg_peak,emg_median_freq,emg_mean_freq,emg_peak_freq,emg_total_power,emg_power_low,emg_power_mid,emg_power_high,class_name
36.82296913492675,13.813825817984668,1375.9316165314067,65.67842733581239,429073.1707256422,13078.736507688956,27375.27431618144,8.47385285215011,0.1996282434478591,348.2986274539782,80.39894606760978,96.76157116474118,46.71517228589092,1224.873701688893,167.90504234346622,210.71890511323727,65.2531259662193,Fatigue
