emg_rms,emg_mav,emg_variance,emg_std,emg_waveform_length,emg_zero_crossing,emg_ssc,emg_kurtosis,emg_skewness,emg_peak,emg_median_freq,emg_mean_freq,emg_peak_freq,emg_total_power,emg_power_low,emg_power_mid,emg_power_high,class_name
61.042651036233,7.373827479850169,-1764.6701128896475,5.509744883554458,616708.4442624212,9975.21337594971,34626.984837238895,2.0856032674313845,1.4030950840261451,362.8880278338255,52.886449496000026,88.64664662207157,56.48721625126538,-94.25390537107666,212.0785243691124,446.8772840794852,6.37069986456026,Fatigue
