emg_rms,emg_mav,emg_variance,emg_std,emg_waveform_length,emg_zero_crossing,emg_ssc,emg_kurtosis,emg_skewness,emg_peak,emg_median_freq,emg_mean_freq,emg_peak_freq,emg_total_power,emg_power_low,emg_power_mid,emg_power_high,class_name
21.593624065343235,25.1140605886988,5005.434697951226,60.2622620986844,427104.3218935061,13867.612892586623,28073.14356620812,19.423987412782203,0.3860308011985319,421.3548300951509,116.68007546021208,104.5474541277837,36.71694024051448,-524.0883831918777,181.54802400447508,528.5727246301908,13.74211676394714,Fatigue
