emg_rms,emg_mav,emg_variance,emg_std,emg_waveform_length,emg_zero_crossing,emg_ssc,emg_kurtosis,emg_skewness,emg_peak,emg_median_freq,emg_mean_freq,emg_peak_freq,emg_total_power,emg_power_low,emg_power_mid,emg_power_high,class_name
45.56698163004135,-0.7905038488830094,1228.3969157171796,18.220687839726804,318411.7542159516,10898.456902276235,32994.19039023673,3.978349630565951,-0.851023994635013,151.40506653160082,50.17767215359625,100.99044527460502,28.807080381848685,370.2903159197521,417.5508682038239,-74.80761100466532,11.486941643155038,Fatigue
