emg_rms,emg_mav,emg_variance,emg_std,emg_waveform_length,emg_zero_crossing,emg_ssc,emg_kurtosis,emg_skewness,emg_peak,emg_median_freq,emg_mean_freq,emg_peak_freq,emg_total_power,emg_power_low,emg_power_mid,emg_power_high,class_name
36.38907605541865,32.84893281770289,90.78450056620864,15.723873681871105,693739.2372482523,18687.628813011084,30481.61197567677,7.288918933577362,0.6790200093791903,103.3441003572733,61.074561490408975,59.58637251316104,68.03217219436699,996.309200094388,185.4277059587857,315.09412721149147,18.40380030536746,Fatigue
