emg_rms,emg_mav,emg_variance,emg_std,emg_waveform_length,emg_zero_crossing,emg_ssc,emg_kurtosis,emg_skewness,emg_peak,emg_median_freq,emg_mean_freq,emg_peak_freq,emg_total_power,emg_power_low,emg_power_mid,emg_power_high,class_name
44.89492663768971,21.931436009217222,-666.2741507229157,15.944313253994142,633198.0009427269,10585.249941652452,25191.6659180494,18.334098284729823,-0.2172296444854738,339.31241367626734,77.49854627482333,77.2776353342942,81.84261738417861,634.472003624812,124.1591680062876,624.3083573291713,64.5167151558165,Fatigue
