emg_rms,emg_mav,emg_variance,emg_std,emg_waveform_length,emg_zero_crossing,emg_ssc,emg_kurtosis,emg_skewness,emg_peak,emg_median_freq,emg_mean_freq,emg_peak_freq,emg_total_power,emg_power_low,emg_power_mid,emg_power_high,class_name
27.205471893999867,21.957578556850997,457.8661216690712,60.0942926160557,558342.140609902,12172.749642610872,22753.899370106643,9.242573238127491,0.5111011923897938,265.93912945432305,59.11506893356356,64.3915685352032,76.98049781312098,512.7364703863493,124.96088879684112,114.60467245725192,49.334921909004855,Fatigue
