emg_rms,emg_mav,emg_variance,emg_std,emg_waveform_length,emg_zero_crossing,emg_ssc,emg_kurtosis,emg_skewness,emg_peak,emg_median_freq,emg_mean_freq,emg_peak_freq,emg_total_power,emg_power_low,emg_power_mid,emg_power_high,class_name
42.67267904920972,5.22310402505514,2162.193614072028,11.617047281976618,664750.8754211426,12089.408705532293,31212.90715997101,14.420805764363946,0.0165989797624644,493.0808534040579,57.59406095135073,72.20175462956259,63.53290232371735,902.436273662895,-16.53388427355955,29.58491472115537,63.11442161650451,Fatigue
