emg_rms,emg_mav,emg_variance,emg_std,emg_waveform_length,emg_zero_crossing,emg_ssc,emg_kurtosis,emg_skewness,emg_peak,emg_median_freq,emg_mean_freq,emg_peak_freq,emg_total_power,emg_power_low,emg_power_mid,emg_power_high,class_name
26.24849757493289,15.87444049690653,1227.308221864866,22.111686194049675,288848.2098914695,12344.082876925466,24286.981445961363,16.231622038986096,0.7874680360936538,470.3717860838305,81.18916369165933,83.29639392749135,63.0176042479989,119.1791700536666,-206.5063715576308,503.0453226155232,-23.11298986923084,Fatigue
