emg_rms,emg_mav,emg_variance,emg_std,emg_waveform_length,emg_zero_crossing,emg_ssc,emg_kurtosis,emg_skewness,emg_peak,emg_median_freq,emg_mean_freq,emg_peak_freq,emg_total_power,emg_power_low,emg_power_mid,emg_power_high,class_name
6.309379200996219,26.686575969804824,1084.9566768634418,38.30116315823116,548367.4322534582,13197.42532719661,24501.67560303502,13.326688205762611,-0.6725036063957616,216.7599753639506,69.86913220072681,96.70856446292204,61.60384500018444,1267.1127987404395,376.4664948718869,300.60947810826684,-2.0053369405937893,Fatigue
