emg_rms,emg_mav,emg_variance,emg_std,emg_waveform_length,emg_zero_crossing,emg_ssc,emg_kurtosis,emg_skewness,emg_peak,emg_median_freq,emg_mean_freq,emg_peak_freq,emg_total_power,emg_power_low,emg_power_mid,emg_power_high,class_name
48.691153713795686,23.39371655168661,3628.9225968056858,5.304183215345493,608477.4343611613,11106.83778366762,25917.848256759506,11.158132992449666,0.5937399148830279,124.1499749813054,69.76702711962105,62.13899015988446,56.55996883369595,620.4394825015733,210.3105481420595,17.84633527049766,22.601955563307826,Fatigue
