emg_rms,emg_mav,emg_variance,emg_std,emg_waveform_length,emg_zero_crossing,emg_ssc,emg_kurtosis,emg_skewness,emg_peak,emg_median_freq,emg_mean_freq,emg_peak_freq,emg_total_power,emg_power_low,emg_power_mid,emg_power_high,class_name
83.8608891771895,16.904275119226195,1539.341365155767,30.08403469214649,335271.90855263616,13129.423140631712,30812.59390378783,20.75116840659952,0.0409770975272931,86.45091208411694,77.58160595258869,76.18529911353339,61.03463061296435,1030.6575485103704,-66.86916549936515,523.8225330308901,11.085776218385137,Fatigue
