emg_rms,emg_mav,emg_variance,emg_std,emg_waveform_length,emg_zero_crossing,emg_ssc,emg_kurtosis,emg_skewness,emg_peak,emg_median_freq,emg_mean_freq,emg_peak_freq,emg_total_power,emg_power_low,emg_power_mid,emg_power_high,class_name
80.3088556415873,13.814101657377629,-304.0946309835049,51.9138192431686,859139.6375656169,14604.392051835675,24918.717471515178,8.83432057812687,1.676054380288679,90.48421881401264,65.46023953963861,95.59710331296776,78.40433371330926,250.7089347090447,207.92355814456124,32.40698380671972,11.803894865387498,Fatigue
