emg_rms,emg_mav,emg_variance,emg_std,emg_waveform_length,emg_zero_crossing,emg_ssc,emg_kurtosis,emg_skewness,emg_peak,emg_median_freq,emg_mean_freq,emg_peak_freq,emg_total_power,emg_power_low,emg_power_mid,emg_power_high,class_name
28.182786007905463,14.240038926951346,3278.6189165274254,17.44571816982674,274324.75601843226,14235.774079035044,33096.146431689485,12.835804463507998,1.039160852633395,250.68900181106284,56.76999253745866,91.36614349655564,58.18224011950487,797.6370035988061,144.61956911289047,235.48805892898275,2.1147015380923357,Fatigue
