emg_rms,emg_mav,emg_variance,emg_std,emg_waveform_length,emg_zero_crossing,emg_ssc,emg_kurtosis,emg_skewness,emg_peak,emg_median_freq,emg_mean_freq,emg_peak_freq,emg_total_power,emg_power_low,emg_power_mid,emg_power_high,class_name
37.73253201293471,35.3686231704576,2318.4559633973586,41.51246345849622,397282.6717105552,17508.904598005236,28101.935521844764,14.928395084523103,0.2479868392889644,265.4206349711263,67.30360030327579,53.697961811244426,47.48686407915474,626.085903021621,27.02992160318955,518.0258455537848,11.55552490672249,Fatigue
