emg_rms,emg_mav,emg_variance,emg_std,emg_waveform_length,emg_zero_crossing,emg_ssc,emg_kurtosis,emg_skewness,emg_peak,emg_median_freq,emg_mean_freq,emg_peak_freq,emg_total_power,emg_power_low,emg_power_mid,emg_power_high,class_name
24.01693197357684,23.7120235169521,3213.0915600239805,34.198220174231146,326228.3943613077,15993.32619305266,27084.53036616391,15.66013586614823,1.3776788789934544,35.25467383684389,79.61611730979654,84.43971228370482,51.31466863622949,234.65818003593225,-163.56323676829442,340.46242586412325,4.950605577299687,Fatigue
