emg_rms,emg_mav,emg_variance,emg_std,emg_waveform_length,emg_zero_crossing,emg_ssc,emg_kurtosis,emg_skewness,emg_peak,emg_median_freq,emg_mean_freq,emg_peak_freq,emg_total_power,emg_power_low,emg_power_mid,emg_power_high,class_name
68.93308397343115,17.333463663059472,3710.414144028601,28.674504704523624,416631.630389499,15856.745969615127,26776.912750753218,12.859495189670191,0.4351383367483261,418.7972096918431,50.81535217248753,87.56274505717913,62.111604447560005,783.0973213409936,376.7685263530144,695.4603238355717,-11.660312804080682,Fatigue
