emg_rms,emg_mav,emg_variance,emg_std,emg_waveform_length,emg_zero_crossing,emg_ssc,emg_kurtosis,emg_skewness,emg_peak,emg_median_freq,emg_mean_freq,emg_peak_freq,emg_total_power,emg_power_low,emg_power_mid,emg_power_high,class_name
34.74522132938983,4.009654850032076,5293.715180978041,59.51545221655356,485327.6955831994,12211.170094687412,29012.643201891104,16.19336985990077,0.2108592334133525,408.2058065614737,78.84505073949171,64.04787678983791,57.95530283524025,512.3255241693045,113.98163196009747,934.516256065152,57.54408942978224,Fatigue
