emg_rms,emg_mav,emg_variance,emg_std,emg_waveform_length,emg_zero_crossing,emg_ssc,emg_kurtosis,emg_skewness,emg_peak,emg_median_freq,emg_mean_freq,emg_peak_freq,emg_total_power,emg_power_low,emg_power_mid,emg_power_high,class_name
69.39305993897707,9.401092153151115,4358.283381145036,18.85881984782145,300200.06848100486,19084.696754808807,26566.028203976093,8.998243765456014,0.3540082307623732,295.94073773898856,83.32406850448601,78.31742665953205,62.33272128967219,-71.49090363871488,453.4237942625562,-62.62373435416845,1.6854199134399312,Fatigue
