emg_rms,emg_mav,emg_variance,emg_std,emg_waveform_length,emg_zero_crossing,emg_ssc,emg_kurtosis,emg_skewness,emg_peak,emg_median_freq,emg_mean_freq,emg_peak_freq,emg_total_power,emg_power_low,emg_power_mid,emg_power_high,class_name
46.33654920024013,33.389390666866426,1395.526240976743,-5.936107132469658,616393.2201071179,15145.523031136869,29947.300042497936,8.957143431026987,1.1577850853414215,522.8608618610685,78.13935219756519,109.5150021309288,55.64751337663216,188.32262496208745,-76.45944203620078,57.17676312590447,-20.597856661499044,Fatigue
