emg_rms,emg_mav,emg_variance,emg_std,emg_waveform_length,emg_zero_crossing,emg_ssc,emg_kurtosis,emg_skewness,emg_peak,emg_median_freq,emg_mean_freq,emg_peak_freq,emg_total_power,emg_power_low,emg_power_mid,emg_power_high,class_name
46.15023269031988,16.42446464446224,5383.863883630712,49.149890465007616,892837.7322474204,12390.900632437748,24195.1508997995,9.569427691650194,0.8219013603500092,148.19560974198902,93.93320932930968,56.113284077379575,65.75167614952944,964.7116373120434,217.38507396870236,359.111388826591,0.1010567517977758,Fatigue
