emg_rms,emg_mav,emg_variance,emg_std,emg_waveform_length,emg_zero_crossing,emg_ssc,emg_kurtosis,emg_skewness,emg_peak,emg_median_freq,emg_mean_freq,emg_peak_freq,emg_total_power,emg_power_low,emg_power_mid,emg_power_high,class_name
41.38985855719544,29.74622846599512,293.95973119216615,50.40199800142071,544118.9958697044,15954.987791563204,30219.613628851548,9.48322287003164,-1.5854066057361402,297.7424471330464,67.5913093180939,66.79835427893126,71.09636529268603,1208.5299034282225,-61.98323711303834,545.9167361491892,-11.409259372466344,Fatigue
