emg_rms,emg_mav,emg_variance,emg_std,emg_waveform_length,emg_zero_crossing,emg_ssc,emg_kurtosis,emg_skewness,emg_peak,emg_median_freq,emg_mean_freq,emg_peak_freq,emg_total_power,emg_power_low,emg_power_mid,emg_power_high,class_name
37.84633908521663,7.931093855827349,1163.384738803259,36.40934823935841,663788.7989522541,11112.678268593343,26464.79183694708,10.310743331867249,0.5235495336622176,268.9863390229555,62.05194034495495,84.8998230039166,62.24970457589762,54.95913629147071,-200.92340212193824,799.7010596621078,7.994987521037085,Fatigue
