emg_rms,emg_mav,emg_variance,emg_std,emg_waveform_length,emg_zero_crossing,emg_ssc,emg_kurtosis,emg_skewness,emg_peak,emg_median_freq,emg_mean_freq,emg_peak_freq,emg_total_power,emg_power_low,emg_power_mid,emg_power_high,class_name
5.214388854381031,14.183096734966332,1490.8833965958104,37.2971884238509,180163.6328810671,13621.608305148631,24786.0820023614,17.340597375614887,0.902478520669448,476.1939961911621,76.31414653798652,93.07139773831572,60.51712711888765,812.6740442698043,230.7795524694252,-314.9791915179964,34.813667408093785,Fatigue
