emg_rms,emg_mav,emg_variance,emg_std,emg_waveform_length,emg_zero_crossing,emg_ssc,emg_kurtosis,emg_skewness,emg_peak,emg_median_freq,emg_mean_freq,emg_peak_freq,emg_total_power,emg_power_low,emg_power_mid,emg_power_high,class_name
53.15420478152279,21.946928615856805,618.9335742826645,45.58724380601932,797356.2341395053,24867.732544133207,27029.10517900305,9.293114823137309,-1.1106301721348617,336.0484398032519,74.30199409829973,78.84934906856694,56.03905219463975,823.6548945994111,48.14825267379557,694.6958046597265,-2.3211040755387096,Fatigue
