emg_rms,emg_mav,emg_variance,emg_std,emg_waveform_length,emg_zero_crossing,emg_ssc,emg_kurtosis,emg_skewness,emg_peak,emg_median_freq,emg_mean_freq,emg_peak_freq,emg_total_power,emg_power_low,emg_power_mid,emg_power_high,class_name
38.50906436746149,27.06620957394339,633.3045600367107,50.75198743654687,162264.95939151238,12960.110236231263,30901.07113749089,16.693748451767856,2.502568627784435,247.50566014100616,64.92940100831932,84.31378703682496,48.8907574934068,1105.0075215308004,250.31767870897917,243.46672110923924,15.9525218553642,Fatigue
