emg_rms,emg_mav,emg_variance,emg_std,emg_waveform_length,emg_zero_crossing,emg_ssc,emg_kurtosis,emg_skewness,emg_peak,emg_median_freq,emg_mean_freq,emg_peak_freq,emg_total_power,emg_power_low,emg_power_mid,emg_power_high,class_name
49.11528835937197,13.047687695171618,1382.0645577271744,68.5892577797277,500975.6916230265,14349.330348666888,34159.363334589856,10.515250974146747,-0.4045841943646716,173.68758814767142,81.81403071963369,84.59280022545894,46.79642277786939,387.2712353015616,189.69554741637057,529.9265277776847,2.156659918012787,Fatigue
