emg_rms,emg_mav,emg_variance,emg_std,emg_waveform_length,emg_zero_crossing,emg_ssc,emg_kurtosis,emg_skewness,emg_peak,emg_median_freq,emg_mean_freq,emg_peak_freq,emg_total_power,emg_power_low,emg_power_mid,emg_power_high,class_name
19.329139031403766,14.92251968518175,4220.993811528693,18.57113125354141,352571.4957875856,10097.292607544172,30383.39216726149,23.48969799427423,0.239751435160903,172.7597410921097,48.146830973619046,61.52965217943171,29.56058919414859,163.19263878613992,69.96186254146315,503.144879689736,-14.12547156001046,Fatigue
