emg_rms,emg_mav,emg_variance,emg_std,emg_waveform_length,emg_zero_crossing,emg_ssc,emg_kurtosis,emg_skewness,emg_peak,emg_median_freq,emg_mean_freq,emg_peak_freq,emg_total_power,emg_power_low,emg_power_mid,emg_power_high,class_name
38.52085525734132,1.8921512520041528,4720.717694069237,34.48080739857921,517986.0490866255,10317.379956083074,27095.739021429443,16.710538659758708,-1.1666823149660834,261.1250881030669,70.60203147184133,89.05532024368664,58.14201789405906,638.282143191622,-68.78766680326862,948.9911481532732,15.60069546422541,Fatigue
