emg_rms,emg_mav,emg_variance,emg_std,emg_waveform_length,emg_zero_crossing,emg_ssc,emg_kurtosis,emg_skewness,emg_peak,emg_median_freq,emg_mean_freq,emg_peak_freq,emg_total_power,emg_power_low,emg_power_mid,emg_power_high,class_name
3.245441864950777,-2.631034811510304,5543.111225947146,-1.9770016234529064,537155.1173209901,12643.704345584896,23735.935829630256,12.824355266353232,0.1151558515513513,135.8233198309515,85.05173564193224,100.21635258676102,75.72387146387376,554.9339428949345,-57.0266964163022,397.89296362739015,22.56392367909207,Fatigue
