emg_rms,emg_mav,emg_variance,emg_std,emg_waveform_length,emg_zero_crossing,emg_ssc,emg_kurtosis,emg_skewness,emg_peak,emg_median_freq,emg_mean_freq,emg_peak_freq,emg_total_power,emg_power_low,emg_power_mid,emg_power_high,class_name
29.36944596130386,30.40259181214905,692.1529295205337,45.41852427822903,271906.97553680645,15145.353254028008,36737.61521496295,10.331784552420457,1.155596291574971,316.0521063118837,93.5761266561522,66.44442842658175,52.033817939672325,-118.64137988234285,251.65619702477792,172.61215792728527,8.79404071695601,Fatigue
