emg_rms,emg_mav,emg_variance,emg_std,emg_waveform_length,emg_zero_crossing,emg_ssc,emg_kurtosis,emg_skewness,emg_peak,emg_median_freq,emg_mean_freq,emg_peak_freq,emg_total_power,emg_power_low,emg_power_mid,emg_power_high,class_name
44.84364530878665,25.46365484954854,1159.860475941714,61.93565786459591,499496.7789783583,14314.992149917774,27919.31513676601,18.258655404835096,-1.1312489336567484,132.39937802933014,65.48109726732946,79.70213468965808,42.62494057511452,334.8259211179518,-147.13510233630626,676.3504851269302,56.73450317179118,Fatigue
