emg_rms,emg_mav,emg_variance,emg_std,emg_waveform_length,emg_zero_crossing,emg_ssc,emg_kurtosis,emg_skewness,emg_peak,emg_median_freq,emg_mean_freq,emg_peak_freq,emg_total_power,emg_power_low,emg_power_mid,emg_power_high,class_name
33.806743302084904,-9.42969648338159,2998.499386243271,46.31405742920856,761817.6683740972,16741.160459606155,36295.77984593514,19.810620133772225,1.25733088017445,231.66802508467853,45.470617441069685,76.25863343497693,73.49102677865372,-298.15821831473323,-49.22230465330114,190.45782198771403,43.21457319226738,Fatigue
