emg_rms,emg_mav,emg_variance,emg_std,emg_waveform_length,emg_zero_crossing,emg_ssc,emg_kurtosis,emg_skewness,emg_peak,emg_median_freq,emg_mean_freq,emg_peak_freq,emg_total_power,emg_power_low,emg_power_mid,emg_power_high,class_name
84.7432015825249,16.99191522685605,2594.0264579973423,58.738328036500086,737254.3185720432,10821.814333606451,33694.62981619719,15.612504376493108,-0.4207068328627645,246.85214362407385,59.54508585341503,68.43523771241298,60.034216194129336,398.581264116794,310.81325320604424,419.0594990561301,28.46891249008449,Fatigue
