emg_rms,emg_mav,emg_variance,emg_std,emg_waveform_length,emg_zero_crossing,emg_ssc,emg_kurtosis,emg_skewness,emg_peak,emg_median_freq,emg_mean_freq,emg_peak_freq,emg_total_power,emg_power_low,emg_power_mid,emg_power_high,class_name
48.35103089054817,9.673749377048996,-2471.8278191357376,52.65013374010135,718876.245946371,15628.197692016163,28750.987818017857,12.913226069901809,1.26480733992453,362.43354915293406,69.36403398577646,58.23826163711381,61.08515050053616,1180.9313889634748,211.48467327166367,329.9010650801964,48.83598498319103,Fatigue
