emg_rms,emg_mav,emg_variance,emg_std,emg_waveform_length,emg_zero_crossing,emg_ssc,emg_kurtosis,emg_skewness,emg_peak,emg_median_freq,emg_mean_freq,emg_peak_freq,emg_total_power,emg_power_low,emg_power_mid,emg_power_high,class_name
24.47595420696294,-2.0569823091184567,1959.7012847768756,10.992393244788609,476383.1678075621,10702.531491462434,22985.11271403625,15.308136423964816,-0.3727039906870337,275.59510037919523,74.33852512081856,96.67087223835956,57.36596875118528,-270.3022099543859,-103.9513027406359,923.4119084157218,29.94771610120879,Fatigue
