emg_rms,emg_mav,emg_variance,emg_std,emg_waveform_length,emg_zero_crossing,emg_ssc,emg_kurtosis,emg_skewness,emg_peak,emg_median_freq,emg_mean_freq,emg_peak_freq,emg_total_power,emg_power_low,emg_power_mid,emg_power_high,class_name
44.03955901863627,13.358326316396102,6143.990219532264,34.60568275227574,366830.9478214645,13125.074393966128,24943.684555562224,9.739861743492773,0.7116462141380335,273.1948979707771,87.40224717212797,72.56880932874053,66.77260699323736,-794.0200977516349,20.301343906787665,329.3040075541421,-16.01791094793903,Fatigue
