emg_rms,emg_mav,emg_variance,emg_std,emg_waveform_length,emg_zero_crossing,emg_ssc,emg_kurtosis,emg_skewness,emg_peak,emg_median_freq,emg_mean_freq,emg_peak_freq,emg_total_power,emg_power_low,emg_power_mid,emg_power_high,class_name
45.90873413920422,22.62363621723153,1412.659304666049,25.12619742349934,658483.7854780233,22248.248333279647,25889.12300618864,10.276663868815318,1.7533514953532578,727.6311747027725,74.83898121996623,79.24444779166346,61.70999115226984,790.6195541966209,3.854847605903416,212.178741454766,-11.894428225616114,Fatigue
