emg_rms,emg_mav,emg_variance,emg_std,emg_waveform_length,emg_zero_crossing,emg_ssc,emg_kurtosis,emg_skewness,emg_peak,emg_median_freq,emg_mean_freq,emg_peak_freq,emg_total_power,emg_power_low,emg_power_mid,emg_power_high,class_name
64.15850168175463,1.9667886156904668,764.8607134394465,44.70889535417881,461144.8568528822,11389.21534372281,21785.36640141048,14.788152013910738,0.4998016486148571,208.56652321225027,64.45702980415382,96.29192792571028,42.584791739697366,340.8123793987344,271.7358892418266,324.8268122381751,25.595325153494265,Fatigue
