emg_rms,emg_mav,emg_variance,emg_std,emg_waveform_length,emg_zero_crossing,emg_ssc,emg_kurtosis,emg_skewness,emg_peak,emg_median_freq,emg_mean_freq,emg_peak_freq,emg_total_power,emg_power_low,emg_power_mid,emg_power_high,class_name
52.46727303190005,25.55214880766163,3810.431810661456,46.34270827642554,408552.7355573256,14105.446238992452,29514.878274653103,11.785500824517268,-0.1919843375129667,111.57558043079035,81.05617112376851,81.86297827646946,76.4801375699152,1266.2073564740297,-116.411590608904,907.2528924079276,1.9621500265178629,Fatigue
