emg_rms,emg_mav,emg_variance,emg_std,emg_waveform_length,emg_zero_crossing,emg_ssc,emg_kurtosis,emg_skewness,emg_peak,emg_median_freq,emg_mean_freq,emg_peak_freq,emg_total_power,emg_power_low,emg_power_mid,emg_power_high,class_name
42.91339079900607,24.022093003945564,1742.401659110233,45.65837447876514,641160.3917297589,11387.9230536682,26151.47312866618,8.520984597674431,1.7693973997016716,575.0342086382268,70.55817617100652,90.71289228591142,61.21119365965254,429.691426673584,210.4109035029532,623.7817108541703,43.49212846446639,Fatigue
