emg_rms,emg_mav,emg_variance,emg_std,emg_waveform_length,emg_zero_crossing,emg_ssc,emg_kurtosis,emg_skewness,emg_peak,emg_median_freq,emg_mean_freq,emg_peak_freq,emg_total_power,emg_power_low,emg_power_mid,emg_power_high,class_name
14.797840796878909,18.57486110919245,5037.334346328658,52.10054669683005,-102658.9321663747,15416.78208912384,25412.583408355466,18.191330392957525,-0.5926239461571742,435.3265129435438,70.81529716611188,75.02520060777381,57.771070125554246,480.58741348678615,59.64932590423369,261.9896034278931,20.24927646919442,Fatigue
