emg_rms,emg_mav,emg_variance,emg_std,emg_waveform_length,emg_zero_crossing,emg_ssc,emg_kurtosis,emg_skewness,emg_peak,emg_median_freq,emg_mean_freq,emg_peak_freq,emg_total_power,emg_power_low,emg_power_mid,emg_power_high,class_name
36.18649937514602,20.31929103606839,4816.780508269395,29.88448225112408,150945.39256547316,22202.857238744997,32811.6035986244,10.20159125761431,2.3649357926392987,405.8875570130901,74.91315162214434,91.1210187231626,65.86854812437142,127.11130266095114,41.74945710520022,1401.8469752723347,10.125642857984804,Fatigue
