emg_rms,emg_mav,emg_variance,emg_std,emg_waveform_length,emg_zero_crossing,emg_ssc,emg_kurtosis,emg_skewness,emg_peak,emg_median_freq,emg_mean_freq,emg_peak_freq,emg_total_power,emg_power_low,emg_power_mid,emg_power_high,class_name
18.69867885065203,10.274672017214067,1799.5992087429106,40.86875070259365,359389.3119560113,12415.002084408095,30584.536621126827,10.1304330410155,0.2751963303002607,266.8512835528396,80.06859762893306,83.97433065225314,56.305632457152726,263.91311387775966,-197.4753958134389,541.5023438301503,26.98750951902507,Fatigue
