emg_rms,emg_mav,emg_variance,emg_std,emg_waveform_length,emg_zero_crossing,emg_ssc,emg_kurtosis,emg_skewness,emg_peak,emg_median_freq,emg_mean_freq,emg_peak_freq,emg_total_power,emg_power_low,emg_power_mid,emg_power_high,class_name
-8.415958418764141,22.92917946164769,-811.4023250014202,14.332427082429348,204838.7610915533,9201.95857771594,32592.89267914009,11.604601510051364,-2.104845617137232,277.6005731148786,65.02883113678091,70.57079775758929,67.16395477474411,559.7597785149269,-70.10846446423128,520.8591967831271,36.43862806249234,Fatigue
