emg_rms,emg_mav,emg_variance,emg_std,emg_waveform_length,emg_zero_crossing,emg_ssc,emg_kurtosis,emg_skewness,emg_peak,emg_median_freq,emg_mean_freq,emg_peak_freq,emg_total_power,emg_power_low,emg_power_mid,emg_power_high,class_name
30.516815352200013,5.8138085978498495,1808.110131470854,78.36245996999695,140809.76147556497,13625.877158263169,20287.92275149582,19.081589917290827,-1.8656662350493016,391.17172948340425,67.93260932115906,86.23463409223247,22.34217539012984,690.8139596347362,27.234000591694453,429.5155195985484,5.403970454130352,Fatigue
