emg_rms,emg_mav,emg_variance,emg_std,emg_waveform_length,emg_zero_crossing,emg_ssc,emg_kurtosis,emg_skewness,emg_peak,emg_median_freq,emg_mean_freq,emg_peak_freq,emg_total_power,emg_power_low,emg_power_mid,emg_power_high,class_name
34.30732841235811,25.301339208490084,2006.9384496448315,24.21078132530957,514288.5314965054,12506.2230324491,26401.62865452673,14.432649548532677,-0.4460657314052265,377.838647869729,69.04411903687354,70.70469118773043,47.67712752136633,1391.1447188220045,285.8511413765913,618.7647045093729,42.70537001450387,Fatigue
