emg_rms,emg_mav,emg_variance,emg_std,emg_waveform_length,emg_zero_crossing,emg_ssc,emg_kurtosis,emg_skewness,emg_peak,emg_median_freq,emg_mean_freq,emg_peak_freq,emg_total_power,emg_power_low,emg_power_mid,emg_power_high,class_name
38.93863726403482,-0.8874024191499394,992.171186112673,29.297042907354346,406788.228840446,10468.425269743051,25485.83935520559,10.10483349278269,0.0013953526405257,80.6856862775546,44.85046183275836,105.77365257333624,29.045195444925305,595.7207522759728,204.8058103567817,491.21475590972784,36.05422783787492,Fatigue
