emg_rms,emg_mav,emg_variance,emg_std,emg_waveform_length,emg_zero_crossing,emg_ssc,emg_kurtosis,emg_skewness,emg_peak,emg_median_freq,emg_mean_freq,emg_peak_freq,emg_total_power,emg_power_low,emg_power_mid,emg_power_high,class_name
33.69463445879243,19.527979065996583,2693.72437146969,21.380019842556926,284954.0924743331,12462.897351208503,26403.02943697028,17.27509011608838,0.5138679762899621,69.00584634782459,60.29202571205291,93.1589990547112,57.19968641682347,1334.6798905523417,-288.48095854061285,902.999423351938,8.566105541582267,Fatigue
