emg_rms,emg_mav,emg_variance,emg_std,emg_waveform_length,emg_zero_crossing,emg_ssc,emg_kurtosis,emg_skewness,emg_peak,emg_median_freq,emg_mean_freq,emg_peak_freq,emg_total_power,emg_power_low,emg_power_mid,emg_power_high,class_name
63.22469724449532,25.04344502471413,1332.081153967173,14.202866502452782,322124.6913356207,13311.945571084898,33071.90463420588,13.587845637969842,-0.6462558201919958,333.246711156879,76.64689753595083,97.27260650093598,72.89624319195966,1054.766280713615,-32.28507249188996,190.7440597323958,28.48238419714497,Fatigue
