emg_rms,emg_mav,emg_variance,emg_std,emg_waveform_length,emg_zero_crossing,emg_ssc,emg_kurtosis,emg_skewness,emg_peak,emg_median_freq,emg_mean_freq,emg_peak_freq,emg_total_power,emg_power_low,emg_power_mid,emg_power_high,class_name
11.901664762706451,8.013759852499502,2859.2328403253523,31.03474113145183,822480.5204891758,14804.684464505235,27736.96725242974,7.118524004773337,1.5126579902536632,106.79030886898188,82.66171194907137,88.56148367528266,68.2851293278057,276.8821169401969,-36.16726150588895,-77.58447942739599,10.948688353669809,Fatigue
