emg_rms,emg_mav,emg_variance,emg_std,emg_waveform_length,emg_zero_crossing,emg_ssc,emg_kurtosis,emg_skewness,emg_peak,emg_median_freq,emg_mean_freq,emg_peak_freq,emg_total_power,emg_power_low,emg_power_mid,emg_power_high,class_name
48.60698958095188,16.99722703347008,4391.220380760053,65.41943729860438,668470.7615462838,11130.382589953007,34940.98428734258,16.18634791520796,-1.9117916495133205,327.67900157040265,73.97541015388882,98.88754548315028,89.52970150738568,355.6229481111001,408.79083335867216,274.41542836991323,67.1108624455023,Fatigue
