emg_rms,emg_mav,emg_variance,emg_std,emg_waveform_length,emg_zero_crossing,emg_ssc,emg_kurtosis,emg_skewness,emg_peak,emg_median_freq,emg_mean_freq,emg_peak_freq,emg_total_power,emg_power_low,emg_power_mid,emg_power_high,class_name
6.935974496599119,9.102748672590254,1530.8362177514912,21.7959046489608,545474.7428990687,15547.085450571009,30185.532514170416,5.8229837009559,-0.0282992759750986,246.7412072118993,47.14528249389321,64.79019350755291,66.20715903375776,491.1077161560716,-10.239082789733317,892.9213272276727,17.964110203955595,Fatigue
