emg_rms,emg_mav,emg_variance,emg_std,emg_waveform_length,emg_zero_crossing,emg_ssc,emg_kurtosis,emg_skewness,emg_peak,emg_median_freq,emg_mean_freq,emg_peak_freq,emg_total_power,emg_power_low,emg_power_mid,emg_power_high,class_name
40.78090504211133,4.27712278200887,3531.786312548197,38.419229956427046,676425.6552203048,11528.39990869078,25724.191236145914,10.11786487660459,0.4283373368454452,487.8814559456172,78.24530155163049,88.27313550507368,61.895230152351104,690.4036231213689,221.44194969749856,179.25593806331423,29.7292830254776,Fatigue
