emg_rms,emg_mav,emg_variance,emg_std,emg_waveform_length,emg_zero_crossing,emg_ssc,emg_kurtosis,emg_skewness,emg_peak,emg_median_freq,emg_mean_freq,emg_peak_freq,emg_total_power,emg_power_low,emg_power_mid,emg_power_high,class_name
17.31887426200166,17.802175326816567,1327.1630338941343,-0.5016851215937237,452226.9551485284,16337.25834039679,28762.28250564285,7.804057738702115,1.0472172841675658,373.61324742718966,47.19242843528486,70.66801511588419,47.163020289014426,390.5784026185784,231.8138115133845,1165.45891603242,46.76243754679175,Fatigue
