emg_rms,emg_mav,emg_variance,emg_std,emg_waveform_length,emg_zero_crossing,emg_ssc,emg_kurtosis,emg_skewness,emg_peak,emg_median_freq,emg_mean_freq,emg_peak_freq,emg_total_power,emg_power_low,emg_power_mid,emg_power_high,class_name
37.44501806103614,22.34057231191568,2643.940234992458,15.83985765759052,371976.5660040423,13227.201119633022,27114.930819272224,13.587961302807171,-0.7872337095501277,99.27394733315344,55.98758368265885,67.80672362719422,58.28801497351795,494.8937920206271,-53.6700992473931,246.43652861642292,68.63417849497337,Fatigue
