emg_rms,emg_mav,emg_variance,emg_std,emg_waveform_length,emg_zero_crossing,emg_ssc,emg_kurtosis,emg_skewness,emg_peak,emg_median_freq,emg_mean_freq,emg_peak_freq,emg_total_power,emg_power_low,emg_power_mid,emg_power_high,class_name
-0.7987468624772163,-2.242994596426634,2683.460418705722,67.29272030201989,498479.7482067019,12950.437358649184,28055.57773859832,9.1783725045641,0.2858406147914563,326.3496391738588,77.54740988329442,123.27937735141722,34.81330962277829,426.17327759015166,16.05270597867319,512.2292222844997,-22.357610808878647,Fatigue
