emg_rms,emg_mav,emg_variance,emg_std,emg_waveform_length,emg_zero_crossing,emg_ssc,emg_kurtosis,emg_skewness,emg_peak,emg_median_freq,emg_mean_freq,emg_peak_freq,emg_total_power,emg_power_low,emg_power_mid,emg_power_high,class_name
36.33560316228141,13.249913450672558,3831.954987081423,20.001561430245832,576288.34786974,16840.818567139584,33652.3682223646,12.819459648680509,-0.9001315486306914,299.74247477327043,77.91977567003269,62.076960793476,68.63233948644196,-939.112143534834,313.2050890582557,134.49743474471038,32.90408434995414,Fatigue
