emg_rms,emg_mav,emg_variance,emg_std,emg_waveform_length,emg_zero_crossing,emg_ssc,emg_kurtosis,emg_skewness,emg_peak,emg_median_freq,emg_mean_freq,emg_peak_freq,emg_total_power,emg_power_low,emg_power_mid,emg_power_high,class_name
31.390901935077466,11.486218873710149,3327.037786703393,26.520593893663182,411920.3907065374,21301.666020993256,31058.26500753108,8.128902874681872,1.6717558484760022,277.84081863140256,72.17261960093163,64.06518411962082,69.5741503387901,752.6401894168304,281.64252723559446,-294.76847441696884,40.68497541339653,Fatigue
