emg_rms,emg_mav,emg_variance,emg_std,emg_waveform_length,emg_zero_crossing,emg_ssc,emg_kurtosis,emg_skewness,emg_peak,emg_median_freq,emg_mean_freq,emg_peak_freq,emg_total_power,emg_power_low,emg_power_mid,emg_power_high,class_name
25.1965416320662,7.73637652932806,3134.0989803724515,37.47756573355923,841968.7545434355,16098.137834685922,28225.251236225035,11.584080906402056,0.4995524156754054,484.0953997063764,51.64708035922599,45.8137059502209,69.81148052647791,-510.17052280453134,156.83165143203644,624.0422243682292,-18.004595049028993,Fatigue
