emg_rms,emg_mav,emg_variance,emg_std,emg_waveform_length,emg_zero_crossing,emg_ssc,emg_kurtosis,emg_skewness,emg_peak,emg_median_freq,emg_mean_freq,emg_peak_freq,emg_total_power,emg_power_low,emg_power_mid,emg_power_high,class_name
5.97939455787542,14.827554568248289,1955.116337128327,16.142193227457422,491153.6856437245,15246.528978144295,33074.86235318092,0.1975407116118983,0.6419475756915923,366.46482113262095,68.43513832185133,64.32891973157214,58.18338587435105,836.3306759928298,204.76494012369403,243.39533823232944,-16.075829134709583,Fatigue
