emg_rms,emg_mav,emg_variance,emg_std,emg_waveform_length,emg_zero_crossing,emg_ssc,emg_kurtosis,emg_skewness,emg_peak,emg_median_freq,emg_mean_freq,emg_peak_freq,emg_total_power,emg_power_low,emg_power_mid,emg_power_high,class_name
-1.511150295620041,9.905826600343635,2814.839995559507,47.99243136460176,494043.0882627479,15448.105934415942,33986.38745662573,16.76566902395799,0.7824286589388015,249.4843881153079,81.51174658491209,76.91024744419599,62.50561860768588,1710.4067101846872,220.8906057450741,276.7807037683549,-6.653867462873009,Fatigue
