emg_rms,emg_mav,emg_variance,emg_std,emg_waveform_length,emg_zero_crossing,emg_ssc,emg_kurtosis,emg_skewness,emg_peak,emg_median_freq,emg_mean_freq,emg_peak_freq,emg_total_power,emg_power_low,emg_power_mid,emg_power_high,class_name
30.06721984877298,28.45569917324515,4099.408691210854,85.51558056731535,830800.8879862528,11176.70442749622,24552.09789200982,11.76252611080632,0.6347972896476474,462.2179754869777,68.48256374370331,61.85298300599601,58.32552004398015,264.06522927135376,-274.63861113069675,399.4591994214513,31.739141401236864,Fatigue
