emg_rms,emg_mav,emg_variance,emg_std,emg_waveform_length,emg_zero_crossing,emg_ssc,emg_kurtosis,emg_skewness,emg_peak,emg_median_freq,emg_mean_freq,emg_peak_freq,emg_total_power,emg_power_low,emg_power_mid,emg_power_high,class_name
9.552189070011902,16.977982293966647,4643.390952321488,45.10800050193353,540038.4277563116,12913.275960840603,28846.771560256104,10.242232443027511,1.0794254018057563,604.1268718721456,74.55615088430173,112.83671064718774,44.84505236693208,1334.3108305559963,75.0187134725918,86.16026207154019,23.389496809734798,Fatigue
