emg_rms,emg_mav,emg_variance,emg_std,emg_waveform_length,emg_zero_crossing,emg_ssc,emg_kurtosis,emg_skewness,emg_peak,emg_median_freq,emg_mean_freq,emg_peak_freq,emg_total_power,emg_power_low,emg_power_mid,emg_power_high,class_name
26.62499555324992,3.9681076260153434,1874.2197239398288,23.524794123185995,376607.3266274806,10239.64133413269,25424.614916536797,7.606715821669627,0.0401277747088784,158.00725809644507,93.70822621501034,92.4014943447569,64.70372559967169,604.2081687564453,138.11512685459027,272.0882771568629,50.96145093825056,Fatigue
