emg_rms,emg_mav,emg_variance,emg_std,emg_waveform_length,emg_zero_crossing,emg_ssc,emg_kurtosis,emg_skewness,emg_peak,emg_median_freq,emg_mean_freq,emg_peak_freq,emg_total_power,emg_power_low,emg_power_mid,emg_power_high,class_name
-4.918023537535248,16.74252134743777,464.55504035162994,13.099090884437842,340561.49892011064,8965.266438020539,29212.54527287461,7.311421852884822,1.6068583713640323,301.57624193189866,56.43653271347514,56.093268581328445,65.72730739881992,908.0175677089414,-51.93957911825274,203.21710693624132,2.567043214683059,Fatigue
