emg_rms,emg_mav,emg_variance,emg_std,emg_waveform_length,emg_zero_crossing,emg_ssc,emg_kurtosis,emg_skewness,emg_peak,emg_median_freq,emg_mean_freq,emg_peak_freq,emg_total_power,emg_power_low,emg_power_mid,emg_power_high,class_name
29.650625715017352,6.305864702813894,2325.210406970185,26.85197952082734,709113.6118085874,12827.319417685292,28841.694174073546,12.619546515137191,-0.2504940721735673,289.771232687362,67.40440122836247,60.18018904852861,47.31347281358917,694.1594191940434,207.91741303278587,80.20211539746509,-4.159423381155371,Fatigue
