emg_rms,emg_mav,emg_variance,emg_std,emg_waveform_length,emg_zero_crossing,emg_ssc,emg_kurtosis,emg_skewness,emg_peak,emg_median_freq,emg_mean_freq,emg_peak_freq,emg_total_power,emg_power_low,emg_power_mid,emg_power_high,class_name
9.852660046203386,26.286122339835764,2083.473396954197,33.19658916398747,524266.9981419398,13850.328576908014,26717.33539083892,9.35072519932721,1.3780560161957376,208.69689405939093,46.460501775827,58.28080480483317,68.15299688589106,1341.6928238348005,139.31544566002293,431.2044858997486,9.665786125795496,Fatigue
