emg_rms,emg_mav,emg_variance,emg_std,emg_waveform_length,emg_zero_crossing,emg_ssc,emg_kurtosis,emg_skewness,emg_peak,emg_median_freq,emg_mean_freq,emg_peak_freq,emg_total_power,emg_power_low,emg_power_mid,emg_power_high,class_name
15.829336576229831,19.30222165306789,863.4257255361689,40.1496193445232,512293.9194578026,11672.804901176298,27141.24659744969,5.789710982058267,-2.1546082176926946,558.5200741855036,83.81320136682743,94.81375138726108,50.82222762236143,98.46384862923468,46.24751708923039,145.96681627390862,76.14773160845346,Fatigue
