emg_rms,emg_mav,emg_variance,emg_std,emg_waveform_length,emg_zero_crossing,emg_ssc,emg_kurtosis,emg_skewness,emg_peak,emg_median_freq,emg_mean_freq,emg_peak_freq,emg_total_power,emg_power_low,emg_power_mid,emg_power_high,class_name
42.04972339822102,29.223276797364367,1579.563340414636,15.16184394326428,32514.93189232756,14823.89351167674,29141.129460400312,23.20775474073565,0.984414894842613,312.0557044355124,58.23638149306164,93.90254251652206,66.80684350062455,-177.83046010788797,363.4356603771993,231.48364507305985,-6.718071127443121,Fatigue
