emg_rms,emg_mav,emg_variance,emg_std,emg_waveform_length,emg_zero_crossing,emg_ssc,emg_kurtosis,emg_skewness,emg_peak,emg_median_freq,emg_mean_freq,emg_peak_freq,emg_total_power,emg_power_low,emg_power_mid,emg_power_high,class_name
47.66833799488168,25.012203303501124,2415.5119714272696,27.714063116597423,503362.0158033336,18059.39646537472,36264.874425932045,1.1119679599674654,-1.023659376291466,120.75373079186348,59.453843323942856,65.03123299979511,43.597340716496845,1013.1568244827016,189.81992292161203,204.65195348753275,-36.53190778670344,Fatigue
