emg_rms,emg_mav,emg_variance,emg_std,emg_waveform_length,emg_zero_crossing,emg_ssc,emg_kurtosis,emg_skewness,emg_peak,emg_median_freq,emg_mean_freq,emg_peak_freq,emg_total_power,emg_power_low,emg_power_mid,emg_power_high,class_name
72.76708823179798,28.083318630961024,-889.2380947827942,5.413960270020809,547315.9189968444,14152.165215874826,23235.05917257367,11.892086773818155,0.8400771183778704,102.41174337403686,35.73144945500631,67.57413963119677,49.97726803521429,752.4571368313261,165.7613879146284,633.7177484736173,24.98940485398866,Fatigue
