emg_rms,emg_mav,emg_variance,emg_std,emg_waveform_length,emg_zero_crossing,emg_ssc,emg_kurtosis,emg_skewness,emg_peak,emg_median_freq,emg_mean_freq,emg_peak_freq,emg_total_power,emg_power_low,emg_power_mid,emg_power_high,class_name
-5.94097801127289,31.538941790093173,-2849.596727004817,49.595657641458445,571432.9332815638,15381.65521542946,20417.935329922177,22.667201320333938,2.808571299139672,322.38953339201726,86.35287165819594,102.48311467216146,39.19876380456759,611.7610459247626,-48.46730688846319,118.40251425603292,-12.77927185972177,Fatigue
