emg_rms,emg_mav,emg_variance,emg_std,emg_waveform_length,emg_zero_crossing,emg_ssc,emg_kurtosis,emg_skewness,emg_peak,emg_median_freq,emg_mean_freq,emg_peak_freq,emg_total_power,emg_power_low,emg_power_mid,emg_power_high,class_name
24.432205785052496,29.39589365505229,7298.443259814418,39.37347958987858,388481.5538192886,16529.736483849585,25733.53541910103,18.34265780737864,0.0126669987880485,277.8732840628034,77.61436294776297,114.3511622766014,47.12061033824177,-84.2689647430687,272.0605503589259,476.33238183815513,6.834410625820043,Fatigue
