emg_rms,emg_mav,emg_variance,emg_std,emg_waveform_length,emg_zero_crossing,emg_ssc,emg_kurtosis,emg_skewness,emg_peak,emg_median_freq,emg_mean_freq,emg_peak_freq,emg_total_power,emg_power_low,emg_power_mid,emg_power_high,class_name
63.16285967358424,8.831345887989448,-1861.5217428203189,29.39780843177273,553176.4326396952,8621.444459023909,32290.301928724235,12.035699527058966,-2.301708460432042,254.283401619056,43.30478621710034,69.93029512513007,70.55759687648299,-11.722582629339684,-225.06477217614983,223.02394207546024,7.696099697316859,Fatigue
