emg_rms,emg_mav,emg_variance,emg_std,emg_waveform_length,emg_zero_crossing,emg_ssc,emg_kurtosis,emg_skewness,emg_peak,emg_median_freq,emg_mean_freq,emg_peak_freq,emg_total_power,emg_power_low,emg_power_mid,emg_power_high,class_name
51.5520481241899,12.056920695921583,2514.4993745349,41.09065512279803,433360.4648919562,15363.505898820677,28410.282848580897,10.374876060671369,-0.7530372611997506,347.4152380819686,78.27663209210364,64.45143068292664,55.29920238926761,810.2293779395238,4.237457858088547,258.7560933903904,42.47857176375912,Fatigue
