emg_rms,emg_mav,emg_variance,emg_std,emg_waveform_length,emg_zero_crossing,emg_ssc,emg_kurtosis,emg_skewness,emg_peak,emg_median_freq,emg_mean_freq,emg_peak_freq,emg_total_power,emg_power_low,emg_power_mid,emg_power_high,class_name
33.64347708861531,19.874385543667465,2079.3698251785872,1.215519315778124,390616.8238210004,10340.928802706265,30839.41203326543,13.136483328801726,2.3686460202422586,324.9313626978174,86.0976406551392,100.43659898044956,20.603713907964316,863.2270998080285,1.1215612011264966,-41.30283131671149,37.69639848408109,Fatigue
