emg_rms,emg_mav,emg_variance,emg_std,emg_waveform_length,emg_zero_crossing,emg_ssc,emg_kurtosis,emg_skewness,emg_peak,emg_median_freq,emg_mean_freq,emg_peak_freq,emg_total_power,emg_power_low,emg_power_mid,emg_power_high,class_name
18.577032873287678,9.70810226610588,5280.725755778284,20.03145998943522,637920.6680874394,10959.695066432729,26707.640519952747,5.3112053245486015,-1.028644920675864,532.1022001806543,92.01498856728612,99.07888346445138,47.00698745508913,410.1082243990512,155.6200249234895,655.0683682294323,8.5165789907411,Fatigue
