emg_rms,emg_mav,emg_variance,emg_std,emg_waveform_length,emg_zero_crossing,emg_ssc,emg_kurtosis,emg_skewness,emg_peak,emg_median_freq,emg_mean_freq,emg_peak_freq,emg_total_power,emg_power_low,emg_power_mid,emg_power_high,class_name
65.91918316215596,25.786444772075537,2506.720412037065,25.30147079816412,602256.3874882903,16861.425875478064,29086.79197645657,9.354912202182913,-1.3331941711806516,313.7548281471075,61.85182477990161,123.1166129419592,59.41585846686898,446.4223237654281,-78.73836532111659,291.7389579770458,-41.153385035643446,Fatigue
