emg_rms,emg_mav,emg_variance,emg_std,emg_waveform_length,emg_zero_crossing,emg_ssc,emg_kurtosis,emg_skewness,emg_peak,emg_median_freq,emg_mean_freq,emg_peak_freq,emg_total_power,emg_power_low,emg_power_mid,emg_power_high,class_name
53.11232823099752,5.808757663166313,243.43527762951496,39.30338651701165,627753.0044621411,15369.96638561764,29385.54823947952,23.35606152771652,1.3721705248020866,441.5790895774133,64.97417727547739,67.67930182499668,78.13308626224266,247.51329071873505,23.92378576381917,-23.298603322832665,21.716314635954603,Fatigue
