emg_rms,emg_mav,emg_variance,emg_std,emg_waveform_length,emg_zero_crossing,emg_ssc,emg_kurtosis,emg_skewness,emg_peak,emg_median_freq,emg_mean_freq,emg_peak_freq,emg_total_power,emg_power_low,emg_power_mid,emg_power_high,class_name
68.0983530496466,33.987698551111464,-610.0809566815842,48.62607801417204,430729.5709442468,11695.244128658604,28751.93142484997,17.318133370099936,-1.841800299305832,137.40340400222644,71.0472055183374,99.56543371019616,40.68047807526915,-234.874572571908,176.0536650710576,1287.197530447152,19.358827676060837,Fatigue
