emg_rms,emg_mav,emg_variance,emg_std,emg_waveform_length,emg_zero_crossing,emg_ssc,emg_kurtosis,emg_skewness,emg_peak,emg_median_freq,emg_mean_freq,emg_peak_freq,emg_total_power,emg_power_low,emg_power_mid,emg_power_high,class_name
37.26710157115115,25.32667884904241,2260.304274574718,26.54423104449885,573641.5282056036,9579.6695654873,26253.682915078894,15.064213170560484,0.2116480678903998,417.9810965527084,70.03011558016512,78.23559708548655,56.55088538023168,486.4464466809756,239.43984717787657,358.34846126963777,-18.070498753754396,Fatigue
