emg_rms,emg_mav,emg_variance,emg_std,emg_waveform_length,emg_zero_crossing,emg_ssc,emg_kurtosis,emg_skewness,emg_peak,emg_median_freq,emg_mean_freq,emg_peak_freq,emg_total_power,emg_power_low,emg_power_mid,emg_power_high,class_name
25.31195258879565,23.7701940593664,3382.4956368173425,31.443457289049977,184380.01818777417,15201.503799079468,30011.12806837571,9.372229805866542,-0.1477467000583218,197.11208853554945,79.35912439334683,72.26714065865582,64.08348408741222,-41.34369165313496,-49.42072839031101,825.0484458840004,30.25845450314284,Fatigue
