emg_rms,emg_mav,emg_variance,emg_std,emg_waveform_length,emg_zero_crossing,emg_ssc,emg_kurtosis,emg_skewness,emg_peak,emg_median_freq,emg_mean_freq,emg_peak_freq,emg_total_power,emg_power_low,emg_power_mid,emg_power_high,class_name
58.545543428147326,13.054748602822894,3501.4353862652374,42.10158884591923,493609.7176675612,14648.386880618697,30562.133894308707,9.85235487534242,0.2503309755916454,237.3034021656075,74.040225547742,94.26139180568482,36.31743911892229,200.95614264078372,249.41930395289612,-312.04470316189474,11.383892137432568,Fatigue
