emg_rms,emg_mav,emg_variance,emg_std,emg_waveform_length,emg_zero_crossing,emg_ssc,emg_kurtosis,emg_skewness,emg_peak,emg_median_freq,emg_mean_freq,emg_peak_freq,emg_total_power,emg_power_low,emg_power_mid,emg_power_high,class_name
31.30743699312575,-1.2235547965139553,-710.8695675596241,29.47862324943828,527374.6203356199,18248.571765503275,23021.8917156529,16.17868783528273,1.7089514311327172,303.3897641612646,75.55877250211076,60.8487522749479,30.055471473186905,391.0292514987124,267.90718533519464,125.38597179276434,40.81960235014765,Fatigue
