emg_rms,emg_mav,emg_variance,emg_std,emg_waveform_length,emg_zero_crossing,emg_ssc,emg_kurtosis,emg_skewness,emg_peak,emg_median_freq,emg_mean_freq,emg_peak_freq,emg_total_power,emg_power_low,emg_power_mid,emg_power_high,class_name
14.575348320646544,15.155639625353864,902.3103210383044,39.26070303135002,602480.6397995102,15083.930560488208,30996.057171992747,6.200665087859248,-0.9739940730197516,212.85530767675783,94.97321018005746,68.87981994027915,65.62366449908943,963.8680281000202,398.6427162207904,81.63001157568135,48.88053201563968,Fatigue
