emg_rms,emg_mav,emg_variance,emg_std,emg_waveform_length,emg_zero_crossing,emg_ssc,emg_kurtosis,emg_skewness,emg_peak,emg_median_freq,emg_mean_freq,emg_peak_freq,emg_total_power,emg_power_low,emg_power_mid,emg_power_high,class_name
48.54492296136305,15.521752416641814,3290.8875055847275,37.27602076212356,8116.689523055567,12668.897342021568,26466.15178365745,7.01567009354855,-1.8285426019788988,179.84313507760822,66.13449565670192,95.75004159512086,51.90788277855268,1146.7751249937398,93.16367672615922,384.4599387006002,-53.65034264278793,Fatigue
