emg_rms,emg_mav,emg_variance,emg_std,emg_waveform_length,emg_zero_crossing,emg_ssc,emg_kurtosis,emg_skewness,emg_peak,emg_median_freq,emg_mean_freq,emg_peak_freq,emg_total_power,emg_power_low,emg_power_mid,emg_power_high,class_name
14.276398657957834,20.915258576060417,771.6721562969494,37.89209392654995,47162.61676759372,11005.712293192582,27619.614973649277,11.922411935304822,0.220957196235599,436.1507945476624,68.10376527363513,81.37636089045463,50.33343041885329,556.9865773148882,106.91092581839696,-142.6572992738802,45.54249367438702,Fatigue
