emg_rms,emg_mav,emg_variance,emg_std,emg_waveform_length,emg_zero_crossing,emg_ssc,emg_kurtosis,emg_skewness,emg_peak,emg_median_freq,emg_mean_freq,emg_peak_freq,emg_total_power,emg_power_low,emg_power_mid,emg_power_high,class_name
37.10513285834603,27.33534008157717,411.256610641723,54.74635593394926,694625.6212645496,18451.584495577463,26618.49786634869,9.426045052567416,0.0852566496785345,339.012007810852,73.0163961365231,73.04364004689212,45.41634798285182,986.703040301992,-209.2287475061093,28.130359688299563,-35.03523154124218,Fatigue
