emg_rms,emg_mav,emg_variance,emg_std,emg_waveform_length,emg_zero_crossing,emg_ssc,emg_kurtosis,emg_skewness,emg_peak,emg_median_freq,emg_mean_freq,emg_peak_freq,emg_total_power,emg_power_low,emg_power_mid,emg_power_high,class_name
47.33173984643975,24.63844702503778,3936.77214847754,29.3744426887994,523943.7857211432,10331.181796677689,32671.80103679031,8.28072582680397,-1.9655341005454197,105.31578789073194,78.1138722884224,64.24496353267394,68.26601725529102,210.6155398894993,127.61331800035526,292.6740619832405,2.988727835257647,Fatigue
