emg_rms,emg_mav,emg_variance,emg_std,emg_waveform_length,emg_zero_crossing,emg_ssc,emg_kurtosis,emg_skewness,emg_peak,emg_median_freq,emg_mean_freq,emg_peak_freq,emg_total_power,emg_power_low,emg_power_mid,emg_power_high,class_name
40.281751286517206,12.026084456150912,3145.649514990854,63.294923544594205,330009.9614603443,21582.358733642766,32864.12696022102,14.262033733951878,-0.2001265226665215,367.7148152931932,47.72851429670552,61.58223544045816,51.54059657610917,370.3506420711043,412.6700921997023,552.2924962764305,44.40909827506424,Fatigue
