emg_rms,emg_mav,emg_variance,emg_std,emg_waveform_length,emg_zero_crossing,emg_ssc,emg_kurtosis,emg_skewness,emg_peak,emg_median_freq,emg_mean_freq,emg_peak_freq,emg_total_power,emg_power_low,emg_power_mid,emg_power_high,class_name
26.07515029463561,26.33535777820434,-399.686210841679,32.153993965546846,415762.2042778647,13058.13275533873,30317.477781279744,20.895297255089893,0.6886645560096126,433.4623906490255,49.24019693805822,100.36279540852183,80.38412847136247,1090.4274489592085,-7.220273527215369,-38.10936342735232,93.70961318424388,Fatigue
