emg_rms,emg_mav,emg_variance,emg_std,emg_waveform_length,emg_zero_crossing,emg_ssc,emg_kurtosis,emg_skewness,emg_peak,emg_median_freq,emg_mean_freq,emg_peak_freq,emg_total_power,emg_power_low,emg_power_mid,emg_power_high,class_name
33.95339175504809,18.94103664242782,-1028.7953389351446,30.85806283418947,465265.080990918,5985.585300588584,31752.562242202497,8.270048103979002,-0.1034016586698462,308.78951187486126,73.27033436710218,90.53190828426094,56.45266087318262,-106.51488706608444,-127.7884681192138,-280.33671703678783,-17.340381342073073,Fatigue
