emg_rms,emg_mav,emg_variance,emg_std,emg_waveform_length,emg_zero_crossing,emg_ssc,emg_kurtosis,emg_skewness,emg_peak,emg_median_freq,emg_mean_freq,emg_peak_freq,emg_total_power,emg_power_low,emg_power_mid,emg_power_high,class_name
17.713855002979507,28.772750642241213,1257.419522205661,52.36869146617557,685338.0060621311,15360.122311324963,24044.862351210504,15.748391012468757,0.6850324128411738,253.2414348111402,81.0942745558262,74.5855075240119,56.04183602224762,545.8638589727012,-0.1609458361243412,471.3810949854676,-12.087250833025248,Fatigue
