emg_rms,emg_mav,emg_variance,emg_std,emg_waveform_length,emg_zero_crossing,emg_ssc,emg_kurtosis,emg_skewness,emg_peak,emg_median_freq,emg_mean_freq,emg_peak_freq,emg_total_power,emg_power_low,emg_power_mid,emg_power_high,class_name
11.63853863740538,18.6313202000579,-201.5020708018021,26.020935875713896,719662.5200283467,14096.520760522091,29281.8524042602,9.173989301490996,-0.4607094660183967,440.7202780255803,53.43424092684827,105.25321420551263,32.09078714566768,491.0646768244591,-151.4095657197841,96.12131147854592,22.362645675785128,Fatigue
