emg_rms,emg_mav,emg_variance,emg_std,emg_waveform_length,emg_zero_crossing,emg_ssc,emg_kurtosis,emg_skewness,emg_peak,emg_median_freq,emg_mean_freq,emg_peak_freq,emg_total_power,emg_power_low,emg_power_mid,emg_power_high,class_name
44.3304200537273,13.02002724409761,2985.432754870334,57.04044606087405,359718.7747128883,8755.543566766752,25318.64416615129,6.4495277607793975,-0.5108226445753373,259.43602161363293,83.50458276385253,90.68565601471911,38.81386285147185,219.477136869582,-79.62602723480595,257.9971756579578,24.98728483471899,Fatigue
