emg_rms,emg_mav,emg_variance,emg_std,emg_waveform_length,emg_zero_crossing,emg_ssc,emg_kurtosis,emg_skewness,emg_peak,emg_median_freq,emg_mean_freq,emg_peak_freq,emg_total_power,emg_power_low,emg_power_mid,emg_power_high,class_name
37.83339700615383,27.032893245537416,-1646.8503556850849,45.78239428384632,382496.0593619515,16437.89566815493,31231.36208029423,9.844672115328304,-0.6546411120864976,473.907451495339,72.79522345597591,79.87538711080869,67.41905578270081,1121.9232925731228,307.7209503233345,958.9589781238262,6.336840387617672,Fatigue
