emg_rms,emg_mav,emg_variance,emg_std,emg_waveform_length,emg_zero_crossing,emg_ssc,emg_kurtosis,emg_skewness,emg_peak,emg_median_freq,emg_mean_freq,emg_peak_freq,emg_total_power,emg_power_low,emg_power_mid,emg_power_high,class_name
74.21918672958151,32.14289372486461,2949.8928615716814,21.827531457322905,488917.0635856951,17246.68014410857,23573.78544390257,12.016328204484662,-1.4000120740315374,136.3283289639416,63.2843355017884,97.97037041929278,67.4654899658976,-53.19570042788126,297.2230271828433,392.8517062961694,36.885462609516566,Fatigue
