emg_rms,emg_mav,emg_variance,emg_std,emg_waveform_length,emg_zero_crossing,emg_ssc,emg_kurtosis,emg_skewness,emg_peak,emg_median_freq,emg_mean_freq,emg_peak_freq,emg_total_power,emg_power_low,emg_power_mid,emg_power_high,class_name
42.15902296002691,21.26065240193391,1133.3307255345337,26.82645618788497,305782.7635153602,15998.09140960755,29100.142659957008,11.026418285305947,-0.7729797692783676,23.11201487731779,74.93064836395385,60.53417923696659,87.71548228014133,580.2066646316711,-187.0554273703389,267.6090877792464,22.946491723640516,Fatigue
