emg_rms,emg_mav,emg_variance,emg_std,emg_waveform_length,emg_zero_crossing,emg_ssc,emg_kurtosis,emg_skewness,emg_peak,emg_median_freq,emg_mean_freq,emg_peak_freq,emg_total_power,emg_power_low,emg_power_mid,emg_power_high,class_name
36.67374454626796,9.926763106609537,1907.9954951237603,24.60417768017153,146151.74107773317,11474.960121996966,33691.17080140159,9.563101643113416,0.2930373258915539,384.2269243851084,67.56853754459681,71.5151452632371,69.28995292575365,872.5391624694223,113.3469689361286,354.7485204854051,-0.652322159537043,Fatigue
