emg_rms,emg_mav,emg_variance,emg_std,emg_waveform_length,emg_zero_crossing,emg_ssc,emg_kurtosis,emg_skewness,emg_peak,emg_median_freq,emg_mean_freq,emg_peak_freq,emg_total_power,emg_power_low,emg_power_mid,emg_power_high,class_name
37.81444947930923,10.620819449042605,3716.042606317292,-6.10505971591126,340066.1256514382,10813.597668789507,36338.47513090749,5.316032285089803,0.0064721446745321,464.7427134301697,48.80303613350145,70.72930968696375,80.48000769752718,-269.6957632030848,-41.670155401344175,709.9854960681712,28.847737477550588,Fatigue
