emg_rms,emg_mav,emg_variance,emg_std,emg_waveform_length,emg_zero_crossing,emg_ssc,emg_kurtosis,emg_skewness,emg_peak,emg_median_freq,emg_mean_freq,emg_peak_freq,emg_total_power,emg_power_low,emg_power_mid,emg_power_high,class_name
30.362862851923385,11.660889229700722,1893.811663649126,39.18803986954398,449864.423588136,12715.111034203235,25187.738651832384,10.49764674632458,-0.1535021553895895,300.020759618633,62.86339251127452,118.04260385000414,48.16414257509777,1130.4883711747073,139.56154706693383,-184.42093203734288,42.374831550134985,Fatigue
