emg_rms,emg_mav,emg_variance,emg_std,emg_waveform_length,emg_zero_crossing,emg_ssc,emg_kurtosis,emg_skewness,emg_peak,emg_median_freq,emg_mean_freq,emg_peak_freq,emg_total_power,emg_power_low,emg_power_mid,emg_power_high,class_name
-4.8687427051214485,22.769649930742965,3337.015889438132,12.75734951041267,175978.58364789997,16123.8862371814,27199.33741394868,11.253933669605486,0.5125083696613184,251.30969782466056,90.23993987310908,54.00963198350822,62.45440381359304,347.43831709336746,159.37618885731683,55.288770076869184,-13.610135517002458,Fatigue
