emg_rms,emg_mav,emg_variance,emg_std,emg_waveform_length,emg_zero_crossing,emg_ssc,emg_kurtosis,emg_skewness,emg_peak,emg_median_freq,emg_mean_freq,emg_peak_freq,emg_total_power,emg_power_low,emg_power_mid,emg_power_high,class_name
12.878158881466144,17.911326621493572,3660.8645457280654,37.90982449572056,231961.9879606584,17794.81017442429,16921.695154343957,7.492246971328018,2.117809597159425,379.8101661814439,76.43347794770185,90.47582680319302,70.95330254627109,564.1752343302134,-137.0470493172354,1057.889082635575,-43.34606970516815,Fatigue
