emg_rms,emg_mav,emg_variance,emg_std,emg_waveform_length,emg_zero_crossing,emg_ssc,emg_kurtosis,emg_skewness,emg_peak,emg_median_freq,emg_mean_freq,emg_peak_freq,emg_total_power,emg_power_low,emg_power_mid,emg_power_high,class_name
59.61490040521337,19.483414173952774,740.7152313101813,45.79130557507271,801750.4815007062,18971.026443122653,29031.039931536397,8.748988251030363,0.1065903319382308,569.3638748379906,84.56468034582375,89.88853989423492,57.108549404138486,642.7449423576825,127.94175132041676,180.5822762685186,-3.4936902630732725,Fatigue
