emg_rms,emg_mav,emg_variance,emg_std,emg_waveform_length,emg_zero_crossing,emg_ssc,emg_kurtosis,emg_skewness,emg_peak,emg_median_freq,emg_mean_freq,emg_peak_freq,emg_total_power,emg_power_low,emg_power_mid,emg_power_high,class_name
55.00419379865125,1.9109411868147017,2639.6149522572914,38.805493379318776,179952.42924518266,21006.10463737452,30529.85384565686,13.848508828755136,-2.7831779871369413,275.6436700839961,61.09462889825193,96.90910566996487,65.60984100369446,890.8760690493707,-193.1178148327436,1238.1559784843698,5.331724875567975,Fatigue
