emg_rms,emg_mav,emg_variance,emg_std,emg_waveform_length,emg_zero_crossing,emg_ssc,emg_kurtosis,emg_skewness,emg_peak,emg_median_freq,emg_mean_freq,emg_peak_freq,emg_total_power,emg_power_low,emg_power_mid,emg_power_high,class_name
17.10465715635244,23.675343236765823,2898.588416651435,40.045116535500576,407585.33385546354,8917.965202975247,30723.465876644837,14.905617100172716,-0.0650472520163887,-138.34726726171658,67.00102891657625,84.1858670252913,75.17122814365501,727.5929500450139,79.18366071592234,110.6460438021426,9.466570240524938,Fatigue
