emg_rms,emg_mav,emg_variance,emg_std,emg_waveform_length,emg_zero_crossing,emg_ssc,emg_kurtosis,emg_skewness,emg_peak,emg_median_freq,emg_mean_freq,emg_peak_freq,emg_total_power,emg_power_low,emg_power_mid,emg_power_high,class_name
4.959392054847136,26.45130032501121,3810.357061900058,10.515557284867256,338678.07917889336,11219.590050792756,19715.90114336039,12.581134751705765,-0.6508115003369354,331.3538255277777,72.85235724168118,54.07170529318297,58.60149305752071,565.2152687238529,256.19121583891126,556.4830051117556,-3.183058491080569,Fatigue
