emg_rms,emg_mav,emg_variance,emg_std,emg_waveform_length,emg_zero_crossing,emg_ssc,emg_kurtosis,emg_skewness,emg_peak,emg_median_freq,emg_mean_freq,emg_peak_freq,emg_total_power,emg_power_low,emg_power_mid,emg_power_high,class_name
82.89739000913701,24.75511834168408,895.7356040821026,13.720493423719386,454445.4291883605,11263.169416198343,27667.38109781897,24.55412835728277,-0.0434502193752882,394.1437832354267,84.56934588854241,57.1722011142175,71.02321562698219,890.0040647368082,80.79884143868719,361.83434004230367,-8.190094919405663,Fatigue
