emg_rms,emg_mav,emg_variance,emg_std,emg_waveform_length,emg_zero_crossing,emg_ssc,emg_kurtosis,emg_skewness,emg_peak,emg_median_freq,emg_mean_freq,emg_peak_freq,emg_total_power,emg_power_low,emg_power_mid,emg_power_high,class_name
81.51925637044654,33.04391958016048,-1626.3994983070156,25.67530723071927,411159.73763962486,9582.678573364075,23748.54346019812,4.417549951072399,0.8503076200114,496.66418995232095,46.38878481077643,53.47170938525909,56.38755526204903,1012.3980971684553,242.37244317739015,392.54326015366473,38.7617089360527,Fatigue
