emg_rms,emg_mav,emg_variance,emg_std,emg_waveform_length,emg_zero_crossing,emg_ssc,emg_kurtosis,emg_skewness,emg_peak,emg_median_freq,emg_mean_freq,emg_peak_freq,emg_total_power,emg_power_low,emg_power_mid,emg_power_high,class_name
12.556358306073228,23.543416131767195,923.1139320116604,38.82689806418065,229254.13775876892,15661.583362356549,24753.06467208273,16.08168618281683,1.0210868182968835,358.9976996346381,37.84147395288134,96.44930123979586,51.78706029126599,42.23339981298744,342.37642273113863,-99.01062057518374,47.622657897729326,Fatigue
