{
  "lda": {
    "accuracy": 0.8773333333333333,
    "precision": 0.8773333333333333,
    "recall": 0.8773333333333333,
    "f1_score": 0.8773333333333333,
    "confusion_matrix": [
      [
        329,
        46
      ],
      [
        46,
        329
      ]
    ],
    "classification_report": "              precision    recall  f1-score   support\n\n Non-Fatigue       0.88      0.88      0.88       375\n     Fatigue       0.88      0.88      0.88       375\n\n    accuracy                           0.88       750\n   macro avg       0.88      0.88      0.88       750\nweighted avg       0.88      0.88      0.88       750\n"
  },
  "knn": {
    "accuracy": 0.84,
    "precision": 0.9381443298969072,
    "recall": 0.728,
    "f1_score": 0.8198198198198198,
    "confusion_matrix": [
      [
        357,
        18
      ],
      [
        102,
        273
      ]
    ],
    "classification_report": "              precision    recall  f1-score   support\n\n Non-Fatigue       0.78      0.95      0.86       375\n     Fatigue       0.94      0.73      0.82       375\n\n    accuracy                           0.84       750\n   macro avg       0.86      0.84      0.84       750\nweighted avg       0.86      0.84      0.84       750\n"
  },
  "svm": {
    "accuracy": 0.896,
    "precision": 0.8938992042440318,
    "recall": 0.8986666666666666,
    "f1_score": 0.8962765957446809,
    "confusion_matrix": [
      [
        335,
        40
      ],
      [
        38,
        337
      ]
    ],
    "classification_report": "              precision    recall  f1-score   support\n\n Non-Fatigue       0.90      0.89      0.90       375\n     Fatigue       0.89      0.90      0.90       375\n\n    accuracy                           0.90       750\n   macro avg       0.90      0.90      0.90       750\nweighted avg       0.90      0.90      0.90       750\n"
  }
}