,Accuracy,Precision,Recall,F1-Score
lda,0.8773333333333333,0.8773333333333333,0.8773333333333333,0.8773333333333333
knn,0.84,0.9381443298969072,0.728,0.8198198198198198
svm,0.896,0.8938992042440318,0.8986666666666666,0.8962765957446809
