,Accuracy,Precision,Recall,F1-Score
lda,0.836,0.8387096774193549,0.832,0.8353413654618473
knn,0.7986666666666666,0.9210526315789473,0.6533333333333333,0.7644305772230889
svm,0.8666666666666667,0.8608923884514436,0.8746666666666667,0.8677248677248677
