,Accuracy,Precision,Recall,F1-Score
lda,0.9026666666666666,0.8973684210526316,0.9093333333333333,0.9033112582781457
knn,0.8693333333333333,0.9511400651465798,0.7786666666666666,0.8563049853372434
svm,0.9106666666666666,0.9031413612565445,0.92,0.9114927344782034
